alliance,canonicalX,canonicalY,fingerprint,index,kind,matchNumber,tSec,teamNumber,x,y
red,0.6796,0.3238,fake-red-left-1-7196,0,path,1,0.0,1012,0.6796,0.3238
red,0.6241,0.3265,fake-red-left-1-7196,1,path,1,1.82,1012,0.6241,0.3265
red,0.6869,0.4001,fake-red-left-1-7196,2,path,1,3.64,1012,0.6869,0.4001
red,0.6444,0.4106,fake-red-left-1-7196,3,path,1,5.45,1012,0.6444,0.4106
red,0.5694,0.4016,fake-red-left-1-7196,4,path,1,7.27,1012,0.5694,0.4016
red,0.6008,0.4565,fake-red-left-1-7196,5,path,1,9.09,1012,0.6008,0.4565
red,0.5629,0.4479,fake-red-left-1-7196,6,path,1,10.91,1012,0.5629,0.4479
red,0.4832,0.3925,fake-red-left-1-7196,7,path,1,12.73,1012,0.4832,0.3925
red,0.5158,0.4044,fake-red-left-1-7196,8,path,1,14.55,1012,0.5158,0.4044
red,0.4369,0.3494,fake-red-left-1-7196,9,path,1,16.36,1012,0.4369,0.3494
red,0.4207,0.3321,fake-red-left-1-7196,10,path,1,18.18,1012,0.4207,0.3321
red,0.4121,0.3193,fake-red-left-1-7196,11,path,1,20.0,1012,0.4121,0.3193
red,0.5694,0.4016,fake-red-left-1-7196,0,shot,1,7.27,1012,0.5694,0.4016
red,0.5158,0.4044,fake-red-left-1-7196,1,shot,1,14.55,1012,0.5158,0.4044
red,0.6626,0.3136,fake-red-left-1-4354,0,path,1,0.0,1031,0.6626,0.3136
red,0.6923,0.3674,fake-red-left-1-4354,1,path,1,1.82,1031,0.6923,0.3674
red,0.6283,0.365,fake-red-left-1-4354,2,path,1,3.64,1031,0.6283,0.365
red,0.612,0.3912,fake-red-left-1-4354,3,path,1,5.45,1031,0.612,0.3912
red,0.6151,0.4291,fake-red-left-1-4354,4,path,1,7.27,1031,0.6151,0.4291
red,0.5349,0.4169,fake-red-left-1-4354,5,path,1,9.09,1031,0.5349,0.4169
red,0.5762,0.4559,fake-red-left-1-4354,6,path,1,10.91,1031,0.5762,0.4559
red,0.5477,0.4312,fake-red-left-1-4354,7,path,1,12.73,1031,0.5477,0.4312
red,0.5063,0.3987,fake-red-left-1-4354,8,path,1,14.55,1031,0.5063,0.3987
red,0.4763,0.373,fake-red-left-1-4354,9,path,1,16.36,1031,0.4763,0.373
red,0.4167,0.3297,fake-red-left-1-4354,10,path,1,18.18,1031,0.4167,0.3297
red,0.4177,0.3226,fake-red-left-1-4354,11,path,1,20.0,1031,0.4177,0.3226
red,0.6151,0.4291,fake-red-left-1-4354,0,shot,1,7.27,1031,0.6151,0.4291
red,0.5063,0.3987,fake-red-left-1-4354,1,shot,1,14.55,1031,0.5063,0.3987
red,0.6983,0.675,fake-red-right-1-9609,0,path,1,0.0,1020,0.6983,0.675
red,0.6599,0.688,fake-red-right-1-9609,1,path,1,1.82,1020,0.6599,0.688
red,0.6034,0.6901,fake-red-right-1-9609,2,path,1,3.64,1020,0.6034,0.6901
red,0.6104,0.7302,fake-red-right-1-9609,3,path,1,5.45,1020,0.6104,0.7302
red,0.5569,0.7342,fake-red-right-1-9609,4,path,1,7.27,1020,0.5569,0.7342
red,0.5915,0.7909,fake-red-right-1-9609,5,path,1,9.09,1020,0.5915,0.7909
red,0.5487,0.7794,fake-red-right-1-9609,6,path,1,10.91,1020,0.5487,0.7794
red,0.4837,0.7328,fake-red-right-1-9609,7,path,1,12.73,1020,0.4837,0.7328
red,0.5476,0.7635,fake-red-right-1-9609,8,path,1,14.55,1020,0.5476,0.7635
red,0.5249,0.7422,fake-red-right-1-9609,9,path,1,16.36,1020,0.5249,0.7422
red,0.4953,0.7168,fake-red-right-1-9609,10,path,1,18.18,1020,0.4953,0.7168
red,0.4142,0.6605,fake-red-right-1-9609,11,path,1,20.0,1020,0.4142,0.6605
red,0.5569,0.7342,fake-red-right-1-9609,0,shot,1,7.27,1020,0.5569,0.7342
red,0.5476,0.7635,fake-red-right-1-9609,1,shot,1,14.55,1020,0.5476,0.7635
blue,0.677,0.3198,fake-blue-left-1-9278,0,path,1,0.0,1000,0.323,0.3198
blue,0.6195999999999999,0.3619,fake-blue-left-1-9278,1,path,1,1.82,1000,0.3804,0.3619
blue,0.6451,0.3542,fake-blue-left-1-9278,2,path,1,3.64,1000,0.3549,0.3542
blue,0.5896,0.3951,fake-blue-left-1-9278,3,path,1,5.45,1000,0.4104,0.3951
blue,0.5954999999999999,0.3993,fake-blue-left-1-9278,4,path,1,7.27,1000,0.4045,0.3993
blue,0.5893999999999999,0.4105,fake-blue-left-1-9278,5,path,1,9.09,1000,0.4106,0.4105
blue,0.511,0.4434,fake-blue-left-1-9278,6,path,1,10.91,1000,0.489,0.4434
blue,0.5375,0.3915,fake-blue-left-1-9278,7,path,1,12.73,1000,0.4625,0.3915
blue,0.47350000000000003,0.3939,fake-blue-left-1-9278,8,path,1,14.55,1000,0.5265,0.3939
blue,0.4133,0.394,fake-blue-left-1-9278,9,path,1,16.36,1000,0.5867,0.394
blue,0.4364,0.3441,fake-blue-left-1-9278,10,path,1,18.18,1000,0.5636,0.3441
blue,0.39780000000000004,0.3313,fake-blue-left-1-9278,11,path,1,20.0,1000,0.6022,0.3313
blue,0.5954999999999999,0.3993,fake-blue-left-1-9278,0,shot,1,7.27,1000,0.4045,0.3993
blue,0.47350000000000003,0.3939,fake-blue-left-1-9278,1,shot,1,14.55,1000,0.5265,0.3939
blue,0.6649,0.327,fake-blue-left-1-6058,0,path,1,0.0,1014,0.3351,0.327
blue,0.6805,0.3253,fake-blue-left-1-6058,1,path,1,1.82,1014,0.3195,0.3253
blue,0.659,0.3459,fake-blue-left-1-6058,2,path,1,3.64,1014,0.341,0.3459
blue,0.6101,0.3828,fake-blue-left-1-6058,3,path,1,5.45,1014,0.3899,0.3828
blue,0.5214,0.4437,fake-blue-left-1-6058,4,path,1,7.27,1014,0.4786,0.4437
blue,0.515,0.4552,fake-blue-left-1-6058,5,path,1,9.09,1014,0.485,0.4552
blue,0.5157,0.4406,fake-blue-left-1-6058,6,path,1,10.91,1014,0.4843,0.4406
blue,0.5417000000000001,0.389,fake-blue-left-1-6058,7,path,1,12.73,1014,0.4583,0.389
blue,0.43999999999999995,0.414,fake-blue-left-1-6058,8,path,1,14.55,1014,0.56,0.414
blue,0.4858,0.3505,fake-blue-left-1-6058,9,path,1,16.36,1014,0.5142,0.3505
blue,0.45809999999999995,0.3311,fake-blue-left-1-6058,10,path,1,18.18,1014,0.5419,0.3311
blue,0.43079999999999996,0.3115,fake-blue-left-1-6058,11,path,1,20.0,1014,0.5692,0.3115
blue,0.5214,0.4437,fake-blue-left-1-6058,0,shot,1,7.27,1014,0.4786,0.4437
blue,0.43999999999999995,0.414,fake-blue-left-1-6058,1,shot,1,14.55,1014,0.56,0.414
blue,0.6396,0.3422,fake-blue-left-1-5999,0,path,1,0.0,1024,0.3604,0.3422
blue,0.6516,0.3427,fake-blue-left-1-5999,1,path,1,1.82,1024,0.3484,0.3427
blue,0.5954999999999999,0.384,fake-blue-left-1-5999,2,path,1,3.64,1024,0.4045,0.384
blue,0.6336999999999999,0.3687,fake-blue-left-1-5999,3,path,1,5.45,1024,0.3663,0.3687
blue,0.5932999999999999,0.4005,fake-blue-left-1-5999,4,path,1,7.27,1024,0.4067,0.4005
blue,0.5671999999999999,0.4239,fake-blue-left-1-5999,5,path,1,9.09,1024,0.4328,0.4239
blue,0.5331,0.4302,fake-blue-left-1-5999,6,path,1,10.91,1024,0.4669,0.4302
blue,0.5046999999999999,0.4112,fake-blue-left-1-5999,7,path,1,12.73,1024,0.4953,0.4112
blue,0.4558,0.4045,fake-blue-left-1-5999,8,path,1,14.55,1024,0.5442,0.4045
blue,0.4445,0.3753,fake-blue-left-1-5999,9,path,1,16.36,1024,0.5555,0.3753
blue,0.4488,0.3367,fake-blue-left-1-5999,10,path,1,18.18,1024,0.5512,0.3367
blue,0.42169999999999996,0.317,fake-blue-left-1-5999,11,path,1,20.0,1024,0.5783,0.317
blue,0.5932999999999999,0.4005,fake-blue-left-1-5999,0,shot,1,7.27,1024,0.4067,0.4005
blue,0.4558,0.4045,fake-blue-left-1-5999,1,shot,1,14.55,1024,0.5442,0.4045
red,0.6789,0.6633,fake-red-right-2-4073,0,path,2,0.0,1007,0.6789,0.6633
red,0.6715,0.6949,fake-red-right-2-4073,1,path,2,1.82,1007,0.6715,0.6949
red,0.6851,0.739,fake-red-right-2-4073,2,path,2,3.64,1007,0.6851,0.739
red,0.6597,0.7598,fake-red-right-2-4073,3,path,2,5.45,1007,0.6597,0.7598
red,0.5758,0.7455,fake-red-right-2-4073,4,path,2,7.27,1007,0.5758,0.7455
red,0.5336,0.7562,fake-red-right-2-4073,5,path,2,9.09,1007,0.5336,0.7562
red,0.5218,0.7633,fake-red-right-2-4073,6,path,2,10.91,1007,0.5218,0.7633
red,0.4765,0.7284,fake-red-right-2-4073,7,path,2,12.73,1007,0.4765,0.7284
red,0.4901,0.729,fake-red-right-2-4073,8,path,2,14.55,1007,0.4901,0.729
red,0.4887,0.7205,fake-red-right-2-4073,9,path,2,16.36,1007,0.4887,0.7205
red,0.4625,0.6972,fake-red-right-2-4073,10,path,2,18.18,1007,0.4625,0.6972
red,0.4798,0.6999,fake-red-right-2-4073,11,path,2,20.0,1007,0.4798,0.6999
red,0.5758,0.7455,fake-red-right-2-4073,0,shot,2,7.27,1007,0.5758,0.7455
red,0.4901,0.729,fake-red-right-2-4073,1,shot,2,14.55,1007,0.4901,0.729
red,0.653,0.3078,fake-red-left-2-1035,0,path,2,0.0,1022,0.653,0.3078
red,0.6906,0.3664,fake-red-left-2-1035,1,path,2,1.82,1022,0.6906,0.3664
red,0.6188,0.3593,fake-red-left-2-1035,2,path,2,3.64,1022,0.6188,0.3593
red,0.5841,0.3745,fake-red-left-2-1035,3,path,2,5.45,1022,0.5841,0.3745
red,0.6271,0.4363,fake-red-left-2-1035,4,path,2,7.27,1022,0.6271,0.4363
red,0.5953,0.4532,fake-red-left-2-1035,5,path,2,9.09,1022,0.5953,0.4532
red,0.5358,0.4317,fake-red-left-2-1035,6,path,2,10.91,1022,0.5358,0.4317
red,0.5642,0.4411,fake-red-left-2-1035,7,path,2,12.73,1022,0.5642,0.4411
red,0.5506,0.4252,fake-red-left-2-1035,8,path,2,14.55,1022,0.5506,0.4252
red,0.4606,0.3636,fake-red-left-2-1035,9,path,2,16.36,1022,0.4606,0.3636
red,0.4432,0.3456,fake-red-left-2-1035,10,path,2,18.18,1022,0.4432,0.3456
red,0.4072,0.3163,fake-red-left-2-1035,11,path,2,20.0,1022,0.4072,0.3163
red,0.6271,0.4363,fake-red-left-2-1035,0,shot,2,7.27,1022,0.6271,0.4363
red,0.5506,0.4252,fake-red-left-2-1035,1,shot,2,14.55,1022,0.5506,0.4252
red,0.6404,0.6403,fake-red-right-2-5768,0,path,2,0.0,1030,0.6404,0.6403
red,0.6285,0.6691,fake-red-right-2-5768,1,path,2,1.82,1030,0.6285,0.6691
red,0.6078,0.6927,fake-red-right-2-5768,2,path,2,3.64,1030,0.6078,0.6927
red,0.6363,0.7458,fake-red-right-2-5768,3,path,2,5.45,1030,0.6363,0.7458
red,0.5784,0.747,fake-red-right-2-5768,4,path,2,7.27,1030,0.5784,0.747
red,0.5655,0.7753,fake-red-right-2-5768,5,path,2,9.09,1030,0.5655,0.7753
red,0.5604,0.7864,fake-red-right-2-5768,6,path,2,10.91,1030,0.5604,0.7864
red,0.5345,0.7633,fake-red-right-2-5768,7,path,2,12.73,1030,0.5345,0.7633
red,0.5104,0.7412,fake-red-right-2-5768,8,path,2,14.55,1030,0.5104,0.7412
red,0.4897,0.7211,fake-red-right-2-5768,9,path,2,16.36,1030,0.4897,0.7211
red,0.4287,0.6768,fake-red-right-2-5768,10,path,2,18.18,1030,0.4287,0.6768
red,0.4408,0.6765,fake-red-right-2-5768,11,path,2,20.0,1030,0.4408,0.6765
red,0.5784,0.747,fake-red-right-2-5768,0,shot,2,7.27,1030,0.5784,0.747
red,0.5104,0.7412,fake-red-right-2-5768,1,shot,2,14.55,1030,0.5104,0.7412
blue,0.6786,0.4888,fake-blue-center-2-9012,0,path,2,0.0,1006,0.3214,0.4888
blue,0.6548,0.5108,fake-blue-center-2-9012,1,path,2,1.82,1006,0.3452,0.5108
blue,0.6606000000000001,0.5149,fake-blue-center-2-9012,2,path,2,3.64,1006,0.3394,0.5149
blue,0.5936,0.5627,fake-blue-center-2-9012,3,path,2,5.45,1006,0.4064,0.5627
blue,0.5724,0.5831,fake-blue-center-2-9012,4,path,2,7.27,1006,0.4276,0.5831
blue,0.4958,0.6367,fake-blue-center-2-9012,5,path,2,9.09,1006,0.5042,0.6367
blue,0.5394,0.5964,fake-blue-center-2-9012,6,path,2,10.91,1006,0.4606,0.5964
blue,0.4599,0.6081,fake-blue-center-2-9012,7,path,2,12.73,1006,0.5401,0.6081
blue,0.5163,0.5382,fake-blue-center-2-9012,8,path,2,14.55,1006,0.4837,0.5382
blue,0.44179999999999997,0.5469,fake-blue-center-2-9012,9,path,2,16.36,1006,0.5582,0.5469
blue,0.4458,0.5085,fake-blue-center-2-9012,10,path,2,18.18,1006,0.5542,0.5085
blue,0.3679,0.5193,fake-blue-center-2-9012,11,path,2,20.0,1006,0.6321,0.5193
blue,0.5724,0.5831,fake-blue-center-2-9012,0,shot,2,7.27,1006,0.4276,0.5831
blue,0.5163,0.5382,fake-blue-center-2-9012,1,shot,2,14.55,1006,0.4837,0.5382
blue,0.687,0.4838,fake-blue-center-2-1237,0,path,2,0.0,1008,0.313,0.4838
blue,0.5944,0.547,fake-blue-center-2-1237,1,path,2,1.82,1008,0.4056,0.547
blue,0.6475,0.5228,fake-blue-center-2-1237,2,path,2,3.64,1008,0.3525,0.5228
blue,0.6032,0.557,fake-blue-center-2-1237,3,path,2,5.45,1008,0.3968,0.557
blue,0.5403,0.6024,fake-blue-center-2-1237,4,path,2,7.27,1008,0.4597,0.6024
blue,0.5286,0.617,fake-blue-center-2-1237,5,path,2,9.09,1008,0.4714,0.617
blue,0.532,0.6008,fake-blue-center-2-1237,6,path,2,10.91,1008,0.468,0.6008
blue,0.5344,0.5634,fake-blue-center-2-1237,7,path,2,12.73,1008,0.4656,0.5634
blue,0.44120000000000004,0.5833,fake-blue-center-2-1237,8,path,2,14.55,1008,0.5588,0.5833
blue,0.4455,0.5447,fake-blue-center-2-1237,9,path,2,16.36,1008,0.5545,0.5447
blue,0.38280000000000003,0.5463,fake-blue-center-2-1237,10,path,2,18.18,1008,0.6172,0.5463
blue,0.371,0.5174,fake-blue-center-2-1237,11,path,2,20.0,1008,0.629,0.5174
blue,0.5403,0.6024,fake-blue-center-2-1237,0,shot,2,7.27,1008,0.4597,0.6024
blue,0.44120000000000004,0.5833,fake-blue-center-2-1237,1,shot,2,14.55,1008,0.5588,0.5833
blue,0.6407,0.6816,fake-blue-right-2-8369,0,path,2,0.0,1000,0.3593,0.6816
blue,0.6364000000000001,0.6918,fake-blue-right-2-8369,1,path,2,1.82,1000,0.3636,0.6918
blue,0.6024,0.7198,fake-blue-right-2-8369,2,path,2,3.64,1000,0.3976,0.7198
blue,0.5942000000000001,0.7324,fake-blue-right-2-8369,3,path,2,5.45,1000,0.4058,0.7324
blue,0.6115999999999999,0.7296,fake-blue-right-2-8369,4,path,2,7.27,1000,0.3884,0.7296
blue,0.5685,0.7631,fake-blue-right-2-8369,5,path,2,9.09,1000,0.4315,0.7631
blue,0.47540000000000004,0.8048,fake-blue-right-2-8369,6,path,2,10.91,1000,0.5246,0.8048
blue,0.45899999999999996,0.7786,fake-blue-right-2-8369,7,path,2,12.73,1000,0.541,0.7786
blue,0.4433,0.752,fake-blue-right-2-8369,8,path,2,14.55,1000,0.5567,0.752
blue,0.49470000000000003,0.6852,fake-blue-right-2-8369,9,path,2,16.36,1000,0.5053,0.6852
blue,0.4063,0.7022,fake-blue-right-2-8369,10,path,2,18.18,1000,0.5937,0.7022
blue,0.4323,0.6506,fake-blue-right-2-8369,11,path,2,20.0,1000,0.5677,0.6506
blue,0.6115999999999999,0.7296,fake-blue-right-2-8369,0,shot,2,7.27,1000,0.3884,0.7296
blue,0.4433,0.752,fake-blue-right-2-8369,1,shot,2,14.55,1000,0.5567,0.752
red,0.7047,0.3388,fake-red-left-3-4395,0,path,3,0.0,1030,0.7047,0.3388
red,0.6354,0.3332,fake-red-left-3-4395,1,path,3,1.82,1030,0.6354,0.3332
red,0.5999,0.348,fake-red-left-3-4395,2,path,3,3.64,1030,0.5999,0.348
red,0.6593,0.4196,fake-red-left-3-4395,3,path,3,5.45,1030,0.6593,0.4196
red,0.6143,0.4286,fake-red-left-3-4395,4,path,3,7.27,1030,0.6143,0.4286
red,0.5568,0.4301,fake-red-left-3-4395,5,path,3,9.09,1030,0.5568,0.4301
red,0.5219,0.4233,fake-red-left-3-4395,6,path,3,10.91,1030,0.5219,0.4233
red,0.5304,0.4208,fake-red-left-3-4395,7,path,3,12.73,1030,0.5304,0.4208
red,0.4962,0.3926,fake-red-left-3-4395,8,path,3,14.55,1030,0.4962,0.3926
red,0.4687,0.3685,fake-red-left-3-4395,9,path,3,16.36,1030,0.4687,0.3685
red,0.437,0.3418,fake-red-left-3-4395,10,path,3,18.18,1030,0.437,0.3418
red,0.4094,0.3176,fake-red-left-3-4395,11,path,3,20.0,1030,0.4094,0.3176
red,0.6143,0.4286,fake-red-left-3-4395,0,shot,3,7.27,1030,0.6143,0.4286
red,0.4962,0.3926,fake-red-left-3-4395,1,shot,3,14.55,1030,0.4962,0.3926
red,0.6492,0.6455,fake-red-right-3-5755,0,path,3,0.0,1002,0.6492,0.6455
red,0.6661,0.6917,fake-red-right-3-5755,1,path,3,1.82,1002,0.6661,0.6917
red,0.6194,0.6996,fake-red-right-3-5755,2,path,3,3.64,1002,0.6194,0.6996
red,0.5887,0.7172,fake-red-right-3-5755,3,path,3,5.45,1002,0.5887,0.7172
red,0.6061,0.7636,fake-red-right-3-5755,4,path,3,7.27,1002,0.6061,0.7636
red,0.5879,0.7888,fake-red-right-3-5755,5,path,3,9.09,1002,0.5879,0.7888
red,0.5627,0.7878,fake-red-right-3-5755,6,path,3,10.91,1002,0.5627,0.7878
red,0.5194,0.7542,fake-red-right-3-5755,7,path,3,12.73,1002,0.5194,0.7542
red,0.4632,0.7129,fake-red-right-3-5755,8,path,3,14.55,1002,0.4632,0.7129
red,0.4991,0.7267,fake-red-right-3-5755,9,path,3,16.36,1002,0.4991,0.7267
red,0.4904,0.7139,fake-red-right-3-5755,10,path,3,18.18,1002,0.4904,0.7139
red,0.4108,0.6585,fake-red-right-3-5755,11,path,3,20.0,1002,0.4108,0.6585
red,0.6061,0.7636,fake-red-right-3-5755,0,shot,3,7.27,1002,0.6061,0.7636
red,0.4632,0.7129,fake-red-right-3-5755,1,shot,3,14.55,1002,0.4632,0.7129
red,0.6454,0.6432,fake-red-right-3-7838,0,path,3,0.0,1001,0.6454,0.6432
red,0.7032,0.7139,fake-red-right-3-7838,1,path,3,1.82,1001,0.7032,0.7139
red,0.6833,0.738,fake-red-right-3-7838,2,path,3,3.64,1001,0.6833,0.738
red,0.6616,0.7609,fake-red-right-3-7838,3,path,3,5.45,1001,0.6616,0.7609
red,0.6203,0.7722,fake-red-right-3-7838,4,path,3,7.27,1001,0.6203,0.7722
red,0.6191,0.8074,fake-red-right-3-7838,5,path,3,9.09,1001,0.6191,0.8074
red,0.5484,0.7792,fake-red-right-3-7838,6,path,3,10.91,1001,0.5484,0.7792
red,0.5634,0.7806,fake-red-right-3-7838,7,path,3,12.73,1001,0.5634,0.7806
red,0.5434,0.761,fake-red-right-3-7838,8,path,3,14.55,1001,0.5434,0.761
red,0.4276,0.6838,fake-red-right-3-7838,9,path,3,16.36,1001,0.4276,0.6838
red,0.4841,0.7101,fake-red-right-3-7838,10,path,3,18.18,1001,0.4841,0.7101
red,0.4015,0.6529,fake-red-right-3-7838,11,path,3,20.0,1001,0.4015,0.6529
red,0.6203,0.7722,fake-red-right-3-7838,0,shot,3,7.27,1001,0.6203,0.7722
red,0.5434,0.761,fake-red-right-3-7838,1,shot,3,14.55,1001,0.5434,0.761
blue,0.7056,0.3027,fake-blue-left-3-5360,0,path,3,0.0,1019,0.2944,0.3027
blue,0.6799999999999999,0.3257,fake-blue-left-3-5360,1,path,3,1.82,1019,0.32,0.3257
blue,0.6611,0.3446,fake-blue-left-3-5360,2,path,3,3.64,1019,0.3389,0.3446
blue,0.5660000000000001,0.4093,fake-blue-left-3-5360,3,path,3,5.45,1019,0.434,0.4093
blue,0.5185,0.4454,fake-blue-left-3-5360,4,path,3,7.27,1019,0.4815,0.4454
blue,0.506,0.4606,fake-blue-left-3-5360,5,path,3,9.09,1019,0.494,0.4606
blue,0.5017,0.449,fake-blue-left-3-5360,6,path,3,10.91,1019,0.4983,0.449
blue,0.4728,0.4303,fake-blue-left-3-5360,7,path,3,12.73,1019,0.5272,0.4303
blue,0.48009999999999997,0.39,fake-blue-left-3-5360,8,path,3,14.55,1019,0.5199,0.39
blue,0.41879999999999995,0.3907,fake-blue-left-3-5360,9,path,3,16.36,1019,0.5812,0.3907
blue,0.4434,0.3399,fake-blue-left-3-5360,10,path,3,18.18,1019,0.5566,0.3399
blue,0.41159999999999997,0.323,fake-blue-left-3-5360,11,path,3,20.0,1019,0.5884,0.323
blue,0.5185,0.4454,fake-blue-left-3-5360,0,shot,3,7.27,1019,0.4815,0.4454
blue,0.48009999999999997,0.39,fake-blue-left-3-5360,1,shot,3,14.55,1019,0.5199,0.39
blue,0.6291,0.3485,fake-blue-left-3-6123,0,path,3,0.0,1009,0.3709,0.3485
blue,0.6693,0.332,fake-blue-left-3-6123,1,path,3,1.82,1009,0.3307,0.332
blue,0.627,0.3651,fake-blue-left-3-6123,2,path,3,3.64,1009,0.373,0.3651
blue,0.6042000000000001,0.3864,fake-blue-left-3-6123,3,path,3,5.45,1009,0.3958,0.3864
blue,0.5391,0.4331,fake-blue-left-3-6123,4,path,3,7.27,1009,0.4609,0.4331
blue,0.5453,0.437,fake-blue-left-3-6123,5,path,3,9.09,1009,0.4547,0.437
blue,0.5099,0.4441,fake-blue-left-3-6123,6,path,3,10.91,1009,0.4901,0.4441
blue,0.48560000000000003,0.4226,fake-blue-left-3-6123,7,path,3,12.73,1009,0.5144,0.4226
blue,0.49350000000000005,0.3819,fake-blue-left-3-6123,8,path,3,14.55,1009,0.5065,0.3819
blue,0.41979999999999995,0.3901,fake-blue-left-3-6123,9,path,3,16.36,1009,0.5802,0.3901
blue,0.47319999999999995,0.3221,fake-blue-left-3-6123,10,path,3,18.18,1009,0.5268,0.3221
blue,0.4023,0.3286,fake-blue-left-3-6123,11,path,3,20.0,1009,0.5977,0.3286
blue,0.5391,0.4331,fake-blue-left-3-6123,0,shot,3,7.27,1009,0.4609,0.4331
blue,0.49350000000000005,0.3819,fake-blue-left-3-6123,1,shot,3,14.55,1009,0.5065,0.3819
blue,0.6803,0.4878,fake-blue-center-3-3510,0,path,3,0.0,1031,0.3197,0.4878
blue,0.6751,0.4986,fake-blue-center-3-3510,1,path,3,1.82,1031,0.3249,0.4986
blue,0.5865,0.5594,fake-blue-center-3-3510,2,path,3,3.64,1031,0.4135,0.5594
blue,0.6225,0.5454,fake-blue-center-3-3510,3,path,3,5.45,1031,0.3775,0.5454
blue,0.5522,0.5952,fake-blue-center-3-3510,4,path,3,7.27,1031,0.4478,0.5952
blue,0.5083,0.6292,fake-blue-center-3-3510,5,path,3,9.09,1031,0.4917,0.6292
blue,0.4837,0.6298,fake-blue-center-3-3510,6,path,3,10.91,1031,0.5163,0.6298
blue,0.5026999999999999,0.5824,fake-blue-center-3-3510,7,path,3,12.73,1031,0.4973,0.5824
blue,0.49839999999999995,0.5489,fake-blue-center-3-3510,8,path,3,14.55,1031,0.5016,0.5489
blue,0.45509999999999995,0.5389,fake-blue-center-3-3510,9,path,3,16.36,1031,0.5449,0.5389
blue,0.37760000000000005,0.5494,fake-blue-center-3-3510,10,path,3,18.18,1031,0.6224,0.5494
blue,0.4024,0.4985,fake-blue-center-3-3510,11,path,3,20.0,1031,0.5976,0.4985
blue,0.5522,0.5952,fake-blue-center-3-3510,0,shot,3,7.27,1031,0.4478,0.5952
blue,0.49839999999999995,0.5489,fake-blue-center-3-3510,1,shot,3,14.55,1031,0.5016,0.5489
red,0.7253,0.3512,fake-red-left-4-3584,0,path,4,0.0,1025,0.7253,0.3512
red,0.6198,0.3239,fake-red-left-4-3584,1,path,4,1.82,1025,0.6198,0.3239
red,0.6073,0.3524,fake-red-left-4-3584,2,path,4,3.64,1025,0.6073,0.3524
red,0.6361,0.4057,fake-red-left-4-3584,3,path,4,5.45,1025,0.6361,0.4057
red,0.6147,0.4288,fake-red-left-4-3584,4,path,4,7.27,1025,0.6147,0.4288
red,0.5589,0.4313,fake-red-left-4-3584,5,path,4,9.09,1025,0.5589,0.4313
red,0.5436,0.4363,fake-red-left-4-3584,6,path,4,10.91,1025,0.5436,0.4363
red,0.5218,0.4156,fake-red-left-4-3584,7,path,4,12.73,1025,0.5218,0.4156
red,0.5217,0.4079,fake-red-left-4-3584,8,path,4,14.55,1025,0.5217,0.4079
red,0.4988,0.3866,fake-red-left-4-3584,9,path,4,16.36,1025,0.4988,0.3866
red,0.4545,0.3523,fake-red-left-4-3584,10,path,4,18.18,1025,0.4545,0.3523
red,0.4121,0.3193,fake-red-left-4-3584,11,path,4,20.0,1025,0.4121,0.3193
red,0.6147,0.4288,fake-red-left-4-3584,0,shot,4,7.27,1025,0.6147,0.4288
red,0.5217,0.4079,fake-red-left-4-3584,1,shot,4,14.55,1025,0.5217,0.4079
red,0.6598,0.6519,fake-red-right-4-2591,0,path,4,0.0,1023,0.6598,0.6519
red,0.6296,0.6697,fake-red-right-4-2591,1,path,4,1.82,1023,0.6296,0.6697
red,0.6278,0.7047,fake-red-right-4-2591,2,path,4,3.64,1023,0.6278,0.7047
red,0.5992,0.7235,fake-red-right-4-2591,3,path,4,5.45,1023,0.5992,0.7235
red,0.6046,0.7627,fake-red-right-4-2591,4,path,4,7.27,1023,0.6046,0.7627
red,0.6216,0.809,fake-red-right-4-2591,5,path,4,9.09,1023,0.6216,0.809
red,0.5445,0.7769,fake-red-right-4-2591,6,path,4,10.91,1023,0.5445,0.7769
red,0.4915,0.7375,fake-red-right-4-2591,7,path,4,12.73,1023,0.4915,0.7375
red,0.5311,0.7536,fake-red-right-4-2591,8,path,4,14.55,1023,0.5311,0.7536
red,0.4304,0.6855,fake-red-right-4-2591,9,path,4,16.36,1023,0.4304,0.6855
red,0.4137,0.6679,fake-red-right-4-2591,10,path,4,18.18,1023,0.4137,0.6679
red,0.3821,0.6413,fake-red-right-4-2591,11,path,4,20.0,1023,0.3821,0.6413
red,0.6046,0.7627,fake-red-right-4-2591,0,shot,4,7.27,1023,0.6046,0.7627
red,0.5311,0.7536,fake-red-right-4-2591,1,shot,4,14.55,1023,0.5311,0.7536
red,0.6862,0.4977,fake-red-center-4-9011,0,path,4,0.0,1024,0.6862,0.4977
red,0.6184,0.493,fake-red-center-4-9011,1,path,4,1.82,1024,0.6184,0.493
red,0.6285,0.5351,fake-red-center-4-9011,2,path,4,3.64,1024,0.6285,0.5351
red,0.6632,0.5919,fake-red-center-4-9011,3,path,4,5.45,1024,0.6632,0.5919
red,0.5935,0.5861,fake-red-center-4-9011,4,path,4,7.27,1024,0.5935,0.5861
red,0.6014,0.6268,fake-red-center-4-9011,5,path,4,9.09,1024,0.6014,0.6268
red,0.5968,0.6382,fake-red-center-4-9011,6,path,4,10.91,1024,0.5968,0.6382
red,0.5457,0.6,fake-red-center-4-9011,7,path,4,12.73,1024,0.5457,0.6
red,0.5254,0.5802,fake-red-center-4-9011,8,path,4,14.55,1024,0.5254,0.5802
red,0.4733,0.5412,fake-red-center-4-9011,9,path,4,16.36,1024,0.4733,0.5412
red,0.4859,0.5412,fake-red-center-4-9011,10,path,4,18.18,1024,0.4859,0.5412
red,0.4414,0.5069,fake-red-center-4-9011,11,path,4,20.0,1024,0.4414,0.5069
red,0.5935,0.5861,fake-red-center-4-9011,0,shot,4,7.27,1024,0.5935,0.5861
red,0.5254,0.5802,fake-red-center-4-9011,1,shot,4,14.55,1024,0.5254,0.5802
blue,0.6919,0.6509,fake-blue-right-4-6286,0,path,4,0.0,1017,0.3081,0.6509
blue,0.654,0.6812,fake-blue-right-4-6286,1,path,4,1.82,1017,0.346,0.6812
blue,0.6296999999999999,0.7035,fake-blue-right-4-6286,2,path,4,3.64,1017,0.3703,0.7035
blue,0.5909,0.7344,fake-blue-right-4-6286,3,path,4,5.45,1017,0.4091,0.7344
blue,0.5685,0.7554,fake-blue-right-4-6286,4,path,4,7.27,1017,0.4315,0.7554
blue,0.565,0.7652,fake-blue-right-4-6286,5,path,4,9.09,1017,0.435,0.7652
blue,0.5644,0.7513,fake-blue-right-4-6286,6,path,4,10.91,1017,0.4356,0.7513
blue,0.5022,0.7527,fake-blue-right-4-6286,7,path,4,12.73,1017,0.4978,0.7527
blue,0.4626,0.7405,fake-blue-right-4-6286,8,path,4,14.55,1017,0.5374,0.7405
blue,0.4577,0.7074,fake-blue-right-4-6286,9,path,4,16.36,1017,0.5423,0.7074
blue,0.4337,0.6858,fake-blue-right-4-6286,10,path,4,18.18,1017,0.5663,0.6858
blue,0.37370000000000003,0.6858,fake-blue-right-4-6286,11,path,4,20.0,1017,0.6263,0.6858
blue,0.5685,0.7554,fake-blue-right-4-6286,0,shot,4,7.27,1017,0.4315,0.7554
blue,0.4626,0.7405,fake-blue-right-4-6286,1,shot,4,14.55,1017,0.5374,0.7405
blue,0.6793,0.3184,fake-blue-left-4-1140,0,path,4,0.0,1026,0.3207,0.3184
blue,0.6129,0.3659,fake-blue-left-4-1140,1,path,4,1.82,1026,0.3871,0.3659
blue,0.6594,0.3456,fake-blue-left-4-1140,2,path,4,3.64,1026,0.3406,0.3456
blue,0.6044,0.3863,fake-blue-left-4-1140,3,path,4,5.45,1026,0.3956,0.3863
blue,0.5951,0.3995,fake-blue-left-4-1140,4,path,4,7.27,1026,0.4049,0.3995
blue,0.5824,0.4147,fake-blue-left-4-1140,5,path,4,9.09,1026,0.4176,0.4147
blue,0.5041,0.4476,fake-blue-left-4-1140,6,path,4,10.91,1026,0.4959,0.4476
blue,0.4808,0.4255,fake-blue-left-4-1140,7,path,4,12.73,1026,0.5192,0.4255
blue,0.42589999999999995,0.4225,fake-blue-left-4-1140,8,path,4,14.55,1026,0.5741,0.4225
blue,0.47819999999999996,0.3551,fake-blue-left-4-1140,9,path,4,16.36,1026,0.5218,0.3551
blue,0.4486,0.3368,fake-blue-left-4-1140,10,path,4,18.18,1026,0.5514,0.3368
blue,0.43110000000000004,0.3114,fake-blue-left-4-1140,11,path,4,20.0,1026,0.5689,0.3114
blue,0.5951,0.3995,fake-blue-left-4-1140,0,shot,4,7.27,1026,0.4049,0.3995
blue,0.42589999999999995,0.4225,fake-blue-left-4-1140,1,shot,4,14.55,1026,0.5741,0.4225
blue,0.6264000000000001,0.5202,fake-blue-center-4-3680,0,path,4,0.0,1032,0.3736,0.5202
blue,0.6287,0.5264,fake-blue-center-4-3680,1,path,4,1.82,1032,0.3713,0.5264
blue,0.5660000000000001,0.5717,fake-blue-center-4-3680,2,path,4,3.64,1032,0.434,0.5717
blue,0.5709,0.5764,fake-blue-center-4-3680,3,path,4,5.45,1032,0.4291,0.5764
blue,0.5931,0.5707,fake-blue-center-4-3680,4,path,4,7.27,1032,0.4069,0.5707
blue,0.4937,0.638,fake-blue-center-4-3680,5,path,4,9.09,1032,0.5063,0.638
blue,0.5662,0.5803,fake-blue-center-4-3680,6,path,4,10.91,1032,0.4338,0.5803
blue,0.5432,0.5581,fake-blue-center-4-3680,7,path,4,12.73,1032,0.4568,0.5581
blue,0.45599999999999996,0.5744,fake-blue-center-4-3680,8,path,4,14.55,1032,0.544,0.5744
blue,0.41969999999999996,0.5602,fake-blue-center-4-3680,9,path,4,16.36,1032,0.5803,0.5602
blue,0.4034,0.534,fake-blue-center-4-3680,10,path,4,18.18,1032,0.5966,0.534
blue,0.3742,0.5155,fake-blue-center-4-3680,11,path,4,20.0,1032,0.6258,0.5155
blue,0.5931,0.5707,fake-blue-center-4-3680,0,shot,4,7.27,1032,0.4069,0.5707
blue,0.45599999999999996,0.5744,fake-blue-center-4-3680,1,shot,4,14.55,1032,0.544,0.5744
red,0.7176,0.5166,fake-red-center-5-5438,0,path,5,0.0,1025,0.7176,0.5166
red,0.6585,0.5171,fake-red-center-5-5438,1,path,5,1.82,1025,0.6585,0.5171
red,0.6852,0.5691,fake-red-center-5-5438,2,path,5,3.64,1025,0.6852,0.5691
red,0.5748,0.5389,fake-red-center-5-5438,3,path,5,5.45,1025,0.5748,0.5389
red,0.5555,0.5633,fake-red-center-5-5438,4,path,5,7.27,1025,0.5555,0.5633
red,0.5635,0.6041,fake-red-center-5-5438,5,path,5,9.09,1025,0.5635,0.6041
red,0.5896,0.6339,fake-red-center-5-5438,6,path,5,10.91,1025,0.5896,0.6339
red,0.5287,0.5898,fake-red-center-5-5438,7,path,5,12.73,1025,0.5287,0.5898
red,0.5301,0.583,fake-red-center-5-5438,8,path,5,14.55,1025,0.5301,0.583
red,0.4487,0.5265,fake-red-center-5-5438,9,path,5,16.36,1025,0.4487,0.5265
red,0.4674,0.5301,fake-red-center-5-5438,10,path,5,18.18,1025,0.4674,0.5301
red,0.3836,0.4722,fake-red-center-5-5438,11,path,5,20.0,1025,0.3836,0.4722
red,0.5555,0.5633,fake-red-center-5-5438,0,shot,5,7.27,1025,0.5555,0.5633
red,0.5301,0.583,fake-red-center-5-5438,1,shot,5,14.55,1025,0.5301,0.583
red,0.702,0.3372,fake-red-left-5-5700,0,path,5,0.0,1001,0.702,0.3372
red,0.6996,0.3718,fake-red-left-5-5700,1,path,5,1.82,1001,0.6996,0.3718
red,0.6843,0.3986,fake-red-left-5-5700,2,path,5,3.64,1001,0.6843,0.3986
red,0.5951,0.381,fake-red-left-5-5700,3,path,5,5.45,1001,0.5951,0.381
red,0.6267,0.436,fake-red-left-5-5700,4,path,5,7.27,1001,0.6267,0.436
red,0.6142,0.4645,fake-red-left-5-5700,5,path,5,9.09,1001,0.6142,0.4645
red,0.5469,0.4383,fake-red-left-5-5700,6,path,5,10.91,1001,0.5469,0.4383
red,0.4988,0.4018,fake-red-left-5-5700,7,path,5,12.73,1001,0.4988,0.4018
red,0.5386,0.4181,fake-red-left-5-5700,8,path,5,14.55,1001,0.5386,0.4181
red,0.4551,0.3603,fake-red-left-5-5700,9,path,5,16.36,1001,0.4551,0.3603
red,0.4494,0.3493,fake-red-left-5-5700,10,path,5,18.18,1001,0.4494,0.3493
red,0.4274,0.3284,fake-red-left-5-5700,11,path,5,20.0,1001,0.4274,0.3284
red,0.6267,0.436,fake-red-left-5-5700,0,shot,5,7.27,1001,0.6267,0.436
red,0.5386,0.4181,fake-red-left-5-5700,1,shot,5,14.55,1001,0.5386,0.4181
red,0.6564,0.3099,fake-red-left-5-4991,0,path,5,0.0,1019,0.6564,0.3099
red,0.6478,0.3407,fake-red-left-5-4991,1,path,5,1.82,1019,0.6478,0.3407
red,0.6233,0.362,fake-red-left-5-4991,2,path,5,3.64,1019,0.6233,0.362
red,0.6632,0.4219,fake-red-left-5-4991,3,path,5,5.45,1019,0.6632,0.4219
red,0.616,0.4296,fake-red-left-5-4991,4,path,5,7.27,1019,0.616,0.4296
red,0.5568,0.4301,fake-red-left-5-4991,5,path,5,9.09,1019,0.5568,0.4301
red,0.5696,0.4519,fake-red-left-5-4991,6,path,5,10.91,1019,0.5696,0.4519
red,0.512,0.4098,fake-red-left-5-4991,7,path,5,12.73,1019,0.512,0.4098
red,0.4821,0.3842,fake-red-left-5-4991,8,path,5,14.55,1019,0.4821,0.3842
red,0.4575,0.3618,fake-red-left-5-4991,9,path,5,16.36,1019,0.4575,0.3618
red,0.4553,0.3528,fake-red-left-5-4991,10,path,5,18.18,1019,0.4553,0.3528
red,0.4269,0.3281,fake-red-left-5-4991,11,path,5,20.0,1019,0.4269,0.3281
red,0.616,0.4296,fake-red-left-5-4991,0,shot,5,7.27,1019,0.616,0.4296
red,0.4821,0.3842,fake-red-left-5-4991,1,shot,5,14.55,1019,0.4821,0.3842
blue,0.6621,0.4988,fake-blue-center-5-5999,0,path,5,0.0,1010,0.3379,0.4988
blue,0.6408,0.5192,fake-blue-center-5-5999,1,path,5,1.82,1010,0.3592,0.5192
blue,0.583,0.5615,fake-blue-center-5-5999,2,path,5,3.64,1010,0.417,0.5615
blue,0.6023000000000001,0.5575,fake-blue-center-5-5999,3,path,5,5.45,1010,0.3977,0.5575
blue,0.5334,0.6065,fake-blue-center-5-5999,4,path,5,7.27,1010,0.4666,0.6065
blue,0.5025999999999999,0.6326,fake-blue-center-5-5999,5,path,5,9.09,1010,0.4974,0.6326
blue,0.4747,0.6352,fake-blue-center-5-5999,6,path,5,10.91,1010,0.5253,0.6352
blue,0.47219999999999995,0.6007,fake-blue-center-5-5999,7,path,5,12.73,1010,0.5278,0.6007
blue,0.47250000000000003,0.5645,fake-blue-center-5-5999,8,path,5,14.55,1010,0.5275,0.5645
blue,0.43720000000000003,0.5497,fake-blue-center-5-5999,9,path,5,16.36,1010,0.5628,0.5497
blue,0.4366,0.5141,fake-blue-center-5-5999,10,path,5,18.18,1010,0.5634,0.5141
blue,0.41190000000000004,0.4929,fake-blue-center-5-5999,11,path,5,20.0,1010,0.5881,0.4929
blue,0.5334,0.6065,fake-blue-center-5-5999,0,shot,5,7.27,1010,0.4666,0.6065
blue,0.47250000000000003,0.5645,fake-blue-center-5-5999,1,shot,5,14.55,1010,0.5275,0.5645
blue,0.6635,0.4979,fake-blue-center-5-9360,0,path,5,0.0,1032,0.3365,0.4979
blue,0.5867,0.5516,fake-blue-center-5-9360,1,path,5,1.82,1032,0.4133,0.5516
blue,0.5812999999999999,0.5625,fake-blue-center-5-9360,2,path,5,3.64,1032,0.4187,0.5625
blue,0.5760000000000001,0.5733,fake-blue-center-5-9360,3,path,5,5.45,1032,0.424,0.5733
blue,0.5714,0.5837,fake-blue-center-5-9360,4,path,5,7.27,1032,0.4286,0.5837
blue,0.49239999999999995,0.6387,fake-blue-center-5-9360,5,path,5,9.09,1032,0.5076,0.6387
blue,0.5026999999999999,0.6184,fake-blue-center-5-9360,6,path,5,10.91,1032,0.4973,0.6184
blue,0.4982,0.5851,fake-blue-center-5-9360,7,path,5,12.73,1032,0.5018,0.5851
blue,0.5138,0.5397,fake-blue-center-5-9360,8,path,5,14.55,1032,0.4862,0.5397
blue,0.4618,0.5349,fake-blue-center-5-9360,9,path,5,16.36,1032,0.5382,0.5349
blue,0.38649999999999995,0.5441,fake-blue-center-5-9360,10,path,5,18.18,1032,0.6135,0.5441
blue,0.36339999999999995,0.522,fake-blue-center-5-9360,11,path,5,20.0,1032,0.6366,0.522
blue,0.5714,0.5837,fake-blue-center-5-9360,0,shot,5,7.27,1032,0.4286,0.5837
blue,0.5138,0.5397,fake-blue-center-5-9360,1,shot,5,14.55,1032,0.4862,0.5397
blue,0.645,0.679,fake-blue-right-5-7491,0,path,5,0.0,1021,0.355,0.679
blue,0.6408,0.6891,fake-blue-right-5-7491,1,path,5,1.82,1021,0.3592,0.6891
blue,0.6472,0.6929,fake-blue-right-5-7491,2,path,5,3.64,1021,0.3528,0.6929
blue,0.5454,0.7617,fake-blue-right-5-7491,3,path,5,5.45,1021,0.4546,0.7617
blue,0.602,0.7353,fake-blue-right-5-7491,4,path,5,7.27,1021,0.398,0.7353
blue,0.4919,0.809,fake-blue-right-5-7491,5,path,5,9.09,1021,0.5081,0.809
blue,0.4698,0.8081,fake-blue-right-5-7491,6,path,5,10.91,1021,0.5302,0.8081
blue,0.5155000000000001,0.7447,fake-blue-right-5-7491,7,path,5,12.73,1021,0.4845,0.7447
blue,0.4516,0.747,fake-blue-right-5-7491,8,path,5,14.55,1021,0.5484,0.747
blue,0.495,0.685,fake-blue-right-5-7491,9,path,5,16.36,1021,0.505,0.685
blue,0.4507,0.6756,fake-blue-right-5-7491,10,path,5,18.18,1021,0.5493,0.6756
blue,0.3658,0.6905,fake-blue-right-5-7491,11,path,5,20.0,1021,0.6342,0.6905
blue,0.602,0.7353,fake-blue-right-5-7491,0,shot,5,7.27,1021,0.398,0.7353
blue,0.4516,0.747,fake-blue-right-5-7491,1,shot,5,14.55,1021,0.5484,0.747
red,0.6796,0.6637,fake-red-right-6-8577,0,path,6,0.0,1030,0.6796,0.6637
red,0.6573,0.6864,fake-red-right-6-8577,1,path,6,1.82,1030,0.6573,0.6864
red,0.5936,0.6842,fake-red-right-6-8577,2,path,6,3.64,1030,0.5936,0.6842
red,0.6658,0.7635,fake-red-right-6-8577,3,path,6,5.45,1030,0.6658,0.7635
red,0.62,0.772,fake-red-right-6-8577,4,path,6,7.27,1030,0.62,0.772
red,0.6146,0.8048,fake-red-right-6-8577,5,path,6,9.09,1030,0.6146,0.8048
red,0.5146,0.7589,fake-red-right-6-8577,6,path,6,10.91,1030,0.5146,0.7589
red,0.4798,0.7304,fake-red-right-6-8577,7,path,6,12.73,1030,0.4798,0.7304
red,0.4985,0.734,fake-red-right-6-8577,8,path,6,14.55,1030,0.4985,0.734
red,0.4664,0.7071,fake-red-right-6-8577,9,path,6,16.36,1030,0.4664,0.7071
red,0.4323,0.679,fake-red-right-6-8577,10,path,6,18.18,1030,0.4323,0.679
red,0.4477,0.6806,fake-red-right-6-8577,11,path,6,20.0,1030,0.4477,0.6806
red,0.62,0.772,fake-red-right-6-8577,0,shot,6,7.27,1030,0.62,0.772
red,0.4985,0.734,fake-red-right-6-8577,1,shot,6,14.55,1030,0.4985,0.734
red,0.6943,0.6726,fake-red-right-6-3318,0,path,6,0.0,1009,0.6943,0.6726
red,0.6716,0.6949,fake-red-right-6-3318,1,path,6,1.82,1009,0.6716,0.6949
red,0.6168,0.6981,fake-red-right-6-3318,2,path,6,3.64,1009,0.6168,0.6981
red,0.6333,0.744,fake-red-right-6-3318,3,path,6,5.45,1009,0.6333,0.744
red,0.5518,0.7311,fake-red-right-6-3318,4,path,6,7.27,1009,0.5518,0.7311
red,0.5465,0.7639,fake-red-right-6-3318,5,path,6,9.09,1009,0.5465,0.7639
red,0.5071,0.7544,fake-red-right-6-3318,6,path,6,10.91,1009,0.5071,0.7544
red,0.4746,0.7273,fake-red-right-6-3318,7,path,6,12.73,1009,0.4746,0.7273
red,0.5162,0.7446,fake-red-right-6-3318,8,path,6,14.55,1009,0.5162,0.7446
red,0.4925,0.7228,fake-red-right-6-3318,9,path,6,16.36,1009,0.4925,0.7228
red,0.4823,0.709,fake-red-right-6-3318,10,path,6,18.18,1009,0.4823,0.709
red,0.4235,0.6661,fake-red-right-6-3318,11,path,6,20.0,1009,0.4235,0.6661
red,0.5518,0.7311,fake-red-right-6-3318,0,shot,6,7.27,1009,0.5518,0.7311
red,0.5162,0.7446,fake-red-right-6-3318,1,shot,6,14.55,1009,0.5162,0.7446
red,0.7357,0.3574,fake-red-left-6-8630,0,path,6,0.0,1022,0.7357,0.3574
red,0.6424,0.3374,fake-red-left-6-8630,1,path,6,1.82,1022,0.6424,0.3374
red,0.6525,0.3795,fake-red-left-6-8630,2,path,6,3.64,1022,0.6525,0.3795
red,0.6198,0.3959,fake-red-left-6-8630,3,path,6,5.45,1022,0.6198,0.3959
red,0.6135,0.4281,fake-red-left-6-8630,4,path,6,7.27,1022,0.6135,0.4281
red,0.5355,0.4173,fake-red-left-6-8630,5,path,6,9.09,1022,0.5355,0.4173
red,0.5887,0.4634,fake-red-left-6-8630,6,path,6,10.91,1022,0.5887,0.4634
red,0.534,0.4229,fake-red-left-6-8630,7,path,6,12.73,1022,0.534,0.4229
red,0.4744,0.3795,fake-red-left-6-8630,8,path,6,14.55,1022,0.4744,0.3795
red,0.443,0.3531,fake-red-left-6-8630,9,path,6,16.36,1022,0.443,0.3531
red,0.4306,0.338,fake-red-left-6-8630,10,path,6,18.18,1022,0.4306,0.338
red,0.4105,0.3183,fake-red-left-6-8630,11,path,6,20.0,1022,0.4105,0.3183
red,0.6135,0.4281,fake-red-left-6-8630,0,shot,6,7.27,1022,0.6135,0.4281
red,0.4744,0.3795,fake-red-left-6-8630,1,shot,6,14.55,1022,0.4744,0.3795
blue,0.6112,0.6993,fake-blue-right-6-6640,0,path,6,0.0,1027,0.3888,0.6993
blue,0.6624,0.6762,fake-blue-right-6-6640,1,path,6,1.82,1027,0.3376,0.6762
blue,0.5689,0.7399,fake-blue-right-6-6640,2,path,6,3.64,1027,0.4311,0.7399
blue,0.6278,0.7122,fake-blue-right-6-6640,3,path,6,5.45,1027,0.3722,0.7122
blue,0.5727,0.7529,fake-blue-right-6-6640,4,path,6,7.27,1027,0.4273,0.7529
blue,0.5903,0.75,fake-blue-right-6-6640,5,path,6,9.09,1027,0.4097,0.75
blue,0.5056,0.7867,fake-blue-right-6-6640,6,path,6,10.91,1027,0.4944,0.7867
blue,0.5397000000000001,0.7302,fake-blue-right-6-6640,7,path,6,12.73,1027,0.4603,0.7302
blue,0.47729999999999995,0.7316,fake-blue-right-6-6640,8,path,6,14.55,1027,0.5227,0.7316
blue,0.4325,0.7225,fake-blue-right-6-6640,9,path,6,16.36,1027,0.5675,0.7225
blue,0.46120000000000005,0.6693,fake-blue-right-6-6640,10,path,6,18.18,1027,0.5388,0.6693
blue,0.4334,0.6499,fake-blue-right-6-6640,11,path,6,20.0,1027,0.5666,0.6499
blue,0.5727,0.7529,fake-blue-right-6-6640,0,shot,6,7.27,1027,0.4273,0.7529
blue,0.47729999999999995,0.7316,fake-blue-right-6-6640,1,shot,6,14.55,1027,0.5227,0.7316
blue,0.6307,0.6876,fake-blue-right-6-6372,0,path,6,0.0,1034,0.3693,0.6876
blue,0.6251,0.6986,fake-blue-right-6-6372,1,path,6,1.82,1034,0.3749,0.6986
blue,0.6009,0.7207,fake-blue-right-6-6372,2,path,6,3.64,1034,0.3991,0.7207
blue,0.6065,0.725,fake-blue-right-6-6372,3,path,6,5.45,1034,0.3935,0.725
blue,0.5942000000000001,0.74,fake-blue-right-6-6372,4,path,6,7.27,1034,0.4058,0.74
blue,0.5423,0.7788,fake-blue-right-6-6372,5,path,6,9.09,1034,0.4577,0.7788
blue,0.46930000000000005,0.8084,fake-blue-right-6-6372,6,path,6,10.91,1034,0.5307,0.8084
blue,0.5257000000000001,0.7386,fake-blue-right-6-6372,7,path,6,12.73,1034,0.4743,0.7386
blue,0.5191,0.7065,fake-blue-right-6-6372,8,path,6,14.55,1034,0.4809,0.7065
blue,0.48960000000000004,0.6882,fake-blue-right-6-6372,9,path,6,16.36,1034,0.5104,0.6882
blue,0.46120000000000005,0.6693,fake-blue-right-6-6372,10,path,6,18.18,1034,0.5388,0.6693
blue,0.4235,0.6559,fake-blue-right-6-6372,11,path,6,20.0,1034,0.5765,0.6559
blue,0.5942000000000001,0.74,fake-blue-right-6-6372,0,shot,6,7.27,1034,0.4058,0.74
blue,0.5191,0.7065,fake-blue-right-6-6372,1,shot,6,14.55,1034,0.4809,0.7065
blue,0.6760999999999999,0.4904,fake-blue-center-6-5084,0,path,6,0.0,1016,0.3239,0.4904
blue,0.6525000000000001,0.5121,fake-blue-center-6-5084,1,path,6,1.82,1016,0.3475,0.5121
blue,0.6558999999999999,0.5178,fake-blue-center-6-5084,2,path,6,3.64,1016,0.3441,0.5178
blue,0.6205,0.5466,fake-blue-center-6-5084,3,path,6,5.45,1016,0.3795,0.5466
blue,0.6114999999999999,0.5596,fake-blue-center-6-5084,4,path,6,7.27,1016,0.3885,0.5596
blue,0.5024,0.6328,fake-blue-center-6-5084,5,path,6,9.09,1016,0.4976,0.6328
blue,0.49739999999999995,0.6215,fake-blue-center-6-5084,6,path,6,10.91,1016,0.5026,0.6215
blue,0.472,0.6008,fake-blue-center-6-5084,7,path,6,12.73,1016,0.528,0.6008
blue,0.46630000000000005,0.5682,fake-blue-center-6-5084,8,path,6,14.55,1016,0.5337,0.5682
blue,0.48529999999999995,0.5208,fake-blue-center-6-5084,9,path,6,16.36,1016,0.5147,0.5208
blue,0.39270000000000005,0.5404,fake-blue-center-6-5084,10,path,6,18.18,1016,0.6073,0.5404
blue,0.3778,0.5133,fake-blue-center-6-5084,11,path,6,20.0,1016,0.6222,0.5133
blue,0.6114999999999999,0.5596,fake-blue-center-6-5084,0,shot,6,7.27,1016,0.3885,0.5596
blue,0.46630000000000005,0.5682,fake-blue-center-6-5084,1,shot,6,14.55,1016,0.5337,0.5682
red,0.6601,0.3121,fake-red-left-7-5763,0,path,7,0.0,1031,0.6601,0.3121
red,0.646,0.3396,fake-red-left-7-5763,1,path,7,1.82,1031,0.646,0.3396
red,0.6526,0.3796,fake-red-left-7-5763,2,path,7,3.64,1031,0.6526,0.3796
red,0.5821,0.3733,fake-red-left-7-5763,3,path,7,5.45,1031,0.5821,0.3733
red,0.5777,0.4066,fake-red-left-7-5763,4,path,7,7.27,1031,0.5777,0.4066
red,0.5866,0.448,fake-red-left-7-5763,5,path,7,9.09,1031,0.5866,0.448
red,0.5132,0.4181,fake-red-left-7-5763,6,path,7,10.91,1031,0.5132,0.4181
red,0.503,0.4044,fake-red-left-7-5763,7,path,7,12.73,1031,0.503,0.4044
red,0.4511,0.3656,fake-red-left-7-5763,8,path,7,14.55,1031,0.4511,0.3656
red,0.5213,0.4001,fake-red-left-7-5763,9,path,7,16.36,1031,0.5213,0.4001
red,0.4297,0.3375,fake-red-left-7-5763,10,path,7,18.18,1031,0.4297,0.3375
red,0.4564,0.3458,fake-red-left-7-5763,11,path,7,20.0,1031,0.4564,0.3458
red,0.5777,0.4066,fake-red-left-7-5763,0,shot,7,7.27,1031,0.5777,0.4066
red,0.4511,0.3656,fake-red-left-7-5763,1,shot,7,14.55,1031,0.4511,0.3656
red,0.7294,0.6936,fake-red-right-7-2426,0,path,7,0.0,1030,0.7294,0.6936
red,0.6173,0.6624,fake-red-right-7-2426,1,path,7,1.82,1030,0.6173,0.6624
red,0.6155,0.6973,fake-red-right-7-2426,2,path,7,3.64,1030,0.6155,0.6973
red,0.6467,0.752,fake-red-right-7-2426,3,path,7,5.45,1030,0.6467,0.752
red,0.5801,0.7481,fake-red-right-7-2426,4,path,7,7.27,1030,0.5801,0.7481
red,0.5269,0.7521,fake-red-right-7-2426,5,path,7,9.09,1030,0.5269,0.7521
red,0.546,0.7778,fake-red-right-7-2426,6,path,7,10.91,1030,0.546,0.7778
red,0.4771,0.7288,fake-red-right-7-2426,7,path,7,12.73,1030,0.4771,0.7288
red,0.4696,0.7167,fake-red-right-7-2426,8,path,7,14.55,1030,0.4696,0.7167
red,0.4639,0.7056,fake-red-right-7-2426,9,path,7,16.36,1030,0.4639,0.7056
red,0.4469,0.6878,fake-red-right-7-2426,10,path,7,18.18,1030,0.4469,0.6878
red,0.4002,0.6521,fake-red-right-7-2426,11,path,7,20.0,1030,0.4002,0.6521
red,0.5801,0.7481,fake-red-right-7-2426,0,shot,7,7.27,1030,0.5801,0.7481
red,0.4696,0.7167,fake-red-right-7-2426,1,shot,7,14.55,1030,0.4696,0.7167
red,0.7095,0.3417,fake-red-left-7-3524,0,path,7,0.0,1009,0.7095,0.3417
red,0.6417,0.337,fake-red-left-7-3524,1,path,7,1.82,1009,0.6417,0.337
red,0.6224,0.3615,fake-red-left-7-3524,2,path,7,3.64,1009,0.6224,0.3615
red,0.6387,0.4072,fake-red-left-7-3524,3,path,7,5.45,1009,0.6387,0.4072
red,0.5707,0.4024,fake-red-left-7-3524,4,path,7,7.27,1009,0.5707,0.4024
red,0.5492,0.4255,fake-red-left-7-3524,5,path,7,9.09,1009,0.5492,0.4255
red,0.5008,0.4107,fake-red-left-7-3524,6,path,7,10.91,1009,0.5008,0.4107
red,0.5575,0.437,fake-red-left-7-3524,7,path,7,12.73,1009,0.5575,0.437
red,0.5265,0.4108,fake-red-left-7-3524,8,path,7,14.55,1009,0.5265,0.4108
red,0.463,0.3651,fake-red-left-7-3524,9,path,7,16.36,1009,0.463,0.3651
red,0.4807,0.3681,fake-red-left-7-3524,10,path,7,18.18,1009,0.4807,0.3681
red,0.4234,0.326,fake-red-left-7-3524,11,path,7,20.0,1009,0.4234,0.326
red,0.5707,0.4024,fake-red-left-7-3524,0,shot,7,7.27,1009,0.5707,0.4024
red,0.5265,0.4108,fake-red-left-7-3524,1,shot,7,14.55,1009,0.5265,0.4108
blue,0.7082999999999999,0.301,fake-blue-left-7-4999,0,path,7,0.0,1004,0.2917,0.301
blue,0.6735,0.3295,fake-blue-left-7-4999,1,path,7,1.82,1004,0.3265,0.3295
blue,0.6601,0.3452,fake-blue-left-7-4999,2,path,7,3.64,1004,0.3399,0.3452
blue,0.5512,0.4182,fake-blue-left-7-4999,3,path,7,5.45,1004,0.4488,0.4182
blue,0.5213,0.4438,fake-blue-left-7-4999,4,path,7,7.27,1004,0.4787,0.4438
blue,0.5526,0.4326,fake-blue-left-7-4999,5,path,7,9.09,1004,0.4474,0.4326
blue,0.48740000000000006,0.4575,fake-blue-left-7-4999,6,path,7,10.91,1004,0.5126,0.4575
blue,0.496,0.4164,fake-blue-left-7-4999,7,path,7,12.73,1004,0.504,0.4164
blue,0.4285,0.4209,fake-blue-left-7-4999,8,path,7,14.55,1004,0.5715,0.4209
blue,0.47450000000000003,0.3573,fake-blue-left-7-4999,9,path,7,16.36,1004,0.5255,0.3573
blue,0.4527,0.3344,fake-blue-left-7-4999,10,path,7,18.18,1004,0.5473,0.3344
blue,0.3822,0.3407,fake-blue-left-7-4999,11,path,7,20.0,1004,0.6178,0.3407
blue,0.5213,0.4438,fake-blue-left-7-4999,0,shot,7,7.27,1004,0.4787,0.4438
blue,0.4285,0.4209,fake-blue-left-7-4999,1,shot,7,14.55,1004,0.5715,0.4209
blue,0.6158,0.5265,fake-blue-center-7-6282,0,path,7,0.0,1033,0.3842,0.5265
blue,0.623,0.5298,fake-blue-center-7-6282,1,path,7,1.82,1033,0.377,0.5298
blue,0.5933999999999999,0.5553,fake-blue-center-7-6282,2,path,7,3.64,1033,0.4066,0.5553
blue,0.5552,0.5858,fake-blue-center-7-6282,3,path,7,5.45,1033,0.4448,0.5858
blue,0.5232,0.6127,fake-blue-center-7-6282,4,path,7,7.27,1033,0.4768,0.6127
blue,0.5081,0.6293,fake-blue-center-7-6282,5,path,7,9.09,1033,0.4919,0.6293
blue,0.474,0.6356,fake-blue-center-7-6282,6,path,7,10.91,1033,0.526,0.6356
blue,0.4558,0.6105,fake-blue-center-7-6282,7,path,7,12.73,1033,0.5442,0.6105
blue,0.4858,0.5565,fake-blue-center-7-6282,8,path,7,14.55,1033,0.5142,0.5565
blue,0.46840000000000004,0.531,fake-blue-center-7-6282,9,path,7,16.36,1033,0.5316,0.531
blue,0.43320000000000003,0.5161,fake-blue-center-7-6282,10,path,7,18.18,1033,0.5668,0.5161
blue,0.36960000000000004,0.5182,fake-blue-center-7-6282,11,path,7,20.0,1033,0.6304,0.5182
blue,0.5232,0.6127,fake-blue-center-7-6282,0,shot,7,7.27,1033,0.4768,0.6127
blue,0.4858,0.5565,fake-blue-center-7-6282,1,shot,7,14.55,1033,0.5142,0.5565
blue,0.6405000000000001,0.3417,fake-blue-left-7-8845,0,path,7,0.0,1019,0.3595,0.3417
blue,0.614,0.3652,fake-blue-left-7-8845,1,path,7,1.82,1019,0.386,0.3652
blue,0.6624,0.3438,fake-blue-left-7-8845,2,path,7,3.64,1019,0.3376,0.3438
blue,0.5891,0.3955,fake-blue-left-7-8845,3,path,7,5.45,1019,0.4109,0.3955
blue,0.5386,0.4334,fake-blue-left-7-8845,4,path,7,7.27,1019,0.4614,0.4334
blue,0.5529999999999999,0.4324,fake-blue-left-7-8845,5,path,7,9.09,1019,0.447,0.4324
blue,0.5466,0.422,fake-blue-left-7-8845,6,path,7,10.91,1019,0.4534,0.422
blue,0.4907,0.4196,fake-blue-left-7-8845,7,path,7,12.73,1019,0.5093,0.4196
blue,0.5161,0.3683,fake-blue-left-7-8845,8,path,7,14.55,1019,0.4839,0.3683
blue,0.4265,0.3861,fake-blue-left-7-8845,9,path,7,16.36,1019,0.5735,0.3861
blue,0.39749999999999996,0.3675,fake-blue-left-7-8845,10,path,7,18.18,1019,0.6025,0.3675
blue,0.41300000000000003,0.3222,fake-blue-left-7-8845,11,path,7,20.0,1019,0.587,0.3222
blue,0.5386,0.4334,fake-blue-left-7-8845,0,shot,7,7.27,1019,0.4614,0.4334
blue,0.5161,0.3683,fake-blue-left-7-8845,1,shot,7,14.55,1019,0.4839,0.3683
red,0.6841,0.4965,fake-red-center-8-1831,0,path,8,0.0,1024,0.6841,0.4965
red,0.6475,0.5105,fake-red-center-8-1831,1,path,8,1.82,1024,0.6475,0.5105
red,0.6177,0.5286,fake-red-center-8-1831,2,path,8,3.64,1024,0.6177,0.5286
red,0.63,0.572,fake-red-center-8-1831,3,path,8,5.45,1024,0.63,0.572
red,0.5957,0.5874,fake-red-center-8-1831,4,path,8,7.27,1024,0.5957,0.5874
red,0.605,0.629,fake-red-center-8-1831,5,path,8,9.09,1024,0.605,0.629
red,0.5717,0.6232,fake-red-center-8-1831,6,path,8,10.91,1024,0.5717,0.6232
red,0.5141,0.581,fake-red-center-8-1831,7,path,8,12.73,1024,0.5141,0.581
red,0.5186,0.5761,fake-red-center-8-1831,8,path,8,14.55,1024,0.5186,0.5761
red,0.4465,0.5252,fake-red-center-8-1831,9,path,8,16.36,1024,0.4465,0.5252
red,0.4375,0.5121,fake-red-center-8-1831,10,path,8,18.18,1024,0.4375,0.5121
red,0.3828,0.4717,fake-red-center-8-1831,11,path,8,20.0,1024,0.3828,0.4717
red,0.5957,0.5874,fake-red-center-8-1831,0,shot,8,7.27,1024,0.5957,0.5874
red,0.5186,0.5761,fake-red-center-8-1831,1,shot,8,14.55,1024,0.5186,0.5761
red,0.7197,0.3478,fake-red-left-8-8559,0,path,8,0.0,1034,0.7197,0.3478
red,0.6508,0.3425,fake-red-left-8-8559,1,path,8,1.82,1034,0.6508,0.3425
red,0.6865,0.3999,fake-red-left-8-8559,2,path,8,3.64,1034,0.6865,0.3999
red,0.6584,0.419,fake-red-left-8-8559,3,path,8,5.45,1034,0.6584,0.419
red,0.6281,0.4368,fake-red-left-8-8559,4,path,8,7.27,1034,0.6281,0.4368
red,0.6155,0.4653,fake-red-left-8-8559,5,path,8,9.09,1034,0.6155,0.4653
red,0.574,0.4546,fake-red-left-8-8559,6,path,8,10.91,1034,0.574,0.4546
red,0.5064,0.4064,fake-red-left-8-8559,7,path,8,12.73,1034,0.5064,0.4064
red,0.5197,0.4067,fake-red-left-8-8559,8,path,8,14.55,1034,0.5197,0.4067
red,0.5156,0.3966,fake-red-left-8-8559,9,path,8,16.36,1034,0.5156,0.3966
red,0.4925,0.3751,fake-red-left-8-8559,10,path,8,18.18,1034,0.4925,0.3751
red,0.3991,0.3115,fake-red-left-8-8559,11,path,8,20.0,1034,0.3991,0.3115
red,0.6281,0.4368,fake-red-left-8-8559,0,shot,8,7.27,1034,0.6281,0.4368
red,0.5197,0.4067,fake-red-left-8-8559,1,shot,8,14.55,1034,0.5197,0.4067
red,0.6574,0.4805,fake-red-center-8-1739,0,path,8,0.0,1029,0.6574,0.4805
red,0.6511,0.5127,fake-red-center-8-1739,1,path,8,1.82,1029,0.6511,0.5127
red,0.6352,0.5391,fake-red-center-8-1739,2,path,8,3.64,1029,0.6352,0.5391
red,0.6518,0.5851,fake-red-center-8-1739,3,path,8,5.45,1029,0.6518,0.5851
red,0.5972,0.5883,fake-red-center-8-1739,4,path,8,7.27,1029,0.5972,0.5883
red,0.5831,0.6159,fake-red-center-8-1739,5,path,8,9.09,1029,0.5831,0.6159
red,0.5792,0.6277,fake-red-center-8-1739,6,path,8,10.91,1029,0.5792,0.6277
red,0.5513,0.6033,fake-red-center-8-1739,7,path,8,12.73,1029,0.5513,0.6033
red,0.4984,0.5639,fake-red-center-8-1739,8,path,8,14.55,1029,0.4984,0.5639
red,0.5189,0.5686,fake-red-center-8-1739,9,path,8,16.36,1029,0.5189,0.5686
red,0.4969,0.5478,fake-red-center-8-1739,10,path,8,18.18,1029,0.4969,0.5478
red,0.4603,0.5182,fake-red-center-8-1739,11,path,8,20.0,1029,0.4603,0.5182
red,0.5972,0.5883,fake-red-center-8-1739,0,shot,8,7.27,1029,0.5972,0.5883
red,0.4984,0.5639,fake-red-center-8-1739,1,shot,8,14.55,1029,0.4984,0.5639
blue,0.6606000000000001,0.4996,fake-blue-center-8-4403,0,path,8,0.0,1007,0.3394,0.4996
blue,0.606,0.5401,fake-blue-center-8-4403,1,path,8,1.82,1007,0.394,0.5401
blue,0.6601,0.5152,fake-blue-center-8-4403,2,path,8,3.64,1007,0.3399,0.5152
blue,0.5488999999999999,0.5896,fake-blue-center-8-4403,3,path,8,5.45,1007,0.4511,0.5896
blue,0.5937,0.5703,fake-blue-center-8-4403,4,path,8,7.27,1007,0.4063,0.5703
blue,0.5345,0.6135,fake-blue-center-8-4403,5,path,8,9.09,1007,0.4655,0.6135
blue,0.5404,0.5958,fake-blue-center-8-4403,6,path,8,10.91,1007,0.4596,0.5958
blue,0.5271,0.5677,fake-blue-center-8-4403,7,path,8,12.73,1007,0.4729,0.5677
blue,0.5187999999999999,0.5367,fake-blue-center-8-4403,8,path,8,14.55,1007,0.4812,0.5367
blue,0.44630000000000003,0.5442,fake-blue-center-8-4403,9,path,8,16.36,1007,0.5537,0.5442
blue,0.4224,0.5225,fake-blue-center-8-4403,10,path,8,18.18,1007,0.5776,0.5225
blue,0.44699999999999995,0.4718,fake-blue-center-8-4403,11,path,8,20.0,1007,0.553,0.4718
blue,0.5937,0.5703,fake-blue-center-8-4403,0,shot,8,7.27,1007,0.4063,0.5703
blue,0.5187999999999999,0.5367,fake-blue-center-8-4403,1,shot,8,14.55,1007,0.4812,0.5367
blue,0.6476,0.5074,fake-blue-center-8-3035,0,path,8,0.0,1026,0.3524,0.5074
blue,0.5901000000000001,0.5496,fake-blue-center-8-3035,1,path,8,1.82,1026,0.4099,0.5496
blue,0.6239,0.537,fake-blue-center-8-3035,2,path,8,3.64,1026,0.3761,0.537
blue,0.558,0.5841,fake-blue-center-8-3035,3,path,8,5.45,1026,0.442,0.5841
blue,0.53,0.6086,fake-blue-center-8-3035,4,path,8,7.27,1026,0.47,0.6086
blue,0.5679000000000001,0.5934,fake-blue-center-8-3035,5,path,8,9.09,1026,0.4321,0.5934
blue,0.5299,0.6021,fake-blue-center-8-3035,6,path,8,10.91,1026,0.4701,0.6021
blue,0.46519999999999995,0.6049,fake-blue-center-8-3035,7,path,8,12.73,1026,0.5348,0.6049
blue,0.4393,0.5844,fake-blue-center-8-3035,8,path,8,14.55,1026,0.5607,0.5844
blue,0.40900000000000003,0.5666,fake-blue-center-8-3035,9,path,8,16.36,1026,0.591,0.5666
blue,0.41859999999999997,0.5248,fake-blue-center-8-3035,10,path,8,18.18,1026,0.5814,0.5248
blue,0.36050000000000004,0.5237,fake-blue-center-8-3035,11,path,8,20.0,1026,0.6395,0.5237
blue,0.53,0.6086,fake-blue-center-8-3035,0,shot,8,7.27,1026,0.47,0.6086
blue,0.4393,0.5844,fake-blue-center-8-3035,1,shot,8,14.55,1026,0.5607,0.5844
red,0.6761,0.3217,fake-red-left-9-7585,0,path,9,0.0,1003,0.6761,0.3217
red,0.7076,0.3765,fake-red-left-9-7585,1,path,9,1.82,1003,0.7076,0.3765
red,0.6239,0.3623,fake-red-left-9-7585,2,path,9,3.64,1003,0.6239,0.3623
red,0.6224,0.3975,fake-red-left-9-7585,3,path,9,5.45,1003,0.6224,0.3975
red,0.5642,0.3985,fake-red-left-9-7585,4,path,9,7.27,1003,0.5642,0.3985
red,0.5596,0.4318,fake-red-left-9-7585,5,path,9,9.09,1003,0.5596,0.4318
red,0.5288,0.4275,fake-red-left-9-7585,6,path,9,10.91,1003,0.5288,0.4275
red,0.5521,0.4338,fake-red-left-9-7585,7,path,9,12.73,1003,0.5521,0.4338
red,0.5247,0.4097,fake-red-left-9-7585,8,path,9,14.55,1003,0.5247,0.4097
red,0.4876,0.3798,fake-red-left-9-7585,9,path,9,16.36,1003,0.4876,0.3798
red,0.4181,0.3305,fake-red-left-9-7585,10,path,9,18.18,1003,0.4181,0.3305
red,0.4207,0.3244,fake-red-left-9-7585,11,path,9,20.0,1003,0.4207,0.3244
red,0.5642,0.3985,fake-red-left-9-7585,0,shot,9,7.27,1003,0.5642,0.3985
red,0.5247,0.4097,fake-red-left-9-7585,1,shot,9,14.55,1003,0.5247,0.4097
red,0.737,0.5282,fake-red-center-9-9308,0,path,9,0.0,1001,0.737,0.5282
red,0.7,0.542,fake-red-center-9-9308,1,path,9,1.82,1001,0.7,0.542
red,0.6734,0.5621,fake-red-center-9-9308,2,path,9,3.64,1001,0.6734,0.5621
red,0.6561,0.5877,fake-red-center-9-9308,3,path,9,5.45,1001,0.6561,0.5877
red,0.6281,0.6068,fake-red-center-9-9308,4,path,9,7.27,1001,0.6281,0.6068
red,0.5684,0.6071,fake-red-center-9-9308,5,path,9,9.09,1001,0.5684,0.6071
red,0.5878,0.6328,fake-red-center-9-9308,6,path,9,10.91,1001,0.5878,0.6328
red,0.4793,0.5601,fake-red-center-9-9308,7,path,9,12.73,1001,0.4793,0.5601
red,0.4779,0.5517,fake-red-center-9-9308,8,path,9,14.55,1001,0.4779,0.5517
red,0.4743,0.5419,fake-red-center-9-9308,9,path,9,16.36,1001,0.4743,0.5419
red,0.473,0.5334,fake-red-center-9-9308,10,path,9,18.18,1001,0.473,0.5334
red,0.4461,0.5096,fake-red-center-9-9308,11,path,9,20.0,1001,0.4461,0.5096
red,0.6281,0.6068,fake-red-center-9-9308,0,shot,9,7.27,1001,0.6281,0.6068
red,0.4779,0.5517,fake-red-center-9-9308,1,shot,9,14.55,1001,0.4779,0.5517
red,0.6868,0.3281,fake-red-left-9-1593,0,path,9,0.0,1035,0.6868,0.3281
red,0.6323,0.3314,fake-red-left-9-1593,1,path,9,1.82,1035,0.6323,0.3314
red,0.6472,0.3763,fake-red-left-9-1593,2,path,9,3.64,1035,0.6472,0.3763
red,0.5897,0.3778,fake-red-left-9-1593,3,path,9,5.45,1035,0.5897,0.3778
red,0.6215,0.4329,fake-red-left-9-1593,4,path,9,7.27,1035,0.6215,0.4329
red,0.5788,0.4433,fake-red-left-9-1593,5,path,9,9.09,1035,0.5788,0.4433
red,0.5757,0.4556,fake-red-left-9-1593,6,path,9,10.91,1035,0.5757,0.4556
red,0.5218,0.4156,fake-red-left-9-1593,7,path,9,12.73,1035,0.5218,0.4156
red,0.5353,0.4161,fake-red-left-9-1593,8,path,9,14.55,1035,0.5353,0.4161
red,0.5122,0.3946,fake-red-left-9-1593,9,path,9,16.36,1035,0.5122,0.3946
red,0.4384,0.3427,fake-red-left-9-1593,10,path,9,18.18,1035,0.4384,0.3427
red,0.4547,0.3448,fake-red-left-9-1593,11,path,9,20.0,1035,0.4547,0.3448
red,0.6215,0.4329,fake-red-left-9-1593,0,shot,9,7.27,1035,0.6215,0.4329
red,0.5353,0.4161,fake-red-left-9-1593,1,shot,9,14.55,1035,0.5353,0.4161
blue,0.615,0.697,fake-blue-right-9-4247,0,path,9,0.0,1015,0.385,0.697
blue,0.6720999999999999,0.6704,fake-blue-right-9-4247,1,path,9,1.82,1015,0.3279,0.6704
blue,0.6452,0.6942,fake-blue-right-9-4247,2,path,9,3.64,1015,0.3548,0.6942
blue,0.5951,0.7318,fake-blue-right-9-4247,3,path,9,5.45,1015,0.4049,0.7318
blue,0.5237,0.7823,fake-blue-right-9-4247,4,path,9,7.27,1015,0.4763,0.7823
blue,0.5283,0.7872,fake-blue-right-9-4247,5,path,9,9.09,1015,0.4717,0.7872
blue,0.56,0.754,fake-blue-right-9-4247,6,path,9,10.91,1015,0.44,0.754
blue,0.5287,0.7368,fake-blue-right-9-4247,7,path,9,12.73,1015,0.4713,0.7368
blue,0.44299999999999995,0.7522,fake-blue-right-9-4247,8,path,9,14.55,1015,0.557,0.7522
blue,0.4897,0.6882,fake-blue-right-9-4247,9,path,9,16.36,1015,0.5103,0.6882
blue,0.4143,0.6974,fake-blue-right-9-4247,10,path,9,18.18,1015,0.5857,0.6974
blue,0.4192,0.6585,fake-blue-right-9-4247,11,path,9,20.0,1015,0.5808,0.6585
blue,0.5237,0.7823,fake-blue-right-9-4247,0,shot,9,7.27,1015,0.4763,0.7823
blue,0.44299999999999995,0.7522,fake-blue-right-9-4247,1,shot,9,14.55,1015,0.557,0.7522
blue,0.6348,0.3451,fake-blue-left-9-5258,0,path,9,0.0,1032,0.3652,0.3451
blue,0.6071,0.3694,fake-blue-left-9-5258,1,path,9,1.82,1032,0.3929,0.3694
blue,0.5823,0.3919,fake-blue-left-9-5258,2,path,9,3.64,1032,0.4177,0.3919
blue,0.628,0.3721,fake-blue-left-9-5258,3,path,9,5.45,1032,0.372,0.3721
blue,0.5618000000000001,0.4195,fake-blue-left-9-5258,4,path,9,7.27,1032,0.4382,0.4195
blue,0.5634,0.4261,fake-blue-left-9-5258,5,path,9,9.09,1032,0.4366,0.4261
blue,0.5094000000000001,0.4443,fake-blue-left-9-5258,6,path,9,10.91,1032,0.4906,0.4443
blue,0.46430000000000005,0.4354,fake-blue-left-9-5258,7,path,9,12.73,1032,0.5357,0.4354
blue,0.4536,0.4059,fake-blue-left-9-5258,8,path,9,14.55,1032,0.5464,0.4059
blue,0.40449999999999997,0.3993,fake-blue-left-9-5258,9,path,9,16.36,1032,0.5955,0.3993
blue,0.3892,0.3725,fake-blue-left-9-5258,10,path,9,18.18,1032,0.6108,0.3725
blue,0.3892,0.3365,fake-blue-left-9-5258,11,path,9,20.0,1032,0.6108,0.3365
blue,0.5618000000000001,0.4195,fake-blue-left-9-5258,0,shot,9,7.27,1032,0.4382,0.4195
blue,0.4536,0.4059,fake-blue-left-9-5258,1,shot,9,14.55,1032,0.5464,0.4059
blue,0.6953,0.4788,fake-blue-center-9-1612,0,path,9,0.0,1010,0.3047,0.4788
blue,0.6183000000000001,0.5326,fake-blue-center-9-1612,1,path,9,1.82,1010,0.3817,0.5326
blue,0.567,0.5711,fake-blue-center-9-1612,2,path,9,3.64,1010,0.433,0.5711
blue,0.6205,0.5466,fake-blue-center-9-1612,3,path,9,5.45,1010,0.3795,0.5466
blue,0.5825,0.5771,fake-blue-center-9-1612,4,path,9,7.27,1010,0.4175,0.5771
blue,0.5911,0.5795,fake-blue-center-9-1612,5,path,9,9.09,1010,0.4089,0.5795
blue,0.5279,0.6033,fake-blue-center-9-1612,6,path,9,10.91,1010,0.4721,0.6033
blue,0.5164,0.5742,fake-blue-center-9-1612,7,path,9,12.73,1010,0.4836,0.5742
blue,0.43510000000000004,0.587,fake-blue-center-9-1612,8,path,9,14.55,1010,0.5649,0.587
blue,0.44710000000000005,0.5437,fake-blue-center-9-1612,9,path,9,16.36,1010,0.5529,0.5437
blue,0.39139999999999997,0.5412,fake-blue-center-9-1612,10,path,9,18.18,1010,0.6086,0.5412
blue,0.37460000000000004,0.5152,fake-blue-center-9-1612,11,path,9,20.0,1010,0.6254,0.5152
blue,0.5825,0.5771,fake-blue-center-9-1612,0,shot,9,7.27,1010,0.4175,0.5771
blue,0.43510000000000004,0.587,fake-blue-center-9-1612,1,shot,9,14.55,1010,0.5649,0.587
red,0.6996,0.3358,fake-red-left-10-8957,0,path,10,0.0,1025,0.6996,0.3358
red,0.7051,0.3751,fake-red-left-10-8957,1,path,10,1.82,1025,0.7051,0.3751
red,0.6037,0.3502,fake-red-left-10-8957,2,path,10,3.64,1025,0.6037,0.3502
red,0.5981,0.3829,fake-red-left-10-8957,3,path,10,5.45,1025,0.5981,0.3829
red,0.5813,0.4088,fake-red-left-10-8957,4,path,10,7.27,1025,0.5813,0.4088
red,0.6015,0.4569,fake-red-left-10-8957,5,path,10,9.09,1025,0.6015,0.4569
red,0.5296,0.428,fake-red-left-10-8957,6,path,10,10.91,1025,0.5296,0.428
red,0.5371,0.4248,fake-red-left-10-8957,7,path,10,12.73,1025,0.5371,0.4248
red,0.5079,0.3996,fake-red-left-10-8957,8,path,10,14.55,1025,0.5079,0.3996
red,0.4349,0.3482,fake-red-left-10-8957,9,path,10,16.36,1025,0.4349,0.3482
red,0.4132,0.3275,fake-red-left-10-8957,10,path,10,18.18,1025,0.4132,0.3275
red,0.3824,0.3015,fake-red-left-10-8957,11,path,10,20.0,1025,0.3824,0.3015
red,0.5813,0.4088,fake-red-left-10-8957,0,shot,10,7.27,1025,0.5813,0.4088
red,0.5079,0.3996,fake-red-left-10-8957,1,shot,10,14.55,1025,0.5079,0.3996
red,0.7083,0.341,fake-red-left-10-8993,0,path,10,0.0,1014,0.7083,0.341
red,0.6722,0.3553,fake-red-left-10-8993,1,path,10,1.82,1014,0.6722,0.3553
red,0.6071,0.3523,fake-red-left-10-8993,2,path,10,3.64,1014,0.6071,0.3523
red,0.6032,0.3859,fake-red-left-10-8993,3,path,10,5.45,1014,0.6032,0.3859
red,0.5865,0.4119,fake-red-left-10-8993,4,path,10,7.27,1014,0.5865,0.4119
red,0.5552,0.4291,fake-red-left-10-8993,5,path,10,9.09,1014,0.5552,0.4291
red,0.5622,0.4475,fake-red-left-10-8993,6,path,10,10.91,1014,0.5622,0.4475
red,0.552,0.4337,fake-red-left-10-8993,7,path,10,12.73,1014,0.552,0.4337
red,0.5379,0.4177,fake-red-left-10-8993,8,path,10,14.55,1014,0.5379,0.4177
red,0.4998,0.3872,fake-red-left-10-8993,9,path,10,16.36,1014,0.4998,0.3872
red,0.4498,0.3495,fake-red-left-10-8993,10,path,10,18.18,1014,0.4498,0.3495
red,0.4078,0.3167,fake-red-left-10-8993,11,path,10,20.0,1014,0.4078,0.3167
red,0.5865,0.4119,fake-red-left-10-8993,0,shot,10,7.27,1014,0.5865,0.4119
red,0.5379,0.4177,fake-red-left-10-8993,1,shot,10,14.55,1014,0.5379,0.4177
red,0.6875,0.4985,fake-red-center-10-2754,0,path,10,0.0,1023,0.6875,0.4985
red,0.6405,0.5063,fake-red-center-10-2754,1,path,10,1.82,1023,0.6405,0.5063
red,0.6667,0.558,fake-red-center-10-2754,2,path,10,3.64,1023,0.6667,0.558
red,0.6149,0.5629,fake-red-center-10-2754,3,path,10,5.45,1023,0.6149,0.5629
red,0.5975,0.5885,fake-red-center-10-2754,4,path,10,7.27,1023,0.5975,0.5885
red,0.5572,0.6003,fake-red-center-10-2754,5,path,10,9.09,1023,0.5572,0.6003
red,0.5942,0.6367,fake-red-center-10-2754,6,path,10,10.91,1023,0.5942,0.6367
red,0.5736,0.6167,fake-red-center-10-2754,7,path,10,12.73,1023,0.5736,0.6167
red,0.4898,0.5588,fake-red-center-10-2754,8,path,10,14.55,1023,0.4898,0.5588
red,0.4308,0.5158,fake-red-center-10-2754,9,path,10,16.36,1023,0.4308,0.5158
red,0.4689,0.531,fake-red-center-10-2754,10,path,10,18.18,1023,0.4689,0.531
red,0.3831,0.4719,fake-red-center-10-2754,11,path,10,20.0,1023,0.3831,0.4719
red,0.5975,0.5885,fake-red-center-10-2754,0,shot,10,7.27,1023,0.5975,0.5885
red,0.4898,0.5588,fake-red-center-10-2754,1,shot,10,14.55,1023,0.4898,0.5588
blue,0.6819999999999999,0.4868,fake-blue-center-10-3674,0,path,10,0.0,1019,0.318,0.4868
blue,0.6597,0.5078,fake-blue-center-10-3674,1,path,10,1.82,1019,0.3403,0.5078
blue,0.6364000000000001,0.5294,fake-blue-center-10-3674,2,path,10,3.64,1019,0.3636,0.5294
blue,0.5742,0.5744,fake-blue-center-10-3674,3,path,10,5.45,1019,0.4258,0.5744
blue,0.5663,0.5868,fake-blue-center-10-3674,4,path,10,7.27,1019,0.4337,0.5868
blue,0.5761000000000001,0.5885,fake-blue-center-10-3674,5,path,10,9.09,1019,0.4239,0.5885
blue,0.49739999999999995,0.6216,fake-blue-center-10-3674,6,path,10,10.91,1019,0.5026,0.6216
blue,0.4466,0.616,fake-blue-center-10-3674,7,path,10,12.73,1019,0.5534,0.616
blue,0.43410000000000004,0.5875,fake-blue-center-10-3674,8,path,10,14.55,1019,0.5659,0.5875
blue,0.41900000000000004,0.5606,fake-blue-center-10-3674,9,path,10,16.36,1019,0.581,0.5606
blue,0.4437,0.5098,fake-blue-center-10-3674,10,path,10,18.18,1019,0.5563,0.5098
blue,0.40859999999999996,0.4949,fake-blue-center-10-3674,11,path,10,20.0,1019,0.5914,0.4949
blue,0.5663,0.5868,fake-blue-center-10-3674,0,shot,10,7.27,1019,0.4337,0.5868
blue,0.43410000000000004,0.5875,fake-blue-center-10-3674,1,shot,10,14.55,1019,0.5659,0.5875
blue,0.6124,0.5286,fake-blue-center-10-5346,0,path,10,0.0,1010,0.3876,0.5286
blue,0.6018,0.5426,fake-blue-center-10-5346,1,path,10,1.82,1010,0.3982,0.5426
blue,0.6443,0.5247,fake-blue-center-10-5346,2,path,10,3.64,1010,0.3557,0.5247
blue,0.5528,0.5872,fake-blue-center-10-5346,3,path,10,5.45,1010,0.4472,0.5872
blue,0.5742,0.582,fake-blue-center-10-5346,4,path,10,7.27,1010,0.4258,0.582
blue,0.5087999999999999,0.6289,fake-blue-center-10-5346,5,path,10,9.09,1010,0.4912,0.6289
blue,0.47140000000000004,0.6372,fake-blue-center-10-5346,6,path,10,10.91,1010,0.5286,0.6372
blue,0.5347,0.5632,fake-blue-center-10-5346,7,path,10,12.73,1010,0.4653,0.5632
blue,0.5187999999999999,0.5367,fake-blue-center-10-5346,8,path,10,14.55,1010,0.4812,0.5367
blue,0.42290000000000005,0.5582,fake-blue-center-10-5346,9,path,10,16.36,1010,0.5771,0.5582
blue,0.3849,0.5451,fake-blue-center-10-5346,10,path,10,18.18,1010,0.6151,0.5451
blue,0.4467,0.472,fake-blue-center-10-5346,11,path,10,20.0,1010,0.5533,0.472
blue,0.5742,0.582,fake-blue-center-10-5346,0,shot,10,7.27,1010,0.4258,0.582
blue,0.5187999999999999,0.5367,fake-blue-center-10-5346,1,shot,10,14.55,1010,0.4812,0.5367
blue,0.6749,0.491,fake-blue-center-10-2337,0,path,10,0.0,1034,0.3251,0.491
blue,0.6245,0.5289,fake-blue-center-10-2337,1,path,10,1.82,1034,0.3755,0.5289
blue,0.6353,0.5301,fake-blue-center-10-2337,2,path,10,3.64,1034,0.3647,0.5301
blue,0.6353,0.5377,fake-blue-center-10-2337,3,path,10,5.45,1034,0.3647,0.5377
blue,0.517,0.6163,fake-blue-center-10-2337,4,path,10,7.27,1034,0.483,0.6163
blue,0.571,0.5916,fake-blue-center-10-2337,5,path,10,9.09,1034,0.429,0.5916
blue,0.491,0.6254,fake-blue-center-10-2337,6,path,10,10.91,1034,0.509,0.6254
blue,0.5311,0.5654,fake-blue-center-10-2337,7,path,10,12.73,1034,0.4689,0.5654
blue,0.45730000000000004,0.5736,fake-blue-center-10-2337,8,path,10,14.55,1034,0.5427,0.5736
blue,0.4405,0.5477,fake-blue-center-10-2337,9,path,10,16.36,1034,0.5595,0.5477
blue,0.47,0.494,fake-blue-center-10-2337,10,path,10,18.18,1034,0.53,0.494
blue,0.38780000000000003,0.5073,fake-blue-center-10-2337,11,path,10,20.0,1034,0.6122,0.5073
blue,0.517,0.6163,fake-blue-center-10-2337,0,shot,10,7.27,1034,0.483,0.6163
blue,0.45730000000000004,0.5736,fake-blue-center-10-2337,1,shot,10,14.55,1034,0.5427,0.5736
red,0.6853,0.6672,fake-red-right-11-3868,0,path,11,0.0,1020,0.6853,0.6672
red,0.7028,0.7137,fake-red-right-11-3868,1,path,11,1.82,1020,0.7028,0.7137
red,0.648,0.7168,fake-red-right-11-3868,2,path,11,3.64,1020,0.648,0.7168
red,0.611,0.7306,fake-red-right-11-3868,3,path,11,5.45,1020,0.611,0.7306
red,0.6217,0.773,fake-red-right-11-3868,4,path,11,7.27,1020,0.6217,0.773
red,0.5307,0.7544,fake-red-right-11-3868,5,path,11,9.09,1020,0.5307,0.7544
red,0.5274,0.7666,fake-red-right-11-3868,6,path,11,10.91,1020,0.5274,0.7666
red,0.5247,0.7574,fake-red-right-11-3868,7,path,11,12.73,1020,0.5247,0.7574
red,0.5484,0.7639,fake-red-right-11-3868,8,path,11,14.55,1020,0.5484,0.7639
red,0.4853,0.7184,fake-red-right-11-3868,9,path,11,16.36,1020,0.4853,0.7184
red,0.4484,0.6887,fake-red-right-11-3868,10,path,11,18.18,1020,0.4484,0.6887
red,0.4399,0.6759,fake-red-right-11-3868,11,path,11,20.0,1020,0.4399,0.6759
red,0.6217,0.773,fake-red-right-11-3868,0,shot,11,7.27,1020,0.6217,0.773
red,0.5484,0.7639,fake-red-right-11-3868,1,shot,11,14.55,1020,0.5484,0.7639
red,0.646,0.3036,fake-red-left-11-9128,0,path,11,0.0,1000,0.646,0.3036
red,0.6956,0.3693,fake-red-left-11-9128,1,path,11,1.82,1000,0.6956,0.3693
red,0.6008,0.3485,fake-red-left-11-9128,2,path,11,3.64,1000,0.6008,0.3485
red,0.6668,0.4241,fake-red-left-11-9128,3,path,11,5.45,1000,0.6668,0.4241
red,0.5797,0.4078,fake-red-left-11-9128,4,path,11,7.27,1000,0.5797,0.4078
red,0.5658,0.4355,fake-red-left-11-9128,5,path,11,9.09,1000,0.5658,0.4355
red,0.5944,0.4668,fake-red-left-11-9128,6,path,11,10.91,1000,0.5944,0.4668
red,0.5608,0.439,fake-red-left-11-9128,7,path,11,12.73,1000,0.5608,0.439
red,0.4691,0.3763,fake-red-left-11-9128,8,path,11,14.55,1000,0.4691,0.3763
red,0.4334,0.3473,fake-red-left-11-9128,9,path,11,16.36,1000,0.4334,0.3473
red,0.4726,0.3632,fake-red-left-11-9128,10,path,11,18.18,1000,0.4726,0.3632
red,0.4119,0.3191,fake-red-left-11-9128,11,path,11,20.0,1000,0.4119,0.3191
red,0.5797,0.4078,fake-red-left-11-9128,0,shot,11,7.27,1000,0.5797,0.4078
red,0.4691,0.3763,fake-red-left-11-9128,1,shot,11,14.55,1000,0.4691,0.3763
red,0.7376,0.6985,fake-red-right-11-4891,0,path,11,0.0,1002,0.7376,0.6985
red,0.6435,0.6781,fake-red-right-11-4891,1,path,11,1.82,1002,0.6435,0.6781
red,0.6313,0.7068,fake-red-right-11-4891,2,path,11,3.64,1002,0.6313,0.7068
red,0.6614,0.7608,fake-red-right-11-4891,3,path,11,5.45,1002,0.6614,0.7608
red,0.6405,0.7843,fake-red-right-11-4891,4,path,11,7.27,1002,0.6405,0.7843
red,0.5882,0.7889,fake-red-right-11-4891,5,path,11,9.09,1002,0.5882,0.7889
red,0.566,0.7898,fake-red-right-11-4891,6,path,11,10.91,1002,0.566,0.7898
red,0.4996,0.7423,fake-red-right-11-4891,7,path,11,12.73,1002,0.4996,0.7423
red,0.5242,0.7494,fake-red-right-11-4891,8,path,11,14.55,1002,0.5242,0.7494
red,0.4832,0.7172,fake-red-right-11-4891,9,path,11,16.36,1002,0.4832,0.7172
red,0.4634,0.6977,fake-red-right-11-4891,10,path,11,18.18,1002,0.4634,0.6977
red,0.4156,0.6613,fake-red-right-11-4891,11,path,11,20.0,1002,0.4156,0.6613
red,0.6405,0.7843,fake-red-right-11-4891,0,shot,11,7.27,1002,0.6405,0.7843
red,0.5242,0.7494,fake-red-right-11-4891,1,shot,11,14.55,1002,0.5242,0.7494
blue,0.6336999999999999,0.5158,fake-blue-center-11-6066,0,path,11,0.0,1003,0.3663,0.5158
blue,0.6293,0.526,fake-blue-center-11-6066,1,path,11,1.82,1003,0.3707,0.526
blue,0.638,0.5285,fake-blue-center-11-6066,2,path,11,3.64,1003,0.362,0.5285
blue,0.5925,0.5634,fake-blue-center-11-6066,3,path,11,5.45,1003,0.4075,0.5634
blue,0.5243,0.612,fake-blue-center-11-6066,4,path,11,7.27,1003,0.4757,0.612
blue,0.5014000000000001,0.6334,fake-blue-center-11-6066,5,path,11,9.09,1003,0.4986,0.6334
blue,0.5581,0.5851,fake-blue-center-11-6066,6,path,11,10.91,1003,0.4419,0.5851
blue,0.4446,0.6172,fake-blue-center-11-6066,7,path,11,12.73,1003,0.5554,0.6172
blue,0.4629,0.5703,fake-blue-center-11-6066,8,path,11,14.55,1003,0.5371,0.5703
blue,0.4969,0.5138,fake-blue-center-11-6066,9,path,11,16.36,1003,0.5031,0.5138
blue,0.4044,0.5334,fake-blue-center-11-6066,10,path,11,18.18,1003,0.5956,0.5334
blue,0.38959999999999995,0.5062,fake-blue-center-11-6066,11,path,11,20.0,1003,0.6104,0.5062
blue,0.5243,0.612,fake-blue-center-11-6066,0,shot,11,7.27,1003,0.4757,0.612
blue,0.4629,0.5703,fake-blue-center-11-6066,1,shot,11,14.55,1003,0.5371,0.5703
blue,0.6342,0.5155,fake-blue-center-11-9225,0,path,11,0.0,1025,0.3658,0.5155
blue,0.6762,0.4979,fake-blue-center-11-9225,1,path,11,1.82,1025,0.3238,0.4979
blue,0.6093,0.5457,fake-blue-center-11-9225,2,path,11,3.64,1025,0.3907,0.5457
blue,0.61,0.5529,fake-blue-center-11-9225,3,path,11,5.45,1025,0.39,0.5529
blue,0.5871,0.5743,fake-blue-center-11-9225,4,path,11,7.27,1025,0.4129,0.5743
blue,0.5052,0.6311,fake-blue-center-11-9225,5,path,11,9.09,1025,0.4948,0.6311
blue,0.5152,0.6109,fake-blue-center-11-9225,6,path,11,10.91,1025,0.4848,0.6109
blue,0.5057,0.5806,fake-blue-center-11-9225,7,path,11,12.73,1025,0.4943,0.5806
blue,0.5192,0.5365,fake-blue-center-11-9225,8,path,11,14.55,1025,0.4808,0.5365
blue,0.42789999999999995,0.5552,fake-blue-center-11-9225,9,path,11,16.36,1025,0.5721,0.5552
blue,0.39370000000000005,0.5398,fake-blue-center-11-9225,10,path,11,18.18,1025,0.6063,0.5398
blue,0.38380000000000003,0.5097,fake-blue-center-11-9225,11,path,11,20.0,1025,0.6162,0.5097
blue,0.5871,0.5743,fake-blue-center-11-9225,0,shot,11,7.27,1025,0.4129,0.5743
blue,0.5192,0.5365,fake-blue-center-11-9225,1,shot,11,14.55,1025,0.4808,0.5365
blue,0.7008,0.4755,fake-blue-center-11-2069,0,path,11,0.0,1017,0.2992,0.4755
blue,0.6817,0.4946,fake-blue-center-11-2069,1,path,11,1.82,1017,0.3183,0.4946
blue,0.6104,0.545,fake-blue-center-11-2069,2,path,11,3.64,1017,0.3896,0.545
blue,0.5723,0.5755,fake-blue-center-11-2069,3,path,11,5.45,1017,0.4277,0.5755
blue,0.5602,0.5904,fake-blue-center-11-2069,4,path,11,7.27,1017,0.4398,0.5904
blue,0.5481,0.6053,fake-blue-center-11-2069,5,path,11,9.09,1017,0.4519,0.6053
blue,0.5657,0.5806,fake-blue-center-11-2069,6,path,11,10.91,1017,0.4343,0.5806
blue,0.492,0.5888,fake-blue-center-11-2069,7,path,11,12.73,1017,0.508,0.5888
blue,0.4759,0.5624,fake-blue-center-11-2069,8,path,11,14.55,1017,0.5241,0.5624
blue,0.4414,0.5472,fake-blue-center-11-2069,9,path,11,16.36,1017,0.5586,0.5472
blue,0.44110000000000005,0.5114,fake-blue-center-11-2069,10,path,11,18.18,1017,0.5589,0.5114
blue,0.3738,0.5157,fake-blue-center-11-2069,11,path,11,20.0,1017,0.6262,0.5157
blue,0.5602,0.5904,fake-blue-center-11-2069,0,shot,11,7.27,1017,0.4398,0.5904
blue,0.4759,0.5624,fake-blue-center-11-2069,1,shot,11,14.55,1017,0.5241,0.5624
red,0.7118,0.5131,fake-red-center-12-6105,0,path,12,0.0,1003,0.7118,0.5131
red,0.6815,0.5309,fake-red-center-12-6105,1,path,12,1.82,1003,0.6815,0.5309
red,0.5983,0.517,fake-red-center-12-6105,2,path,12,3.64,1003,0.5983,0.517
red,0.6589,0.5893,fake-red-center-12-6105,3,path,12,5.45,1003,0.6589,0.5893
red,0.6391,0.6135,fake-red-center-12-6105,4,path,12,7.27,1003,0.6391,0.6135
red,0.5358,0.5875,fake-red-center-12-6105,5,path,12,9.09,1003,0.5358,0.5875
red,0.5939,0.6365,fake-red-center-12-6105,6,path,12,10.91,1003,0.5939,0.6365
red,0.5516,0.6035,fake-red-center-12-6105,7,path,12,12.73,1003,0.5516,0.6035
red,0.5479,0.5937,fake-red-center-12-6105,8,path,12,14.55,1003,0.5479,0.5937
red,0.4949,0.5542,fake-red-center-12-6105,9,path,12,16.36,1003,0.4949,0.5542
red,0.464,0.528,fake-red-center-12-6105,10,path,12,18.18,1003,0.464,0.528
red,0.4753,0.5272,fake-red-center-12-6105,11,path,12,20.0,1003,0.4753,0.5272
red,0.6391,0.6135,fake-red-center-12-6105,0,shot,12,7.27,1003,0.6391,0.6135
red,0.5479,0.5937,fake-red-center-12-6105,1,shot,12,14.55,1003,0.5479,0.5937
red,0.7076,0.5106,fake-red-center-12-4852,0,path,12,0.0,1016,0.7076,0.5106
red,0.6507,0.5124,fake-red-center-12-4852,1,path,12,1.82,1016,0.6507,0.5124
red,0.6001,0.518,fake-red-center-12-4852,2,path,12,3.64,1016,0.6001,0.518
red,0.6296,0.5718,fake-red-center-12-4852,3,path,12,5.45,1016,0.6296,0.5718
red,0.6369,0.6121,fake-red-center-12-4852,4,path,12,7.27,1016,0.6369,0.6121
red,0.5765,0.6119,fake-red-center-12-4852,5,path,12,9.09,1016,0.5765,0.6119
red,0.5499,0.6101,fake-red-center-12-4852,6,path,12,10.91,1016,0.5499,0.6101
red,0.533,0.5923,fake-red-center-12-4852,7,path,12,12.73,1016,0.533,0.5923
red,0.4842,0.5554,fake-red-center-12-4852,8,path,12,14.55,1016,0.4842,0.5554
red,0.5218,0.5704,fake-red-center-12-4852,9,path,12,16.36,1016,0.5218,0.5704
red,0.431,0.5082,fake-red-center-12-4852,10,path,12,18.18,1016,0.431,0.5082
red,0.4539,0.5143,fake-red-center-12-4852,11,path,12,20.0,1016,0.4539,0.5143
red,0.6369,0.6121,fake-red-center-12-4852,0,shot,12,7.27,1016,0.6369,0.6121
red,0.4842,0.5554,fake-red-center-12-4852,1,shot,12,14.55,1016,0.4842,0.5554
red,0.7027,0.5076,fake-red-center-12-1964,0,path,12,0.0,1005,0.7027,0.5076
red,0.689,0.5354,fake-red-center-12-1964,1,path,12,1.82,1005,0.689,0.5354
red,0.6359,0.5395,fake-red-center-12-1964,2,path,12,3.64,1005,0.6359,0.5395
red,0.5959,0.5516,fake-red-center-12-1964,3,path,12,5.45,1005,0.5959,0.5516
red,0.6215,0.6029,fake-red-center-12-1964,4,path,12,7.27,1005,0.6215,0.6029
red,0.6038,0.6283,fake-red-center-12-1964,5,path,12,9.09,1005,0.6038,0.6283
red,0.5399,0.6042,fake-red-center-12-1964,6,path,12,10.91,1005,0.5399,0.6042
red,0.5502,0.6026,fake-red-center-12-1964,7,path,12,12.73,1005,0.5502,0.6026
red,0.4868,0.557,fake-red-center-12-1964,8,path,12,14.55,1005,0.4868,0.557
red,0.5206,0.5696,fake-red-center-12-1964,9,path,12,16.36,1005,0.5206,0.5696
red,0.4745,0.5343,fake-red-center-12-1964,10,path,12,18.18,1005,0.4745,0.5343
red,0.4002,0.4821,fake-red-center-12-1964,11,path,12,20.0,1005,0.4002,0.4821
red,0.6215,0.6029,fake-red-center-12-1964,0,shot,12,7.27,1005,0.6215,0.6029
red,0.4868,0.557,fake-red-center-12-1964,1,shot,12,14.55,1005,0.4868,0.557
blue,0.6306,0.3477,fake-blue-left-12-1404,0,path,12,0.0,1011,0.3694,0.3477
blue,0.6532,0.3417,fake-blue-left-12-1404,1,path,12,1.82,1011,0.3468,0.3417
blue,0.5953999999999999,0.384,fake-blue-left-12-1404,2,path,12,3.64,1011,0.4046,0.384
blue,0.5952999999999999,0.3918,fake-blue-left-12-1404,3,path,12,5.45,1011,0.4047,0.3918
blue,0.5327999999999999,0.4369,fake-blue-left-12-1404,4,path,12,7.27,1011,0.4672,0.4369
blue,0.5174000000000001,0.4538,fake-blue-left-12-1404,5,path,12,9.09,1011,0.4826,0.4538
blue,0.4689,0.4687,fake-blue-left-12-1404,6,path,12,10.91,1011,0.5311,0.4687
blue,0.5257000000000001,0.3986,fake-blue-left-12-1404,7,path,12,12.73,1011,0.4743,0.3986
blue,0.47540000000000004,0.3927,fake-blue-left-12-1404,8,path,12,14.55,1011,0.5246,0.3927
blue,0.43679999999999997,0.3799,fake-blue-left-12-1404,9,path,12,16.36,1011,0.5632,0.3799
blue,0.405,0.363,fake-blue-left-12-1404,10,path,12,18.18,1011,0.595,0.363
blue,0.4245,0.3153,fake-blue-left-12-1404,11,path,12,20.0,1011,0.5755,0.3153
blue,0.5327999999999999,0.4369,fake-blue-left-12-1404,0,shot,12,7.27,1011,0.4672,0.4369
blue,0.47540000000000004,0.3927,fake-blue-left-12-1404,1,shot,12,14.55,1011,0.5246,0.3927
blue,0.7061,0.3023,fake-blue-left-12-8534,0,path,12,0.0,1029,0.2939,0.3023
blue,0.6809000000000001,0.3251,fake-blue-left-12-8534,1,path,12,1.82,1029,0.3191,0.3251
blue,0.5858,0.3898,fake-blue-left-12-8534,2,path,12,3.64,1029,0.4142,0.3898
blue,0.6254,0.3737,fake-blue-left-12-8534,3,path,12,5.45,1029,0.3746,0.3737
blue,0.5273,0.4402,fake-blue-left-12-8534,4,path,12,7.27,1029,0.4727,0.4402
blue,0.5722,0.4209,fake-blue-left-12-8534,5,path,12,9.09,1029,0.4278,0.4209
blue,0.5265,0.4341,fake-blue-left-12-8534,6,path,12,10.91,1029,0.4735,0.4341
blue,0.5132,0.4061,fake-blue-left-12-8534,7,path,12,12.73,1029,0.4868,0.4061
blue,0.479,0.3906,fake-blue-left-12-8534,8,path,12,14.55,1029,0.521,0.3906
blue,0.42569999999999997,0.3866,fake-blue-left-12-8534,9,path,12,16.36,1029,0.5743,0.3866
blue,0.41180000000000005,0.3589,fake-blue-left-12-8534,10,path,12,18.18,1029,0.5882,0.3589
blue,0.4445,0.3033,fake-blue-left-12-8534,11,path,12,20.0,1029,0.5555,0.3033
blue,0.5273,0.4402,fake-blue-left-12-8534,0,shot,12,7.27,1029,0.4727,0.4402
blue,0.479,0.3906,fake-blue-left-12-8534,1,shot,12,14.55,1029,0.521,0.3906
blue,0.702,0.4748,fake-blue-center-12-9563,0,path,12,0.0,1023,0.298,0.4748
blue,0.6359,0.5221,fake-blue-center-12-9563,1,path,12,1.82,1023,0.3641,0.5221
blue,0.629,0.5339,fake-blue-center-12-9563,2,path,12,3.64,1023,0.371,0.5339
blue,0.5763,0.5731,fake-blue-center-12-9563,3,path,12,5.45,1023,0.4237,0.5731
blue,0.6038,0.5642,fake-blue-center-12-9563,4,path,12,7.27,1023,0.3962,0.5642
blue,0.5902000000000001,0.5801,fake-blue-center-12-9563,5,path,12,9.09,1023,0.4098,0.5801
blue,0.4868,0.6279,fake-blue-center-12-9563,6,path,12,10.91,1023,0.5132,0.6279
blue,0.5425,0.5585,fake-blue-center-12-9563,7,path,12,12.73,1023,0.4575,0.5585
blue,0.4545,0.5753,fake-blue-center-12-9563,8,path,12,14.55,1023,0.5455,0.5753
blue,0.39790000000000003,0.5733,fake-blue-center-12-9563,9,path,12,16.36,1023,0.6021,0.5733
blue,0.3762,0.5503,fake-blue-center-12-9563,10,path,12,18.18,1023,0.6238,0.5503
blue,0.40080000000000005,0.4995,fake-blue-center-12-9563,11,path,12,20.0,1023,0.5992,0.4995
blue,0.6038,0.5642,fake-blue-center-12-9563,0,shot,12,7.27,1023,0.3962,0.5642
blue,0.4545,0.5753,fake-blue-center-12-9563,1,shot,12,14.55,1023,0.5455,0.5753
red,0.7048,0.5089,fake-red-center-13-4157,0,path,13,0.0,1016,0.7048,0.5089
red,0.6705,0.5243,fake-red-center-13-4157,1,path,13,1.82,1016,0.6705,0.5243
red,0.625,0.533,fake-red-center-13-4157,2,path,13,3.64,1016,0.625,0.533
red,0.6163,0.5638,fake-red-center-13-4157,3,path,13,5.45,1016,0.6163,0.5638
red,0.579,0.5774,fake-red-center-13-4157,4,path,13,7.27,1016,0.579,0.5774
red,0.5849,0.617,fake-red-center-13-4157,5,path,13,9.09,1016,0.5849,0.617
red,0.5449,0.6071,fake-red-center-13-4157,6,path,13,10.91,1016,0.5449,0.6071
red,0.5025,0.574,fake-red-center-13-4157,7,path,13,12.73,1016,0.5025,0.574
red,0.5102,0.5711,fake-red-center-13-4157,8,path,13,14.55,1016,0.5102,0.5711
red,0.4867,0.5493,fake-red-center-13-4157,9,path,13,16.36,1016,0.4867,0.5493
red,0.4723,0.533,fake-red-center-13-4157,10,path,13,18.18,1016,0.4723,0.533
red,0.3841,0.4725,fake-red-center-13-4157,11,path,13,20.0,1016,0.3841,0.4725
red,0.579,0.5774,fake-red-center-13-4157,0,shot,13,7.27,1016,0.579,0.5774
red,0.5102,0.5711,fake-red-center-13-4157,1,shot,13,14.55,1016,0.5102,0.5711
red,0.6944,0.5027,fake-red-center-13-7050,0,path,13,0.0,1006,0.6944,0.5027
red,0.6704,0.5243,fake-red-center-13-7050,1,path,13,1.82,1006,0.6704,0.5243
red,0.6294,0.5356,fake-red-center-13-7050,2,path,13,3.64,1006,0.6294,0.5356
red,0.6628,0.5917,fake-red-center-13-7050,3,path,13,5.45,1006,0.6628,0.5917
red,0.5584,0.565,fake-red-center-13-7050,4,path,13,7.27,1006,0.5584,0.565
red,0.5273,0.5824,fake-red-center-13-7050,5,path,13,9.09,1006,0.5273,0.5824
red,0.5571,0.6144,fake-red-center-13-7050,6,path,13,10.91,1006,0.5571,0.6144
red,0.53,0.5905,fake-red-center-13-7050,7,path,13,12.73,1006,0.53,0.5905
red,0.5157,0.5743,fake-red-center-13-7050,8,path,13,14.55,1006,0.5157,0.5743
red,0.4662,0.537,fake-red-center-13-7050,9,path,13,16.36,1006,0.4662,0.537
red,0.4834,0.5397,fake-red-center-13-7050,10,path,13,18.18,1006,0.4834,0.5397
red,0.4191,0.4934,fake-red-center-13-7050,11,path,13,20.0,1006,0.4191,0.4934
red,0.5584,0.565,fake-red-center-13-7050,0,shot,13,7.27,1006,0.5584,0.565
red,0.5157,0.5743,fake-red-center-13-7050,1,shot,13,14.55,1006,0.5157,0.5743
red,0.7124,0.6835,fake-red-right-13-6235,0,path,13,0.0,1029,0.7124,0.6835
red,0.7068,0.7161,fake-red-right-13-6235,1,path,13,1.82,1029,0.7068,0.7161
red,0.6019,0.6891,fake-red-right-13-6235,2,path,13,3.64,1029,0.6019,0.6891
red,0.6337,0.7442,fake-red-right-13-6235,3,path,13,5.45,1029,0.6337,0.7442
red,0.6203,0.7722,fake-red-right-13-6235,4,path,13,7.27,1029,0.6203,0.7722
red,0.5919,0.7911,fake-red-right-13-6235,5,path,13,9.09,1029,0.5919,0.7911
red,0.5598,0.7861,fake-red-right-13-6235,6,path,13,10.91,1029,0.5598,0.7861
red,0.5663,0.7823,fake-red-right-13-6235,7,path,13,12.73,1029,0.5663,0.7823
red,0.475,0.7199,fake-red-right-13-6235,8,path,13,14.55,1029,0.475,0.7199
red,0.4752,0.7124,fake-red-right-13-6235,9,path,13,16.36,1029,0.4752,0.7124
red,0.4815,0.7086,fake-red-right-13-6235,10,path,13,18.18,1029,0.4815,0.7086
red,0.382,0.6412,fake-red-right-13-6235,11,path,13,20.0,1029,0.382,0.6412
red,0.6203,0.7722,fake-red-right-13-6235,0,shot,13,7.27,1029,0.6203,0.7722
red,0.475,0.7199,fake-red-right-13-6235,1,shot,13,14.55,1029,0.475,0.7199
blue,0.6587000000000001,0.3308,fake-blue-left-13-8327,0,path,13,0.0,1009,0.3413,0.3308
blue,0.6234999999999999,0.3596,fake-blue-left-13-8327,1,path,13,1.82,1009,0.3765,0.3596
blue,0.6396999999999999,0.3575,fake-blue-left-13-8327,2,path,13,3.64,1009,0.3603,0.3575
blue,0.5407,0.4245,fake-blue-left-13-8327,3,path,13,5.45,1009,0.4593,0.4245
blue,0.5861000000000001,0.4049,fake-blue-left-13-8327,4,path,13,7.27,1009,0.4139,0.4049
blue,0.5076,0.4596,fake-blue-left-13-8327,5,path,13,9.09,1009,0.4924,0.4596
blue,0.5197,0.4382,fake-blue-left-13-8327,6,path,13,10.91,1009,0.4803,0.4382
blue,0.4788,0.4267,fake-blue-left-13-8327,7,path,13,12.73,1009,0.5212,0.4267
blue,0.49829999999999997,0.379,fake-blue-left-13-8327,8,path,13,14.55,1009,0.5017,0.379
blue,0.48640000000000005,0.3502,fake-blue-left-13-8327,9,path,13,16.36,1009,0.5136,0.3502
blue,0.40190000000000003,0.3649,fake-blue-left-13-8327,10,path,13,18.18,1009,0.5981,0.3649
blue,0.3943,0.3334,fake-blue-left-13-8327,11,path,13,20.0,1009,0.6057,0.3334
blue,0.5861000000000001,0.4049,fake-blue-left-13-8327,0,shot,13,7.27,1009,0.4139,0.4049
blue,0.49829999999999997,0.379,fake-blue-left-13-8327,1,shot,13,14.55,1009,0.5017,0.379
blue,0.6637,0.3278,fake-blue-left-13-7101,0,path,13,0.0,1021,0.3363,0.3278
blue,0.5886,0.3805,fake-blue-left-13-7101,1,path,13,1.82,1021,0.4114,0.3805
blue,0.5827,0.3916,fake-blue-left-13-7101,2,path,13,3.64,1021,0.4173,0.3916
blue,0.5631999999999999,0.411,fake-blue-left-13-7101,3,path,13,5.45,1021,0.4368,0.411
blue,0.5403,0.4324,fake-blue-left-13-7101,4,path,13,7.27,1021,0.4597,0.4324
blue,0.5723,0.4208,fake-blue-left-13-7101,5,path,13,9.09,1021,0.4277,0.4208
blue,0.5035000000000001,0.4479,fake-blue-left-13-7101,6,path,13,10.91,1021,0.4965,0.4479
blue,0.44510000000000005,0.4469,fake-blue-left-13-7101,7,path,13,12.73,1021,0.5549,0.4469
blue,0.44079999999999997,0.4135,fake-blue-left-13-7101,8,path,13,14.55,1021,0.5592,0.4135
blue,0.48229999999999995,0.3526,fake-blue-left-13-7101,9,path,13,16.36,1021,0.5177,0.3526
blue,0.3982,0.3671,fake-blue-left-13-7101,10,path,13,18.18,1021,0.6018,0.3671
blue,0.36429999999999996,0.3514,fake-blue-left-13-7101,11,path,13,20.0,1021,0.6357,0.3514
blue,0.5403,0.4324,fake-blue-left-13-7101,0,shot,13,7.27,1021,0.4597,0.4324
blue,0.44079999999999997,0.4135,fake-blue-left-13-7101,1,shot,13,14.55,1021,0.5592,0.4135
blue,0.6897,0.6522,fake-blue-right-13-1242,0,path,13,0.0,1025,0.3103,0.6522
blue,0.6266,0.6977,fake-blue-right-13-1242,1,path,13,1.82,1025,0.3734,0.6977
blue,0.629,0.7039,fake-blue-right-13-1242,2,path,13,3.64,1025,0.371,0.7039
blue,0.6342,0.7084,fake-blue-right-13-1242,3,path,13,5.45,1025,0.3658,0.7084
blue,0.6144000000000001,0.7279,fake-blue-right-13-1242,4,path,13,7.27,1025,0.3856,0.7279
blue,0.5559000000000001,0.7706,fake-blue-right-13-1242,5,path,13,9.09,1025,0.4441,0.7706
blue,0.5445,0.7633,fake-blue-right-13-1242,6,path,13,10.91,1025,0.4555,0.7633
blue,0.4837,0.7638,fake-blue-right-13-1242,7,path,13,12.73,1025,0.5163,0.7638
blue,0.48340000000000005,0.7279,fake-blue-right-13-1242,8,path,13,14.55,1025,0.5166,0.7279
blue,0.41769999999999996,0.7314,fake-blue-right-13-1242,9,path,13,16.36,1025,0.5823,0.7314
blue,0.4384,0.6829,fake-blue-right-13-1242,10,path,13,18.18,1025,0.5616,0.6829
blue,0.405,0.667,fake-blue-right-13-1242,11,path,13,20.0,1025,0.595,0.667
blue,0.6144000000000001,0.7279,fake-blue-right-13-1242,0,shot,13,7.27,1025,0.3856,0.7279
blue,0.48340000000000005,0.7279,fake-blue-right-13-1242,1,shot,13,14.55,1025,0.5166,0.7279
red,0.7318,0.6951,fake-red-right-14-8687,0,path,14,0.0,1007,0.7318,0.6951
red,0.6166,0.662,fake-red-right-14-8687,1,path,14,1.82,1007,0.6166,0.662
red,0.6716,0.731,fake-red-right-14-8687,2,path,14,3.64,1007,0.6716,0.731
red,0.5774,0.7105,fake-red-right-14-8687,3,path,14,5.45,1007,0.5774,0.7105
red,0.6208,0.7725,fake-red-right-14-8687,4,path,14,7.27,1007,0.6208,0.7725
red,0.6117,0.803,fake-red-right-14-8687,5,path,14,9.09,1007,0.6117,0.803
red,0.5763,0.796,fake-red-right-14-8687,6,path,14,10.91,1007,0.5763,0.796
red,0.5202,0.7547,fake-red-right-14-8687,7,path,14,12.73,1007,0.5202,0.7547
red,0.4629,0.7126,fake-red-right-14-8687,8,path,14,14.55,1007,0.4629,0.7126
red,0.5181,0.7381,fake-red-right-14-8687,9,path,14,16.36,1007,0.5181,0.7381
red,0.4478,0.6883,fake-red-right-14-8687,10,path,14,18.18,1007,0.4478,0.6883
red,0.4113,0.6588,fake-red-right-14-8687,11,path,14,20.0,1007,0.4113,0.6588
red,0.6208,0.7725,fake-red-right-14-8687,0,shot,14,7.27,1007,0.6208,0.7725
red,0.4629,0.7126,fake-red-right-14-8687,1,shot,14,14.55,1007,0.4629,0.7126
red,0.6749,0.3209,fake-red-left-14-6243,0,path,14,0.0,1011,0.6749,0.3209
red,0.702,0.3732,fake-red-left-14-6243,1,path,14,1.82,1011,0.702,0.3732
red,0.5971,0.3462,fake-red-left-14-6243,2,path,14,3.64,1011,0.5971,0.3462
red,0.6239,0.3983,fake-red-left-14-6243,3,path,14,5.45,1011,0.6239,0.3983
red,0.6371,0.4422,fake-red-left-14-6243,4,path,14,7.27,1011,0.6371,0.4422
red,0.5657,0.4354,fake-red-left-14-6243,5,path,14,9.09,1011,0.5657,0.4354
red,0.5557,0.4436,fake-red-left-14-6243,6,path,14,10.91,1011,0.5557,0.4436
red,0.5072,0.4068,fake-red-left-14-6243,7,path,14,12.73,1011,0.5072,0.4068
red,0.4819,0.384,fake-red-left-14-6243,8,path,14,14.55,1011,0.4819,0.384
red,0.4424,0.3527,fake-red-left-14-6243,9,path,14,16.36,1011,0.4424,0.3527
red,0.4413,0.3444,fake-red-left-14-6243,10,path,14,18.18,1011,0.4413,0.3444
red,0.3936,0.3081,fake-red-left-14-6243,11,path,14,20.0,1011,0.3936,0.3081
red,0.6371,0.4422,fake-red-left-14-6243,0,shot,14,7.27,1011,0.6371,0.4422
red,0.4819,0.384,fake-red-left-14-6243,1,shot,14,14.55,1011,0.4819,0.384
red,0.703,0.5078,fake-red-center-14-6822,0,path,14,0.0,1013,0.703,0.5078
red,0.659,0.5174,fake-red-center-14-6822,1,path,14,1.82,1013,0.659,0.5174
red,0.6596,0.5537,fake-red-center-14-6822,2,path,14,3.64,1013,0.6596,0.5537
red,0.5873,0.5464,fake-red-center-14-6822,3,path,14,5.45,1013,0.5873,0.5464
red,0.5765,0.5759,fake-red-center-14-6822,4,path,14,7.27,1013,0.5765,0.5759
red,0.5692,0.6075,fake-red-center-14-6822,5,path,14,9.09,1013,0.5692,0.6075
red,0.5229,0.5939,fake-red-center-14-6822,6,path,14,10.91,1013,0.5229,0.5939
red,0.5265,0.5884,fake-red-center-14-6822,7,path,14,12.73,1013,0.5265,0.5884
red,0.5506,0.5953,fake-red-center-14-6822,8,path,14,14.55,1013,0.5506,0.5953
red,0.5171,0.5675,fake-red-center-14-6822,9,path,14,16.36,1013,0.5171,0.5675
red,0.4524,0.5211,fake-red-center-14-6822,10,path,14,18.18,1013,0.4524,0.5211
red,0.4132,0.4899,fake-red-center-14-6822,11,path,14,20.0,1013,0.4132,0.4899
red,0.5765,0.5759,fake-red-center-14-6822,0,shot,14,7.27,1013,0.5765,0.5759
red,0.5506,0.5953,fake-red-center-14-6822,1,shot,14,14.55,1013,0.5506,0.5953
blue,0.615,0.527,fake-blue-center-14-7619,0,path,14,0.0,1005,0.385,0.527
blue,0.6438999999999999,0.5173,fake-blue-center-14-7619,1,path,14,1.82,1005,0.3561,0.5173
blue,0.6154,0.5421,fake-blue-center-14-7619,2,path,14,3.64,1005,0.3846,0.5421
blue,0.5997,0.5591,fake-blue-center-14-7619,3,path,14,5.45,1005,0.4003,0.5591
blue,0.5286,0.6094,fake-blue-center-14-7619,4,path,14,7.27,1005,0.4714,0.6094
blue,0.5851999999999999,0.5831,fake-blue-center-14-7619,5,path,14,9.09,1005,0.4148,0.5831
blue,0.5638000000000001,0.5817,fake-blue-center-14-7619,6,path,14,10.91,1005,0.4362,0.5817
blue,0.47540000000000004,0.5988,fake-blue-center-14-7619,7,path,14,12.73,1005,0.5246,0.5988
blue,0.4688,0.5667,fake-blue-center-14-7619,8,path,14,14.55,1005,0.5312,0.5667
blue,0.4575,0.5375,fake-blue-center-14-7619,9,path,14,16.36,1005,0.5425,0.5375
blue,0.4586,0.5008,fake-blue-center-14-7619,10,path,14,18.18,1005,0.5414,0.5008
blue,0.38370000000000004,0.5098,fake-blue-center-14-7619,11,path,14,20.0,1005,0.6163,0.5098
blue,0.5286,0.6094,fake-blue-center-14-7619,0,shot,14,7.27,1005,0.4714,0.6094
blue,0.4688,0.5667,fake-blue-center-14-7619,1,shot,14,14.55,1005,0.5312,0.5667
blue,0.6325000000000001,0.3465,fake-blue-left-14-4079,0,path,14,0.0,1002,0.3675,0.3465
blue,0.6182000000000001,0.3627,fake-blue-left-14-4079,1,path,14,1.82,1002,0.3818,0.3627
blue,0.5864,0.3895,fake-blue-left-14-4079,2,path,14,3.64,1002,0.4136,0.3895
blue,0.5966,0.391,fake-blue-left-14-4079,3,path,14,5.45,1002,0.4034,0.391
blue,0.567,0.4163,fake-blue-left-14-4079,4,path,14,7.27,1002,0.433,0.4163
blue,0.5651999999999999,0.4251,fake-blue-left-14-4079,5,path,14,9.09,1002,0.4348,0.4251
blue,0.4726,0.4664,fake-blue-left-14-4079,6,path,14,10.91,1002,0.5274,0.4664
blue,0.4566,0.44,fake-blue-left-14-4079,7,path,14,12.73,1002,0.5434,0.44
blue,0.49929999999999997,0.3784,fake-blue-left-14-4079,8,path,14,14.55,1002,0.5007,0.3784
blue,0.4151,0.393,fake-blue-left-14-4079,9,path,14,16.36,1002,0.5849,0.393
blue,0.43200000000000005,0.3468,fake-blue-left-14-4079,10,path,14,18.18,1002,0.568,0.3468
blue,0.39,0.336,fake-blue-left-14-4079,11,path,14,20.0,1002,0.61,0.336
blue,0.567,0.4163,fake-blue-left-14-4079,0,shot,14,7.27,1002,0.433,0.4163
blue,0.49929999999999997,0.3784,fake-blue-left-14-4079,1,shot,14,14.55,1002,0.5007,0.3784
blue,0.6653,0.3268,fake-blue-left-14-9480,0,path,14,0.0,1027,0.3347,0.3268
blue,0.6316999999999999,0.3546,fake-blue-left-14-9480,1,path,14,1.82,1027,0.3683,0.3546
blue,0.5769,0.3951,fake-blue-left-14-9480,2,path,14,3.64,1027,0.4231,0.3951
blue,0.6145,0.3802,fake-blue-left-14-9480,3,path,14,5.45,1027,0.3855,0.3802
blue,0.5650999999999999,0.4175,fake-blue-left-14-9480,4,path,14,7.27,1027,0.4349,0.4175
blue,0.5781000000000001,0.4173,fake-blue-left-14-9480,5,path,14,9.09,1027,0.4219,0.4173
blue,0.48629999999999995,0.4582,fake-blue-left-14-9480,6,path,14,10.91,1027,0.5137,0.4582
blue,0.4456,0.4467,fake-blue-left-14-9480,7,path,14,12.73,1027,0.5544,0.4467
blue,0.4786,0.3908,fake-blue-left-14-9480,8,path,14,14.55,1027,0.5214,0.3908
blue,0.41969999999999996,0.3902,fake-blue-left-14-9480,9,path,14,16.36,1027,0.5803,0.3902
blue,0.43079999999999996,0.3475,fake-blue-left-14-9480,10,path,14,18.18,1027,0.5692,0.3475
blue,0.3973,0.3316,fake-blue-left-14-9480,11,path,14,20.0,1027,0.6027,0.3316
blue,0.5650999999999999,0.4175,fake-blue-left-14-9480,0,shot,14,7.27,1027,0.4349,0.4175
blue,0.4786,0.3908,fake-blue-left-14-9480,1,shot,14,14.55,1027,0.5214,0.3908
red,0.6706,0.4883,fake-red-center-15-4031,0,path,15,0.0,1013,0.6706,0.4883
red,0.6809,0.5305,fake-red-center-15-4031,1,path,15,1.82,1013,0.6809,0.5305
red,0.6794,0.5656,fake-red-center-15-4031,2,path,15,3.64,1013,0.6794,0.5656
red,0.6509,0.5845,fake-red-center-15-4031,3,path,15,5.45,1013,0.6509,0.5845
red,0.6411,0.6147,fake-red-center-15-4031,4,path,15,7.27,1013,0.6411,0.6147
red,0.5239,0.5804,fake-red-center-15-4031,5,path,15,9.09,1013,0.5239,0.5804
red,0.5364,0.602,fake-red-center-15-4031,6,path,15,10.91,1013,0.5364,0.602
red,0.5292,0.5901,fake-red-center-15-4031,7,path,15,12.73,1013,0.5292,0.5901
red,0.5472,0.5932,fake-red-center-15-4031,8,path,15,14.55,1013,0.5472,0.5932
red,0.4378,0.5199,fake-red-center-15-4031,9,path,15,16.36,1013,0.4378,0.5199
red,0.474,0.534,fake-red-center-15-4031,10,path,15,18.18,1013,0.474,0.534
red,0.4791,0.5294,fake-red-center-15-4031,11,path,15,20.0,1013,0.4791,0.5294
red,0.6411,0.6147,fake-red-center-15-4031,0,shot,15,7.27,1013,0.6411,0.6147
red,0.5472,0.5932,fake-red-center-15-4031,1,shot,15,14.55,1013,0.5472,0.5932
red,0.7126,0.6835,fake-red-right-15-8232,0,path,15,0.0,1030,0.7126,0.6835
red,0.66,0.688,fake-red-right-15-8232,1,path,15,1.82,1030,0.66,0.688
red,0.6009,0.6885,fake-red-right-15-8232,2,path,15,3.64,1030,0.6009,0.6885
red,0.6674,0.7645,fake-red-right-15-8232,3,path,15,5.45,1030,0.6674,0.7645
red,0.5991,0.7594,fake-red-right-15-8232,4,path,15,7.27,1030,0.5991,0.7594
red,0.6101,0.802,fake-red-right-15-8232,5,path,15,9.09,1030,0.6101,0.802
red,0.5321,0.7695,fake-red-right-15-8232,6,path,15,10.91,1030,0.5321,0.7695
red,0.4998,0.7424,fake-red-right-15-8232,7,path,15,12.73,1030,0.4998,0.7424
red,0.5366,0.7569,fake-red-right-15-8232,8,path,15,14.55,1030,0.5366,0.7569
red,0.5045,0.73,fake-red-right-15-8232,9,path,15,16.36,1030,0.5045,0.73
red,0.4583,0.6946,fake-red-right-15-8232,10,path,15,18.18,1030,0.4583,0.6946
red,0.4172,0.6623,fake-red-right-15-8232,11,path,15,20.0,1030,0.4172,0.6623
red,0.5991,0.7594,fake-red-right-15-8232,0,shot,15,7.27,1030,0.5991,0.7594
red,0.5366,0.7569,fake-red-right-15-8232,1,shot,15,14.55,1030,0.5366,0.7569
red,0.6901,0.6701,fake-red-right-15-8647,0,path,15,0.0,1025,0.6901,0.6701
red,0.6832,0.7019,fake-red-right-15-8647,1,path,15,1.82,1025,0.6832,0.7019
red,0.681,0.7366,fake-red-right-15-8647,2,path,15,3.64,1025,0.681,0.7366
red,0.6289,0.7414,fake-red-right-15-8647,3,path,15,5.45,1025,0.6289,0.7414
red,0.5764,0.7458,fake-red-right-15-8647,4,path,15,7.27,1025,0.5764,0.7458
red,0.6174,0.8064,fake-red-right-15-8647,5,path,15,9.09,1025,0.6174,0.8064
red,0.5961,0.8078,fake-red-right-15-8647,6,path,15,10.91,1025,0.5961,0.8078
red,0.4836,0.7327,fake-red-right-15-8647,7,path,15,12.73,1025,0.4836,0.7327
red,0.5322,0.7542,fake-red-right-15-8647,8,path,15,14.55,1025,0.5322,0.7542
red,0.5235,0.7414,fake-red-right-15-8647,9,path,15,16.36,1025,0.5235,0.7414
red,0.4778,0.7063,fake-red-right-15-8647,10,path,15,18.18,1025,0.4778,0.7063
red,0.3821,0.6412,fake-red-right-15-8647,11,path,15,20.0,1025,0.3821,0.6412
red,0.5764,0.7458,fake-red-right-15-8647,0,shot,15,7.27,1025,0.5764,0.7458
red,0.5322,0.7542,fake-red-right-15-8647,1,shot,15,14.55,1025,0.5322,0.7542
blue,0.6691,0.4946,fake-blue-center-15-5151,0,path,15,0.0,1011,0.3309,0.4946
blue,0.6709,0.5011,fake-blue-center-15-5151,1,path,15,1.82,1011,0.3291,0.5011
blue,0.5687,0.5701,fake-blue-center-15-5151,2,path,15,3.64,1011,0.4313,0.5701
blue,0.5707,0.5765,fake-blue-center-15-5151,3,path,15,5.45,1011,0.4293,0.5765
blue,0.5517000000000001,0.5955,fake-blue-center-15-5151,4,path,15,7.27,1011,0.4483,0.5955
blue,0.5648,0.5953,fake-blue-center-15-5151,5,path,15,9.09,1011,0.4352,0.5953
blue,0.476,0.6344,fake-blue-center-15-5151,6,path,15,10.91,1011,0.524,0.6344
blue,0.5212,0.5713,fake-blue-center-15-5151,7,path,15,12.73,1011,0.4788,0.5713
blue,0.4376,0.5854,fake-blue-center-15-5151,8,path,15,14.55,1011,0.5624,0.5854
blue,0.41080000000000005,0.5655,fake-blue-center-15-5151,9,path,15,16.36,1011,0.5892,0.5655
blue,0.41200000000000003,0.5288,fake-blue-center-15-5151,10,path,15,18.18,1011,0.588,0.5288
blue,0.3861,0.5083,fake-blue-center-15-5151,11,path,15,20.0,1011,0.6139,0.5083
blue,0.5517000000000001,0.5955,fake-blue-center-15-5151,0,shot,15,7.27,1011,0.4483,0.5955
blue,0.4376,0.5854,fake-blue-center-15-5151,1,shot,15,14.55,1011,0.5624,0.5854
blue,0.6803,0.6578,fake-blue-right-15-7078,0,path,15,0.0,1020,0.3197,0.6578
blue,0.6414,0.6888,fake-blue-right-15-7078,1,path,15,1.82,1020,0.3586,0.6888
blue,0.6052,0.7182,fake-blue-right-15-7078,2,path,15,3.64,1020,0.3948,0.7182
blue,0.601,0.7283,fake-blue-right-15-7078,3,path,15,5.45,1020,0.399,0.7283
blue,0.5156000000000001,0.7872,fake-blue-right-15-7078,4,path,15,7.27,1020,0.4844,0.7872
blue,0.5665,0.7643,fake-blue-right-15-7078,5,path,15,9.09,1020,0.4335,0.7643
blue,0.46919999999999995,0.8085,fake-blue-right-15-7078,6,path,15,10.91,1020,0.5308,0.8085
blue,0.5307999999999999,0.7355,fake-blue-right-15-7078,7,path,15,12.73,1020,0.4692,0.7355
blue,0.49460000000000004,0.7213,fake-blue-right-15-7078,8,path,15,14.55,1020,0.5054,0.7213
blue,0.4505,0.7117,fake-blue-right-15-7078,9,path,15,16.36,1020,0.5495,0.7117
blue,0.41180000000000005,0.6989,fake-blue-right-15-7078,10,path,15,18.18,1020,0.5882,0.6989
blue,0.395,0.673,fake-blue-right-15-7078,11,path,15,20.0,1020,0.605,0.673
blue,0.5156000000000001,0.7872,fake-blue-right-15-7078,0,shot,15,7.27,1020,0.4844,0.7872
blue,0.49460000000000004,0.7213,fake-blue-right-15-7078,1,shot,15,14.55,1020,0.5054,0.7213
red,0.6724,0.4894,fake-red-center-16-3153,0,path,16,0.0,1002,0.6724,0.4894
red,0.6757,0.5274,fake-red-center-16-3153,1,path,16,1.82,1002,0.6757,0.5274
red,0.6323,0.5374,fake-red-center-16-3153,2,path,16,3.64,1002,0.6323,0.5374
red,0.6364,0.5759,fake-red-center-16-3153,3,path,16,5.45,1002,0.6364,0.5759
red,0.6314,0.6088,fake-red-center-16-3153,4,path,16,7.27,1002,0.6314,0.6088
red,0.5554,0.5993,fake-red-center-16-3153,5,path,16,9.09,1002,0.5554,0.5993
red,0.5862,0.6319,fake-red-center-16-3153,6,path,16,10.91,1002,0.5862,0.6319
red,0.5216,0.5855,fake-red-center-16-3153,7,path,16,12.73,1002,0.5216,0.5855
red,0.5436,0.591,fake-red-center-16-3153,8,path,16,14.55,1002,0.5436,0.591
red,0.4389,0.5206,fake-red-center-16-3153,9,path,16,16.36,1002,0.4389,0.5206
red,0.5004,0.5499,fake-red-center-16-3153,10,path,16,18.18,1002,0.5004,0.5499
red,0.424,0.4964,fake-red-center-16-3153,11,path,16,20.0,1002,0.424,0.4964
red,0.6314,0.6088,fake-red-center-16-3153,0,shot,16,7.27,1002,0.6314,0.6088
red,0.5436,0.591,fake-red-center-16-3153,1,shot,16,14.55,1002,0.5436,0.591
red,0.704,0.6784,fake-red-right-16-6501,0,path,16,0.0,1014,0.704,0.6784
red,0.6491,0.6815,fake-red-right-16-6501,1,path,16,1.82,1014,0.6491,0.6815
red,0.6278,0.7047,fake-red-right-16-6501,2,path,16,3.64,1014,0.6278,0.7047
red,0.6095,0.7297,fake-red-right-16-6501,3,path,16,5.45,1014,0.6095,0.7297
red,0.6243,0.7746,fake-red-right-16-6501,4,path,16,7.27,1014,0.6243,0.7746
red,0.5855,0.7873,fake-red-right-16-6501,5,path,16,9.09,1014,0.5855,0.7873
red,0.5926,0.8058,fake-red-right-16-6501,6,path,16,10.91,1014,0.5926,0.8058
red,0.5553,0.7757,fake-red-right-16-6501,7,path,16,12.73,1014,0.5553,0.7757
red,0.4843,0.7255,fake-red-right-16-6501,8,path,16,14.55,1014,0.4843,0.7255
red,0.4637,0.7055,fake-red-right-16-6501,9,path,16,16.36,1014,0.4637,0.7055
red,0.413,0.6674,fake-red-right-16-6501,10,path,16,18.18,1014,0.413,0.6674
red,0.423,0.6658,fake-red-right-16-6501,11,path,16,20.0,1014,0.423,0.6658
red,0.6243,0.7746,fake-red-right-16-6501,0,shot,16,7.27,1014,0.6243,0.7746
red,0.4843,0.7255,fake-red-right-16-6501,1,shot,16,14.55,1014,0.4843,0.7255
red,0.6501,0.3061,fake-red-left-16-2452,0,path,16,0.0,1025,0.6501,0.3061
red,0.6492,0.3415,fake-red-left-16-2452,1,path,16,1.82,1025,0.6492,0.3415
red,0.6087,0.3532,fake-red-left-16-2452,2,path,16,3.64,1025,0.6087,0.3532
red,0.6301,0.402,fake-red-left-16-2452,3,path,16,5.45,1025,0.6301,0.402
red,0.5945,0.4167,fake-red-left-16-2452,4,path,16,7.27,1025,0.5945,0.4167
red,0.6159,0.4655,fake-red-left-16-2452,5,path,16,9.09,1025,0.6159,0.4655
red,0.5927,0.4658,fake-red-left-16-2452,6,path,16,10.91,1025,0.5927,0.4658
red,0.5414,0.4274,fake-red-left-16-2452,7,path,16,12.73,1025,0.5414,0.4274
red,0.5346,0.4157,fake-red-left-16-2452,8,path,16,14.55,1025,0.5346,0.4157
red,0.4853,0.3785,fake-red-left-16-2452,9,path,16,16.36,1025,0.4853,0.3785
red,0.464,0.358,fake-red-left-16-2452,10,path,16,18.18,1025,0.464,0.358
red,0.4554,0.3452,fake-red-left-16-2452,11,path,16,20.0,1025,0.4554,0.3452
red,0.5945,0.4167,fake-red-left-16-2452,0,shot,16,7.27,1025,0.5945,0.4167
red,0.5346,0.4157,fake-red-left-16-2452,1,shot,16,14.55,1025,0.5346,0.4157
blue,0.6275,0.5195,fake-blue-center-16-5377,0,path,16,0.0,1032,0.3725,0.5195
blue,0.5906,0.5493,fake-blue-center-16-5377,1,path,16,1.82,1032,0.4094,0.5493
blue,0.659,0.5159,fake-blue-center-16-5377,2,path,16,3.64,1032,0.341,0.5159
blue,0.5998,0.559,fake-blue-center-16-5377,3,path,16,5.45,1032,0.4002,0.559
blue,0.5893999999999999,0.5729,fake-blue-center-16-5377,4,path,16,7.27,1032,0.4106,0.5729
blue,0.5433,0.6082,fake-blue-center-16-5377,5,path,16,9.09,1032,0.4567,0.6082
blue,0.4766,0.634,fake-blue-center-16-5377,6,path,16,10.91,1032,0.5234,0.634
blue,0.45430000000000004,0.6114,fake-blue-center-16-5377,7,path,16,12.73,1032,0.5457,0.6114
blue,0.4216,0.595,fake-blue-center-16-5377,8,path,16,14.55,1032,0.5784,0.595
blue,0.4225,0.5585,fake-blue-center-16-5377,9,path,16,16.36,1032,0.5775,0.5585
blue,0.3879,0.5433,fake-blue-center-16-5377,10,path,16,18.18,1032,0.6121,0.5433
blue,0.355,0.527,fake-blue-center-16-5377,11,path,16,20.0,1032,0.645,0.527
blue,0.5893999999999999,0.5729,fake-blue-center-16-5377,0,shot,16,7.27,1032,0.4106,0.5729
blue,0.4216,0.595,fake-blue-center-16-5377,1,shot,16,14.55,1032,0.5784,0.595
blue,0.6988,0.3067,fake-blue-left-16-5884,0,path,16,0.0,1005,0.3012,0.3067
blue,0.64,0.3497,fake-blue-left-16-5884,1,path,16,1.82,1005,0.36,0.3497
blue,0.637,0.3591,fake-blue-left-16-5884,2,path,16,3.64,1005,0.363,0.3591
blue,0.603,0.3871,fake-blue-left-16-5884,3,path,16,5.45,1005,0.397,0.3871
blue,0.5738,0.4123,fake-blue-left-16-5884,4,path,16,7.27,1005,0.4262,0.4123
blue,0.5085999999999999,0.459,fake-blue-left-16-5884,5,path,16,9.09,1005,0.4914,0.459
blue,0.49429999999999996,0.4534,fake-blue-left-16-5884,6,path,16,10.91,1005,0.5057,0.4534
blue,0.49950000000000006,0.4143,fake-blue-left-16-5884,7,path,16,12.73,1005,0.5005,0.4143
blue,0.4383,0.415,fake-blue-left-16-5884,8,path,16,14.55,1005,0.5617,0.415
blue,0.4082,0.3971,fake-blue-left-16-5884,9,path,16,16.36,1005,0.5918,0.3971
blue,0.4578,0.3313,fake-blue-left-16-5884,10,path,16,18.18,1005,0.5422,0.3313
blue,0.41969999999999996,0.3182,fake-blue-left-16-5884,11,path,16,20.0,1005,0.5803,0.3182
blue,0.5738,0.4123,fake-blue-left-16-5884,0,shot,16,7.27,1005,0.4262,0.4123
blue,0.4383,0.415,fake-blue-left-16-5884,1,shot,16,14.55,1005,0.5617,0.415
blue,0.6973,0.4776,fake-blue-center-16-6522,0,path,16,0.0,1004,0.3027,0.4776
blue,0.6267,0.5276,fake-blue-center-16-6522,1,path,16,1.82,1004,0.3733,0.5276
blue,0.6068,0.5472,fake-blue-center-16-6522,2,path,16,3.64,1004,0.3932,0.5472
blue,0.6092,0.5534,fake-blue-center-16-6522,3,path,16,5.45,1004,0.3908,0.5534
blue,0.6144000000000001,0.5579,fake-blue-center-16-6522,4,path,16,7.27,1004,0.3856,0.5579
blue,0.5144,0.6256,fake-blue-center-16-6522,5,path,16,9.09,1004,0.4856,0.6256
blue,0.5486,0.5908,fake-blue-center-16-6522,6,path,16,10.91,1004,0.4514,0.5908
blue,0.5339,0.5637,fake-blue-center-16-6522,7,path,16,12.73,1004,0.4661,0.5637
blue,0.4374,0.5856,fake-blue-center-16-6522,8,path,16,14.55,1004,0.5626,0.5856
blue,0.4145,0.5633,fake-blue-center-16-6522,9,path,16,16.36,1004,0.5855,0.5633
blue,0.47109999999999996,0.4933,fake-blue-center-16-6522,10,path,16,18.18,1004,0.5289,0.4933
blue,0.4245,0.4853,fake-blue-center-16-6522,11,path,16,20.0,1004,0.5755,0.4853
blue,0.6144000000000001,0.5579,fake-blue-center-16-6522,0,shot,16,7.27,1004,0.3856,0.5579
blue,0.4374,0.5856,fake-blue-center-16-6522,1,shot,16,14.55,1004,0.5626,0.5856
red,0.6642,0.4845,fake-red-center-17-3177,0,path,17,0.0,1030,0.6642,0.4845
red,0.6497,0.5118,fake-red-center-17-3177,1,path,17,1.82,1030,0.6497,0.5118
red,0.598,0.5168,fake-red-center-17-3177,2,path,17,3.64,1030,0.598,0.5168
red,0.5925,0.5495,fake-red-center-17-3177,3,path,17,5.45,1030,0.5925,0.5495
red,0.5515,0.5609,fake-red-center-17-3177,4,path,17,7.27,1030,0.5515,0.5609
red,0.6066,0.63,fake-red-center-17-3177,5,path,17,9.09,1030,0.6066,0.63
red,0.5177,0.5908,fake-red-center-17-3177,6,path,17,10.91,1030,0.5177,0.5908
red,0.552,0.6038,fake-red-center-17-3177,7,path,17,12.73,1030,0.552,0.6038
red,0.4934,0.561,fake-red-center-17-3177,8,path,17,14.55,1030,0.4934,0.561
red,0.4645,0.536,fake-red-center-17-3177,9,path,17,16.36,1030,0.4645,0.536
red,0.4406,0.514,fake-red-center-17-3177,10,path,17,18.18,1030,0.4406,0.514
red,0.4429,0.5077,fake-red-center-17-3177,11,path,17,20.0,1030,0.4429,0.5077
red,0.5515,0.5609,fake-red-center-17-3177,0,shot,17,7.27,1030,0.5515,0.5609
red,0.4934,0.561,fake-red-center-17-3177,1,shot,17,14.55,1030,0.4934,0.561
red,0.7287,0.5232,fake-red-center-17-6370,0,path,17,0.0,1035,0.7287,0.5232
red,0.6825,0.5315,fake-red-center-17-6370,1,path,17,1.82,1035,0.6825,0.5315
red,0.6894,0.5716,fake-red-center-17-6370,2,path,17,3.64,1035,0.6894,0.5716
red,0.5991,0.5534,fake-red-center-17-6370,3,path,17,5.45,1035,0.5991,0.5534
red,0.6341,0.6104,fake-red-center-17-6370,4,path,17,7.27,1035,0.6341,0.6104
red,0.5479,0.5947,fake-red-center-17-6370,5,path,17,9.09,1035,0.5479,0.5947
red,0.5871,0.6324,fake-red-center-17-6370,6,path,17,10.91,1035,0.5871,0.6324
red,0.5703,0.6147,fake-red-center-17-6370,7,path,17,12.73,1035,0.5703,0.6147
red,0.4776,0.5514,fake-red-center-17-6370,8,path,17,14.55,1035,0.4776,0.5514
red,0.501,0.5579,fake-red-center-17-6370,9,path,17,16.36,1035,0.501,0.5579
red,0.4887,0.5429,fake-red-center-17-6370,10,path,17,18.18,1035,0.4887,0.5429
red,0.4594,0.5176,fake-red-center-17-6370,11,path,17,20.0,1035,0.4594,0.5176
red,0.6341,0.6104,fake-red-center-17-6370,0,shot,17,7.27,1035,0.6341,0.6104
red,0.4776,0.5514,fake-red-center-17-6370,1,shot,17,14.55,1035,0.4776,0.5514
red,0.717,0.3462,fake-red-left-17-5877,0,path,17,0.0,1028,0.717,0.3462
red,0.6475,0.3405,fake-red-left-17-5877,1,path,17,1.82,1028,0.6475,0.3405
red,0.6067,0.352,fake-red-left-17-5877,2,path,17,3.64,1028,0.6067,0.352
red,0.6247,0.3988,fake-red-left-17-5877,3,path,17,5.45,1028,0.6247,0.3988
red,0.569,0.4014,fake-red-left-17-5877,4,path,17,7.27,1028,0.569,0.4014
red,0.522,0.4092,fake-red-left-17-5877,5,path,17,9.09,1028,0.522,0.4092
red,0.5553,0.4433,fake-red-left-17-5877,6,path,17,10.91,1028,0.5553,0.4433
red,0.5575,0.437,fake-red-left-17-5877,7,path,17,12.73,1028,0.5575,0.437
red,0.5506,0.4253,fake-red-left-17-5877,8,path,17,14.55,1028,0.5506,0.4253
red,0.5235,0.4014,fake-red-left-17-5877,9,path,17,16.36,1028,0.5235,0.4014
red,0.4302,0.3378,fake-red-left-17-5877,10,path,17,18.18,1028,0.4302,0.3378
red,0.4477,0.3406,fake-red-left-17-5877,11,path,17,20.0,1028,0.4477,0.3406
red,0.569,0.4014,fake-red-left-17-5877,0,shot,17,7.27,1028,0.569,0.4014
red,0.5506,0.4253,fake-red-left-17-5877,1,shot,17,14.55,1028,0.5506,0.4253
blue,0.6754,0.6608,fake-blue-right-17-8431,0,path,17,0.0,1034,0.3246,0.6608
blue,0.6228,0.7,fake-blue-right-17-8431,1,path,17,1.82,1034,0.3772,0.7
blue,0.628,0.7044,fake-blue-right-17-8431,2,path,17,3.64,1034,0.372,0.7044
blue,0.5649,0.75,fake-blue-right-17-8431,3,path,17,5.45,1034,0.4351,0.75
blue,0.5973999999999999,0.7381,fake-blue-right-17-8431,4,path,17,7.27,1034,0.4026,0.7381
blue,0.5886,0.751,fake-blue-right-17-8431,5,path,17,9.09,1034,0.4114,0.751
blue,0.52,0.778,fake-blue-right-17-8431,6,path,17,10.91,1034,0.48,0.778
blue,0.45930000000000004,0.7784,fake-blue-right-17-8431,7,path,17,12.73,1034,0.5407,0.7784
blue,0.46709999999999996,0.7378,fake-blue-right-17-8431,8,path,17,14.55,1034,0.5329,0.7378
blue,0.4468,0.7139,fake-blue-right-17-8431,9,path,17,16.36,1034,0.5532,0.7139
blue,0.43479999999999996,0.6851,fake-blue-right-17-8431,10,path,17,18.18,1034,0.5652,0.6851
blue,0.39449999999999996,0.6733,fake-blue-right-17-8431,11,path,17,20.0,1034,0.6055,0.6733
blue,0.5973999999999999,0.7381,fake-blue-right-17-8431,0,shot,17,7.27,1034,0.4026,0.7381
blue,0.46709999999999996,0.7378,fake-blue-right-17-8431,1,shot,17,14.55,1034,0.5329,0.7378
blue,0.6491,0.6766,fake-blue-right-17-8430,0,path,17,0.0,1017,0.3509,0.6766
blue,0.6495,0.684,fake-blue-right-17-8430,1,path,17,1.82,1017,0.3505,0.684
blue,0.6123000000000001,0.7139,fake-blue-right-17-8430,2,path,17,3.64,1017,0.3877,0.7139
blue,0.5392,0.7654,fake-blue-right-17-8430,3,path,17,5.45,1017,0.4608,0.7654
blue,0.5611999999999999,0.7598,fake-blue-right-17-8430,4,path,17,7.27,1017,0.4388,0.7598
blue,0.4927,0.8086,fake-blue-right-17-8430,5,path,17,9.09,1017,0.5073,0.8086
blue,0.47809999999999997,0.8031,fake-blue-right-17-8430,6,path,17,10.91,1017,0.5219,0.8031
blue,0.491,0.7594,fake-blue-right-17-8430,7,path,17,12.73,1017,0.509,0.7594
blue,0.49260000000000004,0.7224,fake-blue-right-17-8430,8,path,17,14.55,1017,0.5074,0.7224
blue,0.40369999999999995,0.7398,fake-blue-right-17-8430,9,path,17,16.36,1017,0.5963,0.7398
blue,0.4141,0.6975,fake-blue-right-17-8430,10,path,17,18.18,1017,0.5859,0.6975
blue,0.3508,0.6995,fake-blue-right-17-8430,11,path,17,20.0,1017,0.6492,0.6995
blue,0.5611999999999999,0.7598,fake-blue-right-17-8430,0,shot,17,7.27,1017,0.4388,0.7598
blue,0.49260000000000004,0.7224,fake-blue-right-17-8430,1,shot,17,14.55,1017,0.5074,0.7224
blue,0.6606000000000001,0.4997,fake-blue-center-17-1923,0,path,17,0.0,1008,0.3394,0.4997
blue,0.6800999999999999,0.4956,fake-blue-center-17-1923,1,path,17,1.82,1008,0.3199,0.4956
blue,0.5892,0.5578,fake-blue-center-17-1923,2,path,17,3.64,1008,0.4108,0.5578
blue,0.6053999999999999,0.5557,fake-blue-center-17-1923,3,path,17,5.45,1008,0.3946,0.5557
blue,0.5925,0.5711,fake-blue-center-17-1923,4,path,17,7.27,1008,0.4075,0.5711
blue,0.5609999999999999,0.5976,fake-blue-center-17-1923,5,path,17,9.09,1008,0.439,0.5976
blue,0.49350000000000005,0.6239,fake-blue-center-17-1923,6,path,17,10.91,1008,0.5065,0.6239
blue,0.4939,0.5877,fake-blue-center-17-1923,7,path,17,12.73,1008,0.5061,0.5877
blue,0.46340000000000003,0.57,fake-blue-center-17-1923,8,path,17,14.55,1008,0.5366,0.57
blue,0.47,0.53,fake-blue-center-17-1923,9,path,17,16.36,1008,0.53,0.53
blue,0.40549999999999997,0.5327,fake-blue-center-17-1923,10,path,17,18.18,1008,0.5945,0.5327
blue,0.3851,0.509,fake-blue-center-17-1923,11,path,17,20.0,1008,0.6149,0.509
blue,0.5925,0.5711,fake-blue-center-17-1923,0,shot,17,7.27,1008,0.4075,0.5711
blue,0.46340000000000003,0.57,fake-blue-center-17-1923,1,shot,17,14.55,1008,0.5366,0.57
red,0.6411,0.6407,fake-red-right-18-7785,0,path,18,0.0,1018,0.6411,0.6407
red,0.6612,0.6887,fake-red-right-18-7785,1,path,18,1.82,1018,0.6612,0.6887
red,0.6698,0.7299,fake-red-right-18-7785,2,path,18,3.64,1018,0.6698,0.7299
red,0.6551,0.757,fake-red-right-18-7785,3,path,18,5.45,1018,0.6551,0.757
red,0.6201,0.7721,fake-red-right-18-7785,4,path,18,7.27,1018,0.6201,0.7721
red,0.5663,0.7758,fake-red-right-18-7785,5,path,18,9.09,1018,0.5663,0.7758
red,0.5899,0.8041,fake-red-right-18-7785,6,path,18,10.91,1018,0.5899,0.8041
red,0.4871,0.7348,fake-red-right-18-7785,7,path,18,12.73,1018,0.4871,0.7348
red,0.5362,0.7566,fake-red-right-18-7785,8,path,18,14.55,1018,0.5362,0.7566
red,0.498,0.7261,fake-red-right-18-7785,9,path,18,16.36,1018,0.498,0.7261
red,0.4875,0.7121,fake-red-right-18-7785,10,path,18,18.18,1018,0.4875,0.7121
red,0.4516,0.683,fake-red-right-18-7785,11,path,18,20.0,1018,0.4516,0.683
red,0.6201,0.7721,fake-red-right-18-7785,0,shot,18,7.27,1018,0.6201,0.7721
red,0.5362,0.7566,fake-red-right-18-7785,1,shot,18,14.55,1018,0.5362,0.7566
red,0.7274,0.3525,fake-red-left-18-8264,0,path,18,0.0,1012,0.7274,0.3525
red,0.6735,0.3561,fake-red-left-18-8264,1,path,18,1.82,1012,0.6735,0.3561
red,0.6328,0.3677,fake-red-left-18-8264,2,path,18,3.64,1012,0.6328,0.3677
red,0.6134,0.3921,fake-red-left-18-8264,3,path,18,5.45,1012,0.6134,0.3921
red,0.5598,0.3959,fake-red-left-18-8264,4,path,18,7.27,1012,0.5598,0.3959
red,0.6182,0.4669,fake-red-left-18-8264,5,path,18,9.09,1012,0.6182,0.4669
red,0.5741,0.4546,fake-red-left-18-8264,6,path,18,10.91,1012,0.5741,0.4546
red,0.4861,0.3942,fake-red-left-18-8264,7,path,18,12.73,1012,0.4861,0.3942
red,0.4585,0.37,fake-red-left-18-8264,8,path,18,14.55,1012,0.4585,0.37
red,0.4992,0.3868,fake-red-left-18-8264,9,path,18,16.36,1012,0.4992,0.3868
red,0.4637,0.3579,fake-red-left-18-8264,10,path,18,18.18,1012,0.4637,0.3579
red,0.4361,0.3337,fake-red-left-18-8264,11,path,18,20.0,1012,0.4361,0.3337
red,0.5598,0.3959,fake-red-left-18-8264,0,shot,18,7.27,1012,0.5598,0.3959
red,0.4585,0.37,fake-red-left-18-8264,1,shot,18,14.55,1012,0.4585,0.37
red,0.651,0.3066,fake-red-left-18-1682,0,path,18,0.0,1011,0.651,0.3066
red,0.6856,0.3634,fake-red-left-18-1682,1,path,18,1.82,1011,0.6856,0.3634
red,0.6261,0.3636,fake-red-left-18-1682,2,path,18,3.64,1011,0.6261,0.3636
red,0.5693,0.3656,fake-red-left-18-1682,3,path,18,5.45,1011,0.5693,0.3656
red,0.5682,0.4009,fake-red-left-18-1682,4,path,18,7.27,1011,0.5682,0.4009
red,0.5335,0.4161,fake-red-left-18-1682,5,path,18,9.09,1011,0.5335,0.4161
red,0.5308,0.4286,fake-red-left-18-1682,6,path,18,10.91,1011,0.5308,0.4286
red,0.5286,0.4197,fake-red-left-18-1682,7,path,18,12.73,1011,0.5286,0.4197
red,0.504,0.3973,fake-red-left-18-1682,8,path,18,14.55,1011,0.504,0.3973
red,0.437,0.3495,fake-red-left-18-1682,9,path,18,16.36,1011,0.437,0.3495
red,0.4679,0.3604,fake-red-left-18-1682,10,path,18,18.18,1011,0.4679,0.3604
red,0.3914,0.3068,fake-red-left-18-1682,11,path,18,20.0,1011,0.3914,0.3068
red,0.5682,0.4009,fake-red-left-18-1682,0,shot,18,7.27,1011,0.5682,0.4009
red,0.504,0.3973,fake-red-left-18-1682,1,shot,18,14.55,1011,0.504,0.3973
blue,0.6612,0.3293,fake-blue-left-18-7393,0,path,18,0.0,1022,0.3388,0.3293
blue,0.6711,0.331,fake-blue-left-18-7393,1,path,18,1.82,1022,0.3289,0.331
blue,0.6186,0.3701,fake-blue-left-18-7393,2,path,18,3.64,1022,0.3814,0.3701
blue,0.626,0.3733,fake-blue-left-18-7393,3,path,18,5.45,1022,0.374,0.3733
blue,0.5561,0.4229,fake-blue-left-18-7393,4,path,18,7.27,1022,0.4439,0.4229
blue,0.4942,0.4677,fake-blue-left-18-7393,5,path,18,9.09,1022,0.5058,0.4677
blue,0.5442,0.4235,fake-blue-left-18-7393,6,path,18,10.91,1022,0.4558,0.4235
blue,0.5256000000000001,0.3986,fake-blue-left-18-7393,7,path,18,12.73,1022,0.4744,0.3986
blue,0.46109999999999995,0.4013,fake-blue-left-18-7393,8,path,18,14.55,1022,0.5389,0.4013
blue,0.4679,0.3613,fake-blue-left-18-7393,9,path,18,16.36,1022,0.5321,0.3613
blue,0.3923,0.3706,fake-blue-left-18-7393,10,path,18,18.18,1022,0.6077,0.3706
blue,0.4072,0.3257,fake-blue-left-18-7393,11,path,18,20.0,1022,0.5928,0.3257
blue,0.5561,0.4229,fake-blue-left-18-7393,0,shot,18,7.27,1022,0.4439,0.4229
blue,0.46109999999999995,0.4013,fake-blue-left-18-7393,1,shot,18,14.55,1022,0.5389,0.4013
blue,0.6858,0.3145,fake-blue-left-18-3236,0,path,18,0.0,1007,0.3142,0.3145
blue,0.6296999999999999,0.3558,fake-blue-left-18-3236,1,path,18,1.82,1007,0.3703,0.3558
blue,0.5640000000000001,0.4029,fake-blue-left-18-3236,2,path,18,3.64,1007,0.436,0.4029
blue,0.6255,0.3736,fake-blue-left-18-3236,3,path,18,5.45,1007,0.3745,0.3736
blue,0.6129,0.3888,fake-blue-left-18-3236,4,path,18,7.27,1007,0.3871,0.3888
blue,0.5465,0.4363,fake-blue-left-18-3236,5,path,18,9.09,1007,0.4535,0.4363
blue,0.5177,0.4394,fake-blue-left-18-3236,6,path,18,10.91,1007,0.4823,0.4394
blue,0.45740000000000003,0.4396,fake-blue-left-18-3236,7,path,18,12.73,1007,0.5426,0.4396
blue,0.4709,0.3955,fake-blue-left-18-3236,8,path,18,14.55,1007,0.5291,0.3955
blue,0.4344,0.3813,fake-blue-left-18-3236,9,path,18,16.36,1007,0.5656,0.3813
blue,0.45109999999999995,0.3353,fake-blue-left-18-3236,10,path,18,18.18,1007,0.5489,0.3353
blue,0.4262,0.3143,fake-blue-left-18-3236,11,path,18,20.0,1007,0.5738,0.3143
blue,0.6129,0.3888,fake-blue-left-18-3236,0,shot,18,7.27,1007,0.3871,0.3888
blue,0.4709,0.3955,fake-blue-left-18-3236,1,shot,18,14.55,1007,0.5291,0.3955
red,0.7238,0.3503,fake-red-left-19-6565,0,path,19,0.0,1009,0.7238,0.3503
red,0.7092,0.3775,fake-red-left-19-6565,1,path,19,1.82,1009,0.7092,0.3775
red,0.6163,0.3578,fake-red-left-19-6565,2,path,19,3.64,1009,0.6163,0.3578
red,0.6163,0.3938,fake-red-left-19-6565,3,path,19,5.45,1009,0.6163,0.3938
red,0.5784,0.407,fake-red-left-19-6565,4,path,19,7.27,1009,0.5784,0.407
red,0.6183,0.467,fake-red-left-19-6565,5,path,19,9.09,1009,0.6183,0.467
red,0.525,0.4252,fake-red-left-19-6565,6,path,19,10.91,1009,0.525,0.4252
red,0.5682,0.4435,fake-red-left-19-6565,7,path,19,12.73,1009,0.5682,0.4435
red,0.5253,0.4101,fake-red-left-19-6565,8,path,19,14.55,1009,0.5253,0.4101
red,0.5269,0.4034,fake-red-left-19-6565,9,path,19,16.36,1009,0.5269,0.4034
red,0.4117,0.3267,fake-red-left-19-6565,10,path,19,18.18,1009,0.4117,0.3267
red,0.4758,0.3575,fake-red-left-19-6565,11,path,19,20.0,1009,0.4758,0.3575
red,0.5784,0.407,fake-red-left-19-6565,0,shot,19,7.27,1009,0.5784,0.407
red,0.5253,0.4101,fake-red-left-19-6565,1,shot,19,14.55,1009,0.5253,0.4101
red,0.7113,0.6828,fake-red-right-19-1937,0,path,19,0.0,1013,0.7113,0.6828
red,0.7,0.712,fake-red-right-19-1937,1,path,19,1.82,1013,0.7,0.712
red,0.6515,0.7189,fake-red-right-19-1937,2,path,19,3.64,1013,0.6515,0.7189
red,0.6641,0.7625,fake-red-right-19-1937,3,path,19,5.45,1013,0.6641,0.7625
red,0.5857,0.7514,fake-red-right-19-1937,4,path,19,7.27,1013,0.5857,0.7514
red,0.5883,0.789,fake-red-right-19-1937,5,path,19,9.09,1013,0.5883,0.789
red,0.5819,0.7993,fake-red-right-19-1937,6,path,19,10.91,1013,0.5819,0.7993
red,0.4999,0.7425,fake-red-right-19-1937,7,path,19,12.73,1013,0.4999,0.7425
red,0.4573,0.7093,fake-red-right-19-1937,8,path,19,14.55,1013,0.4573,0.7093
red,0.4734,0.7113,fake-red-right-19-1937,9,path,19,16.36,1013,0.4734,0.7113
red,0.4661,0.6993,fake-red-right-19-1937,10,path,19,18.18,1013,0.4661,0.6993
red,0.4379,0.6747,fake-red-right-19-1937,11,path,19,20.0,1013,0.4379,0.6747
red,0.5857,0.7514,fake-red-right-19-1937,0,shot,19,7.27,1013,0.5857,0.7514
red,0.4573,0.7093,fake-red-right-19-1937,1,shot,19,14.55,1013,0.4573,0.7093
red,0.6421,0.4713,fake-red-center-19-8016,0,path,19,0.0,1028,0.6421,0.4713
red,0.7123,0.5494,fake-red-center-19-8016,1,path,19,1.82,1028,0.7123,0.5494
red,0.6901,0.5721,fake-red-center-19-8016,2,path,19,3.64,1028,0.6901,0.5721
red,0.6007,0.5544,fake-red-center-19-8016,3,path,19,5.45,1028,0.6007,0.5544
red,0.5689,0.5713,fake-red-center-19-8016,4,path,19,7.27,1028,0.5689,0.5713
red,0.5585,0.6011,fake-red-center-19-8016,5,path,19,9.09,1028,0.5585,0.6011
red,0.5441,0.6066,fake-red-center-19-8016,6,path,19,10.91,1028,0.5441,0.6066
red,0.5317,0.5916,fake-red-center-19-8016,7,path,19,12.73,1028,0.5317,0.5916
red,0.5408,0.5894,fake-red-center-19-8016,8,path,19,14.55,1028,0.5408,0.5894
red,0.5005,0.5576,fake-red-center-19-8016,9,path,19,16.36,1028,0.5005,0.5576
red,0.4065,0.4935,fake-red-center-19-8016,10,path,19,18.18,1028,0.4065,0.4935
red,0.4258,0.4975,fake-red-center-19-8016,11,path,19,20.0,1028,0.4258,0.4975
red,0.5689,0.5713,fake-red-center-19-8016,0,shot,19,7.27,1028,0.5689,0.5713
red,0.5408,0.5894,fake-red-center-19-8016,1,shot,19,14.55,1028,0.5408,0.5894
blue,0.6583,0.501,fake-blue-center-19-6287,0,path,19,0.0,1002,0.3417,0.501
blue,0.6149,0.5347,fake-blue-center-19-6287,1,path,19,1.82,1002,0.3851,0.5347
blue,0.5844,0.5606,fake-blue-center-19-6287,2,path,19,3.64,1002,0.4156,0.5606
blue,0.5881000000000001,0.5661,fake-blue-center-19-6287,3,path,19,5.45,1002,0.4119,0.5661
blue,0.5550999999999999,0.5935,fake-blue-center-19-6287,4,path,19,7.27,1002,0.4449,0.5935
blue,0.5871,0.5819,fake-blue-center-19-6287,5,path,19,9.09,1002,0.4129,0.5819
blue,0.5636,0.5819,fake-blue-center-19-6287,6,path,19,10.91,1002,0.4364,0.5819
blue,0.5295000000000001,0.5663,fake-blue-center-19-6287,7,path,19,12.73,1002,0.4705,0.5663
blue,0.5017,0.547,fake-blue-center-19-6287,8,path,19,14.55,1002,0.4983,0.547
blue,0.40859999999999996,0.5668,fake-blue-center-19-6287,9,path,19,16.36,1002,0.5914,0.5668
blue,0.3819,0.5469,fake-blue-center-19-6287,10,path,19,18.18,1002,0.6181,0.5469
blue,0.44430000000000003,0.4734,fake-blue-center-19-6287,11,path,19,20.0,1002,0.5557,0.4734
blue,0.5550999999999999,0.5935,fake-blue-center-19-6287,0,shot,19,7.27,1002,0.4449,0.5935
blue,0.5017,0.547,fake-blue-center-19-6287,1,shot,19,14.55,1002,0.4983,0.547
blue,0.6727000000000001,0.6624,fake-blue-right-19-4650,0,path,19,0.0,1032,0.3273,0.6624
blue,0.5997,0.7138,fake-blue-right-19-4650,1,path,19,1.82,1032,0.4003,0.7138
blue,0.5846,0.7305,fake-blue-right-19-4650,2,path,19,3.64,1032,0.4154,0.7305
blue,0.5568,0.7548,fake-blue-right-19-4650,3,path,19,5.45,1032,0.4432,0.7548
blue,0.5769,0.7504,fake-blue-right-19-4650,4,path,19,7.27,1032,0.4231,0.7504
blue,0.5593,0.7686,fake-blue-right-19-4650,5,path,19,9.09,1032,0.4407,0.7686
blue,0.5468,0.7619,fake-blue-right-19-4650,6,path,19,10.91,1032,0.4532,0.7619
blue,0.5082,0.7491,fake-blue-right-19-4650,7,path,19,12.73,1032,0.4918,0.7491
blue,0.4296,0.7602,fake-blue-right-19-4650,8,path,19,14.55,1032,0.5704,0.7602
blue,0.4246,0.7272,fake-blue-right-19-4650,9,path,19,16.36,1032,0.5754,0.7272
blue,0.398,0.7072,fake-blue-right-19-4650,10,path,19,18.18,1032,0.602,0.7072
blue,0.40969999999999995,0.6642,fake-blue-right-19-4650,11,path,19,20.0,1032,0.5903,0.6642
blue,0.5769,0.7504,fake-blue-right-19-4650,0,shot,19,7.27,1032,0.4231,0.7504
blue,0.4296,0.7602,fake-blue-right-19-4650,1,shot,19,14.55,1032,0.5704,0.7602
blue,0.6549,0.3331,fake-blue-left-19-6190,0,path,19,0.0,1034,0.3451,0.3331
blue,0.6531,0.3418,fake-blue-left-19-6190,1,path,19,1.82,1034,0.3469,0.3418
blue,0.5687,0.4001,fake-blue-left-19-6190,2,path,19,3.64,1034,0.4313,0.4001
blue,0.636,0.3673,fake-blue-left-19-6190,3,path,19,5.45,1034,0.364,0.3673
blue,0.5639000000000001,0.4182,fake-blue-left-19-6190,4,path,19,7.27,1034,0.4361,0.4182
blue,0.5651999999999999,0.4251,fake-blue-left-19-6190,5,path,19,9.09,1034,0.4348,0.4251
blue,0.5195000000000001,0.4383,fake-blue-left-19-6190,6,path,19,10.91,1034,0.4805,0.4383
blue,0.514,0.4056,fake-blue-left-19-6190,7,path,19,12.73,1034,0.486,0.4056
blue,0.44499999999999995,0.411,fake-blue-left-19-6190,8,path,19,14.55,1034,0.555,0.411
blue,0.4475,0.3735,fake-blue-left-19-6190,9,path,19,16.36,1034,0.5525,0.3735
blue,0.4514,0.3352,fake-blue-left-19-6190,10,path,19,18.18,1034,0.5486,0.3352
blue,0.3851,0.339,fake-blue-left-19-6190,11,path,19,20.0,1034,0.6149,0.339
blue,0.5639000000000001,0.4182,fake-blue-left-19-6190,0,shot,19,7.27,1034,0.4361,0.4182
blue,0.44499999999999995,0.411,fake-blue-left-19-6190,1,shot,19,14.55,1034,0.555,0.411
red,0.6511,0.4767,fake-red-center-20-7283,0,path,20,0.0,1018,0.6511,0.4767
red,0.6559,0.5156,fake-red-center-20-7283,1,path,20,1.82,1018,0.6559,0.5156
red,0.6537,0.5502,fake-red-center-20-7283,2,path,20,3.64,1018,0.6537,0.5502
red,0.6568,0.5881,fake-red-center-20-7283,3,path,20,5.45,1018,0.6568,0.5881
red,0.5658,0.5695,fake-red-center-20-7283,4,path,20,7.27,1018,0.5658,0.5695
red,0.5792,0.6135,fake-red-center-20-7283,5,path,20,9.09,1018,0.5792,0.6135
red,0.573,0.624,fake-red-center-20-7283,6,path,20,10.91,1018,0.573,0.624
red,0.5628,0.6102,fake-red-center-20-7283,7,path,20,12.73,1018,0.5628,0.6102
red,0.4566,0.5389,fake-red-center-20-7283,8,path,20,14.55,1018,0.4566,0.5389
red,0.4632,0.5352,fake-red-center-20-7283,9,path,20,16.36,1018,0.4632,0.5352
red,0.4691,0.5311,fake-red-center-20-7283,10,path,20,18.18,1018,0.4691,0.5311
red,0.4415,0.5069,fake-red-center-20-7283,11,path,20,20.0,1018,0.4415,0.5069
red,0.5658,0.5695,fake-red-center-20-7283,0,shot,20,7.27,1018,0.5658,0.5695
red,0.4566,0.5389,fake-red-center-20-7283,1,shot,20,14.55,1018,0.4566,0.5389
red,0.6619,0.3131,fake-red-left-20-4885,0,path,20,0.0,1026,0.6619,0.3131
red,0.6979,0.3707,fake-red-left-20-4885,1,path,20,1.82,1026,0.6979,0.3707
red,0.6306,0.3663,fake-red-left-20-4885,2,path,20,3.64,1026,0.6306,0.3663
red,0.5919,0.3791,fake-red-left-20-4885,3,path,20,5.45,1026,0.5919,0.3791
red,0.6158,0.4295,fake-red-left-20-4885,4,path,20,7.27,1026,0.6158,0.4295
red,0.5549,0.4289,fake-red-left-20-4885,5,path,20,9.09,1026,0.5549,0.4289
red,0.5576,0.4448,fake-red-left-20-4885,6,path,20,10.91,1026,0.5576,0.4448
red,0.5199,0.4145,fake-red-left-20-4885,7,path,20,12.73,1026,0.5199,0.4145
red,0.4745,0.3796,fake-red-left-20-4885,8,path,20,14.55,1026,0.4745,0.3796
red,0.4681,0.3682,fake-red-left-20-4885,9,path,20,16.36,1026,0.4681,0.3682
red,0.4364,0.3414,fake-red-left-20-4885,10,path,20,18.18,1026,0.4364,0.3414
red,0.3813,0.3008,fake-red-left-20-4885,11,path,20,20.0,1026,0.3813,0.3008
red,0.6158,0.4295,fake-red-left-20-4885,0,shot,20,7.27,1026,0.6158,0.4295
red,0.4745,0.3796,fake-red-left-20-4885,1,shot,20,14.55,1026,0.4745,0.3796
red,0.7099,0.3419,fake-red-left-20-5976,0,path,20,0.0,1029,0.7099,0.3419
red,0.6937,0.3682,fake-red-left-20-5976,1,path,20,1.82,1029,0.6937,0.3682
red,0.6318,0.3671,fake-red-left-20-5976,2,path,20,3.64,1029,0.6318,0.3671
red,0.6413,0.4088,fake-red-left-20-5976,3,path,20,5.45,1029,0.6413,0.4088
red,0.5788,0.4073,fake-red-left-20-5976,4,path,20,7.27,1029,0.5788,0.4073
red,0.5421,0.4213,fake-red-left-20-5976,5,path,20,9.09,1029,0.5421,0.4213
red,0.5452,0.4373,fake-red-left-20-5976,6,path,20,10.91,1029,0.5452,0.4373
red,0.4983,0.4015,fake-red-left-20-5976,7,path,20,12.73,1029,0.4983,0.4015
red,0.5275,0.4114,fake-red-left-20-5976,8,path,20,14.55,1029,0.5275,0.4114
red,0.471,0.3699,fake-red-left-20-5976,9,path,20,16.36,1029,0.471,0.3699
red,0.4479,0.3483,fake-red-left-20-5976,10,path,20,18.18,1029,0.4479,0.3483
red,0.4668,0.3521,fake-red-left-20-5976,11,path,20,20.0,1029,0.4668,0.3521
red,0.5788,0.4073,fake-red-left-20-5976,0,shot,20,7.27,1029,0.5788,0.4073
red,0.5275,0.4114,fake-red-left-20-5976,1,shot,20,14.55,1029,0.5275,0.4114
blue,0.7073,0.4716,fake-blue-center-20-9606,0,path,20,0.0,1012,0.2927,0.4716
blue,0.6415,0.5188,fake-blue-center-20-9606,1,path,20,1.82,1012,0.3585,0.5188
blue,0.6617999999999999,0.5142,fake-blue-center-20-9606,2,path,20,3.64,1012,0.3382,0.5142
blue,0.5601,0.5829,fake-blue-center-20-9606,3,path,20,5.45,1012,0.4399,0.5829
blue,0.5999,0.5666,fake-blue-center-20-9606,4,path,20,7.27,1012,0.4001,0.5666
blue,0.5291,0.6167,fake-blue-center-20-9606,5,path,20,9.09,1012,0.4709,0.6167
blue,0.5671999999999999,0.5797,fake-blue-center-20-9606,6,path,20,10.91,1012,0.4328,0.5797
blue,0.49219999999999997,0.5887,fake-blue-center-20-9606,7,path,20,12.73,1012,0.5078,0.5887
blue,0.4958,0.5505,fake-blue-center-20-9606,8,path,20,14.55,1012,0.5042,0.5505
blue,0.48040000000000005,0.5238,fake-blue-center-20-9606,9,path,20,16.36,1012,0.5196,0.5238
blue,0.4052,0.5329,fake-blue-center-20-9606,10,path,20,18.18,1012,0.5948,0.5329
blue,0.39870000000000005,0.5008,fake-blue-center-20-9606,11,path,20,20.0,1012,0.6013,0.5008
blue,0.5999,0.5666,fake-blue-center-20-9606,0,shot,20,7.27,1012,0.4001,0.5666
blue,0.4958,0.5505,fake-blue-center-20-9606,1,shot,20,14.55,1012,0.5042,0.5505
blue,0.6999,0.646,fake-blue-right-20-4840,0,path,20,0.0,1028,0.3001,0.646
blue,0.5867,0.7216,fake-blue-right-20-4840,1,path,20,1.82,1028,0.4133,0.7216
blue,0.612,0.7141,fake-blue-right-20-4840,2,path,20,3.64,1028,0.388,0.7141
blue,0.6233,0.715,fake-blue-right-20-4840,3,path,20,5.45,1028,0.3767,0.715
blue,0.5963,0.7388,fake-blue-right-20-4840,4,path,20,7.27,1028,0.4037,0.7388
blue,0.5476,0.7756,fake-blue-right-20-4840,5,path,20,9.09,1028,0.4524,0.7756
blue,0.5445,0.7633,fake-blue-right-20-4840,6,path,20,10.91,1028,0.4555,0.7633
blue,0.5287999999999999,0.7367,fake-blue-right-20-4840,7,path,20,12.73,1028,0.4712,0.7367
blue,0.4777,0.7314,fake-blue-right-20-4840,8,path,20,14.55,1028,0.5223,0.7314
blue,0.42510000000000003,0.7269,fake-blue-right-20-4840,9,path,20,16.36,1028,0.5749,0.7269
blue,0.4363,0.6842,fake-blue-right-20-4840,10,path,20,18.18,1028,0.5637,0.6842
blue,0.43810000000000004,0.6471,fake-blue-right-20-4840,11,path,20,20.0,1028,0.5619,0.6471
blue,0.5963,0.7388,fake-blue-right-20-4840,0,shot,20,7.27,1028,0.4037,0.7388
blue,0.4777,0.7314,fake-blue-right-20-4840,1,shot,20,14.55,1028,0.5223,0.7314
blue,0.6405000000000001,0.6817,fake-blue-right-20-1745,0,path,20,0.0,1035,0.3595,0.6817
blue,0.5903,0.7195,fake-blue-right-20-1745,1,path,20,1.82,1035,0.4097,0.7195
blue,0.6037,0.7191,fake-blue-right-20-1745,2,path,20,3.64,1035,0.3963,0.7191
blue,0.6306,0.7105,fake-blue-right-20-1745,3,path,20,5.45,1035,0.3694,0.7105
blue,0.5442,0.77,fake-blue-right-20-1745,4,path,20,7.27,1035,0.4558,0.77
blue,0.5703,0.762,fake-blue-right-20-1745,5,path,20,9.09,1035,0.4297,0.762
blue,0.5610999999999999,0.7533,fake-blue-right-20-1745,6,path,20,10.91,1035,0.4389,0.7533
blue,0.497,0.7558,fake-blue-right-20-1745,7,path,20,12.73,1035,0.503,0.7558
blue,0.5166,0.708,fake-blue-right-20-1745,8,path,20,14.55,1035,0.4834,0.708
blue,0.4858,0.6905,fake-blue-right-20-1745,9,path,20,16.36,1035,0.5142,0.6905
blue,0.43510000000000004,0.685,fake-blue-right-20-1745,10,path,20,18.18,1035,0.5649,0.685
blue,0.38949999999999996,0.6763,fake-blue-right-20-1745,11,path,20,20.0,1035,0.6105,0.6763
blue,0.5442,0.77,fake-blue-right-20-1745,0,shot,20,7.27,1035,0.4558,0.77
blue,0.5166,0.708,fake-blue-right-20-1745,1,shot,20,14.55,1035,0.4834,0.708
red,0.6972,0.3343,fake-red-left-21-7544,0,path,21,0.0,1001,0.6972,0.3343
red,0.6805,0.3603,fake-red-left-21-7544,1,path,21,1.82,1001,0.6805,0.3603
red,0.6698,0.3899,fake-red-left-21-7544,2,path,21,3.64,1001,0.6698,0.3899
red,0.6419,0.4091,fake-red-left-21-7544,3,path,21,5.45,1001,0.6419,0.4091
red,0.6085,0.4251,fake-red-left-21-7544,4,path,21,7.27,1001,0.6085,0.4251
red,0.5466,0.424,fake-red-left-21-7544,5,path,21,9.09,1001,0.5466,0.424
red,0.5049,0.4131,fake-red-left-21-7544,6,path,21,10.91,1001,0.5049,0.4131
red,0.5433,0.4285,fake-red-left-21-7544,7,path,21,12.73,1001,0.5433,0.4285
red,0.4981,0.3938,fake-red-left-21-7544,8,path,21,14.55,1001,0.4981,0.3938
red,0.5263,0.403,fake-red-left-21-7544,9,path,21,16.36,1001,0.5263,0.403
red,0.499,0.3791,fake-red-left-21-7544,10,path,21,18.18,1001,0.499,0.3791
red,0.4161,0.3216,fake-red-left-21-7544,11,path,21,20.0,1001,0.4161,0.3216
red,0.6085,0.4251,fake-red-left-21-7544,0,shot,21,7.27,1001,0.6085,0.4251
red,0.4981,0.3938,fake-red-left-21-7544,1,shot,21,14.55,1001,0.4981,0.3938
red,0.6464,0.3039,fake-red-left-21-9807,0,path,21,0.0,1025,0.6464,0.3039
red,0.6391,0.3355,fake-red-left-21-9807,1,path,21,1.82,1025,0.6391,0.3355
red,0.6049,0.351,fake-red-left-21-9807,2,path,21,3.64,1025,0.6049,0.351
red,0.5832,0.3739,fake-red-left-21-9807,3,path,21,5.45,1025,0.5832,0.3739
red,0.6052,0.4231,fake-red-left-21-9807,4,path,21,7.27,1025,0.6052,0.4231
red,0.619,0.4674,fake-red-left-21-9807,5,path,21,9.09,1025,0.619,0.4674
red,0.5551,0.4432,fake-red-left-21-9807,6,path,21,10.91,1025,0.5551,0.4432
red,0.548,0.4313,fake-red-left-21-9807,7,path,21,12.73,1025,0.548,0.4313
red,0.513,0.4027,fake-red-left-21-9807,8,path,21,14.55,1025,0.513,0.4027
red,0.4301,0.3453,fake-red-left-21-9807,9,path,21,16.36,1025,0.4301,0.3453
red,0.4992,0.3791,fake-red-left-21-9807,10,path,21,18.18,1025,0.4992,0.3791
red,0.4724,0.3555,fake-red-left-21-9807,11,path,21,20.0,1025,0.4724,0.3555
red,0.6052,0.4231,fake-red-left-21-9807,0,shot,21,7.27,1025,0.6052,0.4231
red,0.513,0.4027,fake-red-left-21-9807,1,shot,21,14.55,1025,0.513,0.4027
red,0.7228,0.6897,fake-red-right-21-1614,0,path,21,0.0,1033,0.7228,0.6897
red,0.671,0.6946,fake-red-right-21-1614,1,path,21,1.82,1033,0.671,0.6946
red,0.6214,0.7008,fake-red-right-21-1614,2,path,21,3.64,1033,0.6214,0.7008
red,0.6131,0.7319,fake-red-right-21-1614,3,path,21,5.45,1033,0.6131,0.7319
red,0.5537,0.7322,fake-red-right-21-1614,4,path,21,7.27,1033,0.5537,0.7322
red,0.5813,0.7848,fake-red-right-21-1614,5,path,21,9.09,1033,0.5813,0.7848
red,0.5975,0.8087,fake-red-right-21-1614,6,path,21,10.91,1033,0.5975,0.8087
red,0.5179,0.7533,fake-red-right-21-1614,7,path,21,12.73,1033,0.5179,0.7533
red,0.5431,0.7608,fake-red-right-21-1614,8,path,21,14.55,1033,0.5431,0.7608
red,0.502,0.7285,fake-red-right-21-1614,9,path,21,16.36,1033,0.502,0.7285
red,0.4236,0.6738,fake-red-right-21-1614,10,path,21,18.18,1033,0.4236,0.6738
red,0.4235,0.6661,fake-red-right-21-1614,11,path,21,20.0,1033,0.4235,0.6661
red,0.5537,0.7322,fake-red-right-21-1614,0,shot,21,7.27,1033,0.5537,0.7322
red,0.5431,0.7608,fake-red-right-21-1614,1,shot,21,14.55,1033,0.5431,0.7608
blue,0.7036,0.6439,fake-blue-right-21-9386,0,path,21,0.0,1023,0.2964,0.6439
blue,0.6151,0.7046,fake-blue-right-21-9386,1,path,21,1.82,1023,0.3849,0.7046
blue,0.6119,0.7141,fake-blue-right-21-9386,2,path,21,3.64,1023,0.3881,0.7141
blue,0.5561,0.7553,fake-blue-right-21-9386,3,path,21,5.45,1023,0.4439,0.7553
blue,0.5759000000000001,0.751,fake-blue-right-21-9386,4,path,21,7.27,1023,0.4241,0.751
blue,0.5207999999999999,0.7917,fake-blue-right-21-9386,5,path,21,9.09,1023,0.4792,0.7917
blue,0.5502,0.7599,fake-blue-right-21-9386,6,path,21,10.91,1023,0.4498,0.7599
blue,0.522,0.7408,fake-blue-right-21-9386,7,path,21,12.73,1023,0.478,0.7408
blue,0.44730000000000003,0.7496,fake-blue-right-21-9386,8,path,21,14.55,1023,0.5527,0.7496
blue,0.4958,0.6845,fake-blue-right-21-9386,9,path,21,16.36,1023,0.5042,0.6845
blue,0.4375,0.6835,fake-blue-right-21-9386,10,path,21,18.18,1023,0.5625,0.6835
blue,0.43100000000000005,0.6514,fake-blue-right-21-9386,11,path,21,20.0,1023,0.569,0.6514
blue,0.5759000000000001,0.751,fake-blue-right-21-9386,0,shot,21,7.27,1023,0.4241,0.751
blue,0.44730000000000003,0.7496,fake-blue-right-21-9386,1,shot,21,14.55,1023,0.5527,0.7496
blue,0.6999,0.3061,fake-blue-left-21-2967,0,path,21,0.0,1035,0.3001,0.3061
blue,0.6384000000000001,0.3506,fake-blue-left-21-2967,1,path,21,1.82,1035,0.3616,0.3506
blue,0.6238,0.367,fake-blue-left-21-2967,2,path,21,3.64,1035,0.3762,0.367
blue,0.5640000000000001,0.4105,fake-blue-left-21-2967,3,path,21,5.45,1035,0.436,0.4105
blue,0.5243,0.4419,fake-blue-left-21-2967,4,path,21,7.27,1035,0.4757,0.4419
blue,0.5078,0.4595,fake-blue-left-21-2967,5,path,21,9.09,1035,0.4922,0.4595
blue,0.5008,0.4495,fake-blue-left-21-2967,6,path,21,10.91,1035,0.4992,0.4495
blue,0.45409999999999995,0.4416,fake-blue-left-21-2967,7,path,21,12.73,1035,0.5459,0.4416
blue,0.503,0.3762,fake-blue-left-21-2967,8,path,21,14.55,1035,0.497,0.3762
blue,0.4556,0.3686,fake-blue-left-21-2967,9,path,21,16.36,1035,0.5444,0.3686
blue,0.44410000000000005,0.3395,fake-blue-left-21-2967,10,path,21,18.18,1035,0.5559,0.3395
blue,0.4244,0.3154,fake-blue-left-21-2967,11,path,21,20.0,1035,0.5756,0.3154
blue,0.5243,0.4419,fake-blue-left-21-2967,0,shot,21,7.27,1035,0.4757,0.4419
blue,0.503,0.3762,fake-blue-left-21-2967,1,shot,21,14.55,1035,0.497,0.3762
red,0.7396,0.5298,fake-red-center-22-2592,0,path,22,0.0,1016,0.7396,0.5298
red,0.7138,0.5503,fake-red-center-22-2592,1,path,22,1.82,1016,0.7138,0.5503
red,0.6253,0.5332,fake-red-center-22-2592,2,path,22,3.64,1016,0.6253,0.5332
red,0.595,0.551,fake-red-center-22-2592,3,path,22,5.45,1016,0.595,0.551
red,0.5552,0.5631,fake-red-center-22-2592,4,path,22,7.27,1016,0.5552,0.5631
red,0.6019,0.6272,fake-red-center-22-2592,5,path,22,9.09,1016,0.6019,0.6272
red,0.563,0.618,fake-red-center-22-2592,6,path,22,10.91,1016,0.563,0.618
red,0.4754,0.5578,fake-red-center-22-2592,7,path,22,12.73,1016,0.4754,0.5578
red,0.4599,0.5408,fake-red-center-22-2592,8,path,22,14.55,1016,0.4599,0.5408
red,0.5069,0.5614,fake-red-center-22-2592,9,path,22,16.36,1016,0.5069,0.5614
red,0.4469,0.5178,fake-red-center-22-2592,10,path,22,18.18,1016,0.4469,0.5178
red,0.476,0.5276,fake-red-center-22-2592,11,path,22,20.0,1016,0.476,0.5276
red,0.5552,0.5631,fake-red-center-22-2592,0,shot,22,7.27,1016,0.5552,0.5631
red,0.4599,0.5408,fake-red-center-22-2592,1,shot,22,14.55,1016,0.4599,0.5408
red,0.7119,0.3431,fake-red-left-22-8400,0,path,22,0.0,1004,0.7119,0.3431
red,0.6688,0.3533,fake-red-left-22-8400,1,path,22,1.82,1004,0.6688,0.3533
red,0.6605,0.3843,fake-red-left-22-8400,2,path,22,3.64,1004,0.6605,0.3843
red,0.6565,0.4179,fake-red-left-22-8400,3,path,22,5.45,1004,0.6565,0.4179
red,0.6419,0.4451,fake-red-left-22-8400,4,path,22,7.27,1004,0.6419,0.4451
red,0.5266,0.4119,fake-red-left-22-8400,5,path,22,9.09,1004,0.5266,0.4119
red,0.5597,0.446,fake-red-left-22-8400,6,path,22,10.91,1004,0.5597,0.446
red,0.4914,0.3974,fake-red-left-22-8400,7,path,22,12.73,1004,0.4914,0.3974
red,0.5144,0.4036,fake-red-left-22-8400,8,path,22,14.55,1004,0.5144,0.4036
red,0.5176,0.3979,fake-red-left-22-8400,9,path,22,16.36,1004,0.5176,0.3979
red,0.4928,0.3753,fake-red-left-22-8400,10,path,22,18.18,1004,0.4928,0.3753
red,0.4445,0.3387,fake-red-left-22-8400,11,path,22,20.0,1004,0.4445,0.3387
red,0.6419,0.4451,fake-red-left-22-8400,0,shot,22,7.27,1004,0.6419,0.4451
red,0.5144,0.4036,fake-red-left-22-8400,1,shot,22,14.55,1004,0.5144,0.4036
blue,0.6794,0.6584,fake-blue-right-22-7871,0,path,22,0.0,1030,0.3206,0.6584
blue,0.6722,0.6703,fake-blue-right-22-7871,1,path,22,1.82,1030,0.3278,0.6703
blue,0.5869,0.7291,fake-blue-right-22-7871,2,path,22,3.64,1030,0.4131,0.7291
blue,0.5589,0.7536,fake-blue-right-22-7871,3,path,22,5.45,1030,0.4411,0.7536
blue,0.6052,0.7334,fake-blue-right-22-7871,4,path,22,7.27,1030,0.3948,0.7334
blue,0.56,0.7682,fake-blue-right-22-7871,5,path,22,9.09,1030,0.44,0.7682
blue,0.5167999999999999,0.7799,fake-blue-right-22-7871,6,path,22,10.91,1030,0.4832,0.7799
blue,0.5306,0.7356,fake-blue-right-22-7871,7,path,22,12.73,1030,0.4694,0.7356
blue,0.4397,0.7542,fake-blue-right-22-7871,8,path,22,14.55,1030,0.5603,0.7542
blue,0.4615,0.7051,fake-blue-right-22-7871,9,path,22,16.36,1030,0.5385,0.7051
blue,0.3952,0.7089,fake-blue-right-22-7871,10,path,22,18.18,1030,0.6048,0.7089
blue,0.38839999999999997,0.6769,fake-blue-right-22-7871,11,path,22,20.0,1030,0.6116,0.6769
blue,0.6052,0.7334,fake-blue-right-22-7871,0,shot,22,7.27,1030,0.3948,0.7334
blue,0.4397,0.7542,fake-blue-right-22-7871,1,shot,22,14.55,1030,0.5603,0.7542
blue,0.6678,0.3253,fake-blue-left-22-2300,0,path,22,0.0,1023,0.3322,0.3253
blue,0.6127,0.366,fake-blue-left-22-2300,1,path,22,1.82,1023,0.3873,0.366
blue,0.5981000000000001,0.3824,fake-blue-left-22-2300,2,path,22,3.64,1023,0.4019,0.3824
blue,0.6013,0.3881,fake-blue-left-22-2300,3,path,22,5.45,1023,0.3987,0.3881
blue,0.5680000000000001,0.4157,fake-blue-left-22-2300,4,path,22,7.27,1023,0.432,0.4157
blue,0.49670000000000003,0.4662,fake-blue-left-22-2300,5,path,22,9.09,1023,0.5033,0.4662
blue,0.5029,0.4482,fake-blue-left-22-2300,6,path,22,10.91,1023,0.4971,0.4482
blue,0.5001,0.414,fake-blue-left-22-2300,7,path,22,12.73,1023,0.4999,0.414
blue,0.4468,0.4099,fake-blue-left-22-2300,8,path,22,14.55,1023,0.5532,0.4099
blue,0.44199999999999995,0.3768,fake-blue-left-22-2300,9,path,22,16.36,1023,0.558,0.3768
blue,0.3821,0.3768,fake-blue-left-22-2300,10,path,22,18.18,1023,0.6179,0.3768
blue,0.39380000000000004,0.3337,fake-blue-left-22-2300,11,path,22,20.0,1023,0.6062,0.3337
blue,0.5680000000000001,0.4157,fake-blue-left-22-2300,0,shot,22,7.27,1023,0.432,0.4157
blue,0.4468,0.4099,fake-blue-left-22-2300,1,shot,22,14.55,1023,0.5532,0.4099
blue,0.6577999999999999,0.6713,fake-blue-right-22-9747,0,path,22,0.0,1014,0.3422,0.6713
blue,0.6615,0.6767,fake-blue-right-22-9747,1,path,22,1.82,1014,0.3385,0.6767
blue,0.5963,0.7235,fake-blue-right-22-9747,2,path,22,3.64,1014,0.4037,0.7235
blue,0.5897,0.7351,fake-blue-right-22-9747,3,path,22,5.45,1014,0.4103,0.7351
blue,0.5543,0.7639,fake-blue-right-22-9747,4,path,22,7.27,1014,0.4457,0.7639
blue,0.5749,0.7592,fake-blue-right-22-9747,5,path,22,9.09,1014,0.4251,0.7592
blue,0.5448,0.7631,fake-blue-right-22-9747,6,path,22,10.91,1014,0.4552,0.7631
blue,0.5225,0.7405,fake-blue-right-22-9747,7,path,22,12.73,1014,0.4775,0.7405
blue,0.4887,0.7248,fake-blue-right-22-9747,8,path,22,14.55,1014,0.5113,0.7248
blue,0.42200000000000004,0.7288,fake-blue-right-22-9747,9,path,22,16.36,1014,0.578,0.7288
blue,0.374,0.7216,fake-blue-right-22-9747,10,path,22,18.18,1014,0.626,0.7216
blue,0.379,0.6826,fake-blue-right-22-9747,11,path,22,20.0,1014,0.621,0.6826
blue,0.5543,0.7639,fake-blue-right-22-9747,0,shot,22,7.27,1014,0.4457,0.7639
blue,0.4887,0.7248,fake-blue-right-22-9747,1,shot,22,14.55,1014,0.5113,0.7248
red,0.6584,0.311,fake-red-left-23-9623,0,path,23,0.0,1017,0.6584,0.311
red,0.6515,0.3429,fake-red-left-23-9623,1,path,23,1.82,1017,0.6515,0.3429
red,0.6838,0.3983,fake-red-left-23-9623,2,path,23,3.64,1017,0.6838,0.3983
red,0.6421,0.4093,fake-red-left-23-9623,3,path,23,5.45,1017,0.6421,0.4093
red,0.5686,0.4011,fake-red-left-23-9623,4,path,23,7.27,1017,0.5686,0.4011
red,0.5927,0.4516,fake-red-left-23-9623,5,path,23,9.09,1017,0.5927,0.4516
red,0.5043,0.4128,fake-red-left-23-9623,6,path,23,10.91,1017,0.5043,0.4128
red,0.502,0.4038,fake-red-left-23-9623,7,path,23,12.73,1017,0.502,0.4038
red,0.5389,0.4182,fake-red-left-23-9623,8,path,23,14.55,1017,0.5389,0.4182
red,0.5265,0.4031,fake-red-left-23-9623,9,path,23,16.36,1017,0.5265,0.4031
red,0.4294,0.3373,fake-red-left-23-9623,10,path,23,18.18,1017,0.4294,0.3373
red,0.4414,0.3369,fake-red-left-23-9623,11,path,23,20.0,1017,0.4414,0.3369
red,0.5686,0.4011,fake-red-left-23-9623,0,shot,23,7.27,1017,0.5686,0.4011
red,0.5389,0.4182,fake-red-left-23-9623,1,shot,23,14.55,1017,0.5389,0.4182
red,0.7353,0.6972,fake-red-right-23-9562,0,path,23,0.0,1015,0.7353,0.6972
red,0.6615,0.6889,fake-red-right-23-9562,1,path,23,1.82,1015,0.6615,0.6889
red,0.6842,0.7385,fake-red-right-23-9562,2,path,23,3.64,1015,0.6842,0.7385
red,0.6482,0.7529,fake-red-right-23-9562,3,path,23,5.45,1015,0.6482,0.7529
red,0.5874,0.7524,fake-red-right-23-9562,4,path,23,7.27,1015,0.5874,0.7524
red,0.5892,0.7895,fake-red-right-23-9562,5,path,23,9.09,1015,0.5892,0.7895
red,0.5781,0.7971,fake-red-right-23-9562,6,path,23,10.91,1015,0.5781,0.7971
red,0.5234,0.7566,fake-red-right-23-9562,7,path,23,12.73,1015,0.5234,0.7566
red,0.5009,0.7354,fake-red-right-23-9562,8,path,23,14.55,1015,0.5009,0.7354
red,0.4818,0.7163,fake-red-right-23-9562,9,path,23,16.36,1015,0.4818,0.7163
red,0.4507,0.69,fake-red-right-23-9562,10,path,23,18.18,1015,0.4507,0.69
red,0.4575,0.6865,fake-red-right-23-9562,11,path,23,20.0,1015,0.4575,0.6865
red,0.5874,0.7524,fake-red-right-23-9562,0,shot,23,7.27,1015,0.5874,0.7524
red,0.5009,0.7354,fake-red-right-23-9562,1,shot,23,14.55,1015,0.5009,0.7354
red,0.6572,0.3103,fake-red-left-23-1298,0,path,23,0.0,1006,0.6572,0.3103
red,0.6266,0.328,fake-red-left-23-1298,1,path,23,1.82,1006,0.6266,0.328
red,0.6111,0.3547,fake-red-left-23-1298,2,path,23,3.64,1006,0.6111,0.3547
red,0.6653,0.4232,fake-red-left-23-1298,3,path,23,5.45,1006,0.6653,0.4232
red,0.6237,0.4342,fake-red-left-23-1298,4,path,23,7.27,1006,0.6237,0.4342
red,0.5892,0.4495,fake-red-left-23-1298,5,path,23,9.09,1006,0.5892,0.4495
red,0.5351,0.4313,fake-red-left-23-1298,6,path,23,10.91,1006,0.5351,0.4313
red,0.5598,0.4384,fake-red-left-23-1298,7,path,23,12.73,1006,0.5598,0.4384
red,0.4747,0.3797,fake-red-left-23-1298,8,path,23,14.55,1006,0.4747,0.3797
red,0.4792,0.3748,fake-red-left-23-1298,9,path,23,16.36,1006,0.4792,0.3748
red,0.4906,0.374,fake-red-left-23-1298,10,path,23,18.18,1006,0.4906,0.374
red,0.4301,0.33,fake-red-left-23-1298,11,path,23,20.0,1006,0.4301,0.33
red,0.6237,0.4342,fake-red-left-23-1298,0,shot,23,7.27,1006,0.6237,0.4342
red,0.4747,0.3797,fake-red-left-23-1298,1,shot,23,14.55,1006,0.4747,0.3797
blue,0.647,0.5078,fake-blue-center-23-5453,0,path,23,0.0,1034,0.353,0.5078
blue,0.5979,0.5449,fake-blue-center-23-5453,1,path,23,1.82,1034,0.4021,0.5449
blue,0.6344000000000001,0.5306,fake-blue-center-23-5453,2,path,23,3.64,1034,0.3656,0.5306
blue,0.5673,0.5785,fake-blue-center-23-5453,3,path,23,5.45,1034,0.4327,0.5785
blue,0.5921000000000001,0.5713,fake-blue-center-23-5453,4,path,23,7.27,1034,0.4079,0.5713
blue,0.5364,0.6124,fake-blue-center-23-5453,5,path,23,9.09,1034,0.4636,0.6124
blue,0.5437000000000001,0.5938,fake-blue-center-23-5453,6,path,23,10.91,1034,0.4563,0.5938
blue,0.45509999999999995,0.6109,fake-blue-center-23-5453,7,path,23,12.73,1034,0.5449,0.6109
blue,0.4998,0.5481,fake-blue-center-23-5453,8,path,23,14.55,1034,0.5002,0.5481
blue,0.43579999999999997,0.5505,fake-blue-center-23-5453,9,path,23,16.36,1034,0.5642,0.5505
blue,0.38029999999999997,0.5478,fake-blue-center-23-5453,10,path,23,18.18,1034,0.6197,0.5478
blue,0.4232,0.4861,fake-blue-center-23-5453,11,path,23,20.0,1034,0.5768,0.4861
blue,0.5921000000000001,0.5713,fake-blue-center-23-5453,0,shot,23,7.27,1034,0.4079,0.5713
blue,0.4998,0.5481,fake-blue-center-23-5453,1,shot,23,14.55,1034,0.5002,0.5481
blue,0.6521,0.3348,fake-blue-left-23-3704,0,path,23,0.0,1029,0.3479,0.3348
blue,0.642,0.3484,fake-blue-left-23-3704,1,path,23,1.82,1029,0.358,0.3484
blue,0.5916,0.3863,fake-blue-left-23-3704,2,path,23,3.64,1029,0.4084,0.3863
blue,0.5584,0.4138,fake-blue-left-23-3704,3,path,23,5.45,1029,0.4416,0.4138
blue,0.6028,0.3948,fake-blue-left-23-3704,4,path,23,7.27,1029,0.3972,0.3948
blue,0.5831,0.4144,fake-blue-left-23-3704,5,path,23,9.09,1029,0.4169,0.4144
blue,0.49119999999999997,0.4553,fake-blue-left-23-3704,6,path,23,10.91,1029,0.5088,0.4553
blue,0.47319999999999995,0.4301,fake-blue-left-23-3704,7,path,23,12.73,1029,0.5268,0.4301
blue,0.5197,0.3662,fake-blue-left-23-3704,8,path,23,14.55,1029,0.4803,0.3662
blue,0.4104,0.3958,fake-blue-left-23-3704,9,path,23,16.36,1029,0.5896,0.3958
blue,0.4194,0.3543,fake-blue-left-23-3704,10,path,23,18.18,1029,0.5806,0.3543
blue,0.3679,0.3493,fake-blue-left-23-3704,11,path,23,20.0,1029,0.6321,0.3493
blue,0.6028,0.3948,fake-blue-left-23-3704,0,shot,23,7.27,1029,0.3972,0.3948
blue,0.5197,0.3662,fake-blue-left-23-3704,1,shot,23,14.55,1029,0.4803,0.3662
blue,0.622,0.3528,fake-blue-left-23-6714,0,path,23,0.0,1014,0.378,0.3528
blue,0.6507000000000001,0.3432,fake-blue-left-23-6714,1,path,23,1.82,1014,0.3493,0.3432
blue,0.5817,0.3922,fake-blue-left-23-6714,2,path,23,3.64,1014,0.4183,0.3922
blue,0.5627,0.4113,fake-blue-left-23-6714,3,path,23,5.45,1014,0.4373,0.4113
blue,0.5258,0.4411,fake-blue-left-23-6714,4,path,23,7.27,1014,0.4742,0.4411
blue,0.493,0.4684,fake-blue-left-23-6714,5,path,23,9.09,1014,0.507,0.4684
blue,0.5608,0.4135,fake-blue-left-23-6714,6,path,23,10.91,1014,0.4392,0.4135
blue,0.45620000000000005,0.4403,fake-blue-left-23-6714,7,path,23,12.73,1014,0.5438,0.4403
blue,0.46709999999999996,0.3978,fake-blue-left-23-6714,8,path,23,14.55,1014,0.5329,0.3978
blue,0.40790000000000004,0.3973,fake-blue-left-23-6714,9,path,23,16.36,1014,0.5921,0.3973
blue,0.40269999999999995,0.3644,fake-blue-left-23-6714,10,path,23,18.18,1014,0.5973,0.3644
blue,0.3981,0.3311,fake-blue-left-23-6714,11,path,23,20.0,1014,0.6019,0.3311
blue,0.5258,0.4411,fake-blue-left-23-6714,0,shot,23,7.27,1014,0.4742,0.4411
blue,0.46709999999999996,0.3978,fake-blue-left-23-6714,1,shot,23,14.55,1014,0.5329,0.3978
red,0.739,0.5294,fake-red-center-24-7903,0,path,24,0.0,1031,0.739,0.5294
red,0.6316,0.501,fake-red-center-24-7903,1,path,24,1.82,1031,0.6316,0.501
red,0.639,0.5414,fake-red-center-24-7903,2,path,24,3.64,1031,0.639,0.5414
red,0.5848,0.5449,fake-red-center-24-7903,3,path,24,5.45,1031,0.5848,0.5449
red,0.6307,0.6084,fake-red-center-24-7903,4,path,24,7.27,1031,0.6307,0.6084
red,0.5526,0.5976,fake-red-center-24-7903,5,path,24,9.09,1031,0.5526,0.5976
red,0.5445,0.6069,fake-red-center-24-7903,6,path,24,10.91,1031,0.5445,0.6069
red,0.5489,0.6019,fake-red-center-24-7903,7,path,24,12.73,1031,0.5489,0.6019
red,0.4797,0.5527,fake-red-center-24-7903,8,path,24,14.55,1031,0.4797,0.5527
red,0.4869,0.5494,fake-red-center-24-7903,9,path,24,16.36,1031,0.4869,0.5494
red,0.4256,0.505,fake-red-center-24-7903,10,path,24,18.18,1031,0.4256,0.505
red,0.47,0.524,fake-red-center-24-7903,11,path,24,20.0,1031,0.47,0.524
red,0.6307,0.6084,fake-red-center-24-7903,0,shot,24,7.27,1031,0.6307,0.6084
red,0.4797,0.5527,fake-red-center-24-7903,1,shot,24,14.55,1031,0.4797,0.5527
red,0.7364,0.6979,fake-red-right-24-4574,0,path,24,0.0,1026,0.7364,0.6979
red,0.6785,0.6991,fake-red-right-24-4574,1,path,24,1.82,1026,0.6785,0.6991
red,0.6422,0.7133,fake-red-right-24-4574,2,path,24,3.64,1026,0.6422,0.7133
red,0.6379,0.7467,fake-red-right-24-4574,3,path,24,5.45,1026,0.6379,0.7467
red,0.5804,0.7482,fake-red-right-24-4574,4,path,24,7.27,1026,0.5804,0.7482
red,0.5711,0.7787,fake-red-right-24-4574,5,path,24,9.09,1026,0.5711,0.7787
red,0.5766,0.7961,fake-red-right-24-4574,6,path,24,10.91,1026,0.5766,0.7961
red,0.5136,0.7507,fake-red-right-24-4574,7,path,24,12.73,1026,0.5136,0.7507
red,0.5152,0.744,fake-red-right-24-4574,8,path,24,14.55,1026,0.5152,0.744
red,0.4954,0.7245,fake-red-right-24-4574,9,path,24,16.36,1026,0.4954,0.7245
red,0.5004,0.7199,fake-red-right-24-4574,10,path,24,18.18,1026,0.5004,0.7199
red,0.3805,0.6403,fake-red-right-24-4574,11,path,24,20.0,1026,0.3805,0.6403
red,0.5804,0.7482,fake-red-right-24-4574,0,shot,24,7.27,1026,0.5804,0.7482
red,0.5152,0.744,fake-red-right-24-4574,1,shot,24,14.55,1026,0.5152,0.744
red,0.6415,0.3009,fake-red-left-24-2049,0,path,24,0.0,1016,0.6415,0.3009
red,0.6492,0.3415,fake-red-left-24-2049,1,path,24,1.82,1016,0.6492,0.3415
red,0.67,0.39,fake-red-left-24-2049,2,path,24,3.64,1016,0.67,0.39
red,0.6103,0.3902,fake-red-left-24-2049,3,path,24,5.45,1016,0.6103,0.3902
red,0.5795,0.4077,fake-red-left-24-2049,4,path,24,7.27,1016,0.5795,0.4077
red,0.5912,0.4507,fake-red-left-24-2049,5,path,24,9.09,1016,0.5912,0.4507
red,0.5265,0.4261,fake-red-left-24-2049,6,path,24,10.91,1016,0.5265,0.4261
red,0.496,0.4001,fake-red-left-24-2049,7,path,24,12.73,1016,0.496,0.4001
red,0.4598,0.3708,fake-red-left-24-2049,8,path,24,14.55,1016,0.4598,0.3708
red,0.4506,0.3576,fake-red-left-24-2049,9,path,24,16.36,1016,0.4506,0.3576
red,0.4715,0.3626,fake-red-left-24-2049,10,path,24,18.18,1016,0.4715,0.3626
red,0.4672,0.3523,fake-red-left-24-2049,11,path,24,20.0,1016,0.4672,0.3523
red,0.5795,0.4077,fake-red-left-24-2049,0,shot,24,7.27,1016,0.5795,0.4077
red,0.4598,0.3708,fake-red-left-24-2049,1,shot,24,14.55,1016,0.4598,0.3708
blue,0.6847,0.3152,fake-blue-left-24-9546,0,path,24,0.0,1007,0.3153,0.3152
blue,0.6142000000000001,0.3651,fake-blue-left-24-9546,1,path,24,1.82,1007,0.3858,0.3651
blue,0.6455,0.354,fake-blue-left-24-9546,2,path,24,3.64,1007,0.3545,0.354
blue,0.6328,0.3693,fake-blue-left-24-9546,3,path,24,5.45,1007,0.3672,0.3693
blue,0.5771999999999999,0.4102,fake-blue-left-24-9546,4,path,24,7.27,1007,0.4228,0.4102
blue,0.5530999999999999,0.4323,fake-blue-left-24-9546,5,path,24,9.09,1007,0.4469,0.4323
blue,0.5334,0.43,fake-blue-left-24-9546,6,path,24,10.91,1007,0.4666,0.43
blue,0.4989,0.4147,fake-blue-left-24-9546,7,path,24,12.73,1007,0.5011,0.4147
blue,0.505,0.375,fake-blue-left-24-9546,8,path,24,14.55,1007,0.495,0.375
blue,0.4808,0.3535,fake-blue-left-24-9546,9,path,24,16.36,1007,0.5192,0.3535
blue,0.38970000000000005,0.3722,fake-blue-left-24-9546,10,path,24,18.18,1007,0.6103,0.3722
blue,0.3638,0.3517,fake-blue-left-24-9546,11,path,24,20.0,1007,0.6362,0.3517
blue,0.5771999999999999,0.4102,fake-blue-left-24-9546,0,shot,24,7.27,1007,0.4228,0.4102
blue,0.505,0.375,fake-blue-left-24-9546,1,shot,24,14.55,1007,0.495,0.375
blue,0.6496,0.6762,fake-blue-right-24-3197,0,path,24,0.0,1022,0.3504,0.6762
blue,0.649,0.6842,fake-blue-right-24-3197,1,path,24,1.82,1022,0.351,0.6842
blue,0.5749,0.7363,fake-blue-right-24-3197,2,path,24,3.64,1022,0.4251,0.7363
blue,0.6031,0.7271,fake-blue-right-24-3197,3,path,24,5.45,1022,0.3969,0.7271
blue,0.5922000000000001,0.7412,fake-blue-right-24-3197,4,path,24,7.27,1022,0.4078,0.7412
blue,0.505,0.8012,fake-blue-right-24-3197,5,path,24,9.09,1022,0.495,0.8012
blue,0.48529999999999995,0.7988,fake-blue-right-24-3197,6,path,24,10.91,1022,0.5147,0.7988
blue,0.5353,0.7328,fake-blue-right-24-3197,7,path,24,12.73,1022,0.4647,0.7328
blue,0.47219999999999995,0.7347,fake-blue-right-24-3197,8,path,24,14.55,1022,0.5278,0.7347
blue,0.45489999999999997,0.709,fake-blue-right-24-3197,9,path,24,16.36,1022,0.5451,0.709
blue,0.4315,0.6871,fake-blue-right-24-3197,10,path,24,18.18,1022,0.5685,0.6871
blue,0.4437,0.6438,fake-blue-right-24-3197,11,path,24,20.0,1022,0.5563,0.6438
blue,0.5922000000000001,0.7412,fake-blue-right-24-3197,0,shot,24,7.27,1022,0.4078,0.7412
blue,0.47219999999999995,0.7347,fake-blue-right-24-3197,1,shot,24,14.55,1022,0.5278,0.7347
blue,0.6923,0.4806,fake-blue-center-24-6723,0,path,24,0.0,1019,0.3077,0.4806
blue,0.589,0.5503,fake-blue-center-24-6723,1,path,24,1.82,1019,0.411,0.5503
blue,0.6205,0.539,fake-blue-center-24-6723,2,path,24,3.64,1019,0.3795,0.539
blue,0.5676,0.5783,fake-blue-center-24-6723,3,path,24,5.45,1019,0.4324,0.5783
blue,0.5601,0.5905,fake-blue-center-24-6723,4,path,24,7.27,1019,0.4399,0.5905
blue,0.5581,0.5994,fake-blue-center-24-6723,5,path,24,9.09,1019,0.4419,0.5994
blue,0.5002,0.6199,fake-blue-center-24-6723,6,path,24,10.91,1019,0.4998,0.6199
blue,0.5017,0.583,fake-blue-center-24-6723,7,path,24,12.73,1019,0.4983,0.583
blue,0.43679999999999997,0.5859,fake-blue-center-24-6723,8,path,24,14.55,1019,0.5632,0.5859
blue,0.45709999999999995,0.5378,fake-blue-center-24-6723,9,path,24,16.36,1019,0.5429,0.5378
blue,0.4223,0.5226,fake-blue-center-24-6723,10,path,24,18.18,1019,0.5777,0.5226
blue,0.4023,0.4986,fake-blue-center-24-6723,11,path,24,20.0,1019,0.5977,0.4986
blue,0.5601,0.5905,fake-blue-center-24-6723,0,shot,24,7.27,1019,0.4399,0.5905
blue,0.43679999999999997,0.5859,fake-blue-center-24-6723,1,shot,24,14.55,1019,0.5632,0.5859
red,0.693,0.6718,fake-red-right-25-4040,0,path,25,0.0,1002,0.693,0.6718
red,0.631,0.6706,fake-red-right-25-4040,1,path,25,1.82,1002,0.631,0.6706
red,0.6395,0.7117,fake-red-right-25-4040,2,path,25,3.64,1002,0.6395,0.7117
red,0.5913,0.7188,fake-red-right-25-4040,3,path,25,5.45,1002,0.5913,0.7188
red,0.5659,0.7396,fake-red-right-25-4040,4,path,25,7.27,1002,0.5659,0.7396
red,0.5604,0.7722,fake-red-right-25-4040,5,path,25,9.09,1002,0.5604,0.7722
red,0.5169,0.7604,fake-red-right-25-4040,6,path,25,10.91,1002,0.5169,0.7604
red,0.5617,0.7796,fake-red-right-25-4040,7,path,25,12.73,1002,0.5617,0.7796
red,0.5149,0.7439,fake-red-right-25-4040,8,path,25,14.55,1002,0.5149,0.7439
red,0.5005,0.7276,fake-red-right-25-4040,9,path,25,16.36,1002,0.5005,0.7276
red,0.4912,0.7144,fake-red-right-25-4040,10,path,25,18.18,1002,0.4912,0.7144
red,0.4097,0.6578,fake-red-right-25-4040,11,path,25,20.0,1002,0.4097,0.6578
red,0.5659,0.7396,fake-red-right-25-4040,0,shot,25,7.27,1002,0.5659,0.7396
red,0.5149,0.7439,fake-red-right-25-4040,1,shot,25,14.55,1002,0.5149,0.7439
red,0.6873,0.4984,fake-red-center-25-3096,0,path,25,0.0,1011,0.6873,0.4984
red,0.6376,0.5046,fake-red-center-25-3096,1,path,25,1.82,1011,0.6376,0.5046
red,0.6488,0.5473,fake-red-center-25-3096,2,path,25,3.64,1011,0.6488,0.5473
red,0.6235,0.5681,fake-red-center-25-3096,3,path,25,5.45,1011,0.6235,0.5681
red,0.6185,0.6011,fake-red-center-25-3096,4,path,25,7.27,1011,0.6185,0.6011
red,0.6149,0.6349,fake-red-center-25-3096,5,path,25,9.09,1011,0.6149,0.6349
red,0.5427,0.6058,fake-red-center-25-3096,6,path,25,10.91,1011,0.5427,0.6058
red,0.5379,0.5953,fake-red-center-25-3096,7,path,25,12.73,1011,0.5379,0.5953
red,0.5249,0.5798,fake-red-center-25-3096,8,path,25,14.55,1011,0.5249,0.5798
red,0.4969,0.5554,fake-red-center-25-3096,9,path,25,16.36,1011,0.4969,0.5554
red,0.4263,0.5054,fake-red-center-25-3096,10,path,25,18.18,1011,0.4263,0.5054
red,0.3807,0.4704,fake-red-center-25-3096,11,path,25,20.0,1011,0.3807,0.4704
red,0.6185,0.6011,fake-red-center-25-3096,0,shot,25,7.27,1011,0.6185,0.6011
red,0.5249,0.5798,fake-red-center-25-3096,1,shot,25,14.55,1011,0.5249,0.5798
red,0.6598,0.3119,fake-red-left-25-7842,0,path,25,0.0,1021,0.6598,0.3119
red,0.617,0.3222,fake-red-left-25-7842,1,path,25,1.82,1021,0.617,0.3222
red,0.6614,0.3848,fake-red-left-25-7842,2,path,25,3.64,1021,0.6614,0.3848
red,0.638,0.4068,fake-red-left-25-7842,3,path,25,5.45,1021,0.638,0.4068
red,0.6326,0.4396,fake-red-left-25-7842,4,path,25,7.27,1021,0.6326,0.4396
red,0.5501,0.4261,fake-red-left-25-7842,5,path,25,9.09,1021,0.5501,0.4261
red,0.5416,0.4351,fake-red-left-25-7842,6,path,25,10.91,1021,0.5416,0.4351
red,0.5158,0.412,fake-red-left-25-7842,7,path,25,12.73,1021,0.5158,0.412
red,0.5212,0.4076,fake-red-left-25-7842,8,path,25,14.55,1021,0.5212,0.4076
red,0.4547,0.3601,fake-red-left-25-7842,9,path,25,16.36,1021,0.4547,0.3601
red,0.4771,0.3659,fake-red-left-25-7842,10,path,25,18.18,1021,0.4771,0.3659
red,0.4381,0.3348,fake-red-left-25-7842,11,path,25,20.0,1021,0.4381,0.3348
red,0.6326,0.4396,fake-red-left-25-7842,0,shot,25,7.27,1021,0.6326,0.4396
red,0.5212,0.4076,fake-red-left-25-7842,1,shot,25,14.55,1021,0.5212,0.4076
blue,0.6605,0.4997,fake-blue-center-25-2924,0,path,25,0.0,1000,0.3395,0.4997
blue,0.636,0.522,fake-blue-center-25-2924,1,path,25,1.82,1000,0.364,0.522
blue,0.5987,0.5521,fake-blue-center-25-2924,2,path,25,3.64,1000,0.4013,0.5521
blue,0.5996,0.5592,fake-blue-center-25-2924,3,path,25,5.45,1000,0.4004,0.5592
blue,0.5581,0.5917,fake-blue-center-25-2924,4,path,25,7.27,1000,0.4419,0.5917
blue,0.5741,0.5897,fake-blue-center-25-2924,5,path,25,9.09,1000,0.4259,0.5897
blue,0.5244,0.6053,fake-blue-center-25-2924,6,path,25,10.91,1000,0.4756,0.6053
blue,0.4971,0.5857,fake-blue-center-25-2924,7,path,25,12.73,1000,0.5029,0.5857
blue,0.5066999999999999,0.544,fake-blue-center-25-2924,8,path,25,14.55,1000,0.4933,0.544
blue,0.41800000000000004,0.5612,fake-blue-center-25-2924,9,path,25,16.36,1000,0.582,0.5612
blue,0.4253,0.5208,fake-blue-center-25-2924,10,path,25,18.18,1000,0.5747,0.5208
blue,0.3962,0.5023,fake-blue-center-25-2924,11,path,25,20.0,1000,0.6038,0.5023
blue,0.5581,0.5917,fake-blue-center-25-2924,0,shot,25,7.27,1000,0.4419,0.5917
blue,0.5066999999999999,0.544,fake-blue-center-25-2924,1,shot,25,14.55,1000,0.4933,0.544
blue,0.6517999999999999,0.6749,fake-blue-right-25-4155,0,path,25,0.0,1001,0.3482,0.6749
blue,0.6211,0.701,fake-blue-right-25-4155,1,path,25,1.82,1001,0.3789,0.701
blue,0.6295,0.7035,fake-blue-right-25-4155,2,path,25,3.64,1001,0.3705,0.7035
blue,0.5438000000000001,0.7627,fake-blue-right-25-4155,3,path,25,5.45,1001,0.4562,0.7627
blue,0.5311,0.7779,fake-blue-right-25-4155,4,path,25,7.27,1001,0.4689,0.7779
blue,0.5439,0.7778,fake-blue-right-25-4155,5,path,25,9.09,1001,0.4561,0.7778
blue,0.4847,0.7992,fake-blue-right-25-4155,6,path,25,10.91,1001,0.5153,0.7992
blue,0.5211,0.7413,fake-blue-right-25-4155,7,path,25,12.73,1001,0.4789,0.7413
blue,0.5138,0.7097,fake-blue-right-25-4155,8,path,25,14.55,1001,0.4862,0.7097
blue,0.46140000000000003,0.7052,fake-blue-right-25-4155,9,path,25,16.36,1001,0.5386,0.7052
blue,0.4599,0.67,fake-blue-right-25-4155,10,path,25,18.18,1001,0.5401,0.67
blue,0.3913,0.6752,fake-blue-right-25-4155,11,path,25,20.0,1001,0.6087,0.6752
blue,0.5311,0.7779,fake-blue-right-25-4155,0,shot,25,7.27,1001,0.4689,0.7779
blue,0.5138,0.7097,fake-blue-right-25-4155,1,shot,25,14.55,1001,0.4862,0.7097
red,0.6895,0.4997,fake-red-center-26-7898,0,path,26,0.0,1022,0.6895,0.4997
red,0.7047,0.5448,fake-red-center-26-7898,1,path,26,1.82,1022,0.7047,0.5448
red,0.5974,0.5164,fake-red-center-26-7898,2,path,26,3.64,1022,0.5974,0.5164
red,0.6151,0.563,fake-red-center-26-7898,3,path,26,5.45,1022,0.6151,0.563
red,0.5898,0.5839,fake-red-center-26-7898,4,path,26,7.27,1022,0.5898,0.5839
red,0.619,0.6374,fake-red-center-26-7898,5,path,26,9.09,1022,0.619,0.6374
red,0.5654,0.6194,fake-red-center-26-7898,6,path,26,10.91,1022,0.5654,0.6194
red,0.5478,0.6012,fake-red-center-26-7898,7,path,26,12.73,1022,0.5478,0.6012
red,0.4969,0.563,fake-red-center-26-7898,8,path,26,14.55,1022,0.4969,0.563
red,0.4584,0.5323,fake-red-center-26-7898,9,path,26,16.36,1022,0.4584,0.5323
red,0.4886,0.5428,fake-red-center-26-7898,10,path,26,18.18,1022,0.4886,0.5428
red,0.4292,0.4995,fake-red-center-26-7898,11,path,26,20.0,1022,0.4292,0.4995
red,0.5898,0.5839,fake-red-center-26-7898,0,shot,26,7.27,1022,0.5898,0.5839
red,0.4969,0.563,fake-red-center-26-7898,1,shot,26,14.55,1022,0.4969,0.563
red,0.663,0.6538,fake-red-right-26-4302,0,path,26,0.0,1010,0.663,0.6538
red,0.6428,0.6777,fake-red-right-26-4302,1,path,26,1.82,1010,0.6428,0.6777
red,0.633,0.7078,fake-red-right-26-4302,2,path,26,3.64,1010,0.633,0.7078
red,0.6586,0.7592,fake-red-right-26-4302,3,path,26,5.45,1010,0.6586,0.7592
red,0.6444,0.7867,fake-red-right-26-4302,4,path,26,7.27,1010,0.6444,0.7867
red,0.5324,0.7555,fake-red-right-26-4302,5,path,26,9.09,1010,0.5324,0.7555
red,0.5376,0.7727,fake-red-right-26-4302,6,path,26,10.91,1010,0.5376,0.7727
red,0.5379,0.7653,fake-red-right-26-4302,7,path,26,12.73,1010,0.5379,0.7653
red,0.5156,0.7442,fake-red-right-26-4302,8,path,26,14.55,1010,0.5156,0.7442
red,0.4374,0.6897,fake-red-right-26-4302,9,path,26,16.36,1010,0.4374,0.6897
red,0.4843,0.7102,fake-red-right-26-4302,10,path,26,18.18,1010,0.4843,0.7102
red,0.4324,0.6714,fake-red-right-26-4302,11,path,26,20.0,1010,0.4324,0.6714
red,0.6444,0.7867,fake-red-right-26-4302,0,shot,26,7.27,1010,0.6444,0.7867
red,0.5156,0.7442,fake-red-right-26-4302,1,shot,26,14.55,1010,0.5156,0.7442
red,0.7394,0.6996,fake-red-right-26-8515,0,path,26,0.0,1003,0.7394,0.6996
red,0.7055,0.7153,fake-red-right-26-8515,1,path,26,1.82,1003,0.7055,0.7153
red,0.6733,0.732,fake-red-right-26-8515,2,path,26,3.64,1003,0.6733,0.732
red,0.6041,0.7265,fake-red-right-26-8515,3,path,26,5.45,1003,0.6041,0.7265
red,0.59,0.754,fake-red-right-26-8515,4,path,26,7.27,1003,0.59,0.754
red,0.5784,0.7831,fake-red-right-26-8515,5,path,26,9.09,1003,0.5784,0.7831
red,0.56,0.7862,fake-red-right-26-8515,6,path,26,10.91,1003,0.56,0.7862
red,0.5198,0.7544,fake-red-right-26-8515,7,path,26,12.73,1003,0.5198,0.7544
red,0.5308,0.7534,fake-red-right-26-8515,8,path,26,14.55,1003,0.5308,0.7534
red,0.5197,0.7391,fake-red-right-26-8515,9,path,26,16.36,1003,0.5197,0.7391
red,0.485,0.7106,fake-red-right-26-8515,10,path,26,18.18,1003,0.485,0.7106
red,0.4721,0.6953,fake-red-right-26-8515,11,path,26,20.0,1003,0.4721,0.6953
red,0.59,0.754,fake-red-right-26-8515,0,shot,26,7.27,1003,0.59,0.754
red,0.5308,0.7534,fake-red-right-26-8515,1,shot,26,14.55,1003,0.5308,0.7534
blue,0.7015,0.4751,fake-blue-center-26-9687,0,path,26,0.0,1009,0.2985,0.4751
blue,0.5952,0.5465,fake-blue-center-26-9687,1,path,26,1.82,1009,0.4048,0.5465
blue,0.6502,0.5211,fake-blue-center-26-9687,2,path,26,3.64,1009,0.3498,0.5211
blue,0.5766,0.5729,fake-blue-center-26-9687,3,path,26,5.45,1009,0.4234,0.5729
blue,0.556,0.593,fake-blue-center-26-9687,4,path,26,7.27,1009,0.444,0.593
blue,0.5689,0.5929,fake-blue-center-26-9687,5,path,26,9.09,1009,0.4311,0.5929
blue,0.47309999999999997,0.6361,fake-blue-center-26-9687,6,path,26,10.91,1009,0.5269,0.6361
blue,0.4447,0.6172,fake-blue-center-26-9687,7,path,26,12.73,1009,0.5553,0.6172
blue,0.48819999999999997,0.5551,fake-blue-center-26-9687,8,path,26,14.55,1009,0.5118,0.5551
blue,0.49139999999999995,0.5172,fake-blue-center-26-9687,9,path,26,16.36,1009,0.5086,0.5172
blue,0.40159999999999996,0.535,fake-blue-center-26-9687,10,path,26,18.18,1009,0.5984,0.535
blue,0.3661,0.5203,fake-blue-center-26-9687,11,path,26,20.0,1009,0.6339,0.5203
blue,0.556,0.593,fake-blue-center-26-9687,0,shot,26,7.27,1009,0.444,0.593
blue,0.48819999999999997,0.5551,fake-blue-center-26-9687,1,shot,26,14.55,1009,0.5118,0.5551
blue,0.6585,0.3309,fake-blue-left-26-3446,0,path,26,0.0,1026,0.3415,0.3309
blue,0.6093999999999999,0.368,fake-blue-left-26-3446,1,path,26,1.82,1026,0.3906,0.368
blue,0.5758,0.3958,fake-blue-left-26-3446,2,path,26,3.64,1026,0.4242,0.3958
blue,0.6172,0.3786,fake-blue-left-26-3446,3,path,26,5.45,1026,0.3828,0.3786
blue,0.5891,0.4031,fake-blue-left-26-3446,4,path,26,7.27,1026,0.4109,0.4031
blue,0.5165,0.4543,fake-blue-left-26-3446,5,path,26,9.09,1026,0.4835,0.4543
blue,0.5601,0.4139,fake-blue-left-26-3446,6,path,26,10.91,1026,0.4399,0.4139
blue,0.5302,0.3959,fake-blue-left-26-3446,7,path,26,12.73,1026,0.4698,0.3959
blue,0.4767,0.392,fake-blue-left-26-3446,8,path,26,14.55,1026,0.5233,0.392
blue,0.43489999999999995,0.3811,fake-blue-left-26-3446,9,path,26,16.36,1026,0.5651,0.3811
blue,0.46299999999999997,0.3282,fake-blue-left-26-3446,10,path,26,18.18,1026,0.537,0.3282
blue,0.37160000000000004,0.347,fake-blue-left-26-3446,11,path,26,20.0,1026,0.6284,0.347
blue,0.5891,0.4031,fake-blue-left-26-3446,0,shot,26,7.27,1026,0.4109,0.4031
blue,0.4767,0.392,fake-blue-left-26-3446,1,shot,26,14.55,1026,0.5233,0.392
blue,0.6278,0.6893,fake-blue-right-26-4640,0,path,26,0.0,1018,0.3722,0.6893
blue,0.6779999999999999,0.6668,fake-blue-right-26-4640,1,path,26,1.82,1018,0.322,0.6668
blue,0.6321,0.702,fake-blue-right-26-4640,2,path,26,3.64,1018,0.3679,0.702
blue,0.5495,0.7592,fake-blue-right-26-4640,3,path,26,5.45,1018,0.4505,0.7592
blue,0.6039,0.7342,fake-blue-right-26-4640,4,path,26,7.27,1018,0.3961,0.7342
blue,0.5467,0.7761,fake-blue-right-26-4640,5,path,26,9.09,1018,0.4533,0.7761
blue,0.5517000000000001,0.759,fake-blue-right-26-4640,6,path,26,10.91,1018,0.4483,0.759
blue,0.47130000000000005,0.7712,fake-blue-right-26-4640,7,path,26,12.73,1018,0.5287,0.7712
blue,0.43379999999999996,0.7577,fake-blue-right-26-4640,8,path,26,14.55,1018,0.5662,0.7577
blue,0.44279999999999997,0.7163,fake-blue-right-26-4640,9,path,26,16.36,1018,0.5572,0.7163
blue,0.4131,0.6981,fake-blue-right-26-4640,10,path,26,18.18,1018,0.5869,0.6981
blue,0.40669999999999995,0.666,fake-blue-right-26-4640,11,path,26,20.0,1018,0.5933,0.666
blue,0.6039,0.7342,fake-blue-right-26-4640,0,shot,26,7.27,1018,0.3961,0.7342
blue,0.43379999999999996,0.7577,fake-blue-right-26-4640,1,shot,26,14.55,1018,0.5662,0.7577
red,0.7044,0.6786,fake-red-right-27-5571,0,path,27,0.0,1012,0.7044,0.6786
red,0.6547,0.6848,fake-red-right-27-5571,1,path,27,1.82,1012,0.6547,0.6848
red,0.6264,0.7038,fake-red-right-27-5571,2,path,27,3.64,1012,0.6264,0.7038
red,0.5726,0.7076,fake-red-right-27-5571,3,path,27,5.45,1012,0.5726,0.7076
red,0.5831,0.7498,fake-red-right-27-5571,4,path,27,7.27,1012,0.5831,0.7498
red,0.6196,0.8078,fake-red-right-27-5571,5,path,27,9.09,1012,0.6196,0.8078
red,0.5656,0.7895,fake-red-right-27-5571,6,path,27,10.91,1012,0.5656,0.7895
red,0.5484,0.7716,fake-red-right-27-5571,7,path,27,12.73,1012,0.5484,0.7716
red,0.4594,0.7106,fake-red-right-27-5571,8,path,27,14.55,1012,0.4594,0.7106
red,0.5042,0.7298,fake-red-right-27-5571,9,path,27,16.36,1012,0.5042,0.7298
red,0.4699,0.7016,fake-red-right-27-5571,10,path,27,18.18,1012,0.4699,0.7016
red,0.4607,0.6884,fake-red-right-27-5571,11,path,27,20.0,1012,0.4607,0.6884
red,0.5831,0.7498,fake-red-right-27-5571,0,shot,27,7.27,1012,0.5831,0.7498
red,0.4594,0.7106,fake-red-right-27-5571,1,shot,27,14.55,1012,0.4594,0.7106
red,0.6936,0.5021,fake-red-center-27-4831,0,path,27,0.0,1018,0.6936,0.5021
red,0.7018,0.5431,fake-red-center-27-4831,1,path,27,1.82,1018,0.7018,0.5431
red,0.6815,0.5669,fake-red-center-27-4831,2,path,27,3.64,1018,0.6815,0.5669
red,0.5696,0.5358,fake-red-center-27-4831,3,path,27,5.45,1018,0.5696,0.5358
red,0.591,0.5846,fake-red-center-27-4831,4,path,27,7.27,1018,0.591,0.5846
red,0.6038,0.6283,fake-red-center-27-4831,5,path,27,9.09,1018,0.6038,0.6283
red,0.5921,0.6354,fake-red-center-27-4831,6,path,27,10.91,1018,0.5921,0.6354
red,0.5705,0.6148,fake-red-center-27-4831,7,path,27,12.73,1018,0.5705,0.6148
red,0.4758,0.5504,fake-red-center-27-4831,8,path,27,14.55,1018,0.4758,0.5504
red,0.4589,0.5326,fake-red-center-27-4831,9,path,27,16.36,1018,0.4589,0.5326
red,0.4898,0.5435,fake-red-center-27-4831,10,path,27,18.18,1018,0.4898,0.5435
red,0.3944,0.4786,fake-red-center-27-4831,11,path,27,20.0,1018,0.3944,0.4786
red,0.591,0.5846,fake-red-center-27-4831,0,shot,27,7.27,1018,0.591,0.5846
red,0.4758,0.5504,fake-red-center-27-4831,1,shot,27,14.55,1018,0.4758,0.5504
red,0.6476,0.3045,fake-red-left-27-3385,0,path,27,0.0,1023,0.6476,0.3045
red,0.654,0.3444,fake-red-left-27-3385,1,path,27,1.82,1023,0.654,0.3444
red,0.6137,0.3562,fake-red-left-27-3385,2,path,27,3.64,1023,0.6137,0.3562
red,0.6625,0.4215,fake-red-left-27-3385,3,path,27,5.45,1023,0.6625,0.4215
red,0.5546,0.3928,fake-red-left-27-3385,4,path,27,7.27,1023,0.5546,0.3928
red,0.5291,0.4134,fake-red-left-27-3385,5,path,27,9.09,1023,0.5291,0.4134
red,0.588,0.463,fake-red-left-27-3385,6,path,27,10.91,1023,0.588,0.463
red,0.5094,0.4082,fake-red-left-27-3385,7,path,27,12.73,1023,0.5094,0.4082
red,0.4902,0.389,fake-red-left-27-3385,8,path,27,14.55,1023,0.4902,0.389
red,0.4751,0.3723,fake-red-left-27-3385,9,path,27,16.36,1023,0.4751,0.3723
red,0.4284,0.3367,fake-red-left-27-3385,10,path,27,18.18,1023,0.4284,0.3367
red,0.4444,0.3387,fake-red-left-27-3385,11,path,27,20.0,1023,0.4444,0.3387
red,0.5546,0.3928,fake-red-left-27-3385,0,shot,27,7.27,1023,0.5546,0.3928
red,0.4902,0.389,fake-red-left-27-3385,1,shot,27,14.55,1023,0.4902,0.389
blue,0.648,0.3372,fake-blue-left-27-6847,0,path,27,0.0,1006,0.352,0.3372
blue,0.6491,0.3442,fake-blue-left-27-6847,1,path,27,1.82,1006,0.3509,0.3442
blue,0.6397999999999999,0.3574,fake-blue-left-27-6847,2,path,27,3.64,1006,0.3602,0.3574
blue,0.5992,0.3894,fake-blue-left-27-6847,3,path,27,5.45,1006,0.4008,0.3894
blue,0.5334,0.4365,fake-blue-left-27-6847,4,path,27,7.27,1006,0.4666,0.4365
blue,0.4988,0.4649,fake-blue-left-27-6847,5,path,27,9.09,1006,0.5012,0.4649
blue,0.5476,0.4214,fake-blue-left-27-6847,6,path,27,10.91,1006,0.4524,0.4214
blue,0.46299999999999997,0.4362,fake-blue-left-27-6847,7,path,27,12.73,1006,0.537,0.4362
blue,0.47019999999999995,0.3959,fake-blue-left-27-6847,8,path,27,14.55,1006,0.5298,0.3959
blue,0.4357,0.3806,fake-blue-left-27-6847,9,path,27,16.36,1006,0.5643,0.3806
blue,0.44310000000000005,0.3401,fake-blue-left-27-6847,10,path,27,18.18,1006,0.5569,0.3401
blue,0.4104,0.3238,fake-blue-left-27-6847,11,path,27,20.0,1006,0.5896,0.3238
blue,0.5334,0.4365,fake-blue-left-27-6847,0,shot,27,7.27,1006,0.4666,0.4365
blue,0.47019999999999995,0.3959,fake-blue-left-27-6847,1,shot,27,14.55,1006,0.5298,0.3959
blue,0.6392,0.5125,fake-blue-center-27-6444,0,path,27,0.0,1027,0.3608,0.5125
blue,0.6347,0.5228,fake-blue-center-27-6444,1,path,27,1.82,1027,0.3653,0.5228
blue,0.6407,0.5269,fake-blue-center-27-6444,2,path,27,3.64,1027,0.3593,0.5269
blue,0.5581,0.584,fake-blue-center-27-6444,3,path,27,5.45,1027,0.4419,0.584
blue,0.5218,0.6135,fake-blue-center-27-6444,4,path,27,7.27,1027,0.4782,0.6135
blue,0.5565,0.6003,fake-blue-center-27-6444,5,path,27,9.09,1027,0.4435,0.6003
blue,0.5658000000000001,0.5805,fake-blue-center-27-6444,6,path,27,10.91,1027,0.4342,0.5805
blue,0.4536,0.6118,fake-blue-center-27-6444,7,path,27,12.73,1027,0.5464,0.6118
blue,0.4445,0.5813,fake-blue-center-27-6444,8,path,27,14.55,1027,0.5555,0.5813
blue,0.43200000000000005,0.5528,fake-blue-center-27-6444,9,path,27,16.36,1027,0.568,0.5528
blue,0.39249999999999996,0.5405,fake-blue-center-27-6444,10,path,27,18.18,1027,0.6075,0.5405
blue,0.37670000000000003,0.514,fake-blue-center-27-6444,11,path,27,20.0,1027,0.6233,0.514
blue,0.5218,0.6135,fake-blue-center-27-6444,0,shot,27,7.27,1027,0.4782,0.6135
blue,0.4445,0.5813,fake-blue-center-27-6444,1,shot,27,14.55,1027,0.5555,0.5813
blue,0.6124,0.6985,fake-blue-right-27-5570,0,path,27,0.0,1010,0.3876,0.6985
blue,0.6006,0.7133,fake-blue-right-27-5570,1,path,27,1.82,1010,0.3994,0.7133
blue,0.5987,0.722,fake-blue-right-27-5570,2,path,27,3.64,1010,0.4013,0.722
blue,0.6234,0.7149,fake-blue-right-27-5570,3,path,27,5.45,1010,0.3766,0.7149
blue,0.5571999999999999,0.7622,fake-blue-right-27-5570,4,path,27,7.27,1010,0.4428,0.7622
blue,0.5065999999999999,0.8002,fake-blue-right-27-5570,5,path,27,9.09,1010,0.4934,0.8002
blue,0.5547,0.7572,fake-blue-right-27-5570,6,path,27,10.91,1010,0.4453,0.7572
blue,0.49939999999999996,0.7544,fake-blue-right-27-5570,7,path,27,12.73,1010,0.5006,0.7544
blue,0.4647,0.7392,fake-blue-right-27-5570,8,path,27,14.55,1010,0.5353,0.7392
blue,0.4444,0.7154,fake-blue-right-27-5570,9,path,27,16.36,1010,0.5556,0.7154
blue,0.43089999999999995,0.6875,fake-blue-right-27-5570,10,path,27,18.18,1010,0.5691,0.6875
blue,0.4273,0.6536,fake-blue-right-27-5570,11,path,27,20.0,1010,0.5727,0.6536
blue,0.5571999999999999,0.7622,fake-blue-right-27-5570,0,shot,27,7.27,1010,0.4428,0.7622
blue,0.4647,0.7392,fake-blue-right-27-5570,1,shot,27,14.55,1010,0.5353,0.7392
red,0.6762,0.4917,fake-red-center-28-5746,0,path,28,0.0,1032,0.6762,0.4917
red,0.6297,0.4998,fake-red-center-28-5746,1,path,28,1.82,1032,0.6297,0.4998
red,0.6676,0.5585,fake-red-center-28-5746,2,path,28,3.64,1032,0.6676,0.5585
red,0.5941,0.5505,fake-red-center-28-5746,3,path,28,5.45,1032,0.5941,0.5505
red,0.5916,0.585,fake-red-center-28-5746,4,path,28,7.27,1032,0.5916,0.585
red,0.5773,0.6124,fake-red-center-28-5746,5,path,28,9.09,1032,0.5773,0.6124
red,0.5764,0.626,fake-red-center-28-5746,6,path,28,10.91,1032,0.5764,0.626
red,0.5017,0.5736,fake-red-center-28-5746,7,path,28,12.73,1032,0.5017,0.5736
red,0.4763,0.5507,fake-red-center-28-5746,8,path,28,14.55,1032,0.4763,0.5507
red,0.5118,0.5644,fake-red-center-28-5746,9,path,28,16.36,1032,0.5118,0.5644
red,0.4833,0.5396,fake-red-center-28-5746,10,path,28,18.18,1032,0.4833,0.5396
red,0.401,0.4826,fake-red-center-28-5746,11,path,28,20.0,1032,0.401,0.4826
red,0.5916,0.585,fake-red-center-28-5746,0,shot,28,7.27,1032,0.5916,0.585
red,0.4763,0.5507,fake-red-center-28-5746,1,shot,28,14.55,1032,0.4763,0.5507
red,0.7064,0.6798,fake-red-right-28-6141,0,path,28,0.0,1031,0.7064,0.6798
red,0.7147,0.7208,fake-red-right-28-6141,1,path,28,1.82,1031,0.7147,0.7208
red,0.6357,0.7094,fake-red-right-28-6141,2,path,28,3.64,1031,0.6357,0.7094
red,0.6416,0.749,fake-red-right-28-6141,3,path,28,5.45,1031,0.6416,0.749
red,0.5495,0.7297,fake-red-right-28-6141,4,path,28,7.27,1031,0.5495,0.7297
red,0.5606,0.7724,fake-red-right-28-6141,5,path,28,9.09,1031,0.5606,0.7724
red,0.5513,0.781,fake-red-right-28-6141,6,path,28,10.91,1031,0.5513,0.781
red,0.4766,0.7285,fake-red-right-28-6141,7,path,28,12.73,1031,0.4766,0.7285
red,0.5137,0.7431,fake-red-right-28-6141,8,path,28,14.55,1031,0.5137,0.7431
red,0.4519,0.6984,fake-red-right-28-6141,9,path,28,16.36,1031,0.4519,0.6984
red,0.4417,0.6847,fake-red-right-28-6141,10,path,28,18.18,1031,0.4417,0.6847
red,0.3877,0.6446,fake-red-right-28-6141,11,path,28,20.0,1031,0.3877,0.6446
red,0.5495,0.7297,fake-red-right-28-6141,0,shot,28,7.27,1031,0.5495,0.7297
red,0.5137,0.7431,fake-red-right-28-6141,1,shot,28,14.55,1031,0.5137,0.7431
red,0.6539,0.4784,fake-red-center-28-7960,0,path,28,0.0,1007,0.6539,0.4784
red,0.6786,0.5292,fake-red-center-28-7960,1,path,28,1.82,1007,0.6786,0.5292
red,0.6045,0.5207,fake-red-center-28-7960,2,path,28,3.64,1007,0.6045,0.5207
red,0.5721,0.5373,fake-red-center-28-7960,3,path,28,5.45,1007,0.5721,0.5373
red,0.6357,0.6114,fake-red-center-28-7960,4,path,28,7.27,1007,0.6357,0.6114
red,0.602,0.6272,fake-red-center-28-7960,5,path,28,9.09,1007,0.602,0.6272
red,0.5965,0.6381,fake-red-center-28-7960,6,path,28,10.91,1007,0.5965,0.6381
red,0.5713,0.6154,fake-red-center-28-7960,7,path,28,12.73,1007,0.5713,0.6154
red,0.5354,0.5861,fake-red-center-28-7960,8,path,28,14.55,1007,0.5354,0.5861
red,0.4652,0.5364,fake-red-center-28-7960,9,path,28,16.36,1007,0.4652,0.5364
red,0.4332,0.5096,fake-red-center-28-7960,10,path,28,18.18,1007,0.4332,0.5096
red,0.4371,0.5043,fake-red-center-28-7960,11,path,28,20.0,1007,0.4371,0.5043
red,0.6357,0.6114,fake-red-center-28-7960,0,shot,28,7.27,1007,0.6357,0.6114
red,0.5354,0.5861,fake-red-center-28-7960,1,shot,28,14.55,1007,0.5354,0.5861
blue,0.6167,0.696,fake-blue-right-28-7679,0,path,28,0.0,1025,0.3833,0.696
blue,0.593,0.7179,fake-blue-right-28-7679,1,path,28,1.82,1025,0.407,0.7179
blue,0.6543,0.6887,fake-blue-right-28-7679,2,path,28,3.64,1025,0.3457,0.6887
blue,0.6165,0.719,fake-blue-right-28-7679,3,path,28,5.45,1025,0.3835,0.719
blue,0.5358,0.775,fake-blue-right-28-7679,4,path,28,7.27,1025,0.4642,0.775
blue,0.5775,0.7577,fake-blue-right-28-7679,5,path,28,9.09,1025,0.4225,0.7577
blue,0.5143,0.7814,fake-blue-right-28-7679,6,path,28,10.91,1025,0.4857,0.7814
blue,0.5153,0.7448,fake-blue-right-28-7679,7,path,28,12.73,1025,0.4847,0.7448
blue,0.5146,0.7092,fake-blue-right-28-7679,8,path,28,14.55,1025,0.4854,0.7092
blue,0.48419999999999996,0.6915,fake-blue-right-28-7679,9,path,28,16.36,1025,0.5158,0.6915
blue,0.3919,0.7108,fake-blue-right-28-7679,10,path,28,18.18,1025,0.6081,0.7108
blue,0.44620000000000004,0.6423,fake-blue-right-28-7679,11,path,28,20.0,1025,0.5538,0.6423
blue,0.5358,0.775,fake-blue-right-28-7679,0,shot,28,7.27,1025,0.4642,0.775
blue,0.5146,0.7092,fake-blue-right-28-7679,1,shot,28,14.55,1025,0.4854,0.7092
blue,0.637,0.6838,fake-blue-right-28-9035,0,path,28,0.0,1012,0.363,0.6838
blue,0.6669,0.6735,fake-blue-right-28-9035,1,path,28,1.82,1012,0.3331,0.6735
blue,0.6012,0.7205,fake-blue-right-28-9035,2,path,28,3.64,1012,0.3988,0.7205
blue,0.6149,0.72,fake-blue-right-28-9035,3,path,28,5.45,1012,0.3851,0.72
blue,0.6075999999999999,0.732,fake-blue-right-28-9035,4,path,28,7.27,1012,0.3924,0.732
blue,0.5780000000000001,0.7574,fake-blue-right-28-9035,5,path,28,9.09,1012,0.422,0.7574
blue,0.5141,0.7816,fake-blue-right-28-9035,6,path,28,10.91,1012,0.4859,0.7816
blue,0.5059,0.7505,fake-blue-right-28-9035,7,path,28,12.73,1012,0.4941,0.7505
blue,0.43889999999999996,0.7547,fake-blue-right-28-9035,8,path,28,14.55,1012,0.5611,0.7547
blue,0.49039999999999995,0.6877,fake-blue-right-28-9035,9,path,28,16.36,1012,0.5096,0.6877
blue,0.4628,0.6683,fake-blue-right-28-9035,10,path,28,18.18,1012,0.5372,0.6683
blue,0.39980000000000004,0.6701,fake-blue-right-28-9035,11,path,28,20.0,1012,0.6002,0.6701
blue,0.6075999999999999,0.732,fake-blue-right-28-9035,0,shot,28,7.27,1012,0.3924,0.732
blue,0.43889999999999996,0.7547,fake-blue-right-28-9035,1,shot,28,14.55,1012,0.5611,0.7547
red,0.7397,0.3598,fake-red-left-29-3735,0,path,29,0.0,1008,0.7397,0.3598
red,0.631,0.3306,fake-red-left-29-3735,1,path,29,1.82,1008,0.631,0.3306
red,0.6628,0.3857,fake-red-left-29-3735,2,path,29,3.64,1008,0.6628,0.3857
red,0.6334,0.404,fake-red-left-29-3735,3,path,29,5.45,1008,0.6334,0.404
red,0.6022,0.4213,fake-red-left-29-3735,4,path,29,7.27,1008,0.6022,0.4213
red,0.5372,0.4183,fake-red-left-29-3735,5,path,29,9.09,1008,0.5372,0.4183
red,0.564,0.4486,fake-red-left-29-3735,6,path,29,10.91,1008,0.564,0.4486
red,0.5564,0.4364,fake-red-left-29-3735,7,path,29,12.73,1008,0.5564,0.4364
red,0.5104,0.4012,fake-red-left-29-3735,8,path,29,14.55,1008,0.5104,0.4012
red,0.4857,0.3787,fake-red-left-29-3735,9,path,29,16.36,1008,0.4857,0.3787
red,0.4466,0.3476,fake-red-left-29-3735,10,path,29,18.18,1008,0.4466,0.3476
red,0.399,0.3114,fake-red-left-29-3735,11,path,29,20.0,1008,0.399,0.3114
red,0.6022,0.4213,fake-red-left-29-3735,0,shot,29,7.27,1008,0.6022,0.4213
red,0.5104,0.4012,fake-red-left-29-3735,1,shot,29,14.55,1008,0.5104,0.4012
red,0.7246,0.6908,fake-red-right-29-4124,0,path,29,0.0,1019,0.7246,0.6908
red,0.6198,0.6639,fake-red-right-29-4124,1,path,29,1.82,1019,0.6198,0.6639
red,0.6083,0.693,fake-red-right-29-4124,2,path,29,3.64,1019,0.6083,0.693
red,0.6679,0.7648,fake-red-right-29-4124,3,path,29,5.45,1019,0.6679,0.7648
red,0.5977,0.7586,fake-red-right-29-4124,4,path,29,7.27,1019,0.5977,0.7586
red,0.5389,0.7593,fake-red-right-29-4124,5,path,29,9.09,1019,0.5389,0.7593
red,0.5291,0.7676,fake-red-right-29-4124,6,path,29,10.91,1019,0.5291,0.7676
red,0.5645,0.7812,fake-red-right-29-4124,7,path,29,12.73,1019,0.5645,0.7812
red,0.4818,0.724,fake-red-right-29-4124,8,path,29,14.55,1019,0.4818,0.724
red,0.501,0.7279,fake-red-right-29-4124,9,path,29,16.36,1019,0.501,0.7279
red,0.4829,0.7094,fake-red-right-29-4124,10,path,29,18.18,1019,0.4829,0.7094
red,0.479,0.6994,fake-red-right-29-4124,11,path,29,20.0,1019,0.479,0.6994
red,0.5977,0.7586,fake-red-right-29-4124,0,shot,29,7.27,1019,0.5977,0.7586
red,0.4818,0.724,fake-red-right-29-4124,1,shot,29,14.55,1019,0.4818,0.724
red,0.6789,0.6633,fake-red-right-29-9661,0,path,29,0.0,1009,0.6789,0.6633
red,0.6443,0.6786,fake-red-right-29-9661,1,path,29,1.82,1009,0.6443,0.6786
red,0.6021,0.6893,fake-red-right-29-9661,2,path,29,3.64,1009,0.6021,0.6893
red,0.5809,0.7125,fake-red-right-29-9661,3,path,29,5.45,1009,0.5809,0.7125
red,0.6043,0.7626,fake-red-right-29-9661,4,path,29,7.27,1009,0.6043,0.7626
red,0.5837,0.7862,fake-red-right-29-9661,5,path,29,9.09,1009,0.5837,0.7862
red,0.5549,0.7831,fake-red-right-29-9661,6,path,29,10.91,1009,0.5549,0.7831
red,0.4788,0.7298,fake-red-right-29-9661,7,path,29,12.73,1009,0.4788,0.7298
red,0.4731,0.7188,fake-red-right-29-9661,8,path,29,14.55,1009,0.4731,0.7188
red,0.4985,0.7264,fake-red-right-29-9661,9,path,29,16.36,1009,0.4985,0.7264
red,0.404,0.662,fake-red-right-29-9661,10,path,29,18.18,1009,0.404,0.662
red,0.4288,0.6693,fake-red-right-29-9661,11,path,29,20.0,1009,0.4288,0.6693
red,0.6043,0.7626,fake-red-right-29-9661,0,shot,29,7.27,1009,0.6043,0.7626
red,0.4731,0.7188,fake-red-right-29-9661,1,shot,29,14.55,1009,0.4731,0.7188
blue,0.6407,0.6816,fake-blue-right-29-5654,0,path,29,0.0,1030,0.3593,0.6816
blue,0.6525000000000001,0.6822,fake-blue-right-29-5654,1,path,29,1.82,1030,0.3475,0.6822
blue,0.5698,0.7394,fake-blue-right-29-5654,2,path,29,3.64,1030,0.4302,0.7394
blue,0.6241,0.7145,fake-blue-right-29-5654,3,path,29,5.45,1030,0.3759,0.7145
blue,0.6095999999999999,0.7308,fake-blue-right-29-5654,4,path,29,7.27,1030,0.3904,0.7308
blue,0.5514,0.7733,fake-blue-right-29-5654,5,path,29,9.09,1030,0.4486,0.7733
blue,0.5005,0.7897,fake-blue-right-29-5654,6,path,29,10.91,1030,0.4995,0.7897
blue,0.5016,0.753,fake-blue-right-29-5654,7,path,29,12.73,1030,0.4984,0.753
blue,0.46419999999999995,0.7395,fake-blue-right-29-5654,8,path,29,14.55,1030,0.5358,0.7395
blue,0.48640000000000005,0.6902,fake-blue-right-29-5654,9,path,29,16.36,1030,0.5136,0.6902
blue,0.38660000000000005,0.714,fake-blue-right-29-5654,10,path,29,18.18,1030,0.6134,0.714
blue,0.44430000000000003,0.6434,fake-blue-right-29-5654,11,path,29,20.0,1030,0.5557,0.6434
blue,0.6095999999999999,0.7308,fake-blue-right-29-5654,0,shot,29,7.27,1030,0.3904,0.7308
blue,0.46419999999999995,0.7395,fake-blue-right-29-5654,1,shot,29,14.55,1030,0.5358,0.7395
blue,0.6347,0.6852,fake-blue-right-29-6014,0,path,29,0.0,1022,0.3653,0.6852
blue,0.6326,0.6941,fake-blue-right-29-6014,1,path,29,1.82,1022,0.3674,0.6941
blue,0.6143000000000001,0.7127,fake-blue-right-29-6014,2,path,29,3.64,1022,0.3857,0.7127
blue,0.5532,0.757,fake-blue-right-29-6014,3,path,29,5.45,1022,0.4468,0.757
blue,0.5555,0.7633,fake-blue-right-29-6014,4,path,29,7.27,1022,0.4445,0.7633
blue,0.5671999999999999,0.7639,fake-blue-right-29-6014,5,path,29,9.09,1022,0.4328,0.7639
blue,0.5105,0.7837,fake-blue-right-29-6014,6,path,29,10.91,1022,0.4895,0.7837
blue,0.48450000000000004,0.7633,fake-blue-right-29-6014,7,path,29,12.73,1022,0.5155,0.7633
blue,0.4415,0.7531,fake-blue-right-29-6014,8,path,29,14.55,1022,0.5585,0.7531
blue,0.4595,0.7063,fake-blue-right-29-6014,9,path,29,16.36,1022,0.5405,0.7063
blue,0.3941,0.7096,fake-blue-right-29-6014,10,path,29,18.18,1022,0.6059,0.7096
blue,0.41669999999999996,0.66,fake-blue-right-29-6014,11,path,29,20.0,1022,0.5833,0.66
blue,0.5555,0.7633,fake-blue-right-29-6014,0,shot,29,7.27,1022,0.4445,0.7633
blue,0.4415,0.7531,fake-blue-right-29-6014,1,shot,29,14.55,1022,0.5585,0.7531
blue,0.6451,0.3389,fake-blue-left-29-4887,0,path,29,0.0,1001,0.3549,0.3389
blue,0.6294,0.356,fake-blue-left-29-4887,1,path,29,1.82,1001,0.3706,0.356
blue,0.5719000000000001,0.3981,fake-blue-left-29-4887,2,path,29,3.64,1001,0.4281,0.3981
blue,0.6128,0.3812,fake-blue-left-29-4887,3,path,29,5.45,1001,0.3872,0.3812
blue,0.5882000000000001,0.4037,fake-blue-left-29-4887,4,path,29,7.27,1001,0.4118,0.4037
blue,0.5038,0.4619,fake-blue-left-29-4887,5,path,29,9.09,1001,0.4962,0.4619
blue,0.46930000000000005,0.4684,fake-blue-left-29-4887,6,path,29,10.91,1001,0.5307,0.4684
blue,0.5093,0.4084,fake-blue-left-29-4887,7,path,29,12.73,1001,0.4907,0.4084
blue,0.4726,0.3945,fake-blue-left-29-4887,8,path,29,14.55,1001,0.5274,0.3945
blue,0.491,0.3474,fake-blue-left-29-4887,9,path,29,16.36,1001,0.509,0.3474
blue,0.4524,0.3346,fake-blue-left-29-4887,10,path,29,18.18,1001,0.5476,0.3346
blue,0.3869,0.3379,fake-blue-left-29-4887,11,path,29,20.0,1001,0.6131,0.3379
blue,0.5882000000000001,0.4037,fake-blue-left-29-4887,0,shot,29,7.27,1001,0.4118,0.4037
blue,0.4726,0.3945,fake-blue-left-29-4887,1,shot,29,14.55,1001,0.5274,0.3945
red,0.7003,0.6762,fake-red-right-30-8547,0,path,30,0.0,1030,0.7003,0.6762
red,0.6555,0.6853,fake-red-right-30-8547,1,path,30,1.82,1030,0.6555,0.6853
red,0.6918,0.7431,fake-red-right-30-8547,2,path,30,3.64,1030,0.6918,0.7431
red,0.5879,0.7167,fake-red-right-30-8547,3,path,30,5.45,1030,0.5879,0.7167
red,0.6339,0.7804,fake-red-right-30-8547,4,path,30,7.27,1030,0.6339,0.7804
red,0.5765,0.7819,fake-red-right-30-8547,5,path,30,9.09,1030,0.5765,0.7819
red,0.575,0.7952,fake-red-right-30-8547,6,path,30,10.91,1030,0.575,0.7952
red,0.488,0.7353,fake-red-right-30-8547,7,path,30,12.73,1030,0.488,0.7353
red,0.4867,0.727,fake-red-right-30-8547,8,path,30,14.55,1030,0.4867,0.727
red,0.4598,0.7032,fake-red-right-30-8547,9,path,30,16.36,1030,0.4598,0.7032
red,0.4978,0.7183,fake-red-right-30-8547,10,path,30,18.18,1030,0.4978,0.7183
red,0.3949,0.649,fake-red-right-30-8547,11,path,30,20.0,1030,0.3949,0.649
red,0.6339,0.7804,fake-red-right-30-8547,0,shot,30,7.27,1030,0.6339,0.7804
red,0.4867,0.727,fake-red-right-30-8547,1,shot,30,14.55,1030,0.4867,0.727
red,0.6983,0.335,fake-red-left-30-4617,0,path,30,0.0,1032,0.6983,0.335
red,0.6819,0.3611,fake-red-left-30-4617,1,path,30,1.82,1032,0.6819,0.3611
red,0.6507,0.3784,fake-red-left-30-4617,2,path,30,3.64,1032,0.6507,0.3784
red,0.5821,0.3733,fake-red-left-30-4617,3,path,30,5.45,1032,0.5821,0.3733
red,0.6053,0.4232,fake-red-left-30-4617,4,path,30,7.27,1032,0.6053,0.4232
red,0.5872,0.4483,fake-red-left-30-4617,5,path,30,9.09,1032,0.5872,0.4483
red,0.5097,0.416,fake-red-left-30-4617,6,path,30,10.91,1032,0.5097,0.416
red,0.5518,0.4336,fake-red-left-30-4617,7,path,30,12.73,1032,0.5518,0.4336
red,0.5151,0.404,fake-red-left-30-4617,8,path,30,14.55,1032,0.5151,0.404
red,0.5178,0.398,fake-red-left-30-4617,9,path,30,16.36,1032,0.5178,0.398
red,0.4103,0.3258,fake-red-left-30-4617,10,path,30,18.18,1032,0.4103,0.3258
red,0.4696,0.3538,fake-red-left-30-4617,11,path,30,20.0,1032,0.4696,0.3538
red,0.6053,0.4232,fake-red-left-30-4617,0,shot,30,7.27,1032,0.6053,0.4232
red,0.5151,0.404,fake-red-left-30-4617,1,shot,30,14.55,1032,0.5151,0.404
red,0.6632,0.4839,fake-red-center-30-5897,0,path,30,0.0,1031,0.6632,0.4839
red,0.6613,0.5188,fake-red-center-30-5897,1,path,30,1.82,1031,0.6613,0.5188
red,0.6819,0.5671,fake-red-center-30-5897,2,path,30,3.64,1031,0.6819,0.5671
red,0.5892,0.5475,fake-red-center-30-5897,3,path,30,5.45,1031,0.5892,0.5475
red,0.6405,0.6143,fake-red-center-30-5897,4,path,30,7.27,1031,0.6405,0.6143
red,0.5792,0.6135,fake-red-center-30-5897,5,path,30,9.09,1031,0.5792,0.6135
red,0.5514,0.6111,fake-red-center-30-5897,6,path,30,10.91,1031,0.5514,0.6111
red,0.5076,0.5771,fake-red-center-30-5897,7,path,30,12.73,1031,0.5076,0.5771
red,0.4839,0.5552,fake-red-center-30-5897,8,path,30,14.55,1031,0.4839,0.5552
red,0.486,0.5489,fake-red-center-30-5897,9,path,30,16.36,1031,0.486,0.5489
red,0.4068,0.4937,fake-red-center-30-5897,10,path,30,18.18,1031,0.4068,0.4937
red,0.4065,0.4859,fake-red-center-30-5897,11,path,30,20.0,1031,0.4065,0.4859
red,0.6405,0.6143,fake-red-center-30-5897,0,shot,30,7.27,1031,0.6405,0.6143
red,0.4839,0.5552,fake-red-center-30-5897,1,shot,30,14.55,1031,0.4839,0.5552
blue,0.6866,0.484,fake-blue-center-30-2327,0,path,30,0.0,1008,0.3134,0.484
blue,0.6182000000000001,0.5327,fake-blue-center-30-2327,1,path,30,1.82,1008,0.3818,0.5327
blue,0.5803,0.5631,fake-blue-center-30-2327,2,path,30,3.64,1008,0.4197,0.5631
blue,0.5515,0.588,fake-blue-center-30-2327,3,path,30,5.45,1008,0.4485,0.588
blue,0.5169,0.6164,fake-blue-center-30-2327,4,path,30,7.27,1008,0.4831,0.6164
blue,0.5519000000000001,0.6031,fake-blue-center-30-2327,5,path,30,9.09,1008,0.4481,0.6031
blue,0.5243,0.6054,fake-blue-center-30-2327,6,path,30,10.91,1008,0.4757,0.6054
blue,0.47640000000000005,0.5981,fake-blue-center-30-2327,7,path,30,12.73,1008,0.5236,0.5981
blue,0.4505,0.5777,fake-blue-center-30-2327,8,path,30,14.55,1008,0.5495,0.5777
blue,0.4071,0.5678,fake-blue-center-30-2327,9,path,30,16.36,1008,0.5929,0.5678
blue,0.3833,0.546,fake-blue-center-30-2327,10,path,30,18.18,1008,0.6167,0.546
blue,0.41379999999999995,0.4917,fake-blue-center-30-2327,11,path,30,20.0,1008,0.5862,0.4917
blue,0.5169,0.6164,fake-blue-center-30-2327,0,shot,30,7.27,1008,0.4831,0.6164
blue,0.4505,0.5777,fake-blue-center-30-2327,1,shot,30,14.55,1008,0.5495,0.5777
blue,0.6313,0.5172,fake-blue-center-30-3073,0,path,30,0.0,1010,0.3687,0.5172
blue,0.616,0.534,fake-blue-center-30-3073,1,path,30,1.82,1010,0.384,0.534
blue,0.6285000000000001,0.5342,fake-blue-center-30-3073,2,path,30,3.64,1010,0.3715,0.5342
blue,0.5916,0.5639,fake-blue-center-30-3073,3,path,30,5.45,1010,0.4084,0.5639
blue,0.5858,0.5751,fake-blue-center-30-3073,4,path,30,7.27,1010,0.4142,0.5751
blue,0.5561,0.6005,fake-blue-center-30-3073,5,path,30,9.09,1010,0.4439,0.6005
blue,0.5625,0.5825,fake-blue-center-30-3073,6,path,30,10.91,1010,0.4375,0.5825
blue,0.5206,0.5716,fake-blue-center-30-3073,7,path,30,12.73,1010,0.4794,0.5716
blue,0.46930000000000005,0.5664,fake-blue-center-30-3073,8,path,30,14.55,1010,0.5307,0.5664
blue,0.46409999999999996,0.5336,fake-blue-center-30-3073,9,path,30,16.36,1010,0.5359,0.5336
blue,0.4243,0.5214,fake-blue-center-30-3073,10,path,30,18.18,1010,0.5757,0.5214
blue,0.398,0.5012,fake-blue-center-30-3073,11,path,30,20.0,1010,0.602,0.5012
blue,0.5858,0.5751,fake-blue-center-30-3073,0,shot,30,7.27,1010,0.4142,0.5751
blue,0.46930000000000005,0.5664,fake-blue-center-30-3073,1,shot,30,14.55,1010,0.5307,0.5664
blue,0.6102000000000001,0.5299,fake-blue-center-30-4870,0,path,30,0.0,1000,0.3898,0.5299
blue,0.5864,0.5518,fake-blue-center-30-4870,1,path,30,1.82,1000,0.4136,0.5518
blue,0.5816,0.5623,fake-blue-center-30-4870,2,path,30,3.64,1000,0.4184,0.5623
blue,0.5441,0.5924,fake-blue-center-30-4870,3,path,30,5.45,1000,0.4559,0.5924
blue,0.52,0.6146,fake-blue-center-30-4870,4,path,30,7.27,1000,0.48,0.6146
blue,0.5805,0.5859,fake-blue-center-30-4870,5,path,30,9.09,1000,0.4195,0.5859
blue,0.475,0.635,fake-blue-center-30-4870,6,path,30,10.91,1000,0.525,0.635
blue,0.5099,0.5781,fake-blue-center-30-4870,7,path,30,12.73,1000,0.4901,0.5781
blue,0.5112,0.5413,fake-blue-center-30-4870,8,path,30,14.55,1000,0.4888,0.5413
blue,0.4557,0.5386,fake-blue-center-30-4870,9,path,30,16.36,1000,0.5443,0.5386
blue,0.39239999999999997,0.5406,fake-blue-center-30-4870,10,path,30,18.18,1000,0.6076,0.5406
blue,0.44210000000000005,0.4747,fake-blue-center-30-4870,11,path,30,20.0,1000,0.5579,0.4747
blue,0.52,0.6146,fake-blue-center-30-4870,0,shot,30,7.27,1000,0.48,0.6146
blue,0.5112,0.5413,fake-blue-center-30-4870,1,shot,30,14.55,1000,0.4888,0.5413
red,0.675,0.661,fake-red-right-31-9270,0,path,31,0.0,1005,0.675,0.661
red,0.6773,0.6984,fake-red-right-31-9270,1,path,31,1.82,1005,0.6773,0.6984
red,0.6142,0.6965,fake-red-right-31-9270,2,path,31,3.64,1005,0.6142,0.6965
red,0.6085,0.7291,fake-red-right-31-9270,3,path,31,5.45,1005,0.6085,0.7291
red,0.548,0.7288,fake-red-right-31-9270,4,path,31,7.27,1005,0.548,0.7288
red,0.5605,0.7723,fake-red-right-31-9270,5,path,31,9.09,1005,0.5605,0.7723
red,0.5278,0.7669,fake-red-right-31-9270,6,path,31,10.91,1005,0.5278,0.7669
red,0.525,0.7575,fake-red-right-31-9270,7,path,31,12.73,1005,0.525,0.7575
red,0.531,0.7535,fake-red-right-31-9270,8,path,31,14.55,1005,0.531,0.7535
red,0.4799,0.7152,fake-red-right-31-9270,9,path,31,16.36,1005,0.4799,0.7152
red,0.4583,0.6946,fake-red-right-31-9270,10,path,31,18.18,1005,0.4583,0.6946
red,0.4439,0.6783,fake-red-right-31-9270,11,path,31,20.0,1005,0.4439,0.6783
red,0.548,0.7288,fake-red-right-31-9270,0,shot,31,7.27,1005,0.548,0.7288
red,0.531,0.7535,fake-red-right-31-9270,1,shot,31,14.55,1005,0.531,0.7535
red,0.6785,0.3231,fake-red-left-31-9850,0,path,31,0.0,1032,0.6785,0.3231
red,0.6165,0.3219,fake-red-left-31-9850,1,path,31,1.82,1032,0.6165,0.3219
red,0.6781,0.3949,fake-red-left-31-9850,2,path,31,3.64,1032,0.6781,0.3949
red,0.6112,0.3907,fake-red-left-31-9850,3,path,31,5.45,1032,0.6112,0.3907
red,0.6056,0.4233,fake-red-left-31-9850,4,path,31,7.27,1032,0.6056,0.4233
red,0.5577,0.4306,fake-red-left-31-9850,5,path,31,9.09,1032,0.5577,0.4306
red,0.593,0.466,fake-red-left-31-9850,6,path,31,10.91,1032,0.593,0.466
red,0.5648,0.4414,fake-red-left-31-9850,7,path,31,12.73,1032,0.5648,0.4414
red,0.507,0.3991,fake-red-left-31-9850,8,path,31,14.55,1032,0.507,0.3991
red,0.4841,0.3778,fake-red-left-31-9850,9,path,31,16.36,1032,0.4841,0.3778
red,0.4551,0.3527,fake-red-left-31-9850,10,path,31,18.18,1032,0.4551,0.3527
red,0.3996,0.3118,fake-red-left-31-9850,11,path,31,20.0,1032,0.3996,0.3118
red,0.6056,0.4233,fake-red-left-31-9850,0,shot,31,7.27,1032,0.6056,0.4233
red,0.507,0.3991,fake-red-left-31-9850,1,shot,31,14.55,1032,0.507,0.3991
red,0.7328,0.6957,fake-red-right-31-3510,0,path,31,0.0,1012,0.7328,0.6957
red,0.6874,0.7044,fake-red-right-31-3510,1,path,31,1.82,1012,0.6874,0.7044
red,0.6734,0.732,fake-red-right-31-3510,2,path,31,3.64,1012,0.6734,0.732
red,0.6076,0.7285,fake-red-right-31-3510,3,path,31,5.45,1012,0.6076,0.7285
red,0.5629,0.7377,fake-red-right-31-3510,4,path,31,7.27,1012,0.5629,0.7377
red,0.5994,0.7956,fake-red-right-31-3510,5,path,31,9.09,1012,0.5994,0.7956
red,0.5641,0.7886,fake-red-right-31-3510,6,path,31,10.91,1012,0.5641,0.7886
red,0.5345,0.7632,fake-red-right-31-3510,7,path,31,12.73,1012,0.5345,0.7632
red,0.5069,0.7391,fake-red-right-31-3510,8,path,31,14.55,1012,0.5069,0.7391
red,0.4807,0.7157,fake-red-right-31-3510,9,path,31,16.36,1012,0.4807,0.7157
red,0.4209,0.6722,fake-red-right-31-3510,10,path,31,18.18,1012,0.4209,0.6722
red,0.4491,0.6815,fake-red-right-31-3510,11,path,31,20.0,1012,0.4491,0.6815
red,0.5629,0.7377,fake-red-right-31-3510,0,shot,31,7.27,1012,0.5629,0.7377
red,0.5069,0.7391,fake-red-right-31-3510,1,shot,31,14.55,1012,0.5069,0.7391
blue,0.6199,0.694,fake-blue-right-31-3221,0,path,31,0.0,1028,0.3801,0.694
blue,0.6649,0.6747,fake-blue-right-31-3221,1,path,31,1.82,1028,0.3351,0.6747
blue,0.5720000000000001,0.738,fake-blue-right-31-3221,2,path,31,3.64,1028,0.428,0.738
blue,0.614,0.7205,fake-blue-right-31-3221,3,path,31,5.45,1028,0.386,0.7205
blue,0.5433,0.7706,fake-blue-right-31-3221,4,path,31,7.27,1028,0.4567,0.7706
blue,0.5788,0.7569,fake-blue-right-31-3221,5,path,31,9.09,1028,0.4212,0.7569
blue,0.5204,0.7778,fake-blue-right-31-3221,6,path,31,10.91,1028,0.4796,0.7778
blue,0.4545,0.7813,fake-blue-right-31-3221,7,path,31,12.73,1028,0.5455,0.7813
blue,0.4415,0.7531,fake-blue-right-31-3221,8,path,31,14.55,1028,0.5585,0.7531
blue,0.4232,0.7281,fake-blue-right-31-3221,9,path,31,16.36,1028,0.5768,0.7281
blue,0.4306,0.6876,fake-blue-right-31-3221,10,path,31,18.18,1028,0.5694,0.6876
blue,0.37329999999999997,0.686,fake-blue-right-31-3221,11,path,31,20.0,1028,0.6267,0.686
blue,0.5433,0.7706,fake-blue-right-31-3221,0,shot,31,7.27,1028,0.4567,0.7706
blue,0.4415,0.7531,fake-blue-right-31-3221,1,shot,31,14.55,1028,0.5585,0.7531
blue,0.6885,0.4829,fake-blue-center-31-6608,0,path,31,0.0,1034,0.3115,0.4829
blue,0.627,0.5275,fake-blue-center-31-6608,1,path,31,1.82,1034,0.373,0.5275
blue,0.6014999999999999,0.5504,fake-blue-center-31-6608,2,path,31,3.64,1034,0.3985,0.5504
blue,0.5610999999999999,0.5823,fake-blue-center-31-6608,3,path,31,5.45,1034,0.4389,0.5823
blue,0.5315,0.6076,fake-blue-center-31-6608,4,path,31,7.27,1034,0.4685,0.6076
blue,0.5466,0.6062,fake-blue-center-31-6608,5,path,31,9.09,1034,0.4534,0.6062
blue,0.477,0.6338,fake-blue-center-31-6608,6,path,31,10.91,1034,0.523,0.6338
blue,0.4709,0.6015,fake-blue-center-31-6608,7,path,31,12.73,1034,0.5291,0.6015
blue,0.46599999999999997,0.5684,fake-blue-center-31-6608,8,path,31,14.55,1034,0.534,0.5684
blue,0.40700000000000003,0.5678,fake-blue-center-31-6608,9,path,31,16.36,1034,0.593,0.5678
blue,0.4174,0.5256,fake-blue-center-31-6608,10,path,31,18.18,1034,0.5826,0.5256
blue,0.40180000000000005,0.4989,fake-blue-center-31-6608,11,path,31,20.0,1034,0.5982,0.4989
blue,0.5315,0.6076,fake-blue-center-31-6608,0,shot,31,7.27,1034,0.4685,0.6076
blue,0.46599999999999997,0.5684,fake-blue-center-31-6608,1,shot,31,14.55,1034,0.534,0.5684
blue,0.6506000000000001,0.3356,fake-blue-left-31-9407,0,path,31,0.0,1017,0.3494,0.3356
blue,0.6779999999999999,0.3269,fake-blue-left-31-9407,1,path,31,1.82,1017,0.322,0.3269
blue,0.6372,0.3589,fake-blue-left-31-9407,2,path,31,3.64,1017,0.3628,0.3589
blue,0.5625,0.4114,fake-blue-left-31-9407,3,path,31,5.45,1017,0.4375,0.4114
blue,0.522,0.4434,fake-blue-left-31-9407,4,path,31,7.27,1017,0.478,0.4434
blue,0.5291,0.4467,fake-blue-left-31-9407,5,path,31,9.09,1017,0.4709,0.4467
blue,0.47040000000000004,0.4677,fake-blue-left-31-9407,6,path,31,10.91,1017,0.5296,0.4677
blue,0.5328999999999999,0.3942,fake-blue-left-31-9407,7,path,31,12.73,1017,0.4671,0.3942
blue,0.49160000000000004,0.383,fake-blue-left-31-9407,8,path,31,14.55,1017,0.5084,0.383
blue,0.41200000000000003,0.3948,fake-blue-left-31-9407,9,path,31,16.36,1017,0.588,0.3948
blue,0.44289999999999996,0.3403,fake-blue-left-31-9407,10,path,31,18.18,1017,0.5571,0.3403
blue,0.39249999999999996,0.3345,fake-blue-left-31-9407,11,path,31,20.0,1017,0.6075,0.3345
blue,0.522,0.4434,fake-blue-left-31-9407,0,shot,31,7.27,1017,0.478,0.4434
blue,0.49160000000000004,0.383,fake-blue-left-31-9407,1,shot,31,14.55,1017,0.5084,0.383
red,0.7189,0.5173,fake-red-center-32-1010,0,path,32,0.0,1003,0.7189,0.5173
red,0.6169,0.4921,fake-red-center-32-1010,1,path,32,1.82,1003,0.6169,0.4921
red,0.639,0.5414,fake-red-center-32-1010,2,path,32,3.64,1003,0.639,0.5414
red,0.6153,0.5632,fake-red-center-32-1010,3,path,32,5.45,1003,0.6153,0.5632
red,0.5821,0.5793,fake-red-center-32-1010,4,path,32,7.27,1003,0.5821,0.5793
red,0.528,0.5828,fake-red-center-32-1010,5,path,32,9.09,1003,0.528,0.5828
red,0.5722,0.6235,fake-red-center-32-1010,6,path,32,10.91,1003,0.5722,0.6235
red,0.5299,0.5905,fake-red-center-32-1010,7,path,32,12.73,1003,0.5299,0.5905
red,0.5486,0.594,fake-red-center-32-1010,8,path,32,14.55,1003,0.5486,0.594
red,0.432,0.5165,fake-red-center-32-1010,9,path,32,16.36,1003,0.432,0.5165
red,0.4975,0.5482,fake-red-center-32-1010,10,path,32,18.18,1003,0.4975,0.5482
red,0.3833,0.472,fake-red-center-32-1010,11,path,32,20.0,1003,0.3833,0.472
red,0.5821,0.5793,fake-red-center-32-1010,0,shot,32,7.27,1003,0.5821,0.5793
red,0.5486,0.594,fake-red-center-32-1010,1,shot,32,14.55,1003,0.5486,0.594
red,0.7278,0.6927,fake-red-right-32-4517,0,path,32,0.0,1027,0.7278,0.6927
red,0.6578,0.6867,fake-red-right-32-4517,1,path,32,1.82,1027,0.6578,0.6867
red,0.6872,0.7403,fake-red-right-32-4517,2,path,32,3.64,1027,0.6872,0.7403
red,0.6141,0.7325,fake-red-right-32-4517,3,path,32,5.45,1027,0.6141,0.7325
red,0.56,0.736,fake-red-right-32-4517,4,path,32,7.27,1027,0.56,0.736
red,0.62,0.808,fake-red-right-32-4517,5,path,32,9.09,1027,0.62,0.808
red,0.5146,0.759,fake-red-right-32-4517,6,path,32,10.91,1027,0.5146,0.759
red,0.5429,0.7683,fake-red-right-32-4517,7,path,32,12.73,1027,0.5429,0.7683
red,0.4723,0.7183,fake-red-right-32-4517,8,path,32,14.55,1027,0.4723,0.7183
red,0.4806,0.7156,fake-red-right-32-4517,9,path,32,16.36,1027,0.4806,0.7156
red,0.46,0.6956,fake-red-right-32-4517,10,path,32,18.18,1027,0.46,0.6956
red,0.4145,0.6607,fake-red-right-32-4517,11,path,32,20.0,1027,0.4145,0.6607
red,0.56,0.736,fake-red-right-32-4517,0,shot,32,7.27,1027,0.56,0.736
red,0.4723,0.7183,fake-red-right-32-4517,1,shot,32,14.55,1027,0.4723,0.7183
red,0.6589,0.3114,fake-red-left-32-3311,0,path,32,0.0,1032,0.6589,0.3114
red,0.7118,0.3791,fake-red-left-32-3311,1,path,32,1.82,1032,0.7118,0.3791
red,0.6157,0.3574,fake-red-left-32-3311,2,path,32,3.64,1032,0.6157,0.3574
red,0.6623,0.4214,fake-red-left-32-3311,3,path,32,5.45,1032,0.6623,0.4214
red,0.581,0.4086,fake-red-left-32-3311,4,path,32,7.27,1032,0.581,0.4086
red,0.5645,0.4347,fake-red-left-32-3311,5,path,32,9.09,1032,0.5645,0.4347
red,0.5487,0.4394,fake-red-left-32-3311,6,path,32,10.91,1032,0.5487,0.4394
red,0.497,0.4007,fake-red-left-32-3311,7,path,32,12.73,1032,0.497,0.4007
red,0.5251,0.4099,fake-red-left-32-3311,8,path,32,14.55,1032,0.5251,0.4099
red,0.5083,0.3922,fake-red-left-32-3311,9,path,32,16.36,1032,0.5083,0.3922
red,0.4174,0.3301,fake-red-left-32-3311,10,path,32,18.18,1032,0.4174,0.3301
red,0.4708,0.3545,fake-red-left-32-3311,11,path,32,20.0,1032,0.4708,0.3545
red,0.581,0.4086,fake-red-left-32-3311,0,shot,32,7.27,1032,0.581,0.4086
red,0.5251,0.4099,fake-red-left-32-3311,1,shot,32,14.55,1032,0.5251,0.4099
blue,0.6606000000000001,0.4996,fake-blue-center-32-7512,0,path,32,0.0,1017,0.3394,0.4996
blue,0.6296999999999999,0.5258,fake-blue-center-32-7512,1,path,32,1.82,1017,0.3703,0.5258
blue,0.5817,0.5623,fake-blue-center-32-7512,2,path,32,3.64,1017,0.4183,0.5623
blue,0.5973999999999999,0.5605,fake-blue-center-32-7512,3,path,32,5.45,1017,0.4026,0.5605
blue,0.5516,0.5956,fake-blue-center-32-7512,4,path,32,7.27,1017,0.4484,0.5956
blue,0.552,0.603,fake-blue-center-32-7512,5,path,32,9.09,1017,0.448,0.603
blue,0.5093,0.6144,fake-blue-center-32-7512,6,path,32,10.91,1017,0.4907,0.6144
blue,0.4998,0.5841,fake-blue-center-32-7512,7,path,32,12.73,1017,0.5002,0.5841
blue,0.44020000000000004,0.5839,fake-blue-center-32-7512,8,path,32,14.55,1017,0.5598,0.5839
blue,0.40959999999999996,0.5663,fake-blue-center-32-7512,9,path,32,16.36,1017,0.5904,0.5663
blue,0.4497,0.5062,fake-blue-center-32-7512,10,path,32,18.18,1017,0.5503,0.5062
blue,0.4202,0.4879,fake-blue-center-32-7512,11,path,32,20.0,1017,0.5798,0.4879
blue,0.5516,0.5956,fake-blue-center-32-7512,0,shot,32,7.27,1017,0.4484,0.5956
blue,0.44020000000000004,0.5839,fake-blue-center-32-7512,1,shot,32,14.55,1017,0.5598,0.5839
blue,0.7054,0.3027,fake-blue-left-32-9205,0,path,32,0.0,1000,0.2946,0.3027
blue,0.6221,0.3604,fake-blue-left-32-9205,1,path,32,1.82,1000,0.3779,0.3604
blue,0.6547000000000001,0.3484,fake-blue-left-32-9205,2,path,32,3.64,1000,0.3453,0.3484
blue,0.5799000000000001,0.401,fake-blue-left-32-9205,3,path,32,5.45,1000,0.4201,0.401
blue,0.5860000000000001,0.4049,fake-blue-left-32-9205,4,path,32,7.27,1000,0.414,0.4049
blue,0.5579000000000001,0.4294,fake-blue-left-32-9205,5,path,32,9.09,1000,0.4421,0.4294
blue,0.49660000000000004,0.452,fake-blue-left-32-9205,6,path,32,10.91,1000,0.5034,0.452
blue,0.4959,0.4164,fake-blue-left-32-9205,7,path,32,12.73,1000,0.5041,0.4164
blue,0.5199,0.3661,fake-blue-left-32-9205,8,path,32,14.55,1000,0.4801,0.3661
blue,0.4796,0.3542,fake-blue-left-32-9205,9,path,32,16.36,1000,0.5204,0.3542
blue,0.4226,0.3525,fake-blue-left-32-9205,10,path,32,18.18,1000,0.5774,0.3525
blue,0.4243,0.3154,fake-blue-left-32-9205,11,path,32,20.0,1000,0.5757,0.3154
blue,0.5860000000000001,0.4049,fake-blue-left-32-9205,0,shot,32,7.27,1000,0.414,0.4049
blue,0.5199,0.3661,fake-blue-left-32-9205,1,shot,32,14.55,1000,0.4801,0.3661
blue,0.7027,0.4744,fake-blue-center-32-6437,0,path,32,0.0,1034,0.2973,0.4744
blue,0.6622,0.5063,fake-blue-center-32-6437,1,path,32,1.82,1034,0.3378,0.5063
blue,0.5758,0.5658,fake-blue-center-32-6437,2,path,32,3.64,1034,0.4242,0.5658
blue,0.5815,0.57,fake-blue-center-32-6437,3,path,32,5.45,1034,0.4185,0.57
blue,0.5945,0.5699,fake-blue-center-32-6437,4,path,32,7.27,1034,0.4055,0.5699
blue,0.5216000000000001,0.6212,fake-blue-center-32-6437,5,path,32,9.09,1034,0.4784,0.6212
blue,0.5176000000000001,0.6094,fake-blue-center-32-6437,6,path,32,10.91,1034,0.4824,0.6094
blue,0.4629,0.6062,fake-blue-center-32-6437,7,path,32,12.73,1034,0.5371,0.6062
blue,0.42800000000000005,0.5912,fake-blue-center-32-6437,8,path,32,14.55,1034,0.572,0.5912
blue,0.47540000000000004,0.5268,fake-blue-center-32-6437,9,path,32,16.36,1034,0.5246,0.5268
blue,0.3769,0.5499,fake-blue-center-32-6437,10,path,32,18.18,1034,0.6231,0.5499
blue,0.4134,0.492,fake-blue-center-32-6437,11,path,32,20.0,1034,0.5866,0.492
blue,0.5945,0.5699,fake-blue-center-32-6437,0,shot,32,7.27,1034,0.4055,0.5699
blue,0.42800000000000005,0.5912,fake-blue-center-32-6437,1,shot,32,14.55,1034,0.572,0.5912
red,0.7322,0.5253,fake-red-center-33-7452,0,path,33,0.0,1030,0.7322,0.5253
red,0.659,0.5174,fake-red-center-33-7452,1,path,33,1.82,1030,0.659,0.5174
red,0.5973,0.5164,fake-red-center-33-7452,2,path,33,3.64,1030,0.5973,0.5164
red,0.5732,0.5379,fake-red-center-33-7452,3,path,33,5.45,1030,0.5732,0.5379
red,0.6188,0.6013,fake-red-center-33-7452,4,path,33,7.27,1030,0.6188,0.6013
red,0.5561,0.5997,fake-red-center-33-7452,5,path,33,9.09,1030,0.5561,0.5997
red,0.5261,0.5959,fake-red-center-33-7452,6,path,33,10.91,1030,0.5261,0.5959
red,0.5282,0.5895,fake-red-center-33-7452,7,path,33,12.73,1030,0.5282,0.5895
red,0.5487,0.5941,fake-red-center-33-7452,8,path,33,14.55,1030,0.5487,0.5941
red,0.4398,0.5212,fake-red-center-33-7452,9,path,33,16.36,1030,0.4398,0.5212
red,0.4258,0.5051,fake-red-center-33-7452,10,path,33,18.18,1030,0.4258,0.5051
red,0.3901,0.4761,fake-red-center-33-7452,11,path,33,20.0,1030,0.3901,0.4761
red,0.6188,0.6013,fake-red-center-33-7452,0,shot,33,7.27,1030,0.6188,0.6013
red,0.5487,0.5941,fake-red-center-33-7452,1,shot,33,14.55,1030,0.5487,0.5941
red,0.7392,0.3595,fake-red-left-33-8467,0,path,33,0.0,1005,0.7392,0.3595
red,0.625,0.327,fake-red-left-33-8467,1,path,33,1.82,1005,0.625,0.327
red,0.6001,0.3481,fake-red-left-33-8467,2,path,33,3.64,1005,0.6001,0.3481
red,0.619,0.3954,fake-red-left-33-8467,3,path,33,5.45,1005,0.619,0.3954
red,0.5613,0.3968,fake-red-left-33-8467,4,path,33,7.27,1005,0.5613,0.3968
red,0.5785,0.4431,fake-red-left-33-8467,5,path,33,9.09,1005,0.5785,0.4431
red,0.5815,0.4591,fake-red-left-33-8467,6,path,33,10.91,1005,0.5815,0.4591
red,0.5512,0.4332,fake-red-left-33-8467,7,path,33,12.73,1005,0.5512,0.4332
red,0.5507,0.4253,fake-red-left-33-8467,8,path,33,14.55,1005,0.5507,0.4253
red,0.4949,0.3842,fake-red-left-33-8467,9,path,33,16.36,1005,0.4949,0.3842
red,0.4712,0.3624,fake-red-left-33-8467,10,path,33,18.18,1005,0.4712,0.3624
red,0.4293,0.3296,fake-red-left-33-8467,11,path,33,20.0,1005,0.4293,0.3296
red,0.5613,0.3968,fake-red-left-33-8467,0,shot,33,7.27,1005,0.5613,0.3968
red,0.5507,0.4253,fake-red-left-33-8467,1,shot,33,14.55,1005,0.5507,0.4253
red,0.7349,0.3569,fake-red-left-33-8917,0,path,33,0.0,1035,0.7349,0.3569
red,0.6181,0.3229,fake-red-left-33-8917,1,path,33,1.82,1035,0.6181,0.3229
red,0.6586,0.3831,fake-red-left-33-8917,2,path,33,3.64,1035,0.6586,0.3831
red,0.5744,0.3687,fake-red-left-33-8917,3,path,33,5.45,1035,0.5744,0.3687
red,0.5951,0.4171,fake-red-left-33-8917,4,path,33,7.27,1035,0.5951,0.4171
red,0.6037,0.4582,fake-red-left-33-8917,5,path,33,9.09,1035,0.6037,0.4582
red,0.5253,0.4253,fake-red-left-33-8917,6,path,33,10.91,1035,0.5253,0.4253
red,0.5546,0.4353,fake-red-left-33-8917,7,path,33,12.73,1035,0.5546,0.4353
red,0.4712,0.3776,fake-red-left-33-8917,8,path,33,14.55,1035,0.4712,0.3776
red,0.5178,0.398,fake-red-left-33-8917,9,path,33,16.36,1035,0.5178,0.398
red,0.4065,0.3235,fake-red-left-33-8917,10,path,33,18.18,1035,0.4065,0.3235
red,0.4069,0.3161,fake-red-left-33-8917,11,path,33,20.0,1035,0.4069,0.3161
red,0.5951,0.4171,fake-red-left-33-8917,0,shot,33,7.27,1035,0.5951,0.4171
red,0.4712,0.3776,fake-red-left-33-8917,1,shot,33,14.55,1035,0.4712,0.3776
blue,0.6588,0.3307,fake-blue-left-33-7259,0,path,33,0.0,1023,0.3412,0.3307
blue,0.6139,0.3653,fake-blue-left-33-7259,1,path,33,1.82,1023,0.3861,0.3653
blue,0.6563,0.3475,fake-blue-left-33-7259,2,path,33,3.64,1023,0.3437,0.3475
blue,0.5574,0.4144,fake-blue-left-33-7259,3,path,33,5.45,1023,0.4426,0.4144
blue,0.5338,0.4362,fake-blue-left-33-7259,4,path,33,7.27,1023,0.4662,0.4362
blue,0.5021,0.4629,fake-blue-left-33-7259,5,path,33,9.09,1023,0.4979,0.4629
blue,0.5225,0.4365,fake-blue-left-33-7259,6,path,33,10.91,1023,0.4775,0.4365
blue,0.46699999999999997,0.4338,fake-blue-left-33-7259,7,path,33,12.73,1023,0.533,0.4338
blue,0.4316,0.419,fake-blue-left-33-7259,8,path,33,14.55,1023,0.5684,0.419
blue,0.47529999999999994,0.3568,fake-blue-left-33-7259,9,path,33,16.36,1023,0.5247,0.3568
blue,0.4697,0.3242,fake-blue-left-33-7259,10,path,33,18.18,1023,0.5303,0.3242
blue,0.38780000000000003,0.3373,fake-blue-left-33-7259,11,path,33,20.0,1023,0.6122,0.3373
blue,0.5338,0.4362,fake-blue-left-33-7259,0,shot,33,7.27,1023,0.4662,0.4362
blue,0.4316,0.419,fake-blue-left-33-7259,1,shot,33,14.55,1023,0.5684,0.419
blue,0.6363,0.6842,fake-blue-right-33-1681,0,path,33,0.0,1013,0.3637,0.6842
blue,0.6295999999999999,0.6959,fake-blue-right-33-1681,1,path,33,1.82,1013,0.3704,0.6959
blue,0.6208,0.7088,fake-blue-right-33-1681,2,path,33,3.64,1013,0.3792,0.7088
blue,0.6263000000000001,0.7131,fake-blue-right-33-1681,3,path,33,5.45,1013,0.3737,0.7131
blue,0.5333,0.7765,fake-blue-right-33-1681,4,path,33,7.27,1013,0.4667,0.7765
blue,0.5868,0.7521,fake-blue-right-33-1681,5,path,33,9.09,1013,0.4132,0.7521
blue,0.49260000000000004,0.7944,fake-blue-right-33-1681,6,path,33,10.91,1013,0.5074,0.7944
blue,0.5084,0.749,fake-blue-right-33-1681,7,path,33,12.73,1013,0.4916,0.749
blue,0.5003,0.7178,fake-blue-right-33-1681,8,path,33,14.55,1013,0.4997,0.7178
blue,0.4417,0.717,fake-blue-right-33-1681,9,path,33,16.36,1013,0.5583,0.717
blue,0.41359999999999997,0.6978,fake-blue-right-33-1681,10,path,33,18.18,1013,0.5864,0.6978
blue,0.38439999999999996,0.6794,fake-blue-right-33-1681,11,path,33,20.0,1013,0.6156,0.6794
blue,0.5333,0.7765,fake-blue-right-33-1681,0,shot,33,7.27,1013,0.4667,0.7765
blue,0.5003,0.7178,fake-blue-right-33-1681,1,shot,33,14.55,1013,0.4997,0.7178
blue,0.6511,0.5053,fake-blue-center-33-2725,0,path,33,0.0,1026,0.3489,0.5053
blue,0.6086,0.5385,fake-blue-center-33-2725,1,path,33,1.82,1026,0.3914,0.5385
blue,0.6402,0.5271,fake-blue-center-33-2725,2,path,33,3.64,1026,0.3598,0.5271
blue,0.5395,0.5952,fake-blue-center-33-2725,3,path,33,5.45,1026,0.4605,0.5952
blue,0.5622,0.5892,fake-blue-center-33-2725,4,path,33,7.27,1026,0.4378,0.5892
blue,0.5598000000000001,0.5983,fake-blue-center-33-2725,5,path,33,9.09,1026,0.4402,0.5983
blue,0.5364,0.5982,fake-blue-center-33-2725,6,path,33,10.91,1026,0.4636,0.5982
blue,0.5136000000000001,0.5758,fake-blue-center-33-2725,7,path,33,12.73,1026,0.4864,0.5758
blue,0.5145,0.5393,fake-blue-center-33-2725,8,path,33,14.55,1026,0.4855,0.5393
blue,0.40980000000000005,0.5661,fake-blue-center-33-2725,9,path,33,16.36,1026,0.5902,0.5661
blue,0.4286,0.5188,fake-blue-center-33-2725,10,path,33,18.18,1026,0.5714,0.5188
blue,0.3649,0.521,fake-blue-center-33-2725,11,path,33,20.0,1026,0.6351,0.521
blue,0.5622,0.5892,fake-blue-center-33-2725,0,shot,33,7.27,1026,0.4378,0.5892
blue,0.5145,0.5393,fake-blue-center-33-2725,1,shot,33,14.55,1026,0.4855,0.5393
red,0.7362,0.6977,fake-red-right-34-9323,0,path,34,0.0,1024,0.7362,0.6977
red,0.6557,0.6854,fake-red-right-34-9323,1,path,34,1.82,1024,0.6557,0.6854
red,0.6479,0.7167,fake-red-right-34-9323,2,path,34,3.64,1024,0.6479,0.7167
red,0.6284,0.741,fake-red-right-34-9323,3,path,34,5.45,1024,0.6284,0.741
red,0.5736,0.7442,fake-red-right-34-9323,4,path,34,7.27,1024,0.5736,0.7442
red,0.6016,0.797,fake-red-right-34-9323,5,path,34,9.09,1024,0.6016,0.797
red,0.5673,0.7906,fake-red-right-34-9323,6,path,34,10.91,1024,0.5673,0.7906
red,0.4895,0.7362,fake-red-right-34-9323,7,path,34,12.73,1024,0.4895,0.7362
red,0.4902,0.729,fake-red-right-34-9323,8,path,34,14.55,1024,0.4902,0.729
red,0.437,0.6895,fake-red-right-34-9323,9,path,34,16.36,1024,0.437,0.6895
red,0.4264,0.6755,fake-red-right-34-9323,10,path,34,18.18,1024,0.4264,0.6755
red,0.4461,0.6797,fake-red-right-34-9323,11,path,34,20.0,1024,0.4461,0.6797
red,0.5736,0.7442,fake-red-right-34-9323,0,shot,34,7.27,1024,0.5736,0.7442
red,0.4902,0.729,fake-red-right-34-9323,1,shot,34,14.55,1024,0.4902,0.729
red,0.6676,0.3166,fake-red-left-34-9501,0,path,34,0.0,1026,0.6676,0.3166
red,0.6936,0.3682,fake-red-left-34-9501,1,path,34,1.82,1026,0.6936,0.3682
red,0.5984,0.347,fake-red-left-34-9501,2,path,34,3.64,1026,0.5984,0.347
red,0.6255,0.3993,fake-red-left-34-9501,3,path,34,5.45,1026,0.6255,0.3993
red,0.5792,0.4075,fake-red-left-34-9501,4,path,34,7.27,1026,0.5792,0.4075
red,0.6217,0.469,fake-red-left-34-9501,5,path,34,9.09,1026,0.6217,0.469
red,0.5409,0.4347,fake-red-left-34-9501,6,path,34,10.91,1026,0.5409,0.4347
red,0.4894,0.3962,fake-red-left-34-9501,7,path,34,12.73,1026,0.4894,0.3962
red,0.5328,0.4146,fake-red-left-34-9501,8,path,34,14.55,1026,0.5328,0.4146
red,0.4847,0.3781,fake-red-left-34-9501,9,path,34,16.36,1026,0.4847,0.3781
red,0.4487,0.3489,fake-red-left-34-9501,10,path,34,18.18,1026,0.4487,0.3489
red,0.4649,0.351,fake-red-left-34-9501,11,path,34,20.0,1026,0.4649,0.351
red,0.5792,0.4075,fake-red-left-34-9501,0,shot,34,7.27,1026,0.5792,0.4075
red,0.5328,0.4146,fake-red-left-34-9501,1,shot,34,14.55,1026,0.5328,0.4146
red,0.6603,0.6522,fake-red-right-34-7360,0,path,34,0.0,1009,0.6603,0.6522
red,0.6651,0.691,fake-red-right-34-7360,1,path,34,1.82,1009,0.6651,0.691
red,0.6704,0.7302,fake-red-right-34-7360,2,path,34,3.64,1009,0.6704,0.7302
red,0.601,0.7246,fake-red-right-34-7360,3,path,34,5.45,1009,0.601,0.7246
red,0.557,0.7342,fake-red-right-34-7360,4,path,34,7.27,1009,0.557,0.7342
red,0.5501,0.7661,fake-red-right-34-7360,5,path,34,9.09,1009,0.5501,0.7661
red,0.5799,0.7981,fake-red-right-34-7360,6,path,34,10.91,1009,0.5799,0.7981
red,0.5304,0.7608,fake-red-right-34-7360,7,path,34,12.73,1009,0.5304,0.7608
red,0.51,0.7409,fake-red-right-34-7360,8,path,34,14.55,1009,0.51,0.7409
red,0.4686,0.7084,fake-red-right-34-7360,9,path,34,16.36,1009,0.4686,0.7084
red,0.4298,0.6775,fake-red-right-34-7360,10,path,34,18.18,1009,0.4298,0.6775
red,0.4566,0.686,fake-red-right-34-7360,11,path,34,20.0,1009,0.4566,0.686
red,0.557,0.7342,fake-red-right-34-7360,0,shot,34,7.27,1009,0.557,0.7342
red,0.51,0.7409,fake-red-right-34-7360,1,shot,34,14.55,1009,0.51,0.7409
blue,0.6965,0.6481,fake-blue-right-34-7096,0,path,34,0.0,1013,0.3035,0.6481
blue,0.6005,0.7133,fake-blue-right-34-7096,1,path,34,1.82,1013,0.3995,0.7133
blue,0.5833999999999999,0.7313,fake-blue-right-34-7096,2,path,34,3.64,1013,0.4166,0.7313
blue,0.5662,0.7492,fake-blue-right-34-7096,3,path,34,5.45,1013,0.4338,0.7492
blue,0.5267,0.7805,fake-blue-right-34-7096,4,path,34,7.27,1013,0.4733,0.7805
blue,0.5318,0.7851,fake-blue-right-34-7096,5,path,34,9.09,1013,0.4682,0.7851
blue,0.5299,0.7721,fake-blue-right-34-7096,6,path,34,10.91,1013,0.4701,0.7721
blue,0.4497,0.7842,fake-blue-right-34-7096,7,path,34,12.73,1013,0.5503,0.7842
blue,0.4468,0.7499,fake-blue-right-34-7096,8,path,34,14.55,1013,0.5532,0.7499
blue,0.4635,0.7039,fake-blue-right-34-7096,9,path,34,16.36,1013,0.5365,0.7039
blue,0.3752,0.7209,fake-blue-right-34-7096,10,path,34,18.18,1013,0.6248,0.7209
blue,0.40190000000000003,0.6688,fake-blue-right-34-7096,11,path,34,20.0,1013,0.5981,0.6688
blue,0.5267,0.7805,fake-blue-right-34-7096,0,shot,34,7.27,1013,0.4733,0.7805
blue,0.4468,0.7499,fake-blue-right-34-7096,1,shot,34,14.55,1013,0.5532,0.7499
blue,0.6487,0.6768,fake-blue-right-34-3897,0,path,34,0.0,1016,0.3513,0.6768
blue,0.6164000000000001,0.7038,fake-blue-right-34-3897,1,path,34,1.82,1016,0.3836,0.7038
blue,0.6331,0.7014,fake-blue-right-34-3897,2,path,34,3.64,1016,0.3669,0.7014
blue,0.5448999999999999,0.762,fake-blue-right-34-3897,3,path,34,5.45,1016,0.4551,0.762
blue,0.5422,0.7712,fake-blue-right-34-3897,4,path,34,7.27,1016,0.4578,0.7712
blue,0.5818,0.7551,fake-blue-right-34-3897,5,path,34,9.09,1016,0.4182,0.7551
blue,0.5588,0.7547,fake-blue-right-34-3897,6,path,34,10.91,1016,0.4412,0.7547
blue,0.4788,0.7667,fake-blue-right-34-3897,7,path,34,12.73,1016,0.5212,0.7667
blue,0.46140000000000003,0.7411,fake-blue-right-34-3897,8,path,34,14.55,1016,0.5386,0.7411
blue,0.4468,0.7139,fake-blue-right-34-3897,9,path,34,16.36,1016,0.5532,0.7139
blue,0.4596,0.6702,fake-blue-right-34-3897,10,path,34,18.18,1016,0.5404,0.6702
blue,0.41669999999999996,0.66,fake-blue-right-34-3897,11,path,34,20.0,1016,0.5833,0.66
blue,0.5422,0.7712,fake-blue-right-34-3897,0,shot,34,7.27,1016,0.4578,0.7712
blue,0.46140000000000003,0.7411,fake-blue-right-34-3897,1,shot,34,14.55,1016,0.5386,0.7411
blue,0.6516,0.505,fake-blue-center-34-1789,0,path,34,0.0,1011,0.3484,0.505
blue,0.6811,0.495,fake-blue-center-34-1789,1,path,34,1.82,1011,0.3189,0.495
blue,0.5948,0.5544,fake-blue-center-34-1789,2,path,34,3.64,1011,0.4052,0.5544
blue,0.5406,0.5945,fake-blue-center-34-1789,3,path,34,5.45,1011,0.4594,0.5945
blue,0.5343,0.606,fake-blue-center-34-1789,4,path,34,7.27,1011,0.4657,0.606
blue,0.5558000000000001,0.6007,fake-blue-center-34-1789,5,path,34,9.09,1011,0.4442,0.6007
blue,0.498,0.6212,fake-blue-center-34-1789,6,path,34,10.91,1011,0.502,0.6212
blue,0.5362,0.5623,fake-blue-center-34-1789,7,path,34,12.73,1011,0.4638,0.5623
blue,0.4787,0.5608,fake-blue-center-34-1789,8,path,34,14.55,1011,0.5213,0.5608
blue,0.47440000000000004,0.5273,fake-blue-center-34-1789,9,path,34,16.36,1011,0.5256,0.5273
blue,0.39880000000000004,0.5367,fake-blue-center-34-1789,10,path,34,18.18,1011,0.6012,0.5367
blue,0.3508,0.5295,fake-blue-center-34-1789,11,path,34,20.0,1011,0.6492,0.5295
blue,0.5343,0.606,fake-blue-center-34-1789,0,shot,34,7.27,1011,0.4657,0.606
blue,0.4787,0.5608,fake-blue-center-34-1789,1,shot,34,14.55,1011,0.5213,0.5608
red,0.669,0.6574,fake-red-right-35-8211,0,path,35,0.0,1017,0.669,0.6574
red,0.701,0.7126,fake-red-right-35-8211,1,path,35,1.82,1017,0.701,0.7126
red,0.6387,0.7112,fake-red-right-35-8211,2,path,35,3.64,1017,0.6387,0.7112
red,0.5962,0.7217,fake-red-right-35-8211,3,path,35,5.45,1017,0.5962,0.7217
red,0.6266,0.776,fake-red-right-35-8211,4,path,35,7.27,1017,0.6266,0.776
red,0.5813,0.7848,fake-red-right-35-8211,5,path,35,9.09,1017,0.5813,0.7848
red,0.5868,0.8023,fake-red-right-35-8211,6,path,35,10.91,1017,0.5868,0.8023
red,0.5467,0.7706,fake-red-right-35-8211,7,path,35,12.73,1017,0.5467,0.7706
red,0.5034,0.7369,fake-red-right-35-8211,8,path,35,14.55,1017,0.5034,0.7369
red,0.4824,0.7167,fake-red-right-35-8211,9,path,35,16.36,1017,0.4824,0.7167
red,0.4722,0.7029,fake-red-right-35-8211,10,path,35,18.18,1017,0.4722,0.7029
red,0.4157,0.6614,fake-red-right-35-8211,11,path,35,20.0,1017,0.4157,0.6614
red,0.6266,0.776,fake-red-right-35-8211,0,shot,35,7.27,1017,0.6266,0.776
red,0.5034,0.7369,fake-red-right-35-8211,1,shot,35,14.55,1017,0.5034,0.7369
red,0.6966,0.674,fake-red-right-35-2334,0,path,35,0.0,1027,0.6966,0.674
red,0.6586,0.6872,fake-red-right-35-2334,1,path,35,1.82,1027,0.6586,0.6872
red,0.673,0.7318,fake-red-right-35-2334,2,path,35,3.64,1027,0.673,0.7318
red,0.6668,0.7641,fake-red-right-35-2334,3,path,35,5.45,1027,0.6668,0.7641
red,0.6178,0.7707,fake-red-right-35-2334,4,path,35,7.27,1027,0.6178,0.7707
red,0.5696,0.7778,fake-red-right-35-2334,5,path,35,9.09,1027,0.5696,0.7778
red,0.573,0.794,fake-red-right-35-2334,6,path,35,10.91,1027,0.573,0.794
red,0.4799,0.7305,fake-red-right-35-2334,7,path,35,12.73,1027,0.4799,0.7305
red,0.5415,0.7598,fake-red-right-35-2334,8,path,35,14.55,1027,0.5415,0.7598
red,0.4828,0.7169,fake-red-right-35-2334,9,path,35,16.36,1027,0.4828,0.7169
red,0.4051,0.6627,fake-red-right-35-2334,10,path,35,18.18,1027,0.4051,0.6627
red,0.4389,0.6753,fake-red-right-35-2334,11,path,35,20.0,1027,0.4389,0.6753
red,0.6178,0.7707,fake-red-right-35-2334,0,shot,35,7.27,1027,0.6178,0.7707
red,0.5415,0.7598,fake-red-right-35-2334,1,shot,35,14.55,1027,0.5415,0.7598
red,0.7257,0.5214,fake-red-center-35-1478,0,path,35,0.0,1016,0.7257,0.5214
red,0.6868,0.5341,fake-red-center-35-1478,1,path,35,1.82,1016,0.6868,0.5341
red,0.6378,0.5407,fake-red-center-35-1478,2,path,35,3.64,1016,0.6378,0.5407
red,0.6038,0.5563,fake-red-center-35-1478,3,path,35,5.45,1016,0.6038,0.5563
red,0.5675,0.5705,fake-red-center-35-1478,4,path,35,7.27,1016,0.5675,0.5705
red,0.5501,0.5961,fake-red-center-35-1478,5,path,35,9.09,1016,0.5501,0.5961
red,0.526,0.5958,fake-red-center-35-1478,6,path,35,10.91,1016,0.526,0.5958
red,0.5634,0.6106,fake-red-center-35-1478,7,path,35,12.73,1016,0.5634,0.6106
red,0.5496,0.5947,fake-red-center-35-1478,8,path,35,14.55,1016,0.5496,0.5947
red,0.5231,0.5711,fake-red-center-35-1478,9,path,35,16.36,1016,0.5231,0.5711
red,0.4807,0.538,fake-red-center-35-1478,10,path,35,18.18,1016,0.4807,0.538
red,0.3979,0.4808,fake-red-center-35-1478,11,path,35,20.0,1016,0.3979,0.4808
red,0.5675,0.5705,fake-red-center-35-1478,0,shot,35,7.27,1016,0.5675,0.5705
red,0.5496,0.5947,fake-red-center-35-1478,1,shot,35,14.55,1016,0.5496,0.5947
blue,0.6377999999999999,0.3433,fake-blue-left-35-8946,0,path,35,0.0,1034,0.3622,0.3433
blue,0.6619999999999999,0.3365,fake-blue-left-35-8946,1,path,35,1.82,1034,0.338,0.3365
blue,0.6283000000000001,0.3643,fake-blue-left-35-8946,2,path,35,3.64,1034,0.3717,0.3643
blue,0.5466,0.4209,fake-blue-left-35-8946,3,path,35,5.45,1034,0.4534,0.4209
blue,0.5971,0.3983,fake-blue-left-35-8946,4,path,35,7.27,1034,0.4029,0.3983
blue,0.5825,0.4147,fake-blue-left-35-8946,5,path,35,9.09,1034,0.4175,0.4147
blue,0.48560000000000003,0.4586,fake-blue-left-35-8946,6,path,35,10.91,1034,0.5144,0.4586
blue,0.49429999999999996,0.4174,fake-blue-left-35-8946,7,path,35,12.73,1034,0.5057,0.4174
blue,0.48629999999999995,0.3862,fake-blue-left-35-8946,8,path,35,14.55,1034,0.5137,0.3862
blue,0.4387,0.3788,fake-blue-left-35-8946,9,path,35,16.36,1034,0.5613,0.3788
blue,0.3994,0.3664,fake-blue-left-35-8946,10,path,35,18.18,1034,0.6006,0.3664
blue,0.3903,0.3358,fake-blue-left-35-8946,11,path,35,20.0,1034,0.6097,0.3358
blue,0.5971,0.3983,fake-blue-left-35-8946,0,shot,35,7.27,1034,0.4029,0.3983
blue,0.48629999999999995,0.3862,fake-blue-left-35-8946,1,shot,35,14.55,1034,0.5137,0.3862
blue,0.6674,0.6656,fake-blue-right-35-3088,0,path,35,0.0,1008,0.3326,0.6656
blue,0.645,0.6867,fake-blue-right-35-3088,1,path,35,1.82,1008,0.355,0.6867
blue,0.6316999999999999,0.7023,fake-blue-right-35-3088,2,path,35,3.64,1008,0.3683,0.7023
blue,0.5642,0.7504,fake-blue-right-35-3088,3,path,35,5.45,1008,0.4358,0.7504
blue,0.5728,0.7529,fake-blue-right-35-3088,4,path,35,7.27,1008,0.4272,0.7529
blue,0.5079,0.7994,fake-blue-right-35-3088,5,path,35,9.09,1008,0.4921,0.7994
blue,0.5072,0.7857,fake-blue-right-35-3088,6,path,35,10.91,1008,0.4928,0.7857
blue,0.4887,0.7608,fake-blue-right-35-3088,7,path,35,12.73,1008,0.5113,0.7608
blue,0.48450000000000004,0.7273,fake-blue-right-35-3088,8,path,35,14.55,1008,0.5155,0.7273
blue,0.3994,0.7424,fake-blue-right-35-3088,9,path,35,16.36,1008,0.6006,0.7424
blue,0.3903,0.7118,fake-blue-right-35-3088,10,path,35,18.18,1008,0.6097,0.7118
blue,0.43379999999999996,0.6497,fake-blue-right-35-3088,11,path,35,20.0,1008,0.5662,0.6497
blue,0.5728,0.7529,fake-blue-right-35-3088,0,shot,35,7.27,1008,0.4272,0.7529
blue,0.48450000000000004,0.7273,fake-blue-right-35-3088,1,shot,35,14.55,1008,0.5155,0.7273
blue,0.669,0.6646,fake-blue-right-35-7820,0,path,35,0.0,1021,0.331,0.6646
blue,0.6853,0.6625,fake-blue-right-35-7820,1,path,35,1.82,1021,0.3147,0.6625
blue,0.5938,0.725,fake-blue-right-35-7820,2,path,35,3.64,1021,0.4062,0.725
blue,0.5705,0.7466,fake-blue-right-35-7820,3,path,35,5.45,1021,0.4295,0.7466
blue,0.5321,0.7773,fake-blue-right-35-7820,4,path,35,7.27,1021,0.4679,0.7773
blue,0.5152,0.7951,fake-blue-right-35-7820,5,path,35,9.09,1021,0.4848,0.7951
blue,0.49850000000000005,0.7909,fake-blue-right-35-7820,6,path,35,10.91,1021,0.5015,0.7909
blue,0.5136000000000001,0.7459,fake-blue-right-35-7820,7,path,35,12.73,1021,0.4864,0.7459
blue,0.4615,0.7411,fake-blue-right-35-7820,8,path,35,14.55,1021,0.5385,0.7411
blue,0.47019999999999995,0.6999,fake-blue-right-35-7820,9,path,35,16.36,1021,0.5298,0.6999
blue,0.47119999999999995,0.6633,fake-blue-right-35-7820,10,path,35,18.18,1021,0.5288,0.6633
blue,0.44089999999999996,0.6455,fake-blue-right-35-7820,11,path,35,20.0,1021,0.5591,0.6455
blue,0.5321,0.7773,fake-blue-right-35-7820,0,shot,35,7.27,1021,0.4679,0.7773
blue,0.4615,0.7411,fake-blue-right-35-7820,1,shot,35,14.55,1021,0.5385,0.7411
red,0.7389,0.5293,fake-red-center-36-3748,0,path,36,0.0,1004,0.7389,0.5293
red,0.7132,0.5499,fake-red-center-36-3748,1,path,36,1.82,1004,0.7132,0.5499
red,0.6307,0.5364,fake-red-center-36-3748,2,path,36,3.64,1004,0.6307,0.5364
red,0.6652,0.5931,fake-red-center-36-3748,3,path,36,5.45,1004,0.6652,0.5931
red,0.5636,0.5682,fake-red-center-36-3748,4,path,36,7.27,1004,0.5636,0.5682
red,0.6215,0.6389,fake-red-center-36-3748,5,path,36,9.09,1004,0.6215,0.6389
red,0.5569,0.6143,fake-red-center-36-3748,6,path,36,10.91,1004,0.5569,0.6143
red,0.4862,0.5642,fake-red-center-36-3748,7,path,36,12.73,1004,0.4862,0.5642
red,0.4575,0.5394,fake-red-center-36-3748,8,path,36,14.55,1004,0.4575,0.5394
red,0.4814,0.5461,fake-red-center-36-3748,9,path,36,16.36,1004,0.4814,0.5461
red,0.4079,0.4944,fake-red-center-36-3748,10,path,36,18.18,1004,0.4079,0.4944
red,0.4721,0.5253,fake-red-center-36-3748,11,path,36,20.0,1004,0.4721,0.5253
red,0.5636,0.5682,fake-red-center-36-3748,0,shot,36,7.27,1004,0.5636,0.5682
red,0.4575,0.5394,fake-red-center-36-3748,1,shot,36,14.55,1004,0.4575,0.5394
red,0.6575,0.6505,fake-red-right-36-1115,0,path,36,0.0,1012,0.6575,0.6505
red,0.7059,0.7156,fake-red-right-36-1115,1,path,36,1.82,1012,0.7059,0.7156
red,0.6601,0.7241,fake-red-right-36-1115,2,path,36,3.64,1012,0.6601,0.7241
red,0.615,0.733,fake-red-right-36-1115,3,path,36,5.45,1012,0.615,0.733
red,0.6017,0.761,fake-red-right-36-1115,4,path,36,7.27,1012,0.6017,0.761
red,0.545,0.763,fake-red-right-36-1115,5,path,36,9.09,1012,0.545,0.763
red,0.515,0.7592,fake-red-right-36-1115,6,path,36,10.91,1012,0.515,0.7592
red,0.5219,0.7557,fake-red-right-36-1115,7,path,36,12.73,1012,0.5219,0.7557
red,0.5258,0.7504,fake-red-right-36-1115,8,path,36,14.55,1012,0.5258,0.7504
red,0.4918,0.7224,fake-red-right-36-1115,9,path,36,16.36,1012,0.4918,0.7224
red,0.4855,0.7109,fake-red-right-36-1115,10,path,36,18.18,1012,0.4855,0.7109
red,0.3931,0.6479,fake-red-right-36-1115,11,path,36,20.0,1012,0.3931,0.6479
red,0.6017,0.761,fake-red-right-36-1115,0,shot,36,7.27,1012,0.6017,0.761
red,0.5258,0.7504,fake-red-right-36-1115,1,shot,36,14.55,1012,0.5258,0.7504
red,0.6655,0.4853,fake-red-center-36-9416,0,path,36,0.0,1001,0.6655,0.4853
red,0.6562,0.5157,fake-red-center-36-9416,1,path,36,1.82,1001,0.6562,0.5157
red,0.6223,0.5314,fake-red-center-36-9416,2,path,36,3.64,1001,0.6223,0.5314
red,0.6151,0.5631,fake-red-center-36-9416,3,path,36,5.45,1001,0.6151,0.5631
red,0.6422,0.6153,fake-red-center-36-9416,4,path,36,7.27,1001,0.6422,0.6153
red,0.5302,0.5841,fake-red-center-36-9416,5,path,36,9.09,1001,0.5302,0.5841
red,0.5103,0.5864,fake-red-center-36-9416,6,path,36,10.91,1001,0.5103,0.5864
red,0.5129,0.5803,fake-red-center-36-9416,7,path,36,12.73,1001,0.5129,0.5803
red,0.4825,0.5544,fake-red-center-36-9416,8,path,36,14.55,1001,0.4825,0.5544
red,0.4356,0.5186,fake-red-center-36-9416,9,path,36,16.36,1001,0.4356,0.5186
red,0.4117,0.4967,fake-red-center-36-9416,10,path,36,18.18,1001,0.4117,0.4967
red,0.4124,0.4894,fake-red-center-36-9416,11,path,36,20.0,1001,0.4124,0.4894
red,0.6422,0.6153,fake-red-center-36-9416,0,shot,36,7.27,1001,0.6422,0.6153
red,0.4825,0.5544,fake-red-center-36-9416,1,shot,36,14.55,1001,0.4825,0.5544
blue,0.7045,0.3033,fake-blue-left-36-5335,0,path,36,0.0,1031,0.2955,0.3033
blue,0.6401,0.3496,fake-blue-left-36-5335,1,path,36,1.82,1031,0.3599,0.3496
blue,0.6168,0.3712,fake-blue-left-36-5335,2,path,36,3.64,1031,0.3832,0.3712
blue,0.6038,0.3866,fake-blue-left-36-5335,3,path,36,5.45,1031,0.3962,0.3866
blue,0.5528,0.4249,fake-blue-left-36-5335,4,path,36,7.27,1031,0.4472,0.4249
blue,0.5428999999999999,0.4385,fake-blue-left-36-5335,5,path,36,9.09,1031,0.4571,0.4385
blue,0.5012,0.4493,fake-blue-left-36-5335,6,path,36,10.91,1031,0.4988,0.4493
blue,0.46399999999999997,0.4356,fake-blue-left-36-5335,7,path,36,12.73,1031,0.536,0.4356
blue,0.4546,0.4052,fake-blue-left-36-5335,8,path,36,14.55,1031,0.5454,0.4052
blue,0.4374,0.3796,fake-blue-left-36-5335,9,path,36,16.36,1031,0.5626,0.3796
blue,0.4567,0.332,fake-blue-left-36-5335,10,path,36,18.18,1031,0.5433,0.332
blue,0.43920000000000003,0.3065,fake-blue-left-36-5335,11,path,36,20.0,1031,0.5608,0.3065
blue,0.5528,0.4249,fake-blue-left-36-5335,0,shot,36,7.27,1031,0.4472,0.4249
blue,0.4546,0.4052,fake-blue-left-36-5335,1,shot,36,14.55,1031,0.5454,0.4052
blue,0.6601,0.33,fake-blue-left-36-6330,0,path,36,0.0,1017,0.3399,0.33
blue,0.6157,0.3642,fake-blue-left-36-6330,1,path,36,1.82,1017,0.3843,0.3642
blue,0.6623,0.3439,fake-blue-left-36-6330,2,path,36,3.64,1017,0.3377,0.3439
blue,0.5983,0.3899,fake-blue-left-36-6330,3,path,36,5.45,1017,0.4017,0.3899
blue,0.5563,0.4228,fake-blue-left-36-6330,4,path,36,7.27,1017,0.4437,0.4228
blue,0.508,0.4594,fake-blue-left-36-6330,5,path,36,9.09,1017,0.492,0.4594
blue,0.5303,0.4318,fake-blue-left-36-6330,6,path,36,10.91,1017,0.4697,0.4318
blue,0.5287999999999999,0.3967,fake-blue-left-36-6330,7,path,36,12.73,1017,0.4712,0.3967
blue,0.4505,0.4077,fake-blue-left-36-6330,8,path,36,14.55,1017,0.5495,0.4077
blue,0.4466,0.374,fake-blue-left-36-6330,9,path,36,16.36,1017,0.5534,0.374
blue,0.43500000000000005,0.345,fake-blue-left-36-6330,10,path,36,18.18,1017,0.565,0.345
blue,0.38949999999999996,0.3363,fake-blue-left-36-6330,11,path,36,20.0,1017,0.6105,0.3363
blue,0.5563,0.4228,fake-blue-left-36-6330,0,shot,36,7.27,1017,0.4437,0.4228
blue,0.4505,0.4077,fake-blue-left-36-6330,1,shot,36,14.55,1017,0.5495,0.4077
blue,0.6133,0.358,fake-blue-left-36-7069,0,path,36,0.0,1014,0.3867,0.358
blue,0.5999,0.3737,fake-blue-left-36-7069,1,path,36,1.82,1014,0.4001,0.3737
blue,0.6549,0.3483,fake-blue-left-36-7069,2,path,36,3.64,1014,0.3451,0.3483
blue,0.5935,0.3928,fake-blue-left-36-7069,3,path,36,5.45,1014,0.4065,0.3928
blue,0.5484,0.4275,fake-blue-left-36-7069,4,path,36,7.27,1014,0.4516,0.4275
blue,0.5900000000000001,0.4102,fake-blue-left-36-7069,5,path,36,9.09,1014,0.41,0.4102
blue,0.5458000000000001,0.4225,fake-blue-left-36-7069,6,path,36,10.91,1014,0.4542,0.4225
blue,0.516,0.4044,fake-blue-left-36-7069,7,path,36,12.73,1014,0.484,0.4044
blue,0.45189999999999997,0.4069,fake-blue-left-36-7069,8,path,36,14.55,1014,0.5481,0.4069
blue,0.4215,0.3891,fake-blue-left-36-7069,9,path,36,16.36,1014,0.5785,0.3891
blue,0.4417,0.341,fake-blue-left-36-7069,10,path,36,18.18,1014,0.5583,0.341
blue,0.37749999999999995,0.3435,fake-blue-left-36-7069,11,path,36,20.0,1014,0.6225,0.3435
blue,0.5484,0.4275,fake-blue-left-36-7069,0,shot,36,7.27,1014,0.4516,0.4275
blue,0.45189999999999997,0.4069,fake-blue-left-36-7069,1,shot,36,14.55,1014,0.5481,0.4069
red,0.6552,0.4791,fake-red-center-37-1681,0,path,37,0.0,1035,0.6552,0.4791
red,0.7004,0.5423,fake-red-center-37-1681,1,path,37,1.82,1035,0.7004,0.5423
red,0.635,0.539,fake-red-center-37-1681,2,path,37,3.64,1035,0.635,0.539
red,0.5814,0.5428,fake-red-center-37-1681,3,path,37,5.45,1035,0.5814,0.5428
red,0.5703,0.5722,fake-red-center-37-1681,4,path,37,7.27,1035,0.5703,0.5722
red,0.5481,0.5949,fake-red-center-37-1681,5,path,37,9.09,1035,0.5481,0.5949
red,0.5611,0.6169,fake-red-center-37-1681,6,path,37,10.91,1035,0.5611,0.6169
red,0.5115,0.5794,fake-red-center-37-1681,7,path,37,12.73,1035,0.5115,0.5794
red,0.4532,0.5368,fake-red-center-37-1681,8,path,37,14.55,1035,0.4532,0.5368
red,0.4654,0.5365,fake-red-center-37-1681,9,path,37,16.36,1035,0.4654,0.5365
red,0.4117,0.4967,fake-red-center-37-1681,10,path,37,18.18,1035,0.4117,0.4967
red,0.4139,0.4903,fake-red-center-37-1681,11,path,37,20.0,1035,0.4139,0.4903
red,0.5703,0.5722,fake-red-center-37-1681,0,shot,37,7.27,1035,0.5703,0.5722
red,0.4532,0.5368,fake-red-center-37-1681,1,shot,37,14.55,1035,0.4532,0.5368
red,0.7156,0.5154,fake-red-center-37-9124,0,path,37,0.0,1011,0.7156,0.5154
red,0.6814,0.5308,fake-red-center-37-9124,1,path,37,1.82,1011,0.6814,0.5308
red,0.6544,0.5507,fake-red-center-37-9124,2,path,37,3.64,1011,0.6544,0.5507
red,0.5961,0.5517,fake-red-center-37-9124,3,path,37,5.45,1011,0.5961,0.5517
red,0.6187,0.6012,fake-red-center-37-9124,4,path,37,7.27,1011,0.6187,0.6012
red,0.556,0.5996,fake-red-center-37-9124,5,path,37,9.09,1011,0.556,0.5996
red,0.5314,0.599,fake-red-center-37-9124,6,path,37,10.91,1011,0.5314,0.599
red,0.5352,0.5937,fake-red-center-37-9124,7,path,37,12.73,1011,0.5352,0.5937
red,0.497,0.5631,fake-red-center-37-9124,8,path,37,14.55,1011,0.497,0.5631
red,0.4491,0.5267,fake-red-center-37-9124,9,path,37,16.36,1011,0.4491,0.5267
red,0.5021,0.5509,fake-red-center-37-9124,10,path,37,18.18,1011,0.5021,0.5509
red,0.4144,0.4906,fake-red-center-37-9124,11,path,37,20.0,1011,0.4144,0.4906
red,0.6187,0.6012,fake-red-center-37-9124,0,shot,37,7.27,1011,0.6187,0.6012
red,0.497,0.5631,fake-red-center-37-9124,1,shot,37,14.55,1011,0.497,0.5631
red,0.6516,0.4769,fake-red-center-37-5288,0,path,37,0.0,1006,0.6516,0.4769
red,0.713,0.5498,fake-red-center-37-5288,1,path,37,1.82,1006,0.713,0.5498
red,0.6825,0.5675,fake-red-center-37-5288,2,path,37,3.64,1006,0.6825,0.5675
red,0.638,0.5768,fake-red-center-37-5288,3,path,37,5.45,1006,0.638,0.5768
red,0.6374,0.6124,fake-red-center-37-5288,4,path,37,7.27,1006,0.6374,0.6124
red,0.5598,0.6019,fake-red-center-37-5288,5,path,37,9.09,1006,0.5598,0.6019
red,0.5885,0.6333,fake-red-center-37-5288,6,path,37,10.91,1006,0.5885,0.6333
red,0.5174,0.583,fake-red-center-37-5288,7,path,37,12.73,1006,0.5174,0.583
red,0.5341,0.5854,fake-red-center-37-5288,8,path,37,14.55,1006,0.5341,0.5854
red,0.4516,0.5282,fake-red-center-37-5288,9,path,37,16.36,1006,0.4516,0.5282
red,0.4141,0.4981,fake-red-center-37-5288,10,path,37,18.18,1006,0.4141,0.4981
red,0.4017,0.483,fake-red-center-37-5288,11,path,37,20.0,1006,0.4017,0.483
red,0.6374,0.6124,fake-red-center-37-5288,0,shot,37,7.27,1006,0.6374,0.6124
red,0.5341,0.5854,fake-red-center-37-5288,1,shot,37,14.55,1006,0.5341,0.5854
blue,0.6871,0.4838,fake-blue-center-37-9215,0,path,37,0.0,1008,0.3129,0.4838
blue,0.6271,0.5274,fake-blue-center-37-9215,1,path,37,1.82,1008,0.3729,0.5274
blue,0.5804,0.563,fake-blue-center-37-9215,2,path,37,3.64,1008,0.4196,0.563
blue,0.5587,0.5837,fake-blue-center-37-9215,3,path,37,5.45,1008,0.4413,0.5837
blue,0.5379,0.6038,fake-blue-center-37-9215,4,path,37,7.27,1008,0.4621,0.6038
blue,0.5379,0.6114,fake-blue-center-37-9215,5,path,37,9.09,1008,0.4621,0.6114
blue,0.5324,0.6006,fake-blue-center-37-9215,6,path,37,10.91,1008,0.4676,0.6006
blue,0.46930000000000005,0.6024,fake-blue-center-37-9215,7,path,37,12.73,1008,0.5307,0.6024
blue,0.4909,0.5535,fake-blue-center-37-9215,8,path,37,14.55,1008,0.5091,0.5535
blue,0.44530000000000003,0.5448,fake-blue-center-37-9215,9,path,37,16.36,1008,0.5547,0.5448
blue,0.43289999999999995,0.5162,fake-blue-center-37-9215,10,path,37,18.18,1008,0.5671,0.5162
blue,0.3628,0.5223,fake-blue-center-37-9215,11,path,37,20.0,1008,0.6372,0.5223
blue,0.5379,0.6038,fake-blue-center-37-9215,0,shot,37,7.27,1008,0.4621,0.6038
blue,0.4909,0.5535,fake-blue-center-37-9215,1,shot,37,14.55,1008,0.5091,0.5535
blue,0.6527000000000001,0.6744,fake-blue-right-37-6472,0,path,37,0.0,1026,0.3473,0.6744
blue,0.6821999999999999,0.6643,fake-blue-right-37-6472,1,path,37,1.82,1026,0.3178,0.6643
blue,0.6195999999999999,0.7095,fake-blue-right-37-6472,2,path,37,3.64,1026,0.3804,0.7095
blue,0.5412,0.7642,fake-blue-right-37-6472,3,path,37,5.45,1026,0.4588,0.7642
blue,0.6132,0.7286,fake-blue-right-37-6472,4,path,37,7.27,1026,0.3868,0.7286
blue,0.5256000000000001,0.7888,fake-blue-right-37-6472,5,path,37,9.09,1026,0.4744,0.7888
blue,0.5296000000000001,0.7722,fake-blue-right-37-6472,6,path,37,10.91,1026,0.4704,0.7722
blue,0.49319999999999997,0.7581,fake-blue-right-37-6472,7,path,37,12.73,1026,0.5068,0.7581
blue,0.4787,0.7308,fake-blue-right-37-6472,8,path,37,14.55,1026,0.5213,0.7308
blue,0.42900000000000005,0.7246,fake-blue-right-37-6472,9,path,37,16.36,1026,0.571,0.7246
blue,0.3942,0.7095,fake-blue-right-37-6472,10,path,37,18.18,1026,0.6058,0.7095
blue,0.3973,0.6716,fake-blue-right-37-6472,11,path,37,20.0,1026,0.6027,0.6716
blue,0.6132,0.7286,fake-blue-right-37-6472,0,shot,37,7.27,1026,0.3868,0.7286
blue,0.4787,0.7308,fake-blue-right-37-6472,1,shot,37,14.55,1026,0.5213,0.7308
blue,0.6374,0.3436,fake-blue-left-37-4608,0,path,37,0.0,1012,0.3626,0.3436
blue,0.6152,0.3645,fake-blue-left-37-4608,1,path,37,1.82,1012,0.3848,0.3645
blue,0.6406000000000001,0.3569,fake-blue-left-37-4608,2,path,37,3.64,1012,0.3594,0.3569
blue,0.6071,0.3846,fake-blue-left-37-4608,3,path,37,5.45,1012,0.3929,0.3846
blue,0.5657,0.4171,fake-blue-left-37-4608,4,path,37,7.27,1012,0.4343,0.4171
blue,0.5087999999999999,0.4589,fake-blue-left-37-4608,5,path,37,9.09,1012,0.4912,0.4589
blue,0.5386,0.4268,fake-blue-left-37-4608,6,path,37,10.91,1012,0.4614,0.4268
blue,0.4606,0.4376,fake-blue-left-37-4608,7,path,37,12.73,1012,0.5394,0.4376
blue,0.4961,0.3804,fake-blue-left-37-4608,8,path,37,14.55,1012,0.5039,0.3804
blue,0.40780000000000005,0.3973,fake-blue-left-37-4608,9,path,37,16.36,1012,0.5922,0.3973
blue,0.42190000000000005,0.3528,fake-blue-left-37-4608,10,path,37,18.18,1012,0.5781,0.3528
blue,0.4213,0.3172,fake-blue-left-37-4608,11,path,37,20.0,1012,0.5787,0.3172
blue,0.5657,0.4171,fake-blue-left-37-4608,0,shot,37,7.27,1012,0.4343,0.4171
blue,0.4961,0.3804,fake-blue-left-37-4608,1,shot,37,14.55,1012,0.5039,0.3804
red,0.6789,0.4933,fake-red-center-38-6159,0,path,38,0.0,1028,0.6789,0.4933
red,0.6268,0.4981,fake-red-center-38-6159,1,path,38,1.82,1028,0.6268,0.4981
red,0.6422,0.5433,fake-red-center-38-6159,2,path,38,3.64,1028,0.6422,0.5433
red,0.6225,0.5675,fake-red-center-38-6159,3,path,38,5.45,1028,0.6225,0.5675
red,0.6388,0.6133,fake-red-center-38-6159,4,path,38,7.27,1028,0.6388,0.6133
red,0.5782,0.6129,fake-red-center-38-6159,5,path,38,9.09,1028,0.5782,0.6129
red,0.5725,0.6237,fake-red-center-38-6159,6,path,38,10.91,1028,0.5725,0.6237
red,0.556,0.6061,fake-red-center-38-6159,7,path,38,12.73,1028,0.556,0.6061
red,0.4783,0.5519,fake-red-center-38-6159,8,path,38,14.55,1028,0.4783,0.5519
red,0.4922,0.5526,fake-red-center-38-6159,9,path,38,16.36,1028,0.4922,0.5526
red,0.4915,0.5446,fake-red-center-38-6159,10,path,38,18.18,1028,0.4915,0.5446
red,0.4716,0.5249,fake-red-center-38-6159,11,path,38,20.0,1028,0.4716,0.5249
red,0.6388,0.6133,fake-red-center-38-6159,0,shot,38,7.27,1028,0.6388,0.6133
red,0.4783,0.5519,fake-red-center-38-6159,1,shot,38,14.55,1028,0.4783,0.5519
red,0.7143,0.6846,fake-red-right-38-2768,0,path,38,0.0,1020,0.7143,0.6846
red,0.6908,0.7065,fake-red-right-38-2768,1,path,38,1.82,1020,0.6908,0.7065
red,0.6321,0.7073,fake-red-right-38-2768,2,path,38,3.64,1020,0.6321,0.7073
red,0.5947,0.7208,fake-red-right-38-2768,3,path,38,5.45,1020,0.5947,0.7208
red,0.6342,0.7805,fake-red-right-38-2768,4,path,38,7.27,1020,0.6342,0.7805
red,0.5343,0.7566,fake-red-right-38-2768,5,path,38,9.09,1020,0.5343,0.7566
red,0.5344,0.7708,fake-red-right-38-2768,6,path,38,10.91,1020,0.5344,0.7708
red,0.557,0.7767,fake-red-right-38-2768,7,path,38,12.73,1020,0.557,0.7767
red,0.4624,0.7123,fake-red-right-38-2768,8,path,38,14.55,1020,0.4624,0.7123
red,0.434,0.6877,fake-red-right-38-2768,9,path,38,16.36,1020,0.434,0.6877
red,0.4081,0.6645,fake-red-right-38-2768,10,path,38,18.18,1020,0.4081,0.6645
red,0.4325,0.6715,fake-red-right-38-2768,11,path,38,20.0,1020,0.4325,0.6715
red,0.6342,0.7805,fake-red-right-38-2768,0,shot,38,7.27,1020,0.6342,0.7805
red,0.4624,0.7123,fake-red-right-38-2768,1,shot,38,14.55,1020,0.4624,0.7123
blue,0.6955,0.6487,fake-blue-right-38-5841,0,path,38,0.0,1006,0.3045,0.6487
blue,0.6162000000000001,0.7039,fake-blue-right-38-5841,1,path,38,1.82,1006,0.3838,0.7039
blue,0.5826,0.7317,fake-blue-right-38-5841,2,path,38,3.64,1006,0.4174,0.7317
blue,0.5755,0.7436,fake-blue-right-38-5841,3,path,38,5.45,1006,0.4245,0.7436
blue,0.5968,0.7384,fake-blue-right-38-5841,4,path,38,7.27,1006,0.4032,0.7384
blue,0.4939,0.8079,fake-blue-right-38-5841,5,path,38,9.09,1006,0.5061,0.8079
blue,0.474,0.8056,fake-blue-right-38-5841,6,path,38,10.91,1006,0.526,0.8056
blue,0.5429999999999999,0.7282,fake-blue-right-38-5841,7,path,38,12.73,1006,0.457,0.7282
blue,0.49860000000000004,0.7188,fake-blue-right-38-5841,8,path,38,14.55,1006,0.5014,0.7188
blue,0.46220000000000006,0.7047,fake-blue-right-38-5841,9,path,38,16.36,1006,0.5378,0.7047
blue,0.378,0.7192,fake-blue-right-38-5841,10,path,38,18.18,1006,0.622,0.7192
blue,0.35409999999999997,0.6975,fake-blue-right-38-5841,11,path,38,20.0,1006,0.6459,0.6975
blue,0.5968,0.7384,fake-blue-right-38-5841,0,shot,38,7.27,1006,0.4032,0.7384
blue,0.49860000000000004,0.7188,fake-blue-right-38-5841,1,shot,38,14.55,1006,0.5014,0.7188
blue,0.6414,0.5112,fake-blue-center-38-6263,0,path,38,0.0,1008,0.3586,0.5112
blue,0.6094999999999999,0.5379,fake-blue-center-38-6263,1,path,38,1.82,1008,0.3905,0.5379
blue,0.6325000000000001,0.5317,fake-blue-center-38-6263,2,path,38,3.64,1008,0.3675,0.5317
blue,0.589,0.5655,fake-blue-center-38-6263,3,path,38,5.45,1008,0.411,0.5655
blue,0.5780000000000001,0.5798,fake-blue-center-38-6263,4,path,38,7.27,1008,0.422,0.5798
blue,0.51,0.6282,fake-blue-center-38-6263,5,path,38,9.09,1008,0.49,0.6282
blue,0.5664,0.5802,fake-blue-center-38-6263,6,path,38,10.91,1008,0.4336,0.5802
blue,0.44699999999999995,0.6158,fake-blue-center-38-6263,7,path,38,12.73,1008,0.553,0.6158
blue,0.5093,0.5424,fake-blue-center-38-6263,8,path,38,14.55,1008,0.4907,0.5424
blue,0.4407,0.5476,fake-blue-center-38-6263,9,path,38,16.36,1008,0.5593,0.5476
blue,0.4354,0.5148,fake-blue-center-38-6263,10,path,38,18.18,1008,0.5646,0.5148
blue,0.4033,0.498,fake-blue-center-38-6263,11,path,38,20.0,1008,0.5967,0.498
blue,0.5780000000000001,0.5798,fake-blue-center-38-6263,0,shot,38,7.27,1008,0.422,0.5798
blue,0.5093,0.5424,fake-blue-center-38-6263,1,shot,38,14.55,1008,0.4907,0.5424
blue,0.6558999999999999,0.5025,fake-blue-center-38-7482,0,path,38,0.0,1031,0.3441,0.5025
blue,0.6839999999999999,0.4932,fake-blue-center-38-7482,1,path,38,1.82,1031,0.316,0.4932
blue,0.5784,0.5642,fake-blue-center-38-7482,2,path,38,3.64,1031,0.4216,0.5642
blue,0.5780000000000001,0.5721,fake-blue-center-38-7482,3,path,38,5.45,1031,0.422,0.5721
blue,0.5747,0.5817,fake-blue-center-38-7482,4,path,38,7.27,1031,0.4253,0.5817
blue,0.5909,0.5796,fake-blue-center-38-7482,5,path,38,9.09,1031,0.4091,0.5796
blue,0.5553,0.5868,fake-blue-center-38-7482,6,path,38,10.91,1031,0.4447,0.5868
blue,0.4554,0.6108,fake-blue-center-38-7482,7,path,38,12.73,1031,0.5446,0.6108
blue,0.49639999999999995,0.5502,fake-blue-center-38-7482,8,path,38,14.55,1031,0.5036,0.5502
blue,0.4122,0.5647,fake-blue-center-38-7482,9,path,38,16.36,1031,0.5878,0.5647
blue,0.45520000000000005,0.5029,fake-blue-center-38-7482,10,path,38,18.18,1031,0.5448,0.5029
blue,0.44430000000000003,0.4734,fake-blue-center-38-7482,11,path,38,20.0,1031,0.5557,0.4734
blue,0.5747,0.5817,fake-blue-center-38-7482,0,shot,38,7.27,1031,0.4253,0.5817
blue,0.49639999999999995,0.5502,fake-blue-center-38-7482,1,shot,38,14.55,1031,0.5036,0.5502
red,0.7041,0.6785,fake-red-right-39-8392,0,path,39,0.0,1034,0.7041,0.6785
red,0.6525,0.6835,fake-red-right-39-8392,1,path,39,1.82,1034,0.6525,0.6835
red,0.6134,0.6961,fake-red-right-39-8392,2,path,39,3.64,1034,0.6134,0.6961
red,0.6255,0.7393,fake-red-right-39-8392,3,path,39,5.45,1034,0.6255,0.7393
red,0.5653,0.7392,fake-red-right-39-8392,4,path,39,7.27,1034,0.5653,0.7392
red,0.5657,0.7754,fake-red-right-39-8392,5,path,39,9.09,1034,0.5657,0.7754
red,0.5063,0.754,fake-red-right-39-8392,6,path,39,10.91,1034,0.5063,0.754
red,0.525,0.7576,fake-red-right-39-8392,7,path,39,12.73,1034,0.525,0.7576
red,0.4844,0.7255,fake-red-right-39-8392,8,path,39,14.55,1034,0.4844,0.7255
red,0.4764,0.7131,fake-red-right-39-8392,9,path,39,16.36,1034,0.4764,0.7131
red,0.4612,0.6964,fake-red-right-39-8392,10,path,39,18.18,1034,0.4612,0.6964
red,0.4315,0.6709,fake-red-right-39-8392,11,path,39,20.0,1034,0.4315,0.6709
red,0.5653,0.7392,fake-red-right-39-8392,0,shot,39,7.27,1034,0.5653,0.7392
red,0.4844,0.7255,fake-red-right-39-8392,1,shot,39,14.55,1034,0.4844,0.7255
red,0.7267,0.352,fake-red-left-39-1936,0,path,39,0.0,1019,0.7267,0.352
red,0.6616,0.349,fake-red-left-39-1936,1,path,39,1.82,1019,0.6616,0.349
red,0.6477,0.3766,fake-red-left-39-1936,2,path,39,3.64,1019,0.6477,0.3766
red,0.6673,0.4244,fake-red-left-39-1936,3,path,39,5.45,1019,0.6673,0.4244
red,0.6306,0.4383,fake-red-left-39-1936,4,path,39,7.27,1019,0.6306,0.4383
red,0.5364,0.4178,fake-red-left-39-1936,5,path,39,9.09,1019,0.5364,0.4178
red,0.5762,0.4559,fake-red-left-39-1936,6,path,39,10.91,1019,0.5762,0.4559
red,0.5129,0.4103,fake-red-left-39-1936,7,path,39,12.73,1019,0.5129,0.4103
red,0.5119,0.402,fake-red-left-39-1936,8,path,39,14.55,1019,0.5119,0.402
red,0.4683,0.3682,fake-red-left-39-1936,9,path,39,16.36,1019,0.4683,0.3682
red,0.4964,0.3775,fake-red-left-39-1936,10,path,39,18.18,1019,0.4964,0.3775
red,0.4264,0.3279,fake-red-left-39-1936,11,path,39,20.0,1019,0.4264,0.3279
red,0.6306,0.4383,fake-red-left-39-1936,0,shot,39,7.27,1019,0.6306,0.4383
red,0.5119,0.402,fake-red-left-39-1936,1,shot,39,14.55,1019,0.5119,0.402
red,0.7351,0.357,fake-red-left-39-7688,0,path,39,0.0,1026,0.7351,0.357
red,0.6337,0.3322,fake-red-left-39-7688,1,path,39,1.82,1026,0.6337,0.3322
red,0.6615,0.3849,fake-red-left-39-7688,2,path,39,3.64,1026,0.6615,0.3849
red,0.5949,0.3809,fake-red-left-39-7688,3,path,39,5.45,1026,0.5949,0.3809
red,0.6003,0.4202,fake-red-left-39-7688,4,path,39,7.27,1026,0.6003,0.4202
red,0.6191,0.4675,fake-red-left-39-7688,5,path,39,9.09,1026,0.6191,0.4675
red,0.5826,0.4597,fake-red-left-39-7688,6,path,39,10.91,1026,0.5826,0.4597
red,0.5699,0.4445,fake-red-left-39-7688,7,path,39,12.73,1026,0.5699,0.4445
red,0.5436,0.4211,fake-red-left-39-7688,8,path,39,14.55,1026,0.5436,0.4211
red,0.4822,0.3766,fake-red-left-39-7688,9,path,39,16.36,1026,0.4822,0.3766
red,0.4819,0.3688,fake-red-left-39-7688,10,path,39,18.18,1026,0.4819,0.3688
red,0.3907,0.3064,fake-red-left-39-7688,11,path,39,20.0,1026,0.3907,0.3064
red,0.6003,0.4202,fake-red-left-39-7688,0,shot,39,7.27,1026,0.6003,0.4202
red,0.5436,0.4211,fake-red-left-39-7688,1,shot,39,14.55,1026,0.5436,0.4211
blue,0.6729,0.6622,fake-blue-right-39-9989,0,path,39,0.0,1017,0.3271,0.6622
blue,0.6334,0.6936,fake-blue-right-39-9989,1,path,39,1.82,1017,0.3666,0.6936
blue,0.6327,0.7017,fake-blue-right-39-9989,2,path,39,3.64,1017,0.3673,0.7017
blue,0.5817,0.7399,fake-blue-right-39-9989,3,path,39,5.45,1017,0.4183,0.7399
blue,0.5206999999999999,0.7841,fake-blue-right-39-9989,4,path,39,7.27,1017,0.4793,0.7841
blue,0.5637,0.766,fake-blue-right-39-9989,5,path,39,9.09,1017,0.4363,0.766
blue,0.4797,0.8022,fake-blue-right-39-9989,6,path,39,10.91,1017,0.5203,0.8022
blue,0.517,0.7438,fake-blue-right-39-9989,7,path,39,12.73,1017,0.483,0.7438
blue,0.5061,0.7143,fake-blue-right-39-9989,8,path,39,14.55,1017,0.4939,0.7143
blue,0.42779999999999996,0.7253,fake-blue-right-39-9989,9,path,39,16.36,1017,0.5722,0.7253
blue,0.3911,0.7113,fake-blue-right-39-9989,10,path,39,18.18,1017,0.6089,0.7113
blue,0.3859,0.6785,fake-blue-right-39-9989,11,path,39,20.0,1017,0.6141,0.6785
blue,0.5206999999999999,0.7841,fake-blue-right-39-9989,0,shot,39,7.27,1017,0.4793,0.7841
blue,0.5061,0.7143,fake-blue-right-39-9989,1,shot,39,14.55,1017,0.4939,0.7143
blue,0.6568,0.6719,fake-blue-right-39-8091,0,path,39,0.0,1001,0.3432,0.6719
blue,0.6184000000000001,0.7026,fake-blue-right-39-8091,1,path,39,1.82,1001,0.3816,0.7026
blue,0.6235999999999999,0.7071,fake-blue-right-39-8091,2,path,39,3.64,1001,0.3764,0.7071
blue,0.5638000000000001,0.7506,fake-blue-right-39-8091,3,path,39,5.45,1001,0.4362,0.7506
blue,0.5702,0.7544,fake-blue-right-39-8091,4,path,39,7.27,1001,0.4298,0.7544
blue,0.5231,0.7903,fake-blue-right-39-8091,5,path,39,9.09,1001,0.4769,0.7903
blue,0.5127999999999999,0.7823,fake-blue-right-39-8091,6,path,39,10.91,1001,0.4872,0.7823
blue,0.46840000000000004,0.7729,fake-blue-right-39-8091,7,path,39,12.73,1001,0.5316,0.7729
blue,0.4819,0.7289,fake-blue-right-39-8091,8,path,39,14.55,1001,0.5181,0.7289
blue,0.4,0.742,fake-blue-right-39-8091,9,path,39,16.36,1001,0.6,0.742
blue,0.40269999999999995,0.7044,fake-blue-right-39-8091,10,path,39,18.18,1001,0.5973,0.7044
blue,0.362,0.6928,fake-blue-right-39-8091,11,path,39,20.0,1001,0.638,0.6928
blue,0.5702,0.7544,fake-blue-right-39-8091,0,shot,39,7.27,1001,0.4298,0.7544
blue,0.4819,0.7289,fake-blue-right-39-8091,1,shot,39,14.55,1001,0.5181,0.7289
blue,0.6317999999999999,0.5169,fake-blue-center-39-4653,0,path,39,0.0,1018,0.3682,0.5169
blue,0.6779,0.4969,fake-blue-center-39-4653,1,path,39,1.82,1018,0.3221,0.4969
blue,0.569,0.5699,fake-blue-center-39-4653,2,path,39,3.64,1018,0.431,0.5699
blue,0.5484,0.5899,fake-blue-center-39-4653,3,path,39,5.45,1018,0.4516,0.5899
blue,0.5776,0.58,fake-blue-center-39-4653,4,path,39,7.27,1018,0.4224,0.58
blue,0.5153,0.625,fake-blue-center-39-4653,5,path,39,9.09,1018,0.4847,0.625
blue,0.48460000000000003,0.6292,fake-blue-center-39-4653,6,path,39,10.91,1018,0.5154,0.6292
blue,0.4545,0.6113,fake-blue-center-39-4653,7,path,39,12.73,1018,0.5455,0.6113
blue,0.4477,0.5794,fake-blue-center-39-4653,8,path,39,14.55,1018,0.5523,0.5794
blue,0.4262,0.5563,fake-blue-center-39-4653,9,path,39,16.36,1018,0.5738,0.5563
blue,0.44179999999999997,0.5109,fake-blue-center-39-4653,10,path,39,18.18,1018,0.5582,0.5109
blue,0.4153,0.4908,fake-blue-center-39-4653,11,path,39,20.0,1018,0.5847,0.4908
blue,0.5776,0.58,fake-blue-center-39-4653,0,shot,39,7.27,1018,0.4224,0.58
blue,0.4477,0.5794,fake-blue-center-39-4653,1,shot,39,14.55,1018,0.5523,0.5794
red,0.668,0.4868,fake-red-center-40-4537,0,path,40,0.0,1030,0.668,0.4868
red,0.6453,0.5092,fake-red-center-40-4537,1,path,40,1.82,1030,0.6453,0.5092
red,0.6275,0.5345,fake-red-center-40-4537,2,path,40,3.64,1030,0.6275,0.5345
red,0.61,0.56,fake-red-center-40-4537,3,path,40,5.45,1030,0.61,0.56
red,0.5503,0.5602,fake-red-center-40-4537,4,path,40,7.27,1030,0.5503,0.5602
red,0.5775,0.6125,fake-red-center-40-4537,5,path,40,9.09,1030,0.5775,0.6125
red,0.5616,0.6171,fake-red-center-40-4537,6,path,40,10.91,1030,0.5616,0.6171
red,0.5582,0.6075,fake-red-center-40-4537,7,path,40,12.73,1030,0.5582,0.6075
red,0.5365,0.5868,fake-red-center-40-4537,8,path,40,14.55,1030,0.5365,0.5868
red,0.4564,0.5311,fake-red-center-40-4537,9,path,40,16.36,1030,0.4564,0.5311
red,0.4795,0.5373,fake-red-center-40-4537,10,path,40,18.18,1030,0.4795,0.5373
red,0.4362,0.5037,fake-red-center-40-4537,11,path,40,20.0,1030,0.4362,0.5037
red,0.5503,0.5602,fake-red-center-40-4537,0,shot,40,7.27,1030,0.5503,0.5602
red,0.5365,0.5868,fake-red-center-40-4537,1,shot,40,14.55,1030,0.5365,0.5868
red,0.6916,0.331,fake-red-left-40-2912,0,path,40,0.0,1020,0.6916,0.331
red,0.6873,0.3644,fake-red-left-40-2912,1,path,40,1.82,1020,0.6873,0.3644
red,0.608,0.3528,fake-red-left-40-2912,2,path,40,3.64,1020,0.608,0.3528
red,0.6067,0.388,fake-red-left-40-2912,3,path,40,5.45,1020,0.6067,0.388
red,0.5744,0.4047,fake-red-left-40-2912,4,path,40,7.27,1020,0.5744,0.4047
red,0.5626,0.4335,fake-red-left-40-2912,5,path,40,9.09,1020,0.5626,0.4335
red,0.5881,0.463,fake-red-left-40-2912,6,path,40,10.91,1020,0.5881,0.463
red,0.5089,0.4079,fake-red-left-40-2912,7,path,40,12.73,1020,0.5089,0.4079
red,0.5158,0.4044,fake-red-left-40-2912,8,path,40,14.55,1020,0.5158,0.4044
red,0.5007,0.3877,fake-red-left-40-2912,9,path,40,16.36,1020,0.5007,0.3877
red,0.4131,0.3275,fake-red-left-40-2912,10,path,40,18.18,1020,0.4131,0.3275
red,0.4233,0.326,fake-red-left-40-2912,11,path,40,20.0,1020,0.4233,0.326
red,0.5744,0.4047,fake-red-left-40-2912,0,shot,40,7.27,1020,0.5744,0.4047
red,0.5158,0.4044,fake-red-left-40-2912,1,shot,40,14.55,1020,0.5158,0.4044
red,0.7039,0.6784,fake-red-right-40-6699,0,path,40,0.0,1005,0.7039,0.6784
red,0.625,0.667,fake-red-right-40-6699,1,path,40,1.82,1005,0.625,0.667
red,0.5948,0.6849,fake-red-right-40-6699,2,path,40,3.64,1005,0.5948,0.6849
red,0.6543,0.7566,fake-red-right-40-6699,3,path,40,5.45,1005,0.6543,0.7566
red,0.6132,0.7679,fake-red-right-40-6699,4,path,40,7.27,1005,0.6132,0.7679
red,0.5256,0.7514,fake-red-right-40-6699,5,path,40,9.09,1005,0.5256,0.7514
red,0.5264,0.766,fake-red-right-40-6699,6,path,40,10.91,1005,0.5264,0.766
red,0.5705,0.7848,fake-red-right-40-6699,7,path,40,12.73,1005,0.5705,0.7848
red,0.5057,0.7383,fake-red-right-40-6699,8,path,40,14.55,1005,0.5057,0.7383
red,0.4918,0.7223,fake-red-right-40-6699,9,path,40,16.36,1005,0.4918,0.7223
red,0.4646,0.6984,fake-red-right-40-6699,10,path,40,18.18,1005,0.4646,0.6984
red,0.4386,0.6752,fake-red-right-40-6699,11,path,40,20.0,1005,0.4386,0.6752
red,0.6132,0.7679,fake-red-right-40-6699,0,shot,40,7.27,1005,0.6132,0.7679
red,0.5057,0.7383,fake-red-right-40-6699,1,shot,40,14.55,1005,0.5057,0.7383
blue,0.6284000000000001,0.349,fake-blue-left-40-2978,0,path,40,0.0,1025,0.3716,0.349
blue,0.6612,0.3369,fake-blue-left-40-2978,1,path,40,1.82,1025,0.3388,0.3369
blue,0.5857,0.3899,fake-blue-left-40-2978,2,path,40,3.64,1025,0.4143,0.3899
blue,0.611,0.3823,fake-blue-left-40-2978,3,path,40,5.45,1025,0.389,0.3823
blue,0.5276000000000001,0.44,fake-blue-left-40-2978,4,path,40,7.27,1025,0.4724,0.44
blue,0.5541,0.4317,fake-blue-left-40-2978,5,path,40,9.09,1025,0.4459,0.4317
blue,0.5005,0.4497,fake-blue-left-40-2978,6,path,40,10.91,1025,0.4995,0.4497
blue,0.5146999999999999,0.4052,fake-blue-left-40-2978,7,path,40,12.73,1025,0.4853,0.4052
blue,0.4364,0.4162,fake-blue-left-40-2978,8,path,40,14.55,1025,0.5636,0.4162
blue,0.45389999999999997,0.3697,fake-blue-left-40-2978,9,path,40,16.36,1025,0.5461,0.3697
blue,0.38170000000000004,0.377,fake-blue-left-40-2978,10,path,40,18.18,1025,0.6183,0.377
blue,0.3983,0.331,fake-blue-left-40-2978,11,path,40,20.0,1025,0.6017,0.331
blue,0.5276000000000001,0.44,fake-blue-left-40-2978,0,shot,40,7.27,1025,0.4724,0.44
blue,0.4364,0.4162,fake-blue-left-40-2978,1,shot,40,14.55,1025,0.5636,0.4162
blue,0.6886,0.6528,fake-blue-right-40-8616,0,path,40,0.0,1026,0.3114,0.6528
blue,0.5967,0.7156,fake-blue-right-40-8616,1,path,40,1.82,1026,0.4033,0.7156
blue,0.6153,0.7121,fake-blue-right-40-8616,2,path,40,3.64,1026,0.3847,0.7121
blue,0.5761000000000001,0.7432,fake-blue-right-40-8616,3,path,40,5.45,1026,0.4239,0.7432
blue,0.6062000000000001,0.7328,fake-blue-right-40-8616,4,path,40,7.27,1026,0.3938,0.7328
blue,0.5331,0.7843,fake-blue-right-40-8616,5,path,40,9.09,1026,0.4669,0.7843
blue,0.4726,0.8065,fake-blue-right-40-8616,6,path,40,10.91,1026,0.5274,0.8065
blue,0.5036,0.7518,fake-blue-right-40-8616,7,path,40,12.73,1026,0.4964,0.7518
blue,0.4316,0.759,fake-blue-right-40-8616,8,path,40,14.55,1026,0.5684,0.759
blue,0.42400000000000004,0.7276,fake-blue-right-40-8616,9,path,40,16.36,1026,0.576,0.7276
blue,0.38049999999999995,0.7177,fake-blue-right-40-8616,10,path,40,18.18,1026,0.6195,0.7177
blue,0.38549999999999995,0.6787,fake-blue-right-40-8616,11,path,40,20.0,1026,0.6145,0.6787
blue,0.6062000000000001,0.7328,fake-blue-right-40-8616,0,shot,40,7.27,1026,0.3938,0.7328
blue,0.4316,0.759,fake-blue-right-40-8616,1,shot,40,14.55,1026,0.5684,0.759
blue,0.642,0.5108,fake-blue-center-40-6084,0,path,40,0.0,1017,0.358,0.5108
blue,0.5892,0.5501,fake-blue-center-40-6084,1,path,40,1.82,1017,0.4108,0.5501
blue,0.5757,0.5659,fake-blue-center-40-6084,2,path,40,3.64,1017,0.4243,0.5659
blue,0.5864,0.5671,fake-blue-center-40-6084,3,path,40,5.45,1017,0.4136,0.5671
blue,0.5527,0.5949,fake-blue-center-40-6084,4,path,40,7.27,1017,0.4473,0.5949
blue,0.554,0.6018,fake-blue-center-40-6084,5,path,40,9.09,1017,0.446,0.6018
blue,0.49729999999999996,0.6216,fake-blue-center-40-6084,6,path,40,10.91,1017,0.5027,0.6216
blue,0.5204,0.5717,fake-blue-center-40-6084,7,path,40,12.73,1017,0.4796,0.5717
blue,0.5051,0.545,fake-blue-center-40-6084,8,path,40,14.55,1017,0.4949,0.545
blue,0.40159999999999996,0.5711,fake-blue-center-40-6084,9,path,40,16.36,1017,0.5984,0.5711
blue,0.37760000000000005,0.5495,fake-blue-center-40-6084,10,path,40,18.18,1017,0.6224,0.5495
blue,0.43089999999999995,0.4814,fake-blue-center-40-6084,11,path,40,20.0,1017,0.5691,0.4814
blue,0.5527,0.5949,fake-blue-center-40-6084,0,shot,40,7.27,1017,0.4473,0.5949
blue,0.5051,0.545,fake-blue-center-40-6084,1,shot,40,14.55,1017,0.4949,0.545
red,0.7298,0.6939,fake-red-right-41-4213,0,path,41,0.0,1031,0.7298,0.6939
red,0.6858,0.7035,fake-red-right-41-4213,1,path,41,1.82,1031,0.6858,0.7035
red,0.6293,0.7056,fake-red-right-41-4213,2,path,41,3.64,1031,0.6293,0.7056
red,0.5739,0.7083,fake-red-right-41-4213,3,path,41,5.45,1031,0.5739,0.7083
red,0.6073,0.7644,fake-red-right-41-4213,4,path,41,7.27,1031,0.6073,0.7644
red,0.5497,0.7658,fake-red-right-41-4213,5,path,41,9.09,1031,0.5497,0.7658
red,0.5631,0.788,fake-red-right-41-4213,6,path,41,10.91,1031,0.5631,0.788
red,0.4878,0.7352,fake-red-right-41-4213,7,path,41,12.73,1031,0.4878,0.7352
red,0.5129,0.7426,fake-red-right-41-4213,8,path,41,14.55,1031,0.5129,0.7426
red,0.5258,0.7427,fake-red-right-41-4213,9,path,41,16.36,1031,0.5258,0.7427
red,0.4377,0.6822,fake-red-right-41-4213,10,path,41,18.18,1031,0.4377,0.6822
red,0.4421,0.6772,fake-red-right-41-4213,11,path,41,20.0,1031,0.4421,0.6772
red,0.6073,0.7644,fake-red-right-41-4213,0,shot,41,7.27,1031,0.6073,0.7644
red,0.5129,0.7426,fake-red-right-41-4213,1,shot,41,14.55,1031,0.5129,0.7426
red,0.7228,0.5197,fake-red-center-41-3081,0,path,41,0.0,1002,0.7228,0.5197
red,0.665,0.521,fake-red-center-41-3081,1,path,41,1.82,1002,0.665,0.521
red,0.6184,0.529,fake-red-center-41-3081,2,path,41,3.64,1002,0.6184,0.529
red,0.5751,0.539,fake-red-center-41-3081,3,path,41,5.45,1002,0.5751,0.539
red,0.6275,0.6065,fake-red-center-41-3081,4,path,41,7.27,1002,0.6275,0.6065
red,0.5449,0.593,fake-red-center-41-3081,5,path,41,9.09,1002,0.5449,0.593
red,0.5606,0.6165,fake-red-center-41-3081,6,path,41,10.91,1002,0.5606,0.6165
red,0.5118,0.5796,fake-red-center-41-3081,7,path,41,12.73,1002,0.5118,0.5796
red,0.5502,0.595,fake-red-center-41-3081,8,path,41,14.55,1002,0.5502,0.595
red,0.4617,0.5343,fake-red-center-41-3081,9,path,41,16.36,1002,0.4617,0.5343
red,0.4203,0.5018,fake-red-center-41-3081,10,path,41,18.18,1002,0.4203,0.5018
red,0.3862,0.4737,fake-red-center-41-3081,11,path,41,20.0,1002,0.3862,0.4737
red,0.6275,0.6065,fake-red-center-41-3081,0,shot,41,7.27,1002,0.6275,0.6065
red,0.5502,0.595,fake-red-center-41-3081,1,shot,41,14.55,1002,0.5502,0.595
red,0.6491,0.6455,fake-red-right-41-9084,0,path,41,0.0,1034,0.6491,0.6455
red,0.701,0.7126,fake-red-right-41-9084,1,path,41,1.82,1034,0.701,0.7126
red,0.6638,0.7263,fake-red-right-41-9084,2,path,41,3.64,1034,0.6638,0.7263
red,0.6627,0.7616,fake-red-right-41-9084,3,path,41,5.45,1034,0.6627,0.7616
red,0.6229,0.7737,fake-red-right-41-9084,4,path,41,7.27,1034,0.6229,0.7737
red,0.611,0.8026,fake-red-right-41-9084,5,path,41,9.09,1034,0.611,0.8026
red,0.5296,0.768,fake-red-right-41-9084,6,path,41,10.91,1034,0.5296,0.768
red,0.5459,0.7701,fake-red-right-41-9084,7,path,41,12.73,1034,0.5459,0.7701
red,0.5207,0.7473,fake-red-right-41-9084,8,path,41,14.55,1034,0.5207,0.7473
red,0.4359,0.6888,fake-red-right-41-9084,9,path,41,16.36,1034,0.4359,0.6888
red,0.4531,0.6915,fake-red-right-41-9084,10,path,41,18.18,1034,0.4531,0.6915
red,0.4219,0.6651,fake-red-right-41-9084,11,path,41,20.0,1034,0.4219,0.6651
red,0.6229,0.7737,fake-red-right-41-9084,0,shot,41,7.27,1034,0.6229,0.7737
red,0.5207,0.7473,fake-red-right-41-9084,1,shot,41,14.55,1034,0.5207,0.7473
blue,0.6634,0.3279,fake-blue-left-41-3370,0,path,41,0.0,1000,0.3366,0.3279
blue,0.6851,0.3226,fake-blue-left-41-3370,1,path,41,1.82,1000,0.3149,0.3226
blue,0.6442,0.3548,fake-blue-left-41-3370,2,path,41,3.64,1000,0.3558,0.3548
blue,0.6316999999999999,0.3699,fake-blue-left-41-3370,3,path,41,5.45,1000,0.3683,0.3699
blue,0.5366,0.4346,fake-blue-left-41-3370,4,path,41,7.27,1000,0.4634,0.4346
blue,0.5730999999999999,0.4203,fake-blue-left-41-3370,5,path,41,9.09,1000,0.4269,0.4203
blue,0.5568,0.4159,fake-blue-left-41-3370,6,path,41,10.91,1000,0.4432,0.4159
blue,0.48740000000000006,0.4216,fake-blue-left-41-3370,7,path,41,12.73,1000,0.5126,0.4216
blue,0.4658,0.3985,fake-blue-left-41-3370,8,path,41,14.55,1000,0.5342,0.3985
blue,0.4082,0.3971,fake-blue-left-41-3370,9,path,41,16.36,1000,0.5918,0.3971
blue,0.39749999999999996,0.3675,fake-blue-left-41-3370,10,path,41,18.18,1000,0.6025,0.3675
blue,0.4474,0.3015,fake-blue-left-41-3370,11,path,41,20.0,1000,0.5526,0.3015
blue,0.5366,0.4346,fake-blue-left-41-3370,0,shot,41,7.27,1000,0.4634,0.4346
blue,0.4658,0.3985,fake-blue-left-41-3370,1,shot,41,14.55,1000,0.5342,0.3985
blue,0.6623,0.6686,fake-blue-right-41-6412,0,path,41,0.0,1005,0.3377,0.6686
blue,0.6772,0.6673,fake-blue-right-41-6412,1,path,41,1.82,1005,0.3228,0.6673
blue,0.641,0.6967,fake-blue-right-41-6412,2,path,41,3.64,1005,0.359,0.6967
blue,0.5837,0.7387,fake-blue-right-41-6412,3,path,41,5.45,1005,0.4163,0.7387
blue,0.5549,0.7636,fake-blue-right-41-6412,4,path,41,7.27,1005,0.4451,0.7636
blue,0.5258,0.7887,fake-blue-right-41-6412,5,path,41,9.09,1005,0.4742,0.7887
blue,0.4898,0.7961,fake-blue-right-41-6412,6,path,41,10.91,1005,0.5102,0.7961
blue,0.5031,0.7522,fake-blue-right-41-6412,7,path,41,12.73,1005,0.4969,0.7522
blue,0.4979,0.7193,fake-blue-right-41-6412,8,path,41,14.55,1005,0.5021,0.7193
blue,0.4202,0.7299,fake-blue-right-41-6412,9,path,41,16.36,1005,0.5798,0.7299
blue,0.4065,0.7021,fake-blue-right-41-6412,10,path,41,18.18,1005,0.5935,0.7021
blue,0.351,0.6994,fake-blue-right-41-6412,11,path,41,20.0,1005,0.649,0.6994
blue,0.5549,0.7636,fake-blue-right-41-6412,0,shot,41,7.27,1005,0.4451,0.7636
blue,0.4979,0.7193,fake-blue-right-41-6412,1,shot,41,14.55,1005,0.5021,0.7193
red,0.6665,0.4859,fake-red-center-42-1741,0,path,42,0.0,1000,0.6665,0.4859
red,0.6401,0.506,fake-red-center-42-1741,1,path,42,1.82,1000,0.6401,0.506
red,0.6729,0.5617,fake-red-center-42-1741,2,path,42,3.64,1000,0.6729,0.5617
red,0.5691,0.5355,fake-red-center-42-1741,3,path,42,5.45,1000,0.5691,0.5355
red,0.5744,0.5746,fake-red-center-42-1741,4,path,42,7.27,1000,0.5744,0.5746
red,0.5329,0.5857,fake-red-center-42-1741,5,path,42,9.09,1000,0.5329,0.5857
red,0.5661,0.6198,fake-red-center-42-1741,6,path,42,10.91,1000,0.5661,0.6198
red,0.5071,0.5768,fake-red-center-42-1741,7,path,42,12.73,1000,0.5071,0.5768
red,0.5214,0.5777,fake-red-center-42-1741,8,path,42,14.55,1000,0.5214,0.5777
red,0.4583,0.5323,fake-red-center-42-1741,9,path,42,16.36,1000,0.4583,0.5323
red,0.4491,0.5191,fake-red-center-42-1741,10,path,42,18.18,1000,0.4491,0.5191
red,0.3897,0.4758,fake-red-center-42-1741,11,path,42,20.0,1000,0.3897,0.4758
red,0.5744,0.5746,fake-red-center-42-1741,0,shot,42,7.27,1000,0.5744,0.5746
red,0.5214,0.5777,fake-red-center-42-1741,1,shot,42,14.55,1000,0.5214,0.5777
red,0.6474,0.3045,fake-red-left-42-4247,0,path,42,0.0,1011,0.6474,0.3045
red,0.6309,0.3306,fake-red-left-42-4247,1,path,42,1.82,1011,0.6309,0.3306
red,0.6535,0.3801,fake-red-left-42-4247,2,path,42,3.64,1011,0.6535,0.3801
red,0.6532,0.4159,fake-red-left-42-4247,3,path,42,5.45,1011,0.6532,0.4159
red,0.5935,0.4161,fake-red-left-42-4247,4,path,42,7.27,1011,0.5935,0.4161
red,0.559,0.4314,fake-red-left-42-4247,5,path,42,9.09,1011,0.559,0.4314
red,0.5018,0.4112,fake-red-left-42-4247,6,path,42,10.91,1011,0.5018,0.4112
red,0.5056,0.4059,fake-red-left-42-4247,7,path,42,12.73,1011,0.5056,0.4059
red,0.4554,0.3682,fake-red-left-42-4247,8,path,42,14.55,1011,0.4554,0.3682
red,0.5255,0.4026,fake-red-left-42-4247,9,path,42,16.36,1011,0.5255,0.4026
red,0.4743,0.3642,fake-red-left-42-4247,10,path,42,18.18,1011,0.4743,0.3642
red,0.3937,0.3082,fake-red-left-42-4247,11,path,42,20.0,1011,0.3937,0.3082
red,0.5935,0.4161,fake-red-left-42-4247,0,shot,42,7.27,1011,0.5935,0.4161
red,0.4554,0.3682,fake-red-left-42-4247,1,shot,42,14.55,1011,0.4554,0.3682
red,0.6926,0.3315,fake-red-left-42-4023,0,path,42,0.0,1018,0.6926,0.3315
red,0.7125,0.3795,fake-red-left-42-4023,1,path,42,1.82,1018,0.7125,0.3795
red,0.6515,0.3789,fake-red-left-42-4023,2,path,42,3.64,1018,0.6515,0.3789
red,0.5765,0.3699,fake-red-left-42-4023,3,path,42,5.45,1018,0.5765,0.3699
red,0.6023,0.4214,fake-red-left-42-4023,4,path,42,7.27,1018,0.6023,0.4214
red,0.5493,0.4256,fake-red-left-42-4023,5,path,42,9.09,1018,0.5493,0.4256
red,0.5156,0.4195,fake-red-left-42-4023,6,path,42,10.91,1018,0.5156,0.4195
red,0.4962,0.4003,fake-red-left-42-4023,7,path,42,12.73,1018,0.4962,0.4003
red,0.4967,0.3929,fake-red-left-42-4023,8,path,42,14.55,1018,0.4967,0.3929
red,0.429,0.3447,fake-red-left-42-4023,9,path,42,16.36,1018,0.429,0.3447
red,0.4896,0.3734,fake-red-left-42-4023,10,path,42,18.18,1018,0.4896,0.3734
red,0.4371,0.3343,fake-red-left-42-4023,11,path,42,20.0,1018,0.4371,0.3343
red,0.6023,0.4214,fake-red-left-42-4023,0,shot,42,7.27,1018,0.6023,0.4214
red,0.4967,0.3929,fake-red-left-42-4023,1,shot,42,14.55,1018,0.4967,0.3929
blue,0.6578999999999999,0.6713,fake-blue-right-42-2537,0,path,42,0.0,1033,0.3421,0.6713
blue,0.5921000000000001,0.7184,fake-blue-right-42-2537,1,path,42,1.82,1033,0.4079,0.7184
blue,0.575,0.7363,fake-blue-right-42-2537,2,path,42,3.64,1033,0.425,0.7363
blue,0.5929,0.7332,fake-blue-right-42-2537,3,path,42,5.45,1033,0.4071,0.7332
blue,0.5709,0.754,fake-blue-right-42-2537,4,path,42,7.27,1033,0.4291,0.754
blue,0.5101,0.7981,fake-blue-right-42-2537,5,path,42,9.09,1033,0.4899,0.7981
blue,0.49129999999999996,0.7952,fake-blue-right-42-2537,6,path,42,10.91,1033,0.5087,0.7952
blue,0.45299999999999996,0.7822,fake-blue-right-42-2537,7,path,42,12.73,1033,0.547,0.7822
blue,0.4444,0.7514,fake-blue-right-42-2537,8,path,42,14.55,1033,0.5556,0.7514
blue,0.47509999999999997,0.6969,fake-blue-right-42-2537,9,path,42,16.36,1033,0.5249,0.6969
blue,0.4112,0.6993,fake-blue-right-42-2537,10,path,42,18.18,1033,0.5888,0.6993
blue,0.40590000000000004,0.6665,fake-blue-right-42-2537,11,path,42,20.0,1033,0.5941,0.6665
blue,0.5709,0.754,fake-blue-right-42-2537,0,shot,42,7.27,1033,0.4291,0.754
blue,0.4444,0.7514,fake-blue-right-42-2537,1,shot,42,14.55,1033,0.5556,0.7514
blue,0.649,0.6766,fake-blue-right-42-1582,0,path,42,0.0,1012,0.351,0.6766
blue,0.6621,0.6764,fake-blue-right-42-1582,1,path,42,1.82,1012,0.3379,0.6764
blue,0.5841000000000001,0.7308,fake-blue-right-42-1582,2,path,42,3.64,1012,0.4159,0.7308
blue,0.5891,0.7354,fake-blue-right-42-1582,3,path,42,5.45,1012,0.4109,0.7354
blue,0.6018,0.7355,fake-blue-right-42-1582,4,path,42,7.27,1012,0.3982,0.7355
blue,0.5292,0.7867,fake-blue-right-42-1582,5,path,42,9.09,1012,0.4708,0.7867
blue,0.5662,0.7503,fake-blue-right-42-1582,6,path,42,10.91,1012,0.4338,0.7503
blue,0.5146,0.7452,fake-blue-right-42-1582,7,path,42,12.73,1012,0.4854,0.7452
blue,0.4225,0.7645,fake-blue-right-42-1582,8,path,42,14.55,1012,0.5775,0.7645
blue,0.47609999999999997,0.6963,fake-blue-right-42-1582,9,path,42,16.36,1012,0.5239,0.6963
blue,0.39890000000000003,0.7067,fake-blue-right-42-1582,10,path,42,18.18,1012,0.6011,0.7067
blue,0.3698,0.6881,fake-blue-right-42-1582,11,path,42,20.0,1012,0.6302,0.6881
blue,0.6018,0.7355,fake-blue-right-42-1582,0,shot,42,7.27,1012,0.3982,0.7355
blue,0.4225,0.7645,fake-blue-right-42-1582,1,shot,42,14.55,1012,0.5775,0.7645
blue,0.6604,0.6698,fake-blue-right-42-8389,0,path,42,0.0,1024,0.3396,0.6698
blue,0.5897,0.7198,fake-blue-right-42-8389,1,path,42,1.82,1024,0.4103,0.7198
blue,0.5983,0.7223,fake-blue-right-42-8389,2,path,42,3.64,1024,0.4017,0.7223
blue,0.6135999999999999,0.7208,fake-blue-right-42-8389,3,path,42,5.45,1024,0.3864,0.7208
blue,0.5419,0.7714,fake-blue-right-42-8389,4,path,42,7.27,1024,0.4581,0.7714
blue,0.5754,0.7589,fake-blue-right-42-8389,5,path,42,9.09,1024,0.4246,0.7589
blue,0.5386,0.7669,fake-blue-right-42-8389,6,path,42,10.91,1024,0.4614,0.7669
blue,0.5431,0.7281,fake-blue-right-42-8389,7,path,42,12.73,1024,0.4569,0.7281
blue,0.4769,0.7319,fake-blue-right-42-8389,8,path,42,14.55,1024,0.5231,0.7319
blue,0.4336,0.7219,fake-blue-right-42-8389,9,path,42,16.36,1024,0.5664,0.7219
blue,0.3901,0.712,fake-blue-right-42-8389,10,path,42,18.18,1024,0.6099,0.712
blue,0.3913,0.6752,fake-blue-right-42-8389,11,path,42,20.0,1024,0.6087,0.6752
blue,0.5419,0.7714,fake-blue-right-42-8389,0,shot,42,7.27,1024,0.4581,0.7714
blue,0.4769,0.7319,fake-blue-right-42-8389,1,shot,42,14.55,1024,0.5231,0.7319
red,0.6623,0.6534,fake-red-right-43-3693,0,path,43,0.0,1035,0.6623,0.6534
red,0.6702,0.6941,fake-red-right-43-3693,1,path,43,1.82,1035,0.6702,0.6941
red,0.6785,0.7351,fake-red-right-43-3693,2,path,43,3.64,1035,0.6785,0.7351
red,0.5748,0.7089,fake-red-right-43-3693,3,path,43,5.45,1035,0.5748,0.7089
red,0.5461,0.7277,fake-red-right-43-3693,4,path,43,7.27,1035,0.5461,0.7277
red,0.5267,0.752,fake-red-right-43-3693,5,path,43,9.09,1035,0.5267,0.752
red,0.581,0.7988,fake-red-right-43-3693,6,path,43,10.91,1035,0.581,0.7988
red,0.5327,0.7622,fake-red-right-43-3693,7,path,43,12.73,1035,0.5327,0.7622
red,0.5201,0.747,fake-red-right-43-3693,8,path,43,14.55,1035,0.5201,0.747
red,0.5118,0.7343,fake-red-right-43-3693,9,path,43,16.36,1035,0.5118,0.7343
red,0.469,0.7011,fake-red-right-43-3693,10,path,43,18.18,1035,0.469,0.7011
red,0.4008,0.6525,fake-red-right-43-3693,11,path,43,20.0,1035,0.4008,0.6525
red,0.5461,0.7277,fake-red-right-43-3693,0,shot,43,7.27,1035,0.5461,0.7277
red,0.5201,0.747,fake-red-right-43-3693,1,shot,43,14.55,1035,0.5201,0.747
red,0.7057,0.6794,fake-red-right-43-9548,0,path,43,0.0,1027,0.7057,0.6794
red,0.7063,0.7158,fake-red-right-43-9548,1,path,43,1.82,1027,0.7063,0.7158
red,0.6544,0.7207,fake-red-right-43-9548,2,path,43,3.64,1027,0.6544,0.7207
red,0.6585,0.7591,fake-red-right-43-9548,3,path,43,5.45,1027,0.6585,0.7591
red,0.6149,0.7689,fake-red-right-43-9548,4,path,43,7.27,1027,0.6149,0.7689
red,0.5447,0.7628,fake-red-right-43-9548,5,path,43,9.09,1027,0.5447,0.7628
red,0.5092,0.7557,fake-red-right-43-9548,6,path,43,10.91,1027,0.5092,0.7557
red,0.5061,0.7462,fake-red-right-43-9548,7,path,43,12.73,1027,0.5061,0.7462
red,0.5185,0.746,fake-red-right-43-9548,8,path,43,14.55,1027,0.5185,0.746
red,0.4807,0.7157,fake-red-right-43-9548,9,path,43,16.36,1027,0.4807,0.7157
red,0.4188,0.6709,fake-red-right-43-9548,10,path,43,18.18,1027,0.4188,0.6709
red,0.3981,0.6509,fake-red-right-43-9548,11,path,43,20.0,1027,0.3981,0.6509
red,0.6149,0.7689,fake-red-right-43-9548,0,shot,43,7.27,1027,0.6149,0.7689
red,0.5185,0.746,fake-red-right-43-9548,1,shot,43,14.55,1027,0.5185,0.746
red,0.7045,0.3387,fake-red-left-43-6207,0,path,43,0.0,1012,0.7045,0.3387
red,0.6868,0.3641,fake-red-left-43-6207,1,path,43,1.82,1012,0.6868,0.3641
red,0.5989,0.3473,fake-red-left-43-6207,2,path,43,3.64,1012,0.5989,0.3473
red,0.6403,0.4082,fake-red-left-43-6207,3,path,43,5.45,1012,0.6403,0.4082
red,0.5892,0.4135,fake-red-left-43-6207,4,path,43,7.27,1012,0.5892,0.4135
red,0.5494,0.4256,fake-red-left-43-6207,5,path,43,9.09,1012,0.5494,0.4256
red,0.5078,0.4149,fake-red-left-43-6207,6,path,43,10.91,1012,0.5078,0.4149
red,0.5452,0.4297,fake-red-left-43-6207,7,path,43,12.73,1012,0.5452,0.4297
red,0.4981,0.3937,fake-red-left-43-6207,8,path,43,14.55,1012,0.4981,0.3937
red,0.4728,0.371,fake-red-left-43-6207,9,path,43,16.36,1012,0.4728,0.371
red,0.4988,0.3789,fake-red-left-43-6207,10,path,43,18.18,1012,0.4988,0.3789
red,0.4142,0.3205,fake-red-left-43-6207,11,path,43,20.0,1012,0.4142,0.3205
red,0.5892,0.4135,fake-red-left-43-6207,0,shot,43,7.27,1012,0.5892,0.4135
red,0.4981,0.3937,fake-red-left-43-6207,1,shot,43,14.55,1012,0.4981,0.3937
blue,0.6758,0.3205,fake-blue-left-43-1033,0,path,43,0.0,1029,0.3242,0.3205
blue,0.6416,0.3487,fake-blue-left-43-1033,1,path,43,1.82,1029,0.3584,0.3487
blue,0.6139,0.3729,fake-blue-left-43-1033,2,path,43,3.64,1029,0.3861,0.3729
blue,0.6147,0.3801,fake-blue-left-43-1033,3,path,43,5.45,1029,0.3853,0.3801
blue,0.5464,0.4287,fake-blue-left-43-1033,4,path,43,7.27,1029,0.4536,0.4287
blue,0.5765,0.4183,fake-blue-left-43-1033,5,path,43,9.09,1029,0.4235,0.4183
blue,0.48529999999999995,0.4588,fake-blue-left-43-1033,6,path,43,10.91,1029,0.5147,0.4588
blue,0.44910000000000005,0.4446,fake-blue-left-43-1033,7,path,43,12.73,1029,0.5509,0.4446
blue,0.46030000000000004,0.4018,fake-blue-left-43-1033,8,path,43,14.55,1029,0.5397,0.4018
blue,0.44699999999999995,0.3738,fake-blue-left-43-1033,9,path,43,16.36,1029,0.553,0.3738
blue,0.46220000000000006,0.3287,fake-blue-left-43-1033,10,path,43,18.18,1029,0.5378,0.3287
blue,0.4366,0.308,fake-blue-left-43-1033,11,path,43,20.0,1029,0.5634,0.308
blue,0.5464,0.4287,fake-blue-left-43-1033,0,shot,43,7.27,1029,0.4536,0.4287
blue,0.46030000000000004,0.4018,fake-blue-left-43-1033,1,shot,43,14.55,1029,0.5397,0.4018
blue,0.6738,0.4917,fake-blue-center-43-7986,0,path,43,0.0,1013,0.3262,0.4917
blue,0.6603,0.5074,fake-blue-center-43-7986,1,path,43,1.82,1013,0.3397,0.5074
blue,0.6329,0.5315,fake-blue-center-43-7986,2,path,43,3.64,1013,0.3671,0.5315
blue,0.6351,0.5379,fake-blue-center-43-7986,3,path,43,5.45,1013,0.3649,0.5379
blue,0.5166999999999999,0.6165,fake-blue-center-43-7986,4,path,43,7.27,1013,0.4833,0.6165
blue,0.493,0.6384,fake-blue-center-43-7986,5,path,43,9.09,1013,0.507,0.6384
blue,0.4767,0.634,fake-blue-center-43-7986,6,path,43,10.91,1013,0.5233,0.634
blue,0.5423,0.5586,fake-blue-center-43-7986,7,path,43,12.73,1013,0.4577,0.5586
blue,0.5077,0.5434,fake-blue-center-43-7986,8,path,43,14.55,1013,0.4923,0.5434
blue,0.4635,0.5339,fake-blue-center-43-7986,9,path,43,16.36,1013,0.5365,0.5339
blue,0.46209999999999996,0.4987,fake-blue-center-43-7986,10,path,43,18.18,1013,0.5379,0.4987
blue,0.4054,0.4967,fake-blue-center-43-7986,11,path,43,20.0,1013,0.5946,0.4967
blue,0.5166999999999999,0.6165,fake-blue-center-43-7986,0,shot,43,7.27,1013,0.4833,0.6165
blue,0.5077,0.5434,fake-blue-center-43-7986,1,shot,43,14.55,1013,0.4923,0.5434
blue,0.6571,0.5017,fake-blue-center-43-8184,0,path,43,0.0,1017,0.3429,0.5017
blue,0.6181,0.5328,fake-blue-center-43-8184,1,path,43,1.82,1017,0.3819,0.5328
blue,0.6595,0.5156,fake-blue-center-43-8184,2,path,43,3.64,1017,0.3405,0.5156
blue,0.604,0.5565,fake-blue-center-43-8184,3,path,43,5.45,1017,0.396,0.5565
blue,0.5503,0.5964,fake-blue-center-43-8184,4,path,43,7.27,1017,0.4497,0.5964
blue,0.5781000000000001,0.5873,fake-blue-center-43-8184,5,path,43,9.09,1017,0.4219,0.5873
blue,0.5382,0.5971,fake-blue-center-43-8184,6,path,43,10.91,1017,0.4618,0.5971
blue,0.5303,0.5658,fake-blue-center-43-8184,7,path,43,12.73,1017,0.4697,0.5658
blue,0.4222,0.5947,fake-blue-center-43-8184,8,path,43,14.55,1017,0.5778,0.5947
blue,0.4548,0.5391,fake-blue-center-43-8184,9,path,43,16.36,1017,0.5452,0.5391
blue,0.4427,0.5104,fake-blue-center-43-8184,10,path,43,18.18,1017,0.5573,0.5104
blue,0.36360000000000003,0.5218,fake-blue-center-43-8184,11,path,43,20.0,1017,0.6364,0.5218
blue,0.5503,0.5964,fake-blue-center-43-8184,0,shot,43,7.27,1017,0.4497,0.5964
blue,0.4222,0.5947,fake-blue-center-43-8184,1,shot,43,14.55,1017,0.5778,0.5947
red,0.6877,0.6686,fake-red-right-44-7683,0,path,44,0.0,1023,0.6877,0.6686
red,0.7157,0.7214,fake-red-right-44-7683,1,path,44,1.82,1023,0.7157,0.7214
red,0.6198,0.6999,fake-red-right-44-7683,2,path,44,3.64,1023,0.6198,0.6999
red,0.5726,0.7075,fake-red-right-44-7683,3,path,44,5.45,1023,0.5726,0.7075
red,0.5978,0.7587,fake-red-right-44-7683,4,path,44,7.27,1023,0.5978,0.7587
red,0.5771,0.7823,fake-red-right-44-7683,5,path,44,9.09,1023,0.5771,0.7823
red,0.552,0.7814,fake-red-right-44-7683,6,path,44,10.91,1023,0.552,0.7814
red,0.5282,0.7594,fake-red-right-44-7683,7,path,44,12.73,1023,0.5282,0.7594
red,0.5302,0.753,fake-red-right-44-7683,8,path,44,14.55,1023,0.5302,0.753
red,0.4977,0.7259,fake-red-right-44-7683,9,path,44,16.36,1023,0.4977,0.7259
red,0.4654,0.6989,fake-red-right-44-7683,10,path,44,18.18,1023,0.4654,0.6989
red,0.406,0.6556,fake-red-right-44-7683,11,path,44,20.0,1023,0.406,0.6556
red,0.5978,0.7587,fake-red-right-44-7683,0,shot,44,7.27,1023,0.5978,0.7587
red,0.5302,0.753,fake-red-right-44-7683,1,shot,44,14.55,1023,0.5302,0.753
red,0.7394,0.3596,fake-red-left-44-3780,0,path,44,0.0,1006,0.7394,0.3596
red,0.6821,0.3613,fake-red-left-44-3780,1,path,44,1.82,1006,0.6821,0.3613
red,0.6923,0.4034,fake-red-left-44-3780,2,path,44,3.64,1006,0.6923,0.4034
red,0.6049,0.3869,fake-red-left-44-3780,3,path,44,5.45,1006,0.6049,0.3869
red,0.64,0.444,fake-red-left-44-3780,4,path,44,7.27,1006,0.64,0.444
red,0.5856,0.4473,fake-red-left-44-3780,5,path,44,9.09,1006,0.5856,0.4473
red,0.4994,0.4098,fake-red-left-44-3780,6,path,44,10.91,1006,0.4994,0.4098
red,0.5017,0.4036,fake-red-left-44-3780,7,path,44,12.73,1006,0.5017,0.4036
red,0.4588,0.3702,fake-red-left-44-3780,8,path,44,14.55,1006,0.4588,0.3702
red,0.4773,0.3737,fake-red-left-44-3780,9,path,44,16.36,1006,0.4773,0.3737
red,0.4618,0.3567,fake-red-left-44-3780,10,path,44,18.18,1006,0.4618,0.3567
red,0.446,0.3396,fake-red-left-44-3780,11,path,44,20.0,1006,0.446,0.3396
red,0.64,0.444,fake-red-left-44-3780,0,shot,44,7.27,1006,0.64,0.444
red,0.4588,0.3702,fake-red-left-44-3780,1,shot,44,14.55,1006,0.4588,0.3702
red,0.6893,0.4996,fake-red-center-44-4583,0,path,44,0.0,1011,0.6893,0.4996
red,0.6655,0.5213,fake-red-center-44-4583,1,path,44,1.82,1011,0.6655,0.5213
red,0.5937,0.5142,fake-red-center-44-4583,2,path,44,3.64,1011,0.5937,0.5142
red,0.5925,0.5495,fake-red-center-44-4583,3,path,44,5.45,1011,0.5925,0.5495
red,0.5548,0.5629,fake-red-center-44-4583,4,path,44,7.27,1011,0.5548,0.5629
red,0.5329,0.5857,fake-red-center-44-4583,5,path,44,9.09,1011,0.5329,0.5857
red,0.4994,0.5798,fake-red-center-44-4583,6,path,44,10.91,1011,0.4994,0.5798
red,0.4973,0.5709,fake-red-center-44-4583,7,path,44,12.73,1011,0.4973,0.5709
red,0.5037,0.5671,fake-red-center-44-4583,8,path,44,14.55,1011,0.5037,0.5671
red,0.5036,0.5595,fake-red-center-44-4583,9,path,44,16.36,1011,0.5036,0.5595
red,0.4612,0.5263,fake-red-center-44-4583,10,path,44,18.18,1011,0.4612,0.5263
red,0.4238,0.4963,fake-red-center-44-4583,11,path,44,20.0,1011,0.4238,0.4963
red,0.5548,0.5629,fake-red-center-44-4583,0,shot,44,7.27,1011,0.5548,0.5629
red,0.5037,0.5671,fake-red-center-44-4583,1,shot,44,14.55,1011,0.5037,0.5671
blue,0.6432,0.6801,fake-blue-right-44-3881,0,path,44,0.0,1017,0.3568,0.6801
blue,0.6366,0.6917,fake-blue-right-44-3881,1,path,44,1.82,1017,0.3634,0.6917
blue,0.6615,0.6844,fake-blue-right-44-3881,2,path,44,3.64,1017,0.3385,0.6844
blue,0.6165,0.719,fake-blue-right-44-3881,3,path,44,5.45,1017,0.3835,0.719
blue,0.5198,0.7847,fake-blue-right-44-3881,4,path,44,7.27,1017,0.4802,0.7847
blue,0.5736,0.76,fake-blue-right-44-3881,5,path,44,9.09,1017,0.4264,0.76
blue,0.5314,0.7712,fake-blue-right-44-3881,6,path,44,10.91,1017,0.4686,0.7712
blue,0.4525,0.7825,fake-blue-right-44-3881,7,path,44,12.73,1017,0.5475,0.7825
blue,0.45699999999999996,0.7438,fake-blue-right-44-3881,8,path,44,14.55,1017,0.543,0.7438
blue,0.42510000000000003,0.727,fake-blue-right-44-3881,9,path,44,16.36,1017,0.5749,0.727
blue,0.40190000000000003,0.7049,fake-blue-right-44-3881,10,path,44,18.18,1017,0.5981,0.7049
blue,0.4336,0.6498,fake-blue-right-44-3881,11,path,44,20.0,1017,0.5664,0.6498
blue,0.5198,0.7847,fake-blue-right-44-3881,0,shot,44,7.27,1017,0.4802,0.7847
blue,0.45699999999999996,0.7438,fake-blue-right-44-3881,1,shot,44,14.55,1017,0.543,0.7438
blue,0.6697,0.6642,fake-blue-right-44-5485,0,path,44,0.0,1018,0.3303,0.6642
blue,0.6108,0.7071,fake-blue-right-44-5485,1,path,44,1.82,1018,0.3892,0.7071
blue,0.5739000000000001,0.7369,fake-blue-right-44-5485,2,path,44,3.64,1018,0.4261,0.7369
blue,0.5683,0.7479,fake-blue-right-44-5485,3,path,44,5.45,1018,0.4317,0.7479
blue,0.5905,0.7422,fake-blue-right-44-5485,4,path,44,7.27,1018,0.4095,0.7422
blue,0.5837,0.754,fake-blue-right-44-5485,5,path,44,9.09,1018,0.4163,0.754
blue,0.48729999999999996,0.7976,fake-blue-right-44-5485,6,path,44,10.91,1018,0.5127,0.7976
blue,0.5351,0.7329,fake-blue-right-44-5485,7,path,44,12.73,1018,0.4649,0.7329
blue,0.4578,0.7433,fake-blue-right-44-5485,8,path,44,14.55,1018,0.5422,0.7433
blue,0.40180000000000005,0.7409,fake-blue-right-44-5485,9,path,44,16.36,1018,0.5982,0.7409
blue,0.46209999999999996,0.6687,fake-blue-right-44-5485,10,path,44,18.18,1018,0.5379,0.6687
blue,0.36739999999999995,0.6896,fake-blue-right-44-5485,11,path,44,20.0,1018,0.6326,0.6896
blue,0.5905,0.7422,fake-blue-right-44-5485,0,shot,44,7.27,1018,0.4095,0.7422
blue,0.4578,0.7433,fake-blue-right-44-5485,1,shot,44,14.55,1018,0.5422,0.7433
blue,0.6265000000000001,0.6901,fake-blue-right-44-4184,0,path,44,0.0,1030,0.3735,0.6901
blue,0.5881000000000001,0.7208,fake-blue-right-44-4184,1,path,44,1.82,1030,0.4119,0.7208
blue,0.6148,0.7124,fake-blue-right-44-4184,2,path,44,3.64,1030,0.3852,0.7124
blue,0.5456,0.7615,fake-blue-right-44-4184,3,path,44,5.45,1030,0.4544,0.7615
blue,0.6054999999999999,0.7332,fake-blue-right-44-4184,4,path,44,7.27,1030,0.3945,0.7332
blue,0.556,0.7706,fake-blue-right-44-4184,5,path,44,9.09,1030,0.444,0.7706
blue,0.5536,0.7578,fake-blue-right-44-4184,6,path,44,10.91,1030,0.4464,0.7578
blue,0.544,0.7276,fake-blue-right-44-4184,7,path,44,12.73,1030,0.456,0.7276
blue,0.5127999999999999,0.7103,fake-blue-right-44-4184,8,path,44,14.55,1030,0.4872,0.7103
blue,0.4837,0.6918,fake-blue-right-44-4184,9,path,44,16.36,1030,0.5163,0.6918
blue,0.4113,0.6992,fake-blue-right-44-4184,10,path,44,18.18,1030,0.5887,0.6992
blue,0.3546,0.6972,fake-blue-right-44-4184,11,path,44,20.0,1030,0.6454,0.6972
blue,0.6054999999999999,0.7332,fake-blue-right-44-4184,0,shot,44,7.27,1030,0.3945,0.7332
blue,0.5127999999999999,0.7103,fake-blue-right-44-4184,1,shot,44,14.55,1030,0.4872,0.7103
red,0.6889,0.4993,fake-red-center-45-5926,0,path,45,0.0,1023,0.6889,0.4993
red,0.6396,0.5058,fake-red-center-45-5926,1,path,45,1.82,1023,0.6396,0.5058
red,0.6062,0.5217,fake-red-center-45-5926,2,path,45,3.64,1023,0.6062,0.5217
red,0.5874,0.5464,fake-red-center-45-5926,3,path,45,5.45,1023,0.5874,0.5464
red,0.5601,0.5661,fake-red-center-45-5926,4,path,45,7.27,1023,0.5601,0.5661
red,0.5609,0.6025,fake-red-center-45-5926,5,path,45,9.09,1023,0.5609,0.6025
red,0.5436,0.6063,fake-red-center-45-5926,6,path,45,10.91,1023,0.5436,0.6063
red,0.543,0.5983,fake-red-center-45-5926,7,path,45,12.73,1023,0.543,0.5983
red,0.4718,0.548,fake-red-center-45-5926,8,path,45,14.55,1023,0.4718,0.548
red,0.5027,0.5589,fake-red-center-45-5926,9,path,45,16.36,1023,0.5027,0.5589
red,0.4621,0.5269,fake-red-center-45-5926,10,path,45,18.18,1023,0.4621,0.5269
red,0.4274,0.4984,fake-red-center-45-5926,11,path,45,20.0,1023,0.4274,0.4984
red,0.5601,0.5661,fake-red-center-45-5926,0,shot,45,7.27,1023,0.5601,0.5661
red,0.4718,0.548,fake-red-center-45-5926,1,shot,45,14.55,1023,0.4718,0.548
red,0.6663,0.6558,fake-red-right-45-5449,0,path,45,0.0,1024,0.6663,0.6558
red,0.6187,0.6632,fake-red-right-45-5449,1,path,45,1.82,1024,0.6187,0.6632
red,0.6665,0.7279,fake-red-right-45-5449,2,path,45,3.64,1024,0.6665,0.7279
red,0.6089,0.7293,fake-red-right-45-5449,3,path,45,5.45,1024,0.6089,0.7293
red,0.5814,0.7488,fake-red-right-45-5449,4,path,45,7.27,1024,0.5814,0.7488
red,0.5451,0.763,fake-red-right-45-5449,5,path,45,9.09,1024,0.5451,0.763
red,0.5336,0.7703,fake-red-right-45-5449,6,path,45,10.91,1024,0.5336,0.7703
red,0.4963,0.7403,fake-red-right-45-5449,7,path,45,12.73,1024,0.4963,0.7403
red,0.4744,0.7196,fake-red-right-45-5449,8,path,45,14.55,1024,0.4744,0.7196
red,0.4915,0.7222,fake-red-right-45-5449,9,path,45,16.36,1024,0.4915,0.7222
red,0.4708,0.7021,fake-red-right-45-5449,10,path,45,18.18,1024,0.4708,0.7021
red,0.4612,0.6887,fake-red-right-45-5449,11,path,45,20.0,1024,0.4612,0.6887
red,0.5814,0.7488,fake-red-right-45-5449,0,shot,45,7.27,1024,0.5814,0.7488
red,0.4744,0.7196,fake-red-right-45-5449,1,shot,45,14.55,1024,0.4744,0.7196
red,0.7214,0.6889,fake-red-right-45-7107,0,path,45,0.0,1026,0.7214,0.6889
red,0.6915,0.7069,fake-red-right-45-7107,1,path,45,1.82,1026,0.6915,0.7069
red,0.6523,0.7194,fake-red-right-45-7107,2,path,45,3.64,1026,0.6523,0.7194
red,0.619,0.7354,fake-red-right-45-7107,3,path,45,5.45,1026,0.619,0.7354
red,0.6008,0.7605,fake-red-right-45-7107,4,path,45,7.27,1026,0.6008,0.7605
red,0.5737,0.7802,fake-red-right-45-7107,5,path,45,9.09,1026,0.5737,0.7802
red,0.5941,0.8067,fake-red-right-45-7107,6,path,45,10.91,1026,0.5941,0.8067
red,0.5234,0.7566,fake-red-right-45-7107,7,path,45,12.73,1026,0.5234,0.7566
red,0.462,0.7121,fake-red-right-45-7107,8,path,45,14.55,1026,0.462,0.7121
red,0.518,0.7381,fake-red-right-45-7107,9,path,45,16.36,1026,0.518,0.7381
red,0.4038,0.6619,fake-red-right-45-7107,10,path,45,18.18,1026,0.4038,0.6619
red,0.4683,0.693,fake-red-right-45-7107,11,path,45,20.0,1026,0.4683,0.693
red,0.6008,0.7605,fake-red-right-45-7107,0,shot,45,7.27,1026,0.6008,0.7605
red,0.462,0.7121,fake-red-right-45-7107,1,shot,45,14.55,1026,0.462,0.7121
blue,0.6514,0.3352,fake-blue-left-45-2766,0,path,45,0.0,1021,0.3486,0.3352
blue,0.598,0.3748,fake-blue-left-45-2766,1,path,45,1.82,1021,0.402,0.3748
blue,0.648,0.3525,fake-blue-left-45-2766,2,path,45,3.64,1021,0.352,0.3525
blue,0.5640000000000001,0.4105,fake-blue-left-45-2766,3,path,45,5.45,1021,0.436,0.4105
blue,0.5157,0.4471,fake-blue-left-45-2766,4,path,45,7.27,1021,0.4843,0.4471
blue,0.5825,0.4147,fake-blue-left-45-2766,5,path,45,9.09,1021,0.4175,0.4147
blue,0.5091,0.4446,fake-blue-left-45-2766,6,path,45,10.91,1021,0.4909,0.4446
blue,0.47719999999999996,0.4277,fake-blue-left-45-2766,7,path,45,12.73,1021,0.5228,0.4277
blue,0.4536,0.4058,fake-blue-left-45-2766,8,path,45,14.55,1021,0.5464,0.4058
blue,0.4568,0.3679,fake-blue-left-45-2766,9,path,45,16.36,1021,0.5432,0.3679
blue,0.3931,0.3702,fake-blue-left-45-2766,10,path,45,18.18,1021,0.6069,0.3702
blue,0.4024,0.3286,fake-blue-left-45-2766,11,path,45,20.0,1021,0.5976,0.3286
blue,0.5157,0.4471,fake-blue-left-45-2766,0,shot,45,7.27,1021,0.4843,0.4471
blue,0.4536,0.4058,fake-blue-left-45-2766,1,shot,45,14.55,1021,0.5464,0.4058
blue,0.6471,0.3378,fake-blue-left-45-9588,0,path,45,0.0,1013,0.3529,0.3378
blue,0.6434,0.3476,fake-blue-left-45-9588,1,path,45,1.82,1013,0.3566,0.3476
blue,0.6128,0.3736,fake-blue-left-45-9588,2,path,45,3.64,1013,0.3872,0.3736
blue,0.5684,0.4079,fake-blue-left-45-9588,3,path,45,5.45,1013,0.4316,0.4079
blue,0.6118,0.3895,fake-blue-left-45-9588,4,path,45,7.27,1013,0.3882,0.3895
blue,0.5595,0.4285,fake-blue-left-45-9588,5,path,45,9.09,1013,0.4405,0.4285
blue,0.5539000000000001,0.4177,fake-blue-left-45-9588,6,path,45,10.91,1013,0.4461,0.4177
blue,0.4879,0.4213,fake-blue-left-45-9588,7,path,45,12.73,1013,0.5121,0.4213
blue,0.4747,0.3932,fake-blue-left-45-9588,8,path,45,14.55,1013,0.5253,0.3932
blue,0.4214,0.3891,fake-blue-left-45-9588,9,path,45,16.36,1013,0.5786,0.3891
blue,0.38439999999999996,0.3754,fake-blue-left-45-9588,10,path,45,18.18,1013,0.6156,0.3754
blue,0.4375,0.3075,fake-blue-left-45-9588,11,path,45,20.0,1013,0.5625,0.3075
blue,0.6118,0.3895,fake-blue-left-45-9588,0,shot,45,7.27,1013,0.3882,0.3895
blue,0.4747,0.3932,fake-blue-left-45-9588,1,shot,45,14.55,1013,0.5253,0.3932
blue,0.6908000000000001,0.3115,fake-blue-left-45-1246,0,path,45,0.0,1001,0.3092,0.3115
blue,0.6783,0.3266,fake-blue-left-45-1246,1,path,45,1.82,1001,0.3217,0.3266
blue,0.5755,0.396,fake-blue-left-45-1246,2,path,45,3.64,1001,0.4245,0.396
blue,0.6342,0.3684,fake-blue-left-45-1246,3,path,45,5.45,1001,0.3658,0.3684
blue,0.5304,0.4383,fake-blue-left-45-1246,4,path,45,7.27,1001,0.4696,0.4383
blue,0.5568,0.4301,fake-blue-left-45-1246,5,path,45,9.09,1001,0.4432,0.4301
blue,0.529,0.4326,fake-blue-left-45-1246,6,path,45,10.91,1001,0.471,0.4326
blue,0.5144,0.4054,fake-blue-left-45-1246,7,path,45,12.73,1001,0.4856,0.4054
blue,0.49860000000000004,0.3788,fake-blue-left-45-1246,8,path,45,14.55,1001,0.5014,0.3788
blue,0.40959999999999996,0.3962,fake-blue-left-45-1246,9,path,45,16.36,1001,0.5904,0.3962
blue,0.383,0.3762,fake-blue-left-45-1246,10,path,45,18.18,1001,0.617,0.3762
blue,0.4345,0.3093,fake-blue-left-45-1246,11,path,45,20.0,1001,0.5655,0.3093
blue,0.5304,0.4383,fake-blue-left-45-1246,0,shot,45,7.27,1001,0.4696,0.4383
blue,0.49860000000000004,0.3788,fake-blue-left-45-1246,1,shot,45,14.55,1001,0.5014,0.3788
red,0.6725,0.4895,fake-red-center-46-1357,0,path,46,0.0,1014,0.6725,0.4895
red,0.6188,0.4933,fake-red-center-46-1357,1,path,46,1.82,1014,0.6188,0.4933
red,0.6563,0.5518,fake-red-center-46-1357,2,path,46,3.64,1014,0.6563,0.5518
red,0.6501,0.5841,fake-red-center-46-1357,3,path,46,5.45,1014,0.6501,0.5841
red,0.6238,0.6043,fake-red-center-46-1357,4,path,46,7.27,1014,0.6238,0.6043
red,0.6017,0.627,fake-red-center-46-1357,5,path,46,9.09,1014,0.6017,0.627
red,0.5465,0.6081,fake-red-center-46-1357,6,path,46,10.91,1014,0.5465,0.6081
red,0.5393,0.5961,fake-red-center-46-1357,7,path,46,12.73,1014,0.5393,0.5961
red,0.4702,0.547,fake-red-center-46-1357,8,path,46,14.55,1014,0.4702,0.547
red,0.5005,0.5576,fake-red-center-46-1357,9,path,46,16.36,1014,0.5005,0.5576
red,0.4893,0.5432,fake-red-center-46-1357,10,path,46,18.18,1014,0.4893,0.5432
red,0.3908,0.4765,fake-red-center-46-1357,11,path,46,20.0,1014,0.3908,0.4765
red,0.6238,0.6043,fake-red-center-46-1357,0,shot,46,7.27,1014,0.6238,0.6043
red,0.4702,0.547,fake-red-center-46-1357,1,shot,46,14.55,1014,0.4702,0.547
red,0.6491,0.3054,fake-red-left-46-2926,0,path,46,0.0,1028,0.6491,0.3054
red,0.6634,0.35,fake-red-left-46-2926,1,path,46,1.82,1028,0.6634,0.35
red,0.5991,0.3474,fake-red-left-46-2926,2,path,46,3.64,1028,0.5991,0.3474
red,0.6303,0.4022,fake-red-left-46-2926,3,path,46,5.45,1028,0.6303,0.4022
red,0.5959,0.4175,fake-red-left-46-2926,4,path,46,7.27,1028,0.5959,0.4175
red,0.6028,0.4577,fake-red-left-46-2926,5,path,46,9.09,1028,0.6028,0.4577
red,0.5156,0.4195,fake-red-left-46-2926,6,path,46,10.91,1028,0.5156,0.4195
red,0.511,0.4092,fake-red-left-46-2926,7,path,46,12.73,1028,0.511,0.4092
red,0.5477,0.4236,fake-red-left-46-2926,8,path,46,14.55,1028,0.5477,0.4236
red,0.4599,0.3632,fake-red-left-46-2926,9,path,46,16.36,1028,0.4599,0.3632
red,0.4819,0.3688,fake-red-left-46-2926,10,path,46,18.18,1028,0.4819,0.3688
red,0.4378,0.3347,fake-red-left-46-2926,11,path,46,20.0,1028,0.4378,0.3347
red,0.5959,0.4175,fake-red-left-46-2926,0,shot,46,7.27,1028,0.5959,0.4175
red,0.5477,0.4236,fake-red-left-46-2926,1,shot,46,14.55,1028,0.5477,0.4236
red,0.7355,0.5273,fake-red-center-46-7147,0,path,46,0.0,1006,0.7355,0.5273
red,0.6585,0.5171,fake-red-center-46-7147,1,path,46,1.82,1006,0.6585,0.5171
red,0.6866,0.57,fake-red-center-46-7147,2,path,46,3.64,1006,0.6866,0.57
red,0.6444,0.5806,fake-red-center-46-7147,3,path,46,5.45,1006,0.6444,0.5806
red,0.6392,0.6135,fake-red-center-46-7147,4,path,46,7.27,1006,0.6392,0.6135
red,0.5421,0.5913,fake-red-center-46-7147,5,path,46,9.09,1006,0.5421,0.5913
red,0.5307,0.5986,fake-red-center-46-7147,6,path,46,10.91,1006,0.5307,0.5986
red,0.5028,0.5742,fake-red-center-46-7147,7,path,46,12.73,1006,0.5028,0.5742
red,0.4827,0.5545,fake-red-center-46-7147,8,path,46,14.55,1006,0.4827,0.5545
red,0.4923,0.5527,fake-red-center-46-7147,9,path,46,16.36,1006,0.4923,0.5527
red,0.4315,0.5086,fake-red-center-46-7147,10,path,46,18.18,1006,0.4315,0.5086
red,0.4474,0.5105,fake-red-center-46-7147,11,path,46,20.0,1006,0.4474,0.5105
red,0.6392,0.6135,fake-red-center-46-7147,0,shot,46,7.27,1006,0.6392,0.6135
red,0.4827,0.5545,fake-red-center-46-7147,1,shot,46,14.55,1006,0.4827,0.5545
blue,0.7082999999999999,0.301,fake-blue-left-46-7637,0,path,46,0.0,1000,0.2917,0.301
blue,0.6738,0.3294,fake-blue-left-46-7637,1,path,46,1.82,1000,0.3262,0.3294
blue,0.5968,0.3832,fake-blue-left-46-7637,2,path,46,3.64,1000,0.4032,0.3832
blue,0.5986,0.3897,fake-blue-left-46-7637,3,path,46,5.45,1000,0.4014,0.3897
blue,0.5424,0.4311,fake-blue-left-46-7637,4,path,46,7.27,1000,0.4576,0.4311
blue,0.5458000000000001,0.4367,fake-blue-left-46-7637,5,path,46,9.09,1000,0.4542,0.4367
blue,0.5679000000000001,0.4093,fake-blue-left-46-7637,6,path,46,10.91,1000,0.4321,0.4093
blue,0.46809999999999996,0.4331,fake-blue-left-46-7637,7,path,46,12.73,1000,0.5319,0.4331
blue,0.47550000000000003,0.3927,fake-blue-left-46-7637,8,path,46,14.55,1000,0.5245,0.3927
blue,0.46120000000000005,0.3653,fake-blue-left-46-7637,9,path,46,16.36,1000,0.5388,0.3653
blue,0.43479999999999996,0.3451,fake-blue-left-46-7637,10,path,46,18.18,1000,0.5652,0.3451
blue,0.4185,0.3189,fake-blue-left-46-7637,11,path,46,20.0,1000,0.5815,0.3189
blue,0.5424,0.4311,fake-blue-left-46-7637,0,shot,46,7.27,1000,0.4576,0.4311
blue,0.47550000000000003,0.3927,fake-blue-left-46-7637,1,shot,46,14.55,1000,0.5245,0.3927
blue,0.6678,0.6653,fake-blue-right-46-7616,0,path,46,0.0,1023,0.3322,0.6653
blue,0.6679999999999999,0.6729,fake-blue-right-46-7616,1,path,46,1.82,1023,0.332,0.6729
blue,0.6518999999999999,0.6901,fake-blue-right-46-7616,2,path,46,3.64,1023,0.3481,0.6901
blue,0.5939,0.7326,fake-blue-right-46-7616,3,path,46,5.45,1023,0.4061,0.7326
blue,0.5158,0.7871,fake-blue-right-46-7616,4,path,46,7.27,1023,0.4842,0.7871
blue,0.5587,0.7689,fake-blue-right-46-7616,5,path,46,9.09,1023,0.4413,0.7689
blue,0.48460000000000003,0.7992,fake-blue-right-46-7616,6,path,46,10.91,1023,0.5154,0.7992
blue,0.477,0.7678,fake-blue-right-46-7616,7,path,46,12.73,1023,0.523,0.7678
blue,0.44610000000000005,0.7503,fake-blue-right-46-7616,8,path,46,14.55,1023,0.5539,0.7503
blue,0.398,0.7432,fake-blue-right-46-7616,9,path,46,16.36,1023,0.602,0.7432
blue,0.3831,0.7162,fake-blue-right-46-7616,10,path,46,18.18,1023,0.6169,0.7162
blue,0.4455,0.6427,fake-blue-right-46-7616,11,path,46,20.0,1023,0.5545,0.6427
blue,0.5158,0.7871,fake-blue-right-46-7616,0,shot,46,7.27,1023,0.4842,0.7871
blue,0.44610000000000005,0.7503,fake-blue-right-46-7616,1,shot,46,14.55,1023,0.5539,0.7503
red,0.723,0.5198,fake-red-center-47-1782,0,path,47,0.0,1022,0.723,0.5198
red,0.6873,0.5344,fake-red-center-47-1782,1,path,47,1.82,1022,0.6873,0.5344
red,0.6641,0.5565,fake-red-center-47-1782,2,path,47,3.64,1022,0.6641,0.5565
red,0.6433,0.58,fake-red-center-47-1782,3,path,47,5.45,1022,0.6433,0.58
red,0.5705,0.5723,fake-red-center-47-1782,4,path,47,7.27,1022,0.5705,0.5723
red,0.5822,0.6153,fake-red-center-47-1782,5,path,47,9.09,1022,0.5822,0.6153
red,0.5691,0.6217,fake-red-center-47-1782,6,path,47,10.91,1022,0.5691,0.6217
red,0.571,0.6151,fake-red-center-47-1782,7,path,47,12.73,1022,0.571,0.6151
red,0.4752,0.55,fake-red-center-47-1782,8,path,47,14.55,1022,0.4752,0.55
red,0.4643,0.5359,fake-red-center-47-1782,9,path,47,16.36,1022,0.4643,0.5359
red,0.4527,0.5213,fake-red-center-47-1782,10,path,47,18.18,1022,0.4527,0.5213
red,0.4561,0.5156,fake-red-center-47-1782,11,path,47,20.0,1022,0.4561,0.5156
red,0.5705,0.5723,fake-red-center-47-1782,0,shot,47,7.27,1022,0.5705,0.5723
red,0.4752,0.55,fake-red-center-47-1782,1,shot,47,14.55,1022,0.4752,0.55
red,0.7239,0.3504,fake-red-left-47-1403,0,path,47,0.0,1008,0.7239,0.3504
red,0.6656,0.3514,fake-red-left-47-1403,1,path,47,1.82,1008,0.6656,0.3514
red,0.6283,0.365,fake-red-left-47-1403,2,path,47,3.64,1008,0.6283,0.365
red,0.6651,0.423,fake-red-left-47-1403,3,path,47,5.45,1008,0.6651,0.423
red,0.6078,0.4247,fake-red-left-47-1403,4,path,47,7.27,1008,0.6078,0.4247
red,0.5612,0.4327,fake-red-left-47-1403,5,path,47,9.09,1008,0.5612,0.4327
red,0.5766,0.4561,fake-red-left-47-1403,6,path,47,10.91,1008,0.5766,0.4561
red,0.5549,0.4355,fake-red-left-47-1403,7,path,47,12.73,1008,0.5549,0.4355
red,0.4987,0.3941,fake-red-left-47-1403,8,path,47,14.55,1008,0.4987,0.3941
red,0.4545,0.36,fake-red-left-47-1403,9,path,47,16.36,1008,0.4545,0.36
red,0.4183,0.3306,fake-red-left-47-1403,10,path,47,18.18,1008,0.4183,0.3306
red,0.473,0.3558,fake-red-left-47-1403,11,path,47,20.0,1008,0.473,0.3558
red,0.6078,0.4247,fake-red-left-47-1403,0,shot,47,7.27,1008,0.6078,0.4247
red,0.4987,0.3941,fake-red-left-47-1403,1,shot,47,14.55,1008,0.4987,0.3941
red,0.6825,0.6655,fake-red-right-47-2889,0,path,47,0.0,1030,0.6825,0.6655
red,0.6566,0.6859,fake-red-right-47-2889,1,path,47,1.82,1030,0.6566,0.6859
red,0.6028,0.6897,fake-red-right-47-2889,2,path,47,3.64,1030,0.6028,0.6897
red,0.6289,0.7413,fake-red-right-47-2889,3,path,47,5.45,1030,0.6289,0.7413
red,0.6145,0.7687,fake-red-right-47-2889,4,path,47,7.27,1030,0.6145,0.7687
red,0.6182,0.8069,fake-red-right-47-2889,5,path,47,9.09,1030,0.6182,0.8069
red,0.5639,0.7885,fake-red-right-47-2889,6,path,47,10.91,1030,0.5639,0.7885
red,0.5739,0.7869,fake-red-right-47-2889,7,path,47,12.73,1030,0.5739,0.7869
red,0.4719,0.7181,fake-red-right-47-2889,8,path,47,14.55,1030,0.4719,0.7181
red,0.5064,0.7311,fake-red-right-47-2889,9,path,47,16.36,1030,0.5064,0.7311
red,0.4503,0.6898,fake-red-right-47-2889,10,path,47,18.18,1030,0.4503,0.6898
red,0.4227,0.6656,fake-red-right-47-2889,11,path,47,20.0,1030,0.4227,0.6656
red,0.6145,0.7687,fake-red-right-47-2889,0,shot,47,7.27,1030,0.6145,0.7687
red,0.4719,0.7181,fake-red-right-47-2889,1,shot,47,14.55,1030,0.4719,0.7181
blue,0.6282,0.6891,fake-blue-right-47-7878,0,path,47,0.0,1027,0.3718,0.6891
blue,0.5897,0.7198,fake-blue-right-47-7878,1,path,47,1.82,1027,0.4103,0.7198
blue,0.5844,0.7307,fake-blue-right-47-7878,2,path,47,3.64,1027,0.4156,0.7307
blue,0.5532,0.757,fake-blue-right-47-7878,3,path,47,5.45,1027,0.4468,0.757
blue,0.6042000000000001,0.734,fake-blue-right-47-7878,4,path,47,7.27,1027,0.3958,0.734
blue,0.5751999999999999,0.759,fake-blue-right-47-7878,5,path,47,9.09,1027,0.4248,0.759
blue,0.513,0.7822,fake-blue-right-47-7878,6,path,47,10.91,1027,0.487,0.7822
blue,0.4746,0.7692,fake-blue-right-47-7878,7,path,47,12.73,1027,0.5254,0.7692
blue,0.5038,0.7157,fake-blue-right-47-7878,8,path,47,14.55,1027,0.4962,0.7157
blue,0.42700000000000005,0.7258,fake-blue-right-47-7878,9,path,47,16.36,1027,0.573,0.7258
blue,0.4353,0.6848,fake-blue-right-47-7878,10,path,47,18.18,1027,0.5647,0.6848
blue,0.40569999999999995,0.6666,fake-blue-right-47-7878,11,path,47,20.0,1027,0.5943,0.6666
blue,0.6042000000000001,0.734,fake-blue-right-47-7878,0,shot,47,7.27,1027,0.3958,0.734
blue,0.5038,0.7157,fake-blue-right-47-7878,1,shot,47,14.55,1027,0.4962,0.7157
blue,0.6268,0.3499,fake-blue-left-47-2068,0,path,47,0.0,1021,0.3732,0.3499
blue,0.6731,0.3298,fake-blue-left-47-2068,1,path,47,1.82,1021,0.3269,0.3298
blue,0.5647,0.4025,fake-blue-left-47-2068,2,path,47,3.64,1021,0.4353,0.4025
blue,0.602,0.3877,fake-blue-left-47-2068,3,path,47,5.45,1021,0.398,0.3877
blue,0.521,0.4439,fake-blue-left-47-2068,4,path,47,7.27,1021,0.479,0.4439
blue,0.5234,0.4501,fake-blue-left-47-2068,5,path,47,9.09,1021,0.4766,0.4501
blue,0.4776,0.4635,fake-blue-left-47-2068,6,path,47,10.91,1021,0.5224,0.4635
blue,0.5376000000000001,0.3915,fake-blue-left-47-2068,7,path,47,12.73,1021,0.4624,0.3915
blue,0.43589999999999995,0.4165,fake-blue-left-47-2068,8,path,47,14.55,1021,0.5641,0.4165
blue,0.47619999999999996,0.3563,fake-blue-left-47-2068,9,path,47,16.36,1021,0.5238,0.3563
blue,0.43110000000000004,0.3473,fake-blue-left-47-2068,10,path,47,18.18,1021,0.5689,0.3473
blue,0.39180000000000004,0.3349,fake-blue-left-47-2068,11,path,47,20.0,1021,0.6082,0.3349
blue,0.521,0.4439,fake-blue-left-47-2068,0,shot,47,7.27,1021,0.479,0.4439
blue,0.43589999999999995,0.4165,fake-blue-left-47-2068,1,shot,47,14.55,1021,0.5641,0.4165
blue,0.6644,0.6674,fake-blue-right-47-1890,0,path,47,0.0,1019,0.3356,0.6674
blue,0.6728000000000001,0.6699,fake-blue-right-47-1890,1,path,47,1.82,1019,0.3272,0.6699
blue,0.5737,0.7371,fake-blue-right-47-1890,2,path,47,3.64,1019,0.4263,0.7371
blue,0.587,0.7367,fake-blue-right-47-1890,3,path,47,5.45,1019,0.413,0.7367
blue,0.5848,0.7457,fake-blue-right-47-1890,4,path,47,7.27,1019,0.4152,0.7457
blue,0.5077,0.7996,fake-blue-right-47-1890,5,path,47,9.09,1019,0.4923,0.7996
blue,0.4998,0.7901,fake-blue-right-47-1890,6,path,47,10.91,1019,0.5002,0.7901
blue,0.44510000000000005,0.7869,fake-blue-right-47-1890,7,path,47,12.73,1019,0.5549,0.7869
blue,0.4323,0.7586,fake-blue-right-47-1890,8,path,47,14.55,1019,0.5677,0.7586
blue,0.4504,0.7118,fake-blue-right-47-1890,9,path,47,16.36,1019,0.5496,0.7118
blue,0.4347,0.6852,fake-blue-right-47-1890,10,path,47,18.18,1019,0.5653,0.6852
blue,0.39459999999999995,0.6732,fake-blue-right-47-1890,11,path,47,20.0,1019,0.6054,0.6732
blue,0.5848,0.7457,fake-blue-right-47-1890,0,shot,47,7.27,1019,0.4152,0.7457
blue,0.4323,0.7586,fake-blue-right-47-1890,1,shot,47,14.55,1019,0.5677,0.7586
red,0.7364,0.3578,fake-red-left-48-1310,0,path,48,0.0,1028,0.7364,0.3578
red,0.6972,0.3703,fake-red-left-48-1310,1,path,48,1.82,1028,0.6972,0.3703
red,0.6418,0.3731,fake-red-left-48-1310,2,path,48,3.64,1028,0.6418,0.3731
red,0.589,0.3774,fake-red-left-48-1310,3,path,48,5.45,1028,0.589,0.3774
red,0.5741,0.4044,fake-red-left-48-1310,4,path,48,7.27,1028,0.5741,0.4044
red,0.6046,0.4588,fake-red-left-48-1310,5,path,48,9.09,1028,0.6046,0.4588
red,0.5255,0.4255,fake-red-left-48-1310,6,path,48,10.91,1028,0.5255,0.4255
red,0.5422,0.4279,fake-red-left-48-1310,7,path,48,12.73,1028,0.5422,0.4279
red,0.529,0.4123,fake-red-left-48-1310,8,path,48,14.55,1028,0.529,0.4123
red,0.4533,0.3592,fake-red-left-48-1310,9,path,48,16.36,1028,0.4533,0.3592
red,0.502,0.3809,fake-red-left-48-1310,10,path,48,18.18,1028,0.502,0.3809
red,0.3993,0.3116,fake-red-left-48-1310,11,path,48,20.0,1028,0.3993,0.3116
red,0.5741,0.4044,fake-red-left-48-1310,0,shot,48,7.27,1028,0.5741,0.4044
red,0.529,0.4123,fake-red-left-48-1310,1,shot,48,14.55,1028,0.529,0.4123
red,0.6828,0.3257,fake-red-left-48-2305,0,path,48,0.0,1017,0.6828,0.3257
red,0.7005,0.3723,fake-red-left-48-2305,1,path,48,1.82,1017,0.7005,0.3723
red,0.6043,0.3506,fake-red-left-48-2305,2,path,48,3.64,1017,0.6043,0.3506
red,0.5861,0.3757,fake-red-left-48-2305,3,path,48,5.45,1017,0.5861,0.3757
red,0.6024,0.4215,fake-red-left-48-2305,4,path,48,7.27,1017,0.6024,0.4215
red,0.5668,0.4361,fake-red-left-48-2305,5,path,48,9.09,1017,0.5668,0.4361
red,0.5646,0.4489,fake-red-left-48-2305,6,path,48,10.91,1017,0.5646,0.4489
red,0.5084,0.4076,fake-red-left-48-2305,7,path,48,12.73,1017,0.5084,0.4076
red,0.4611,0.3716,fake-red-left-48-2305,8,path,48,14.55,1017,0.4611,0.3716
red,0.478,0.3741,fake-red-left-48-2305,9,path,48,16.36,1017,0.478,0.3741
red,0.4693,0.3612,fake-red-left-48-2305,10,path,48,18.18,1017,0.4693,0.3612
red,0.3939,0.3083,fake-red-left-48-2305,11,path,48,20.0,1017,0.3939,0.3083
red,0.6024,0.4215,fake-red-left-48-2305,0,shot,48,7.27,1017,0.6024,0.4215
red,0.4611,0.3716,fake-red-left-48-2305,1,shot,48,14.55,1017,0.4611,0.3716
blue,0.6228,0.6923,fake-blue-right-48-7777,0,path,48,0.0,1030,0.3772,0.6923
blue,0.6473,0.6853,fake-blue-right-48-7777,1,path,48,1.82,1030,0.3527,0.6853
blue,0.6084,0.7162,fake-blue-right-48-7777,2,path,48,3.64,1030,0.3916,0.7162
blue,0.6022000000000001,0.7276,fake-blue-right-48-7777,3,path,48,5.45,1030,0.3978,0.7276
blue,0.5926,0.741,fake-blue-right-48-7777,4,path,48,7.27,1030,0.4074,0.741
blue,0.5795,0.7565,fake-blue-right-48-7777,5,path,48,9.09,1030,0.4205,0.7565
blue,0.49139999999999995,0.7952,fake-blue-right-48-7777,6,path,48,10.91,1030,0.5086,0.7952
blue,0.5343,0.7334,fake-blue-right-48-7777,7,path,48,12.73,1030,0.4657,0.7334
blue,0.4615,0.7411,fake-blue-right-48-7777,8,path,48,14.55,1030,0.5385,0.7411
blue,0.44930000000000003,0.7124,fake-blue-right-48-7777,9,path,48,16.36,1030,0.5507,0.7124
blue,0.3912,0.7113,fake-blue-right-48-7777,10,path,48,18.18,1030,0.6088,0.7113
blue,0.3569,0.6958,fake-blue-right-48-7777,11,path,48,20.0,1030,0.6431,0.6958
blue,0.5926,0.741,fake-blue-right-48-7777,0,shot,48,7.27,1030,0.4074,0.741
blue,0.4615,0.7411,fake-blue-right-48-7777,1,shot,48,14.55,1030,0.5385,0.7411
blue,0.6938,0.6497,fake-blue-right-48-6426,0,path,48,0.0,1005,0.3062,0.6497
blue,0.6315,0.6947,fake-blue-right-48-6426,1,path,48,1.82,1005,0.3685,0.6947
blue,0.6098,0.7154,fake-blue-right-48-6426,2,path,48,3.64,1005,0.3902,0.7154
blue,0.5634,0.7509,fake-blue-right-48-6426,3,path,48,5.45,1005,0.4366,0.7509
blue,0.5827,0.747,fake-blue-right-48-6426,4,path,48,7.27,1005,0.4173,0.747
blue,0.5876,0.7516,fake-blue-right-48-6426,5,path,48,9.09,1005,0.4124,0.7516
blue,0.5414,0.7651,fake-blue-right-48-6426,6,path,48,10.91,1005,0.4586,0.7651
blue,0.5428,0.7283,fake-blue-right-48-6426,7,path,48,12.73,1005,0.4572,0.7283
blue,0.5191,0.7065,fake-blue-right-48-6426,8,path,48,14.55,1005,0.4809,0.7065
blue,0.48250000000000004,0.6925,fake-blue-right-48-6426,9,path,48,16.36,1005,0.5175,0.6925
blue,0.4627,0.6684,fake-blue-right-48-6426,10,path,48,18.18,1005,0.5373,0.6684
blue,0.37570000000000003,0.6846,fake-blue-right-48-6426,11,path,48,20.0,1005,0.6243,0.6846
blue,0.5827,0.747,fake-blue-right-48-6426,0,shot,48,7.27,1005,0.4173,0.747
blue,0.5191,0.7065,fake-blue-right-48-6426,1,shot,48,14.55,1005,0.4809,0.7065
blue,0.6717,0.663,fake-blue-right-48-2603,0,path,48,0.0,1002,0.3283,0.663
blue,0.6649,0.6747,fake-blue-right-48-2603,1,path,48,1.82,1002,0.3351,0.6747
blue,0.5647,0.7424,fake-blue-right-48-2603,2,path,48,3.64,1002,0.4353,0.7424
blue,0.5642,0.7504,fake-blue-right-48-2603,3,path,48,5.45,1002,0.4358,0.7504
blue,0.6036,0.7344,fake-blue-right-48-2603,4,path,48,7.27,1002,0.3964,0.7344
blue,0.49760000000000004,0.8056,fake-blue-right-48-2603,5,path,48,9.09,1002,0.5024,0.8056
blue,0.5296000000000001,0.7722,fake-blue-right-48-2603,6,path,48,10.91,1002,0.4704,0.7722
blue,0.4699,0.772,fake-blue-right-48-2603,7,path,48,12.73,1002,0.5301,0.772
blue,0.4427,0.7524,fake-blue-right-48-2603,8,path,48,14.55,1002,0.5573,0.7524
blue,0.45009999999999994,0.7119,fake-blue-right-48-2603,9,path,48,16.36,1002,0.5499,0.7119
blue,0.40759999999999996,0.7014,fake-blue-right-48-2603,10,path,48,18.18,1002,0.5924,0.7014
blue,0.4295,0.6523,fake-blue-right-48-2603,11,path,48,20.0,1002,0.5705,0.6523
blue,0.6036,0.7344,fake-blue-right-48-2603,0,shot,48,7.27,1002,0.3964,0.7344
blue,0.4427,0.7524,fake-blue-right-48-2603,1,shot,48,14.55,1002,0.5573,0.7524
red,0.6602,0.3121,fake-red-left-49-2733,0,path,49,0.0,1024,0.6602,0.3121
red,0.623,0.3258,fake-red-left-49-2733,1,path,49,1.82,1024,0.623,0.3258
red,0.6502,0.3781,fake-red-left-49-2733,2,path,49,3.64,1024,0.6502,0.3781
red,0.5738,0.3683,fake-red-left-49-2733,3,path,49,5.45,1024,0.5738,0.3683
red,0.5644,0.3986,fake-red-left-49-2733,4,path,49,7.27,1024,0.5644,0.3986
red,0.5367,0.418,fake-red-left-49-2733,5,path,49,9.09,1024,0.5367,0.418
red,0.5427,0.4358,fake-red-left-49-2733,6,path,49,10.91,1024,0.5427,0.4358
red,0.4865,0.3944,fake-red-left-49-2733,7,path,49,12.73,1024,0.4865,0.3944
red,0.4922,0.3902,fake-red-left-49-2733,8,path,49,14.55,1024,0.4922,0.3902
red,0.4819,0.3764,fake-red-left-49-2733,9,path,49,16.36,1024,0.4819,0.3764
red,0.4758,0.3651,fake-red-left-49-2733,10,path,49,18.18,1024,0.4758,0.3651
red,0.4292,0.3295,fake-red-left-49-2733,11,path,49,20.0,1024,0.4292,0.3295
red,0.5644,0.3986,fake-red-left-49-2733,0,shot,49,7.27,1024,0.5644,0.3986
red,0.4922,0.3902,fake-red-left-49-2733,1,shot,49,14.55,1024,0.4922,0.3902
red,0.6703,0.6582,fake-red-right-49-5690,0,path,49,0.0,1034,0.6703,0.6582
red,0.6342,0.6725,fake-red-right-49-5690,1,path,49,1.82,1034,0.6342,0.6725
red,0.6514,0.7188,fake-red-right-49-5690,2,path,49,3.64,1034,0.6514,0.7188
red,0.6355,0.7453,fake-red-right-49-5690,3,path,49,5.45,1034,0.6355,0.7453
red,0.5603,0.7362,fake-red-right-49-5690,4,path,49,7.27,1034,0.5603,0.7362
red,0.5686,0.7772,fake-red-right-49-5690,5,path,49,9.09,1034,0.5686,0.7772
red,0.5746,0.795,fake-red-right-49-5690,6,path,49,10.91,1034,0.5746,0.795
red,0.5321,0.7618,fake-red-right-49-5690,7,path,49,12.73,1034,0.5321,0.7618
red,0.49,0.7289,fake-red-right-49-5690,8,path,49,14.55,1034,0.49,0.7289
red,0.4602,0.7034,fake-red-right-49-5690,9,path,49,16.36,1034,0.4602,0.7034
red,0.4517,0.6906,fake-red-right-49-5690,10,path,49,18.18,1034,0.4517,0.6906
red,0.4469,0.6802,fake-red-right-49-5690,11,path,49,20.0,1034,0.4469,0.6802
red,0.5603,0.7362,fake-red-right-49-5690,0,shot,49,7.27,1034,0.5603,0.7362
red,0.49,0.7289,fake-red-right-49-5690,1,shot,49,14.55,1034,0.49,0.7289
red,0.7013,0.6768,fake-red-right-49-1319,0,path,49,0.0,1021,0.7013,0.6768
red,0.6971,0.7102,fake-red-right-49-1319,1,path,49,1.82,1021,0.6971,0.7102
red,0.6449,0.7149,fake-red-right-49-1319,2,path,49,3.64,1021,0.6449,0.7149
red,0.6402,0.7481,fake-red-right-49-1319,3,path,49,5.45,1021,0.6402,0.7481
red,0.5512,0.7307,fake-red-right-49-1319,4,path,49,7.27,1021,0.5512,0.7307
red,0.6084,0.801,fake-red-right-49-1319,5,path,49,9.09,1021,0.6084,0.801
red,0.5446,0.7769,fake-red-right-49-1319,6,path,49,10.91,1021,0.5446,0.7769
red,0.5439,0.7689,fake-red-right-49-1319,7,path,49,12.73,1021,0.5439,0.7689
red,0.5122,0.7423,fake-red-right-49-1319,8,path,49,14.55,1021,0.5122,0.7423
red,0.5114,0.7341,fake-red-right-49-1319,9,path,49,16.36,1021,0.5114,0.7341
red,0.4227,0.6732,fake-red-right-49-1319,10,path,49,18.18,1021,0.4227,0.6732
red,0.3984,0.651,fake-red-right-49-1319,11,path,49,20.0,1021,0.3984,0.651
red,0.5512,0.7307,fake-red-right-49-1319,0,shot,49,7.27,1021,0.5512,0.7307
red,0.5122,0.7423,fake-red-right-49-1319,1,shot,49,14.55,1021,0.5122,0.7423
blue,0.6583,0.501,fake-blue-center-49-4246,0,path,49,0.0,1019,0.3417,0.501
blue,0.6205,0.5313,fake-blue-center-49-4246,1,path,49,1.82,1019,0.3795,0.5313
blue,0.6159,0.5418,fake-blue-center-49-4246,2,path,49,3.64,1019,0.3841,0.5418
blue,0.5432,0.593,fake-blue-center-49-4246,3,path,49,5.45,1019,0.4568,0.593
blue,0.5570999999999999,0.5923,fake-blue-center-49-4246,4,path,49,7.27,1019,0.4429,0.5923
blue,0.5266,0.6182,fake-blue-center-49-4246,5,path,49,9.09,1019,0.4734,0.6182
blue,0.5478000000000001,0.5913,fake-blue-center-49-4246,6,path,49,10.91,1019,0.4522,0.5913
blue,0.5349999999999999,0.563,fake-blue-center-49-4246,7,path,49,12.73,1019,0.465,0.563
blue,0.43420000000000003,0.5875,fake-blue-center-49-4246,8,path,49,14.55,1019,0.5658,0.5875
blue,0.4808,0.5235,fake-blue-center-49-4246,9,path,49,16.36,1019,0.5192,0.5235
blue,0.39970000000000006,0.5362,fake-blue-center-49-4246,10,path,49,18.18,1019,0.6003,0.5362
blue,0.37760000000000005,0.5134,fake-blue-center-49-4246,11,path,49,20.0,1019,0.6224,0.5134
blue,0.5570999999999999,0.5923,fake-blue-center-49-4246,0,shot,49,7.27,1019,0.4429,0.5923
blue,0.43420000000000003,0.5875,fake-blue-center-49-4246,1,shot,49,14.55,1019,0.5658,0.5875
blue,0.7077,0.4714,fake-blue-center-49-3431,0,path,49,0.0,1032,0.2923,0.4714
blue,0.651,0.513,fake-blue-center-49-3431,1,path,49,1.82,1032,0.349,0.513
blue,0.6532,0.5193,fake-blue-center-49-3431,2,path,49,3.64,1032,0.3468,0.5193
blue,0.5820000000000001,0.5697,fake-blue-center-49-3431,3,path,49,5.45,1032,0.418,0.5697
blue,0.55,0.5965,fake-blue-center-49-3431,4,path,49,7.27,1032,0.45,0.5965
blue,0.5272,0.6179,fake-blue-center-49-3431,5,path,49,9.09,1032,0.4728,0.6179
blue,0.49019999999999997,0.6259,fake-blue-center-49-3431,6,path,49,10.91,1032,0.5098,0.6259
blue,0.4494,0.6144,fake-blue-center-49-3431,7,path,49,12.73,1032,0.5506,0.6144
blue,0.4374,0.5855,fake-blue-center-49-3431,8,path,49,14.55,1032,0.5626,0.5855
blue,0.4223,0.5586,fake-blue-center-49-3431,9,path,49,16.36,1032,0.5777,0.5586
blue,0.38739999999999997,0.5436,fake-blue-center-49-3431,10,path,49,18.18,1032,0.6126,0.5436
blue,0.41300000000000003,0.4922,fake-blue-center-49-3431,11,path,49,20.0,1032,0.587,0.4922
blue,0.55,0.5965,fake-blue-center-49-3431,0,shot,49,7.27,1032,0.45,0.5965
blue,0.4374,0.5855,fake-blue-center-49-3431,1,shot,49,14.55,1032,0.5626,0.5855
blue,0.6507000000000001,0.3356,fake-blue-left-49-7554,0,path,49,0.0,1003,0.3493,0.3356
blue,0.6246,0.3589,fake-blue-left-49-7554,1,path,49,1.82,1003,0.3754,0.3589
blue,0.5864,0.3894,fake-blue-left-49-7554,2,path,49,3.64,1003,0.4136,0.3894
blue,0.6254,0.3737,fake-blue-left-49-7554,3,path,49,5.45,1003,0.3746,0.3737
blue,0.5155000000000001,0.4472,fake-blue-left-49-7554,4,path,49,7.27,1003,0.4845,0.4472
blue,0.589,0.4108,fake-blue-left-49-7554,5,path,49,9.09,1003,0.411,0.4108
blue,0.484,0.4596,fake-blue-left-49-7554,6,path,49,10.91,1003,0.516,0.4596
blue,0.5212,0.4013,fake-blue-left-49-7554,7,path,49,12.73,1003,0.4788,0.4013
blue,0.4847,0.3872,fake-blue-left-49-7554,8,path,49,14.55,1003,0.5153,0.3872
blue,0.4625,0.3645,fake-blue-left-49-7554,9,path,49,16.36,1003,0.5375,0.3645
blue,0.4566,0.332,fake-blue-left-49-7554,10,path,49,18.18,1003,0.5434,0.332
blue,0.3508,0.3595,fake-blue-left-49-7554,11,path,49,20.0,1003,0.6492,0.3595
blue,0.5155000000000001,0.4472,fake-blue-left-49-7554,0,shot,49,7.27,1003,0.4845,0.4472
blue,0.4847,0.3872,fake-blue-left-49-7554,1,shot,49,14.55,1003,0.5153,0.3872
red,0.7027,0.3376,fake-red-left-50-5290,0,path,50,0.0,1034,0.7027,0.3376
red,0.6834,0.3621,fake-red-left-50-5290,1,path,50,1.82,1034,0.6834,0.3621
red,0.5967,0.346,fake-red-left-50-5290,2,path,50,3.64,1034,0.5967,0.346
red,0.602,0.3852,fake-red-left-50-5290,3,path,50,5.45,1034,0.602,0.3852
red,0.5762,0.4057,fake-red-left-50-5290,4,path,50,7.27,1034,0.5762,0.4057
red,0.606,0.4596,fake-red-left-50-5290,5,path,50,9.09,1034,0.606,0.4596
red,0.5631,0.4481,fake-red-left-50-5290,6,path,50,10.91,1034,0.5631,0.4481
red,0.559,0.4379,fake-red-left-50-5290,7,path,50,12.73,1034,0.559,0.4379
red,0.4966,0.3929,fake-red-left-50-5290,8,path,50,14.55,1034,0.4966,0.3929
red,0.5118,0.3944,fake-red-left-50-5290,9,path,50,16.36,1034,0.5118,0.3944
red,0.4835,0.3698,fake-red-left-50-5290,10,path,50,18.18,1034,0.4835,0.3698
red,0.4275,0.3285,fake-red-left-50-5290,11,path,50,20.0,1034,0.4275,0.3285
red,0.5762,0.4057,fake-red-left-50-5290,0,shot,50,7.27,1034,0.5762,0.4057
red,0.4966,0.3929,fake-red-left-50-5290,1,shot,50,14.55,1034,0.4966,0.3929
red,0.6765,0.4919,fake-red-center-50-8916,0,path,50,0.0,1006,0.6765,0.4919
red,0.6211,0.4947,fake-red-center-50-8916,1,path,50,1.82,1006,0.6211,0.4947
red,0.6236,0.5322,fake-red-center-50-8916,2,path,50,3.64,1006,0.6236,0.5322
red,0.6239,0.5683,fake-red-center-50-8916,3,path,50,5.45,1006,0.6239,0.5683
red,0.5799,0.578,fake-red-center-50-8916,4,path,50,7.27,1006,0.5799,0.578
red,0.5883,0.619,fake-red-center-50-8916,5,path,50,9.09,1006,0.5883,0.619
red,0.5302,0.5983,fake-red-center-50-8916,6,path,50,10.91,1006,0.5302,0.5983
red,0.4846,0.5633,fake-red-center-50-8916,7,path,50,12.73,1006,0.4846,0.5633
red,0.4986,0.5641,fake-red-center-50-8916,8,path,50,14.55,1006,0.4986,0.5641
red,0.4843,0.5479,fake-red-center-50-8916,9,path,50,16.36,1006,0.4843,0.5479
red,0.4071,0.4939,fake-red-center-50-8916,10,path,50,18.18,1006,0.4071,0.4939
red,0.4356,0.5033,fake-red-center-50-8916,11,path,50,20.0,1006,0.4356,0.5033
red,0.5799,0.578,fake-red-center-50-8916,0,shot,50,7.27,1006,0.5799,0.578
red,0.4986,0.5641,fake-red-center-50-8916,1,shot,50,14.55,1006,0.4986,0.5641
red,0.6793,0.4936,fake-red-center-50-6571,0,path,50,0.0,1031,0.6793,0.4936
red,0.7137,0.5502,fake-red-center-50-6571,1,path,50,1.82,1031,0.7137,0.5502
red,0.6094,0.5236,fake-red-center-50-6571,2,path,50,3.64,1031,0.6094,0.5236
red,0.6106,0.5603,fake-red-center-50-6571,3,path,50,5.45,1031,0.6106,0.5603
red,0.5702,0.5721,fake-red-center-50-6571,4,path,50,7.27,1031,0.5702,0.5721
red,0.5793,0.6136,fake-red-center-50-6571,5,path,50,9.09,1031,0.5793,0.6136
red,0.5076,0.5848,fake-red-center-50-6571,6,path,50,10.91,1031,0.5076,0.5848
red,0.5426,0.5981,fake-red-center-50-6571,7,path,50,12.73,1031,0.5426,0.5981
red,0.4547,0.5377,fake-red-center-50-6571,8,path,50,14.55,1031,0.4547,0.5377
red,0.4828,0.5469,fake-red-center-50-6571,9,path,50,16.36,1031,0.4828,0.5469
red,0.4916,0.5446,fake-red-center-50-6571,10,path,50,18.18,1031,0.4916,0.5446
red,0.4244,0.4967,fake-red-center-50-6571,11,path,50,20.0,1031,0.4244,0.4967
red,0.5702,0.5721,fake-red-center-50-6571,0,shot,50,7.27,1031,0.5702,0.5721
red,0.4547,0.5377,fake-red-center-50-6571,1,shot,50,14.55,1031,0.4547,0.5377
blue,0.6814,0.6572,fake-blue-right-50-4385,0,path,50,0.0,1012,0.3186,0.6572
blue,0.6082000000000001,0.7087,fake-blue-right-50-4385,1,path,50,1.82,1012,0.3918,0.7087
blue,0.5949,0.7243,fake-blue-right-50-4385,2,path,50,3.64,1012,0.4051,0.7243
blue,0.5933999999999999,0.7328,fake-blue-right-50-4385,3,path,50,5.45,1012,0.4066,0.7328
blue,0.5367999999999999,0.7745,fake-blue-right-50-4385,4,path,50,7.27,1012,0.4632,0.7745
blue,0.5284,0.7871,fake-blue-right-50-4385,5,path,50,9.09,1012,0.4716,0.7871
blue,0.5638000000000001,0.7517,fake-blue-right-50-4385,6,path,50,10.91,1012,0.4362,0.7517
blue,0.5081,0.7492,fake-blue-right-50-4385,7,path,50,12.73,1012,0.4919,0.7492
blue,0.4942,0.7215,fake-blue-right-50-4385,8,path,50,14.55,1012,0.5058,0.7215
blue,0.4022,0.7407,fake-blue-right-50-4385,9,path,50,16.36,1012,0.5978,0.7407
blue,0.37749999999999995,0.7195,fake-blue-right-50-4385,10,path,50,18.18,1012,0.6225,0.7195
blue,0.36960000000000004,0.6882,fake-blue-right-50-4385,11,path,50,20.0,1012,0.6304,0.6882
blue,0.5367999999999999,0.7745,fake-blue-right-50-4385,0,shot,50,7.27,1012,0.4632,0.7745
blue,0.4942,0.7215,fake-blue-right-50-4385,1,shot,50,14.55,1012,0.5058,0.7215
blue,0.6955,0.3087,fake-blue-left-50-3457,0,path,50,0.0,1025,0.3045,0.3087
blue,0.6776,0.3271,fake-blue-left-50-3457,1,path,50,1.82,1025,0.3224,0.3271
blue,0.5702,0.3992,fake-blue-left-50-3457,2,path,50,3.64,1025,0.4298,0.3992
blue,0.5587,0.4137,fake-blue-left-50-3457,3,path,50,5.45,1025,0.4413,0.4137
blue,0.5550999999999999,0.4235,fake-blue-left-50-3457,4,path,50,7.27,1025,0.4449,0.4235
blue,0.5194,0.4526,fake-blue-left-50-3457,5,path,50,9.09,1025,0.4806,0.4526
blue,0.5425,0.4245,fake-blue-left-50-3457,6,path,50,10.91,1025,0.4575,0.4245
blue,0.47750000000000004,0.4275,fake-blue-left-50-3457,7,path,50,12.73,1025,0.5225,0.4275
blue,0.4528,0.4063,fake-blue-left-50-3457,8,path,50,14.55,1025,0.5472,0.4063
blue,0.4002,0.4019,fake-blue-left-50-3457,9,path,50,16.36,1025,0.5998,0.4019
blue,0.44789999999999996,0.3373,fake-blue-left-50-3457,10,path,50,18.18,1025,0.5521,0.3373
blue,0.3859,0.3384,fake-blue-left-50-3457,11,path,50,20.0,1025,0.6141,0.3384
blue,0.5550999999999999,0.4235,fake-blue-left-50-3457,0,shot,50,7.27,1025,0.4449,0.4235
blue,0.4528,0.4063,fake-blue-left-50-3457,1,shot,50,14.55,1025,0.5472,0.4063
blue,0.6401,0.682,fake-blue-right-50-1384,0,path,50,0.0,1021,0.3599,0.682
blue,0.6557,0.6802,fake-blue-right-50-1384,1,path,50,1.82,1021,0.3443,0.6802
blue,0.6174,0.7108,fake-blue-right-50-1384,2,path,50,3.64,1021,0.3826,0.7108
blue,0.6372,0.7066,fake-blue-right-50-1384,3,path,50,5.45,1021,0.3628,0.7066
blue,0.5556,0.7632,fake-blue-right-50-1384,4,path,50,7.27,1021,0.4444,0.7632
blue,0.5852999999999999,0.753,fake-blue-right-50-1384,5,path,50,9.09,1021,0.4147,0.753
blue,0.5314,0.7712,fake-blue-right-50-1384,6,path,50,10.91,1021,0.4686,0.7712
blue,0.45489999999999997,0.781,fake-blue-right-50-1384,7,path,50,12.73,1021,0.5451,0.781
blue,0.5162,0.7083,fake-blue-right-50-1384,8,path,50,14.55,1021,0.4838,0.7083
blue,0.4065,0.7381,fake-blue-right-50-1384,9,path,50,16.36,1021,0.5935,0.7381
blue,0.4726,0.6625,fake-blue-right-50-1384,10,path,50,18.18,1021,0.5274,0.6625
blue,0.3661,0.6903,fake-blue-right-50-1384,11,path,50,20.0,1021,0.6339,0.6903
blue,0.5556,0.7632,fake-blue-right-50-1384,0,shot,50,7.27,1021,0.4444,0.7632
blue,0.5162,0.7083,fake-blue-right-50-1384,1,shot,50,14.55,1021,0.4838,0.7083
red,0.6885,0.6691,fake-red-right-51-9253,0,path,51,0.0,1008,0.6885,0.6691
red,0.6619,0.6891,fake-red-right-51-9253,1,path,51,1.82,1008,0.6619,0.6891
red,0.6535,0.7201,fake-red-right-51-9253,2,path,51,3.64,1008,0.6535,0.7201
red,0.5801,0.7121,fake-red-right-51-9253,3,path,51,5.45,1008,0.5801,0.7121
red,0.6422,0.7853,fake-red-right-51-9253,4,path,51,7.27,1008,0.6422,0.7853
red,0.5344,0.7566,fake-red-right-51-9253,5,path,51,9.09,1008,0.5344,0.7566
red,0.5726,0.7937,fake-red-right-51-9253,6,path,51,10.91,1008,0.5726,0.7937
red,0.5606,0.7789,fake-red-right-51-9253,7,path,51,12.73,1008,0.5606,0.7789
red,0.4937,0.7311,fake-red-right-51-9253,8,path,51,14.55,1008,0.4937,0.7311
red,0.5228,0.741,fake-red-right-51-9253,9,path,51,16.36,1008,0.5228,0.741
red,0.407,0.6639,fake-red-right-51-9253,10,path,51,18.18,1008,0.407,0.6639
red,0.4275,0.6685,fake-red-right-51-9253,11,path,51,20.0,1008,0.4275,0.6685
red,0.6422,0.7853,fake-red-right-51-9253,0,shot,51,7.27,1008,0.6422,0.7853
red,0.4937,0.7311,fake-red-right-51-9253,1,shot,51,14.55,1008,0.4937,0.7311
red,0.735,0.697,fake-red-right-51-3822,0,path,51,0.0,1022,0.735,0.697
red,0.682,0.7012,fake-red-right-51-3822,1,path,51,1.82,1022,0.682,0.7012
red,0.6322,0.7073,fake-red-right-51-3822,2,path,51,3.64,1022,0.6322,0.7073
red,0.6196,0.7357,fake-red-right-51-3822,3,path,51,5.45,1022,0.6196,0.7357
red,0.571,0.7426,fake-red-right-51-3822,4,path,51,7.27,1022,0.571,0.7426
red,0.6093,0.8016,fake-red-right-51-3822,5,path,51,9.09,1022,0.6093,0.8016
red,0.5731,0.794,fake-red-right-51-3822,6,path,51,10.91,1022,0.5731,0.794
red,0.5357,0.764,fake-red-right-51-3822,7,path,51,12.73,1022,0.5357,0.764
red,0.503,0.7367,fake-red-right-51-3822,8,path,51,14.55,1022,0.503,0.7367
red,0.4853,0.7185,fake-red-right-51-3822,9,path,51,16.36,1022,0.4853,0.7185
red,0.4535,0.6917,fake-red-right-51-3822,10,path,51,18.18,1022,0.4535,0.6917
red,0.4554,0.6852,fake-red-right-51-3822,11,path,51,20.0,1022,0.4554,0.6852
red,0.571,0.7426,fake-red-right-51-3822,0,shot,51,7.27,1022,0.571,0.7426
red,0.503,0.7367,fake-red-right-51-3822,1,shot,51,14.55,1022,0.503,0.7367
red,0.7074,0.6805,fake-red-right-51-3263,0,path,51,0.0,1018,0.7074,0.6805
red,0.6433,0.678,fake-red-right-51-3263,1,path,51,1.82,1018,0.6433,0.678
red,0.6184,0.699,fake-red-right-51-3263,2,path,51,3.64,1018,0.6184,0.699
red,0.6499,0.7539,fake-red-right-51-3263,3,path,51,5.45,1018,0.6499,0.7539
red,0.551,0.7306,fake-red-right-51-3263,4,path,51,7.27,1018,0.551,0.7306
red,0.5864,0.7878,fake-red-right-51-3263,5,path,51,9.09,1018,0.5864,0.7878
red,0.5843,0.8007,fake-red-right-51-3263,6,path,51,10.91,1018,0.5843,0.8007
red,0.5219,0.7557,fake-red-right-51-3263,7,path,51,12.73,1018,0.5219,0.7557
red,0.5198,0.7468,fake-red-right-51-3263,8,path,51,14.55,1018,0.5198,0.7468
red,0.4976,0.7258,fake-red-right-51-3263,9,path,51,16.36,1018,0.4976,0.7258
red,0.4826,0.7092,fake-red-right-51-3263,10,path,51,18.18,1018,0.4826,0.7092
red,0.4412,0.6767,fake-red-right-51-3263,11,path,51,20.0,1018,0.4412,0.6767
red,0.551,0.7306,fake-red-right-51-3263,0,shot,51,7.27,1018,0.551,0.7306
red,0.5198,0.7468,fake-red-right-51-3263,1,shot,51,14.55,1018,0.5198,0.7468
blue,0.6682,0.3251,fake-blue-left-51-2862,0,path,51,0.0,1000,0.3318,0.3251
blue,0.6387,0.3504,fake-blue-left-51-2862,1,path,51,1.82,1000,0.3613,0.3504
blue,0.5827,0.3917,fake-blue-left-51-2862,2,path,51,3.64,1000,0.4173,0.3917
blue,0.6364000000000001,0.3671,fake-blue-left-51-2862,3,path,51,5.45,1000,0.3636,0.3671
blue,0.5691999999999999,0.415,fake-blue-left-51-2862,4,path,51,7.27,1000,0.4308,0.415
blue,0.5916,0.4092,fake-blue-left-51-2862,5,path,51,9.09,1000,0.4084,0.4092
blue,0.5207999999999999,0.4375,fake-blue-left-51-2862,6,path,51,10.91,1000,0.4792,0.4375
blue,0.5416000000000001,0.389,fake-blue-left-51-2862,7,path,51,12.73,1000,0.4584,0.389
blue,0.4424,0.4126,fake-blue-left-51-2862,8,path,51,14.55,1000,0.5576,0.4126
blue,0.42600000000000005,0.3864,fake-blue-left-51-2862,9,path,51,16.36,1000,0.574,0.3864
blue,0.3951,0.3689,fake-blue-left-51-2862,10,path,51,18.18,1000,0.6049,0.3689
blue,0.4284,0.313,fake-blue-left-51-2862,11,path,51,20.0,1000,0.5716,0.313
blue,0.5691999999999999,0.415,fake-blue-left-51-2862,0,shot,51,7.27,1000,0.4308,0.415
blue,0.4424,0.4126,fake-blue-left-51-2862,1,shot,51,14.55,1000,0.5576,0.4126
blue,0.6884,0.4829,fake-blue-center-51-9763,0,path,51,0.0,1020,0.3116,0.4829
blue,0.6329,0.5239,fake-blue-center-51-9763,1,path,51,1.82,1020,0.3671,0.5239
blue,0.5860000000000001,0.5597,fake-blue-center-51-9763,2,path,51,3.64,1020,0.414,0.5597
blue,0.6258,0.5434,fake-blue-center-51-9763,3,path,51,5.45,1020,0.3742,0.5434
blue,0.5607,0.5901,fake-blue-center-51-9763,4,path,51,7.27,1020,0.4393,0.5901
blue,0.5072,0.6299,fake-blue-center-51-9763,5,path,51,9.09,1020,0.4928,0.6299
blue,0.5344,0.5993,fake-blue-center-51-9763,6,path,51,10.91,1020,0.4656,0.5993
blue,0.5012,0.5833,fake-blue-center-51-9763,7,path,51,12.73,1020,0.4988,0.5833
blue,0.4317,0.589,fake-blue-center-51-9763,8,path,51,14.55,1020,0.5683,0.589
blue,0.48819999999999997,0.5191,fake-blue-center-51-9763,9,path,51,16.36,1020,0.5118,0.5191
blue,0.4094,0.5304,fake-blue-center-51-9763,10,path,51,18.18,1020,0.5906,0.5304
blue,0.4464,0.4722,fake-blue-center-51-9763,11,path,51,20.0,1020,0.5536,0.4722
blue,0.5607,0.5901,fake-blue-center-51-9763,0,shot,51,7.27,1020,0.4393,0.5901
blue,0.4317,0.589,fake-blue-center-51-9763,1,shot,51,14.55,1020,0.5683,0.589
blue,0.6513,0.5052,fake-blue-center-51-9496,0,path,51,0.0,1024,0.3487,0.5052
blue,0.6678999999999999,0.5029,fake-blue-center-51-9496,1,path,51,1.82,1024,0.3321,0.5029
blue,0.5886,0.5581,fake-blue-center-51-9496,2,path,51,3.64,1024,0.4114,0.5581
blue,0.6006,0.5585,fake-blue-center-51-9496,3,path,51,5.45,1024,0.3994,0.5585
blue,0.5422,0.6012,fake-blue-center-51-9496,4,path,51,7.27,1024,0.4578,0.6012
blue,0.552,0.603,fake-blue-center-51-9496,5,path,51,9.09,1024,0.448,0.603
blue,0.5126,0.6124,fake-blue-center-51-9496,6,path,51,10.91,1024,0.4874,0.6124
blue,0.4838,0.5937,fake-blue-center-51-9496,7,path,51,12.73,1024,0.5162,0.5937
blue,0.5146999999999999,0.5392,fake-blue-center-51-9496,8,path,51,14.55,1024,0.4853,0.5392
blue,0.46840000000000004,0.531,fake-blue-center-51-9496,9,path,51,16.36,1024,0.5316,0.531
blue,0.45930000000000004,0.5004,fake-blue-center-51-9496,10,path,51,18.18,1024,0.5407,0.5004
blue,0.37670000000000003,0.514,fake-blue-center-51-9496,11,path,51,20.0,1024,0.6233,0.514
blue,0.5422,0.6012,fake-blue-center-51-9496,0,shot,51,7.27,1024,0.4578,0.6012
blue,0.5146999999999999,0.5392,fake-blue-center-51-9496,1,shot,51,14.55,1024,0.4853,0.5392
red,0.6809,0.6646,fake-red-right-52-6480,0,path,52,0.0,1033,0.6809,0.6646
red,0.6856,0.7033,fake-red-right-52-6480,1,path,52,1.82,1033,0.6856,0.7033
red,0.6264,0.7038,fake-red-right-52-6480,2,path,52,3.64,1033,0.6264,0.7038
red,0.6247,0.7388,fake-red-right-52-6480,3,path,52,5.45,1033,0.6247,0.7388
red,0.6004,0.7603,fake-red-right-52-6480,4,path,52,7.27,1033,0.6004,0.7603
red,0.5988,0.7953,fake-red-right-52-6480,5,path,52,9.09,1033,0.5988,0.7953
red,0.573,0.794,fake-red-right-52-6480,6,path,52,10.91,1033,0.573,0.794
red,0.5561,0.7762,fake-red-right-52-6480,7,path,52,12.73,1033,0.5561,0.7762
red,0.4722,0.7182,fake-red-right-52-6480,8,path,52,14.55,1033,0.4722,0.7182
red,0.5205,0.7396,fake-red-right-52-6480,9,path,52,16.36,1033,0.5205,0.7396
red,0.4157,0.6691,fake-red-right-52-6480,10,path,52,18.18,1033,0.4157,0.6691
red,0.4588,0.6873,fake-red-right-52-6480,11,path,52,20.0,1033,0.4588,0.6873
red,0.6004,0.7603,fake-red-right-52-6480,0,shot,52,7.27,1033,0.6004,0.7603
red,0.4722,0.7182,fake-red-right-52-6480,1,shot,52,14.55,1033,0.4722,0.7182
red,0.6701,0.4881,fake-red-center-52-5167,0,path,52,0.0,1035,0.6701,0.4881
red,0.6514,0.5128,fake-red-center-52-5167,1,path,52,1.82,1035,0.6514,0.5128
red,0.6926,0.5736,fake-red-center-52-5167,2,path,52,3.64,1035,0.6926,0.5736
red,0.5828,0.5437,fake-red-center-52-5167,3,path,52,5.45,1035,0.5828,0.5437
red,0.6411,0.6147,fake-red-center-52-5167,4,path,52,7.27,1035,0.6411,0.6147
red,0.6094,0.6316,fake-red-center-52-5167,5,path,52,9.09,1035,0.6094,0.6316
red,0.5782,0.6271,fake-red-center-52-5167,6,path,52,10.91,1035,0.5782,0.6271
red,0.4846,0.5633,fake-red-center-52-5167,7,path,52,12.73,1035,0.4846,0.5633
red,0.5213,0.5777,fake-red-center-52-5167,8,path,52,14.55,1035,0.5213,0.5777
red,0.4972,0.5556,fake-red-center-52-5167,9,path,52,16.36,1035,0.4972,0.5556
red,0.4787,0.5368,fake-red-center-52-5167,10,path,52,18.18,1035,0.4787,0.5368
red,0.4027,0.4836,fake-red-center-52-5167,11,path,52,20.0,1035,0.4027,0.4836
red,0.6411,0.6147,fake-red-center-52-5167,0,shot,52,7.27,1035,0.6411,0.6147
red,0.5213,0.5777,fake-red-center-52-5167,1,shot,52,14.55,1035,0.5213,0.5777
red,0.7258,0.5215,fake-red-center-52-5459,0,path,52,0.0,1006,0.7258,0.5215
red,0.6246,0.4968,fake-red-center-52-5459,1,path,52,1.82,1006,0.6246,0.4968
red,0.6834,0.568,fake-red-center-52-5459,2,path,52,3.64,1006,0.6834,0.568
red,0.5883,0.547,fake-red-center-52-5459,3,path,52,5.45,1006,0.5883,0.547
red,0.6125,0.5975,fake-red-center-52-5459,4,path,52,7.27,1006,0.6125,0.5975
red,0.5645,0.6047,fake-red-center-52-5459,5,path,52,9.09,1006,0.5645,0.6047
red,0.5925,0.6357,fake-red-center-52-5459,6,path,52,10.91,1006,0.5925,0.6357
red,0.4994,0.5722,fake-red-center-52-5459,7,path,52,12.73,1006,0.4994,0.5722
red,0.5281,0.5818,fake-red-center-52-5459,8,path,52,14.55,1006,0.5281,0.5818
red,0.4583,0.5323,fake-red-center-52-5459,9,path,52,16.36,1006,0.4583,0.5323
red,0.4736,0.5338,fake-red-center-52-5459,10,path,52,18.18,1006,0.4736,0.5338
red,0.4277,0.4986,fake-red-center-52-5459,11,path,52,20.0,1006,0.4277,0.4986
red,0.6125,0.5975,fake-red-center-52-5459,0,shot,52,7.27,1006,0.6125,0.5975
red,0.5281,0.5818,fake-red-center-52-5459,1,shot,52,14.55,1006,0.5281,0.5818
blue,0.6322,0.6867,fake-blue-right-52-7158,0,path,52,0.0,1028,0.3678,0.6867
blue,0.6395,0.6899,fake-blue-right-52-7158,1,path,52,1.82,1028,0.3605,0.6899
blue,0.6177,0.7107,fake-blue-right-52-7158,2,path,52,3.64,1028,0.3823,0.7107
blue,0.5811999999999999,0.7402,fake-blue-right-52-7158,3,path,52,5.45,1028,0.4188,0.7402
blue,0.5273,0.7802,fake-blue-right-52-7158,4,path,52,7.27,1028,0.4727,0.7802
blue,0.5780000000000001,0.7574,fake-blue-right-52-7158,5,path,52,9.09,1028,0.422,0.7574
blue,0.5556,0.7567,fake-blue-right-52-7158,6,path,52,10.91,1028,0.4444,0.7567
blue,0.5072,0.7497,fake-blue-right-52-7158,7,path,52,12.73,1028,0.4928,0.7497
blue,0.4758,0.7325,fake-blue-right-52-7158,8,path,52,14.55,1028,0.5242,0.7325
blue,0.43889999999999996,0.7186,fake-blue-right-52-7158,9,path,52,16.36,1028,0.5611,0.7186
blue,0.40149999999999997,0.7051,fake-blue-right-52-7158,10,path,52,18.18,1028,0.5985,0.7051
blue,0.4437,0.6438,fake-blue-right-52-7158,11,path,52,20.0,1028,0.5563,0.6438
blue,0.5273,0.7802,fake-blue-right-52-7158,0,shot,52,7.27,1028,0.4727,0.7802
blue,0.4758,0.7325,fake-blue-right-52-7158,1,shot,52,14.55,1028,0.5242,0.7325
blue,0.6648000000000001,0.3271,fake-blue-left-52-6501,0,path,52,0.0,1019,0.3352,0.3271
blue,0.6332,0.3537,fake-blue-left-52-6501,1,path,52,1.82,1019,0.3668,0.3537
blue,0.6557,0.3478,fake-blue-left-52-6501,2,path,52,3.64,1019,0.3443,0.3478
blue,0.6142000000000001,0.3804,fake-blue-left-52-6501,3,path,52,5.45,1019,0.3858,0.3804
blue,0.5654,0.4173,fake-blue-left-52-6501,4,path,52,7.27,1019,0.4346,0.4173
blue,0.5275000000000001,0.4477,fake-blue-left-52-6501,5,path,52,9.09,1019,0.4725,0.4477
blue,0.5033000000000001,0.448,fake-blue-left-52-6501,6,path,52,10.91,1019,0.4967,0.448
blue,0.4767,0.428,fake-blue-left-52-6501,7,path,52,12.73,1019,0.5233,0.428
blue,0.4928,0.3823,fake-blue-left-52-6501,8,path,52,14.55,1019,0.5072,0.3823
blue,0.44989999999999997,0.3721,fake-blue-left-52-6501,9,path,52,16.36,1019,0.5501,0.3721
blue,0.392,0.3708,fake-blue-left-52-6501,10,path,52,18.18,1019,0.608,0.3708
blue,0.398,0.3312,fake-blue-left-52-6501,11,path,52,20.0,1019,0.602,0.3312
blue,0.5654,0.4173,fake-blue-left-52-6501,0,shot,52,7.27,1019,0.4346,0.4173
blue,0.4928,0.3823,fake-blue-left-52-6501,1,shot,52,14.55,1019,0.5072,0.3823
blue,0.6891,0.6525,fake-blue-right-52-9932,0,path,52,0.0,1021,0.3109,0.6525
blue,0.5976,0.7151,fake-blue-right-52-9932,1,path,52,1.82,1021,0.4024,0.7151
blue,0.6189,0.7099,fake-blue-right-52-9932,2,path,52,3.64,1021,0.3811,0.7099
blue,0.5966,0.7309,fake-blue-right-52-9932,3,path,52,5.45,1021,0.4034,0.7309
blue,0.5324,0.7771,fake-blue-right-52-9932,4,path,52,7.27,1021,0.4676,0.7771
blue,0.5712999999999999,0.7614,fake-blue-right-52-9932,5,path,52,9.09,1021,0.4287,0.7614
blue,0.528,0.7732,fake-blue-right-52-9932,6,path,52,10.91,1021,0.472,0.7732
blue,0.5371,0.7317,fake-blue-right-52-9932,7,path,52,12.73,1021,0.4629,0.7317
blue,0.5033000000000001,0.716,fake-blue-right-52-9932,8,path,52,14.55,1021,0.4967,0.716
blue,0.40859999999999996,0.7368,fake-blue-right-52-9932,9,path,52,16.36,1021,0.5914,0.7368
blue,0.404,0.7036,fake-blue-right-52-9932,10,path,52,18.18,1021,0.596,0.7036
blue,0.35350000000000004,0.6979,fake-blue-right-52-9932,11,path,52,20.0,1021,0.6465,0.6979
blue,0.5324,0.7771,fake-blue-right-52-9932,0,shot,52,7.27,1021,0.4676,0.7771
blue,0.5033000000000001,0.716,fake-blue-right-52-9932,1,shot,52,14.55,1021,0.4967,0.716
red,0.6564,0.4799,fake-red-center-53-6363,0,path,53,0.0,1017,0.6564,0.4799
red,0.6275,0.4985,fake-red-center-53-6363,1,path,53,1.82,1017,0.6275,0.4985
red,0.6007,0.5184,fake-red-center-53-6363,2,path,53,3.64,1017,0.6007,0.5184
red,0.5905,0.5483,fake-red-center-53-6363,3,path,53,5.45,1017,0.5905,0.5483
red,0.6275,0.6065,fake-red-center-53-6363,4,path,53,7.27,1017,0.6275,0.6065
red,0.5284,0.583,fake-red-center-53-6363,5,path,53,9.09,1017,0.5284,0.583
red,0.4985,0.5793,fake-red-center-53-6363,6,path,53,10.91,1017,0.4985,0.5793
red,0.5212,0.5853,fake-red-center-53-6363,7,path,53,12.73,1017,0.5212,0.5853
red,0.5297,0.5827,fake-red-center-53-6363,8,path,53,14.55,1017,0.5297,0.5827
red,0.4643,0.5358,fake-red-center-53-6363,9,path,53,16.36,1017,0.4643,0.5358
red,0.4851,0.5407,fake-red-center-53-6363,10,path,53,18.18,1017,0.4851,0.5407
red,0.4023,0.4834,fake-red-center-53-6363,11,path,53,20.0,1017,0.4023,0.4834
red,0.6275,0.6065,fake-red-center-53-6363,0,shot,53,7.27,1017,0.6275,0.6065
red,0.5297,0.5827,fake-red-center-53-6363,1,shot,53,14.55,1017,0.5297,0.5827
red,0.7001,0.6761,fake-red-right-53-6438,0,path,53,0.0,1030,0.7001,0.6761
red,0.7138,0.7203,fake-red-right-53-6438,1,path,53,1.82,1030,0.7138,0.7203
red,0.651,0.7186,fake-red-right-53-6438,2,path,53,3.64,1030,0.651,0.7186
red,0.6288,0.7413,fake-red-right-53-6438,3,path,53,5.45,1030,0.6288,0.7413
red,0.5894,0.7536,fake-red-right-53-6438,4,path,53,7.27,1030,0.5894,0.7536
red,0.61,0.802,fake-red-right-53-6438,5,path,53,9.09,1030,0.61,0.802
red,0.5322,0.7695,fake-red-right-53-6438,6,path,53,10.91,1030,0.5322,0.7695
red,0.5581,0.7774,fake-red-right-53-6438,7,path,53,12.73,1030,0.5581,0.7774
red,0.4974,0.7334,fake-red-right-53-6438,8,path,53,14.55,1030,0.4974,0.7334
red,0.4801,0.7153,fake-red-right-53-6438,9,path,53,16.36,1030,0.4801,0.7153
red,0.4638,0.6979,fake-red-right-53-6438,10,path,53,18.18,1030,0.4638,0.6979
red,0.3924,0.6474,fake-red-right-53-6438,11,path,53,20.0,1030,0.3924,0.6474
red,0.5894,0.7536,fake-red-right-53-6438,0,shot,53,7.27,1030,0.5894,0.7536
red,0.4974,0.7334,fake-red-right-53-6438,1,shot,53,14.55,1030,0.4974,0.7334
blue,0.6734,0.492,fake-blue-center-53-8888,0,path,53,0.0,1025,0.3266,0.492
blue,0.673,0.4998,fake-blue-center-53-8888,1,path,53,1.82,1025,0.327,0.4998
blue,0.6382,0.5284,fake-blue-center-53-8888,2,path,53,3.64,1025,0.3618,0.5284
blue,0.5662,0.5792,fake-blue-center-53-8888,3,path,53,5.45,1025,0.4338,0.5792
blue,0.5182,0.6156,fake-blue-center-53-8888,4,path,53,7.27,1025,0.4818,0.6156
blue,0.503,0.6324,fake-blue-center-53-8888,5,path,53,9.09,1025,0.497,0.6324
blue,0.5062,0.6163,fake-blue-center-53-8888,6,path,53,10.91,1025,0.4938,0.6163
blue,0.4558,0.6105,fake-blue-center-53-8888,7,path,53,12.73,1025,0.5442,0.6105
blue,0.48629999999999995,0.5562,fake-blue-center-53-8888,8,path,53,14.55,1025,0.5137,0.5562
blue,0.46699999999999997,0.5318,fake-blue-center-53-8888,9,path,53,16.36,1025,0.533,0.5318
blue,0.4183,0.525,fake-blue-center-53-8888,10,path,53,18.18,1025,0.5817,0.525
blue,0.3891,0.5065,fake-blue-center-53-8888,11,path,53,20.0,1025,0.6109,0.5065
blue,0.5182,0.6156,fake-blue-center-53-8888,0,shot,53,7.27,1025,0.4818,0.6156
blue,0.48629999999999995,0.5562,fake-blue-center-53-8888,1,shot,53,14.55,1025,0.5137,0.5562
blue,0.6134,0.358,fake-blue-left-53-1416,0,path,53,0.0,1013,0.3866,0.358
blue,0.6603,0.3374,fake-blue-left-53-1416,1,path,53,1.82,1013,0.3397,0.3374
blue,0.5840000000000001,0.3909,fake-blue-left-53-1416,2,path,53,3.64,1013,0.416,0.3909
blue,0.6289,0.3716,fake-blue-left-53-1416,3,path,53,5.45,1013,0.3711,0.3716
blue,0.5760000000000001,0.411,fake-blue-left-53-1416,4,path,53,7.27,1013,0.424,0.411
blue,0.5064,0.4603,fake-blue-left-53-1416,5,path,53,9.09,1013,0.4936,0.4603
blue,0.4901,0.4559,fake-blue-left-53-1416,6,path,53,10.91,1013,0.5099,0.4559
blue,0.5151,0.4049,fake-blue-left-53-1416,7,path,53,12.73,1013,0.4849,0.4049
blue,0.4554,0.4048,fake-blue-left-53-1416,8,path,53,14.55,1013,0.5446,0.4048
blue,0.40680000000000005,0.3979,fake-blue-left-53-1416,9,path,53,16.36,1013,0.5932,0.3979
blue,0.44710000000000005,0.3378,fake-blue-left-53-1416,10,path,53,18.18,1013,0.5529,0.3378
blue,0.4438,0.3037,fake-blue-left-53-1416,11,path,53,20.0,1013,0.5562,0.3037
blue,0.5760000000000001,0.411,fake-blue-left-53-1416,0,shot,53,7.27,1013,0.424,0.411
blue,0.4554,0.4048,fake-blue-left-53-1416,1,shot,53,14.55,1013,0.5446,0.4048
blue,0.6869000000000001,0.4839,fake-blue-center-53-8850,0,path,53,0.0,1020,0.3131,0.4839
blue,0.6834,0.4936,fake-blue-center-53-8850,1,path,53,1.82,1020,0.3166,0.4936
blue,0.6477999999999999,0.5226,fake-blue-center-53-8850,2,path,53,3.64,1020,0.3522,0.5226
blue,0.5408,0.5944,fake-blue-center-53-8850,3,path,53,5.45,1020,0.4592,0.5944
blue,0.5272,0.6102,fake-blue-center-53-8850,4,path,53,7.27,1020,0.4728,0.6102
blue,0.5064,0.6303,fake-blue-center-53-8850,5,path,53,9.09,1020,0.4936,0.6303
blue,0.526,0.6044,fake-blue-center-53-8850,6,path,53,10.91,1020,0.474,0.6044
blue,0.5048,0.5811,fake-blue-center-53-8850,7,path,53,12.73,1020,0.4952,0.5811
blue,0.44010000000000005,0.5839,fake-blue-center-53-8850,8,path,53,14.55,1020,0.5599,0.5839
blue,0.42300000000000004,0.5582,fake-blue-center-53-8850,9,path,53,16.36,1020,0.577,0.5582
blue,0.4647,0.4972,fake-blue-center-53-8850,10,path,53,18.18,1020,0.5353,0.4972
blue,0.4334,0.48,fake-blue-center-53-8850,11,path,53,20.0,1020,0.5666,0.48
blue,0.5272,0.6102,fake-blue-center-53-8850,0,shot,53,7.27,1020,0.4728,0.6102
blue,0.44010000000000005,0.5839,fake-blue-center-53-8850,1,shot,53,14.55,1020,0.5599,0.5839
red,0.7208,0.5185,fake-red-center-54-7232,0,path,54,0.0,1002,0.7208,0.5185
red,0.6731,0.5258,fake-red-center-54-7232,1,path,54,1.82,1002,0.6731,0.5258
red,0.6673,0.5584,fake-red-center-54-7232,2,path,54,3.64,1002,0.6673,0.5584
red,0.608,0.5588,fake-red-center-54-7232,3,path,54,5.45,1002,0.608,0.5588
red,0.5628,0.5677,fake-red-center-54-7232,4,path,54,7.27,1002,0.5628,0.5677
red,0.581,0.6146,fake-red-center-54-7232,5,path,54,9.09,1002,0.581,0.6146
red,0.5332,0.6001,fake-red-center-54-7232,6,path,54,10.91,1002,0.5332,0.6001
red,0.5633,0.6105,fake-red-center-54-7232,7,path,54,12.73,1002,0.5633,0.6105
red,0.469,0.5463,fake-red-center-54-7232,8,path,54,14.55,1002,0.469,0.5463
red,0.4693,0.5389,fake-red-center-54-7232,9,path,54,16.36,1002,0.4693,0.5389
red,0.4732,0.5335,fake-red-center-54-7232,10,path,54,18.18,1002,0.4732,0.5335
red,0.3962,0.4797,fake-red-center-54-7232,11,path,54,20.0,1002,0.3962,0.4797
red,0.5628,0.5677,fake-red-center-54-7232,0,shot,54,7.27,1002,0.5628,0.5677
red,0.469,0.5463,fake-red-center-54-7232,1,shot,54,14.55,1002,0.469,0.5463
red,0.7122,0.6833,fake-red-right-54-7075,0,path,54,0.0,1020,0.7122,0.6833
red,0.6917,0.707,fake-red-right-54-7075,1,path,54,1.82,1020,0.6917,0.707
red,0.6274,0.7044,fake-red-right-54-7075,2,path,54,3.64,1020,0.6274,0.7044
red,0.5857,0.7154,fake-red-right-54-7075,3,path,54,5.45,1020,0.5857,0.7154
red,0.5478,0.7287,fake-red-right-54-7075,4,path,54,7.27,1020,0.5478,0.7287
red,0.5734,0.7801,fake-red-right-54-7075,5,path,54,9.09,1020,0.5734,0.7801
red,0.5488,0.7795,fake-red-right-54-7075,6,path,54,10.91,1020,0.5488,0.7795
red,0.5351,0.7636,fake-red-right-54-7075,7,path,54,12.73,1020,0.5351,0.7636
red,0.4718,0.718,fake-red-right-54-7075,8,path,54,14.55,1020,0.4718,0.718
red,0.4357,0.6887,fake-red-right-54-7075,9,path,54,16.36,1020,0.4357,0.6887
red,0.4615,0.6965,fake-red-right-54-7075,10,path,54,18.18,1020,0.4615,0.6965
red,0.4361,0.6736,fake-red-right-54-7075,11,path,54,20.0,1020,0.4361,0.6736
red,0.5478,0.7287,fake-red-right-54-7075,0,shot,54,7.27,1020,0.5478,0.7287
red,0.4718,0.718,fake-red-right-54-7075,1,shot,54,14.55,1020,0.4718,0.718
red,0.7173,0.5164,fake-red-center-54-7860,0,path,54,0.0,1034,0.7173,0.5164
red,0.6829,0.5317,fake-red-center-54-7860,1,path,54,1.82,1034,0.6829,0.5317
red,0.642,0.5432,fake-red-center-54-7860,2,path,54,3.64,1034,0.642,0.5432
red,0.594,0.5504,fake-red-center-54-7860,3,path,54,5.45,1034,0.594,0.5504
red,0.5828,0.5797,fake-red-center-54-7860,4,path,54,7.27,1034,0.5828,0.5797
red,0.5962,0.6237,fake-red-center-54-7860,5,path,54,9.09,1034,0.5962,0.6237
red,0.5762,0.6259,fake-red-center-54-7860,6,path,54,10.91,1034,0.5762,0.6259
red,0.5641,0.611,fake-red-center-54-7860,7,path,54,12.73,1034,0.5641,0.611
red,0.4769,0.5511,fake-red-center-54-7860,8,path,54,14.55,1034,0.4769,0.5511
red,0.4641,0.5358,fake-red-center-54-7860,9,path,54,16.36,1034,0.4641,0.5358
red,0.4803,0.5378,fake-red-center-54-7860,10,path,54,18.18,1034,0.4803,0.5378
red,0.4125,0.4895,fake-red-center-54-7860,11,path,54,20.0,1034,0.4125,0.4895
red,0.5828,0.5797,fake-red-center-54-7860,0,shot,54,7.27,1034,0.5828,0.5797
red,0.4769,0.5511,fake-red-center-54-7860,1,shot,54,14.55,1034,0.4769,0.5511
blue,0.6395,0.5123,fake-blue-center-54-6483,0,path,54,0.0,1003,0.3605,0.5123
blue,0.637,0.5215,fake-blue-center-54-6483,1,path,54,1.82,1003,0.363,0.5215
blue,0.6474,0.5229,fake-blue-center-54-6483,2,path,54,3.64,1003,0.3526,0.5229
blue,0.6346,0.5381,fake-blue-center-54-6483,3,path,54,5.45,1003,0.3654,0.5381
blue,0.589,0.5731,fake-blue-center-54-6483,4,path,54,7.27,1003,0.411,0.5731
blue,0.5087999999999999,0.6289,fake-blue-center-54-6483,5,path,54,9.09,1003,0.4912,0.6289
blue,0.5345,0.5993,fake-blue-center-54-6483,6,path,54,10.91,1003,0.4655,0.5993
blue,0.5036,0.5818,fake-blue-center-54-6483,7,path,54,12.73,1003,0.4964,0.5818
blue,0.4265,0.5921,fake-blue-center-54-6483,8,path,54,14.55,1003,0.5735,0.5921
blue,0.47250000000000003,0.5285,fake-blue-center-54-6483,9,path,54,16.36,1003,0.5275,0.5285
blue,0.39849999999999997,0.5369,fake-blue-center-54-6483,10,path,54,18.18,1003,0.6015,0.5369
blue,0.3667,0.52,fake-blue-center-54-6483,11,path,54,20.0,1003,0.6333,0.52
blue,0.589,0.5731,fake-blue-center-54-6483,0,shot,54,7.27,1003,0.411,0.5731
blue,0.4265,0.5921,fake-blue-center-54-6483,1,shot,54,14.55,1003,0.5735,0.5921
blue,0.7073,0.6416,fake-blue-right-54-6431,0,path,54,0.0,1019,0.2927,0.6416
blue,0.5887,0.7204,fake-blue-right-54-6431,1,path,54,1.82,1019,0.4113,0.7204
blue,0.5684,0.7402,fake-blue-right-54-6431,2,path,54,3.64,1019,0.4316,0.7402
blue,0.634,0.7085,fake-blue-right-54-6431,3,path,54,5.45,1019,0.366,0.7085
blue,0.6057,0.7331,fake-blue-right-54-6431,4,path,54,7.27,1019,0.3943,0.7331
blue,0.5369999999999999,0.782,fake-blue-right-54-6431,5,path,54,9.09,1019,0.463,0.782
blue,0.5219,0.7769,fake-blue-right-54-6431,6,path,54,10.91,1019,0.4781,0.7769
blue,0.44520000000000004,0.7869,fake-blue-right-54-6431,7,path,54,12.73,1019,0.5548,0.7869
blue,0.44789999999999996,0.7493,fake-blue-right-54-6431,8,path,54,14.55,1019,0.5521,0.7493
blue,0.49539999999999995,0.6848,fake-blue-right-54-6431,9,path,54,16.36,1019,0.5046,0.6848
blue,0.3961,0.7084,fake-blue-right-54-6431,10,path,54,18.18,1019,0.6039,0.7084
blue,0.4445,0.6433,fake-blue-right-54-6431,11,path,54,20.0,1019,0.5555,0.6433
blue,0.6057,0.7331,fake-blue-right-54-6431,0,shot,54,7.27,1019,0.3943,0.7331
blue,0.44789999999999996,0.7493,fake-blue-right-54-6431,1,shot,54,14.55,1019,0.5521,0.7493
red,0.7045,0.3387,fake-red-left-55-8638,0,path,55,0.0,1013,0.7045,0.3387
red,0.7037,0.3742,fake-red-left-55-8638,1,path,55,1.82,1013,0.7037,0.3742
red,0.6149,0.3569,fake-red-left-55-8638,2,path,55,3.64,1013,0.6149,0.3569
red,0.6587,0.4192,fake-red-left-55-8638,3,path,55,5.45,1013,0.6587,0.4192
red,0.5685,0.4011,fake-red-left-55-8638,4,path,55,7.27,1013,0.5685,0.4011
red,0.5764,0.4419,fake-red-left-55-8638,5,path,55,9.09,1013,0.5764,0.4419
red,0.5948,0.467,fake-red-left-55-8638,6,path,55,10.91,1013,0.5948,0.467
red,0.4984,0.4016,fake-red-left-55-8638,7,path,55,12.73,1013,0.4984,0.4016
red,0.4599,0.3708,fake-red-left-55-8638,8,path,55,14.55,1013,0.4599,0.3708
red,0.5209,0.3998,fake-red-left-55-8638,9,path,55,16.36,1013,0.5209,0.3998
red,0.4063,0.3234,fake-red-left-55-8638,10,path,55,18.18,1013,0.4063,0.3234
red,0.3943,0.3086,fake-red-left-55-8638,11,path,55,20.0,1013,0.3943,0.3086
red,0.5685,0.4011,fake-red-left-55-8638,0,shot,55,7.27,1013,0.5685,0.4011
red,0.4599,0.3708,fake-red-left-55-8638,1,shot,55,14.55,1013,0.4599,0.3708
red,0.6606,0.3123,fake-red-left-55-2123,0,path,55,0.0,1014,0.6606,0.3123
red,0.672,0.3552,fake-red-left-55-2123,1,path,55,1.82,1014,0.672,0.3552
red,0.6796,0.3957,fake-red-left-55-2123,2,path,55,3.64,1014,0.6796,0.3957
red,0.6577,0.4186,fake-red-left-55-2123,3,path,55,5.45,1014,0.6577,0.4186
red,0.6047,0.4228,fake-red-left-55-2123,4,path,55,7.27,1014,0.6047,0.4228
red,0.5266,0.412,fake-red-left-55-2123,5,path,55,9.09,1014,0.5266,0.412
red,0.5453,0.4374,fake-red-left-55-2123,6,path,55,10.91,1014,0.5453,0.4374
red,0.5537,0.4347,fake-red-left-55-2123,7,path,55,12.73,1014,0.5537,0.4347
red,0.4527,0.3665,fake-red-left-55-2123,8,path,55,14.55,1014,0.4527,0.3665
red,0.505,0.3903,fake-red-left-55-2123,9,path,55,16.36,1014,0.505,0.3903
red,0.4857,0.3711,fake-red-left-55-2123,10,path,55,18.18,1014,0.4857,0.3711
red,0.4697,0.3538,fake-red-left-55-2123,11,path,55,20.0,1014,0.4697,0.3538
red,0.6047,0.4228,fake-red-left-55-2123,0,shot,55,7.27,1014,0.6047,0.4228
red,0.4527,0.3665,fake-red-left-55-2123,1,shot,55,14.55,1014,0.4527,0.3665
red,0.6611,0.6527,fake-red-right-55-8722,0,path,55,0.0,1028,0.6611,0.6527
red,0.7056,0.7153,fake-red-right-55-8722,1,path,55,1.82,1028,0.7056,0.7153
red,0.6775,0.7345,fake-red-right-55-8722,2,path,55,3.64,1028,0.6775,0.7345
red,0.6434,0.75,fake-red-right-55-8722,3,path,55,5.45,1028,0.6434,0.75
red,0.5975,0.7585,fake-red-right-55-8722,4,path,55,7.27,1028,0.5975,0.7585
red,0.5851,0.7871,fake-red-right-55-8722,5,path,55,9.09,1028,0.5851,0.7871
red,0.5743,0.7948,fake-red-right-55-8722,6,path,55,10.91,1028,0.5743,0.7948
red,0.4866,0.7345,fake-red-right-55-8722,7,path,55,12.73,1028,0.4866,0.7345
red,0.509,0.7403,fake-red-right-55-8722,8,path,55,14.55,1028,0.509,0.7403
red,0.5271,0.7436,fake-red-right-55-8722,9,path,55,16.36,1028,0.5271,0.7436
red,0.4046,0.6624,fake-red-right-55-8722,10,path,55,18.18,1028,0.4046,0.6624
red,0.4732,0.6959,fake-red-right-55-8722,11,path,55,20.0,1028,0.4732,0.6959
red,0.5975,0.7585,fake-red-right-55-8722,0,shot,55,7.27,1028,0.5975,0.7585
red,0.509,0.7403,fake-red-right-55-8722,1,shot,55,14.55,1028,0.509,0.7403
blue,0.6535,0.5039,fake-blue-center-55-3929,0,path,55,0.0,1015,0.3465,0.5039
blue,0.6069,0.5395,fake-blue-center-55-3929,1,path,55,1.82,1015,0.3931,0.5395
blue,0.6279,0.5345,fake-blue-center-55-3929,2,path,55,3.64,1015,0.3721,0.5345
blue,0.5840000000000001,0.5685,fake-blue-center-55-3929,3,path,55,5.45,1015,0.416,0.5685
blue,0.5505,0.5962,fake-blue-center-55-3929,4,path,55,7.27,1015,0.4495,0.5962
blue,0.4958,0.6367,fake-blue-center-55-3929,5,path,55,9.09,1015,0.5042,0.6367
blue,0.5144,0.6113,fake-blue-center-55-3929,6,path,55,10.91,1015,0.4856,0.6113
blue,0.5302,0.5659,fake-blue-center-55-3929,7,path,55,12.73,1015,0.4698,0.5659
blue,0.4384,0.585,fake-blue-center-55-3929,8,path,55,14.55,1015,0.5616,0.585
blue,0.4817,0.523,fake-blue-center-55-3929,9,path,55,16.36,1015,0.5183,0.523
blue,0.41090000000000004,0.5295,fake-blue-center-55-3929,10,path,55,18.18,1015,0.5891,0.5295
blue,0.41900000000000004,0.4886,fake-blue-center-55-3929,11,path,55,20.0,1015,0.581,0.4886
blue,0.5505,0.5962,fake-blue-center-55-3929,0,shot,55,7.27,1015,0.4495,0.5962
blue,0.4384,0.585,fake-blue-center-55-3929,1,shot,55,14.55,1015,0.5616,0.585
blue,0.7017,0.645,fake-blue-right-55-7330,0,path,55,0.0,1004,0.2983,0.645
blue,0.622,0.7004,fake-blue-right-55-7330,1,path,55,1.82,1004,0.378,0.7004
blue,0.6,0.7213,fake-blue-right-55-7330,2,path,55,3.64,1004,0.4,0.7213
blue,0.6235999999999999,0.7148,fake-blue-right-55-7330,3,path,55,5.45,1004,0.3764,0.7148
blue,0.5869,0.7444,fake-blue-right-55-7330,4,path,55,7.27,1004,0.4131,0.7444
blue,0.5259,0.7886,fake-blue-right-55-7330,5,path,55,9.09,1004,0.4741,0.7886
blue,0.46840000000000004,0.809,fake-blue-right-55-7330,6,path,55,10.91,1004,0.5316,0.809
blue,0.48250000000000004,0.7645,fake-blue-right-55-7330,7,path,55,12.73,1004,0.5175,0.7645
blue,0.4749,0.7331,fake-blue-right-55-7330,8,path,55,14.55,1004,0.5251,0.7331
blue,0.45089999999999997,0.7114,fake-blue-right-55-7330,9,path,55,16.36,1004,0.5491,0.7114
blue,0.38280000000000003,0.7163,fake-blue-right-55-7330,10,path,55,18.18,1004,0.6172,0.7163
blue,0.40569999999999995,0.6666,fake-blue-right-55-7330,11,path,55,20.0,1004,0.5943,0.6666
blue,0.5869,0.7444,fake-blue-right-55-7330,0,shot,55,7.27,1004,0.4131,0.7444
blue,0.4749,0.7331,fake-blue-right-55-7330,1,shot,55,14.55,1004,0.5251,0.7331
blue,0.6585,0.5009,fake-blue-center-55-4936,0,path,55,0.0,1019,0.3415,0.5009
blue,0.6678,0.503,fake-blue-center-55-4936,1,path,55,1.82,1019,0.3322,0.503
blue,0.653,0.5195,fake-blue-center-55-4936,2,path,55,3.64,1019,0.347,0.5195
blue,0.5649,0.58,fake-blue-center-55-4936,3,path,55,5.45,1019,0.4351,0.58
blue,0.5421,0.6013,fake-blue-center-55-4936,4,path,55,7.27,1019,0.4579,0.6013
blue,0.519,0.6228,fake-blue-center-55-4936,5,path,55,9.09,1019,0.481,0.6228
blue,0.5407,0.5956,fake-blue-center-55-4936,6,path,55,10.91,1019,0.4593,0.5956
blue,0.49470000000000003,0.5872,fake-blue-center-55-4936,7,path,55,12.73,1019,0.5053,0.5872
blue,0.46809999999999996,0.5671,fake-blue-center-55-4936,8,path,55,14.55,1019,0.5319,0.5671
blue,0.4708,0.5295,fake-blue-center-55-4936,9,path,55,16.36,1019,0.5292,0.5295
blue,0.38360000000000005,0.5458,fake-blue-center-55-4936,10,path,55,18.18,1019,0.6164,0.5458
blue,0.35660000000000003,0.5261,fake-blue-center-55-4936,11,path,55,20.0,1019,0.6434,0.5261
blue,0.5421,0.6013,fake-blue-center-55-4936,0,shot,55,7.27,1019,0.4579,0.6013
blue,0.46809999999999996,0.5671,fake-blue-center-55-4936,1,shot,55,14.55,1019,0.5319,0.5671
red,0.7019,0.6771,fake-red-right-56-4279,0,path,56,0.0,1002,0.7019,0.6771
red,0.7044,0.7146,fake-red-right-56-4279,1,path,56,1.82,1002,0.7044,0.7146
red,0.6235,0.7021,fake-red-right-56-4279,2,path,56,3.64,1002,0.6235,0.7021
red,0.5798,0.7119,fake-red-right-56-4279,3,path,56,5.45,1002,0.5798,0.7119
red,0.6291,0.7775,fake-red-right-56-4279,4,path,56,7.27,1002,0.6291,0.7775
red,0.5939,0.7923,fake-red-right-56-4279,5,path,56,9.09,1002,0.5939,0.7923
red,0.5848,0.8011,fake-red-right-56-4279,6,path,56,10.91,1002,0.5848,0.8011
red,0.5003,0.7427,fake-red-right-56-4279,7,path,56,12.73,1002,0.5003,0.7427
red,0.5152,0.744,fake-red-right-56-4279,8,path,56,14.55,1002,0.5152,0.744
red,0.4456,0.6946,fake-red-right-56-4279,9,path,56,16.36,1002,0.4456,0.6946
red,0.4477,0.6883,fake-red-right-56-4279,10,path,56,18.18,1002,0.4477,0.6883
red,0.3871,0.6443,fake-red-right-56-4279,11,path,56,20.0,1002,0.3871,0.6443
red,0.6291,0.7775,fake-red-right-56-4279,0,shot,56,7.27,1002,0.6291,0.7775
red,0.5152,0.744,fake-red-right-56-4279,1,shot,56,14.55,1002,0.5152,0.744
red,0.6821,0.6653,fake-red-right-56-8972,0,path,56,0.0,1023,0.6821,0.6653
red,0.6264,0.6679,fake-red-right-56-8972,1,path,56,1.82,1023,0.6264,0.6679
red,0.6021,0.6893,fake-red-right-56-8972,2,path,56,3.64,1023,0.6021,0.6893
red,0.6126,0.7316,fake-red-right-56-8972,3,path,56,5.45,1023,0.6126,0.7316
red,0.6214,0.7729,fake-red-right-56-8972,4,path,56,7.27,1023,0.6214,0.7729
red,0.5291,0.7535,fake-red-right-56-8972,5,path,56,9.09,1023,0.5291,0.7535
red,0.5613,0.787,fake-red-right-56-8972,6,path,56,10.91,1023,0.5613,0.787
red,0.5663,0.7823,fake-red-right-56-8972,7,path,56,12.73,1023,0.5663,0.7823
red,0.4791,0.7223,fake-red-right-56-8972,8,path,56,14.55,1023,0.4791,0.7223
red,0.5069,0.7314,fake-red-right-56-8972,9,path,56,16.36,1023,0.5069,0.7314
red,0.4688,0.7009,fake-red-right-56-8972,10,path,56,18.18,1023,0.4688,0.7009
red,0.3952,0.6491,fake-red-right-56-8972,11,path,56,20.0,1023,0.3952,0.6491
red,0.6214,0.7729,fake-red-right-56-8972,0,shot,56,7.27,1023,0.6214,0.7729
red,0.4791,0.7223,fake-red-right-56-8972,1,shot,56,14.55,1023,0.4791,0.7223
red,0.662,0.3132,fake-red-left-56-8536,0,path,56,0.0,1012,0.662,0.3132
red,0.6267,0.328,fake-red-left-56-8536,1,path,56,1.82,1012,0.6267,0.328
red,0.6343,0.3686,fake-red-left-56-8536,2,path,56,3.64,1012,0.6343,0.3686
red,0.6237,0.3982,fake-red-left-56-8536,3,path,56,5.45,1012,0.6237,0.3982
red,0.6442,0.4465,fake-red-left-56-8536,4,path,56,7.27,1012,0.6442,0.4465
red,0.5988,0.4553,fake-red-left-56-8536,5,path,56,9.09,1012,0.5988,0.4553
red,0.5245,0.4249,fake-red-left-56-8536,6,path,56,10.91,1012,0.5245,0.4249
red,0.5662,0.4423,fake-red-left-56-8536,7,path,56,12.73,1012,0.5662,0.4423
red,0.4837,0.3851,fake-red-left-56-8536,8,path,56,14.55,1012,0.4837,0.3851
red,0.4696,0.369,fake-red-left-56-8536,9,path,56,16.36,1012,0.4696,0.369
red,0.4247,0.3345,fake-red-left-56-8536,10,path,56,18.18,1012,0.4247,0.3345
red,0.4672,0.3523,fake-red-left-56-8536,11,path,56,20.0,1012,0.4672,0.3523
red,0.6442,0.4465,fake-red-left-56-8536,0,shot,56,7.27,1012,0.6442,0.4465
red,0.4837,0.3851,fake-red-left-56-8536,1,shot,56,14.55,1012,0.4837,0.3851
blue,0.6888000000000001,0.3127,fake-blue-left-56-2035,0,path,56,0.0,1016,0.3112,0.3127
blue,0.6531,0.3418,fake-blue-left-56-2035,1,path,56,1.82,1016,0.3469,0.3418
blue,0.6238,0.367,fake-blue-left-56-2035,2,path,56,3.64,1016,0.3762,0.367
blue,0.6343,0.3684,fake-blue-left-56-2035,3,path,56,5.45,1016,0.3657,0.3684
blue,0.5474,0.4281,fake-blue-left-56-2035,4,path,56,7.27,1016,0.4526,0.4281
blue,0.5573,0.4298,fake-blue-left-56-2035,5,path,56,9.09,1016,0.4427,0.4298
blue,0.5425,0.4245,fake-blue-left-56-2035,6,path,56,10.91,1016,0.4575,0.4245
blue,0.482,0.4248,fake-blue-left-56-2035,7,path,56,12.73,1016,0.518,0.4248
blue,0.48660000000000003,0.386,fake-blue-left-56-2035,8,path,56,14.55,1016,0.5134,0.386
blue,0.44299999999999995,0.3762,fake-blue-left-56-2035,9,path,56,16.36,1016,0.557,0.3762
blue,0.3739,0.3817,fake-blue-left-56-2035,10,path,56,18.18,1016,0.6261,0.3817
blue,0.4125,0.3225,fake-blue-left-56-2035,11,path,56,20.0,1016,0.5875,0.3225
blue,0.5474,0.4281,fake-blue-left-56-2035,0,shot,56,7.27,1016,0.4526,0.4281
blue,0.48660000000000003,0.386,fake-blue-left-56-2035,1,shot,56,14.55,1016,0.5134,0.386
blue,0.6638,0.4977,fake-blue-center-56-7477,0,path,56,0.0,1027,0.3362,0.4977
blue,0.6728000000000001,0.4999,fake-blue-center-56-7477,1,path,56,1.82,1027,0.3272,0.4999
blue,0.5992999999999999,0.5517,fake-blue-center-56-7477,2,path,56,3.64,1027,0.4007,0.5517
blue,0.5920000000000001,0.5637,fake-blue-center-56-7477,3,path,56,5.45,1027,0.408,0.5637
blue,0.6143000000000001,0.558,fake-blue-center-56-7477,4,path,56,7.27,1027,0.3857,0.558
blue,0.5254,0.6189,fake-blue-center-56-7477,5,path,56,9.09,1027,0.4746,0.6189
blue,0.49039999999999995,0.6257,fake-blue-center-56-7477,6,path,56,10.91,1027,0.5096,0.6257
blue,0.5216000000000001,0.5711,fake-blue-center-56-7477,7,path,56,12.73,1027,0.4784,0.5711
blue,0.44889999999999997,0.5786,fake-blue-center-56-7477,8,path,56,14.55,1027,0.5511,0.5786
blue,0.49450000000000005,0.5153,fake-blue-center-56-7477,9,path,56,16.36,1027,0.5055,0.5153
blue,0.4172,0.5257,fake-blue-center-56-7477,10,path,56,18.18,1027,0.5828,0.5257
blue,0.39680000000000004,0.5019,fake-blue-center-56-7477,11,path,56,20.0,1027,0.6032,0.5019
blue,0.6143000000000001,0.558,fake-blue-center-56-7477,0,shot,56,7.27,1027,0.3857,0.558
blue,0.44889999999999997,0.5786,fake-blue-center-56-7477,1,shot,56,14.55,1027,0.5511,0.5786
blue,0.6905,0.6517,fake-blue-right-56-3647,0,path,56,0.0,1011,0.3095,0.6517
blue,0.5994999999999999,0.7139,fake-blue-right-56-3647,1,path,56,1.82,1011,0.4005,0.7139
blue,0.5723,0.7379,fake-blue-right-56-3647,2,path,56,3.64,1011,0.4277,0.7379
blue,0.5595,0.7532,fake-blue-right-56-3647,3,path,56,5.45,1011,0.4405,0.7532
blue,0.5944,0.7399,fake-blue-right-56-3647,4,path,56,7.27,1011,0.4056,0.7399
blue,0.5125,0.7967,fake-blue-right-56-3647,5,path,56,9.09,1011,0.4875,0.7967
blue,0.5338,0.7697,fake-blue-right-56-3647,6,path,56,10.91,1011,0.4662,0.7697
blue,0.5266,0.738,fake-blue-right-56-3647,7,path,56,12.73,1011,0.4734,0.738
blue,0.5094000000000001,0.7124,fake-blue-right-56-3647,8,path,56,14.55,1011,0.4906,0.7124
blue,0.41290000000000004,0.7343,fake-blue-right-56-3647,9,path,56,16.36,1011,0.5871,0.7343
blue,0.3741,0.7215,fake-blue-right-56-3647,10,path,56,18.18,1011,0.6259,0.7215
blue,0.4222,0.6567,fake-blue-right-56-3647,11,path,56,20.0,1011,0.5778,0.6567
blue,0.5944,0.7399,fake-blue-right-56-3647,0,shot,56,7.27,1011,0.4056,0.7399
blue,0.5094000000000001,0.7124,fake-blue-right-56-3647,1,shot,56,14.55,1011,0.4906,0.7124
red,0.6705,0.4883,fake-red-center-57-4787,0,path,57,0.0,1013,0.6705,0.4883
red,0.6182,0.4929,fake-red-center-57-4787,1,path,57,1.82,1013,0.6182,0.4929
red,0.6137,0.5262,fake-red-center-57-4787,2,path,57,3.64,1013,0.6137,0.5262
red,0.5812,0.5427,fake-red-center-57-4787,3,path,57,5.45,1013,0.5812,0.5427
red,0.5481,0.5588,fake-red-center-57-4787,4,path,57,7.27,1013,0.5481,0.5588
red,0.5502,0.5961,fake-red-center-57-4787,5,path,57,9.09,1013,0.5502,0.5961
red,0.5618,0.6173,fake-red-center-57-4787,6,path,57,10.91,1013,0.5618,0.6173
red,0.5074,0.577,fake-red-center-57-4787,7,path,57,12.73,1013,0.5074,0.577
red,0.4794,0.5526,fake-red-center-57-4787,8,path,57,14.55,1013,0.4794,0.5526
red,0.5217,0.5703,fake-red-center-57-4787,9,path,57,16.36,1013,0.5217,0.5703
red,0.4787,0.5368,fake-red-center-57-4787,10,path,57,18.18,1013,0.4787,0.5368
red,0.4706,0.5243,fake-red-center-57-4787,11,path,57,20.0,1013,0.4706,0.5243
red,0.5481,0.5588,fake-red-center-57-4787,0,shot,57,7.27,1013,0.5481,0.5588
red,0.4794,0.5526,fake-red-center-57-4787,1,shot,57,14.55,1013,0.4794,0.5526
red,0.6496,0.6458,fake-red-right-57-9752,0,path,57,0.0,1032,0.6496,0.6458
red,0.7068,0.7161,fake-red-right-57-9752,1,path,57,1.82,1032,0.7068,0.7161
red,0.6046,0.6908,fake-red-right-57-9752,2,path,57,3.64,1032,0.6046,0.6908
red,0.6166,0.7339,fake-red-right-57-9752,3,path,57,5.45,1032,0.6166,0.7339
red,0.593,0.7558,fake-red-right-57-9752,4,path,57,7.27,1032,0.593,0.7558
red,0.5787,0.7832,fake-red-right-57-9752,5,path,57,9.09,1032,0.5787,0.7832
red,0.5264,0.766,fake-red-right-57-9752,6,path,57,10.91,1032,0.5264,0.766
red,0.4815,0.7315,fake-red-right-57-9752,7,path,57,12.73,1032,0.4815,0.7315
red,0.4906,0.7292,fake-red-right-57-9752,8,path,57,14.55,1032,0.4906,0.7292
red,0.4786,0.7144,fake-red-right-57-9752,9,path,57,16.36,1032,0.4786,0.7144
red,0.4202,0.6718,fake-red-right-57-9752,10,path,57,18.18,1032,0.4202,0.6718
red,0.3807,0.6404,fake-red-right-57-9752,11,path,57,20.0,1032,0.3807,0.6404
red,0.593,0.7558,fake-red-right-57-9752,0,shot,57,7.27,1032,0.593,0.7558
red,0.4906,0.7292,fake-red-right-57-9752,1,shot,57,14.55,1032,0.4906,0.7292
red,0.6495,0.4757,fake-red-center-57-7635,0,path,57,0.0,1003,0.6495,0.4757
red,0.6259,0.4976,fake-red-center-57-7635,1,path,57,1.82,1003,0.6259,0.4976
red,0.6398,0.5419,fake-red-center-57-7635,2,path,57,3.64,1003,0.6398,0.5419
red,0.6528,0.5857,fake-red-center-57-7635,3,path,57,5.45,1003,0.6528,0.5857
red,0.5869,0.5822,fake-red-center-57-7635,4,path,57,7.27,1003,0.5869,0.5822
red,0.5993,0.6256,fake-red-center-57-7635,5,path,57,9.09,1003,0.5993,0.6256
red,0.5325,0.5997,fake-red-center-57-7635,6,path,57,10.91,1003,0.5325,0.5997
red,0.4988,0.5718,fake-red-center-57-7635,7,path,57,12.73,1003,0.4988,0.5718
red,0.4627,0.5425,fake-red-center-57-7635,8,path,57,14.55,1003,0.4627,0.5425
red,0.4501,0.5273,fake-red-center-57-7635,9,path,57,16.36,1003,0.4501,0.5273
red,0.495,0.5467,fake-red-center-57-7635,10,path,57,18.18,1003,0.495,0.5467
red,0.4465,0.5099,fake-red-center-57-7635,11,path,57,20.0,1003,0.4465,0.5099
red,0.5869,0.5822,fake-red-center-57-7635,0,shot,57,7.27,1003,0.5869,0.5822
red,0.4627,0.5425,fake-red-center-57-7635,1,shot,57,14.55,1003,0.4627,0.5425
blue,0.6684,0.495,fake-blue-center-57-6649,0,path,57,0.0,1023,0.3316,0.495
blue,0.6847,0.4928,fake-blue-center-57-6649,1,path,57,1.82,1023,0.3153,0.4928
blue,0.5656,0.5719,fake-blue-center-57-6649,2,path,57,3.64,1023,0.4344,0.5719
blue,0.618,0.5481,fake-blue-center-57-6649,3,path,57,5.45,1023,0.382,0.5481
blue,0.6102000000000001,0.5604,fake-blue-center-57-6649,4,path,57,7.27,1023,0.3898,0.5604
blue,0.4949,0.6373,fake-blue-center-57-6649,5,path,57,9.09,1023,0.5051,0.6373
blue,0.5118,0.6129,fake-blue-center-57-6649,6,path,57,10.91,1023,0.4882,0.6129
blue,0.5037,0.5818,fake-blue-center-57-6649,7,path,57,12.73,1023,0.4963,0.5818
blue,0.46950000000000003,0.5663,fake-blue-center-57-6649,8,path,57,14.55,1023,0.5305,0.5663
blue,0.4858,0.5205,fake-blue-center-57-6649,9,path,57,16.36,1023,0.5142,0.5205
blue,0.4142,0.5275,fake-blue-center-57-6649,10,path,57,18.18,1023,0.5858,0.5275
blue,0.4171,0.4897,fake-blue-center-57-6649,11,path,57,20.0,1023,0.5829,0.4897
blue,0.6102000000000001,0.5604,fake-blue-center-57-6649,0,shot,57,7.27,1023,0.3898,0.5604
blue,0.46950000000000003,0.5663,fake-blue-center-57-6649,1,shot,57,14.55,1023,0.5305,0.5663
blue,0.6535,0.6739,fake-blue-right-57-4957,0,path,57,0.0,1010,0.3465,0.6739
blue,0.6367,0.6916,fake-blue-right-57-4957,1,path,57,1.82,1010,0.3633,0.6916
blue,0.6624,0.6838,fake-blue-right-57-4957,2,path,57,3.64,1010,0.3376,0.6838
blue,0.5482,0.76,fake-blue-right-57-4957,3,path,57,5.45,1010,0.4518,0.76
blue,0.5345,0.7759,fake-blue-right-57-4957,4,path,57,7.27,1010,0.4655,0.7759
blue,0.5780000000000001,0.7574,fake-blue-right-57-4957,5,path,57,9.09,1010,0.422,0.7574
blue,0.49050000000000005,0.7957,fake-blue-right-57-4957,6,path,57,10.91,1010,0.5095,0.7957
blue,0.47140000000000004,0.7711,fake-blue-right-57-4957,7,path,57,12.73,1010,0.5286,0.7711
blue,0.4638,0.7397,fake-blue-right-57-4957,8,path,57,14.55,1010,0.5362,0.7397
blue,0.49650000000000005,0.6841,fake-blue-right-57-4957,9,path,57,16.36,1010,0.5035,0.6841
blue,0.45309999999999995,0.6741,fake-blue-right-57-4957,10,path,57,18.18,1010,0.5469,0.6741
blue,0.3691,0.6885,fake-blue-right-57-4957,11,path,57,20.0,1010,0.6309,0.6885
blue,0.5345,0.7759,fake-blue-right-57-4957,0,shot,57,7.27,1010,0.4655,0.7759
blue,0.4638,0.7397,fake-blue-right-57-4957,1,shot,57,14.55,1010,0.5362,0.7397
blue,0.6402,0.5119,fake-blue-center-57-7671,0,path,57,0.0,1014,0.3598,0.5119
blue,0.65,0.5136,fake-blue-center-57-7671,1,path,57,1.82,1014,0.35,0.5136
blue,0.5989,0.5519,fake-blue-center-57-7671,2,path,57,3.64,1014,0.4011,0.5519
blue,0.5891,0.5655,fake-blue-center-57-7671,3,path,57,5.45,1014,0.4109,0.5655
blue,0.5817,0.5775,fake-blue-center-57-7671,4,path,57,7.27,1014,0.4183,0.5775
blue,0.5065,0.6303,fake-blue-center-57-7671,5,path,57,9.09,1014,0.4935,0.6303
blue,0.5124,0.6125,fake-blue-center-57-7671,6,path,57,10.91,1014,0.4876,0.6125
blue,0.47940000000000005,0.5963,fake-blue-center-57-7671,7,path,57,12.73,1014,0.5206,0.5963
blue,0.49550000000000005,0.5507,fake-blue-center-57-7671,8,path,57,14.55,1014,0.5045,0.5507
blue,0.4838,0.5217,fake-blue-center-57-7671,9,path,57,16.36,1014,0.5162,0.5217
blue,0.4557,0.5026,fake-blue-center-57-7671,10,path,57,18.18,1014,0.5443,0.5026
blue,0.3748,0.5151,fake-blue-center-57-7671,11,path,57,20.0,1014,0.6252,0.5151
blue,0.5817,0.5775,fake-blue-center-57-7671,0,shot,57,7.27,1014,0.4183,0.5775
blue,0.49550000000000005,0.5507,fake-blue-center-57-7671,1,shot,57,14.55,1014,0.5045,0.5507
red,0.6415,0.4709,fake-red-center-58-4148,0,path,58,0.0,1012,0.6415,0.4709
red,0.6908,0.5365,fake-red-center-58-4148,1,path,58,1.82,1012,0.6908,0.5365
red,0.6297,0.5358,fake-red-center-58-4148,2,path,58,3.64,1012,0.6297,0.5358
red,0.5883,0.547,fake-red-center-58-4148,3,path,58,5.45,1012,0.5883,0.547
red,0.64,0.614,fake-red-center-58-4148,4,path,58,7.27,1012,0.64,0.614
red,0.6059,0.6295,fake-red-center-58-4148,5,path,58,9.09,1012,0.6059,0.6295
red,0.5315,0.5991,fake-red-center-58-4148,6,path,58,10.91,1012,0.5315,0.5991
red,0.5342,0.5931,fake-red-center-58-4148,7,path,58,12.73,1012,0.5342,0.5931
red,0.4898,0.5588,fake-red-center-58-4148,8,path,58,14.55,1012,0.4898,0.5588
red,0.4991,0.5567,fake-red-center-58-4148,9,path,58,16.36,1012,0.4991,0.5567
red,0.4697,0.5315,fake-red-center-58-4148,10,path,58,18.18,1012,0.4697,0.5315
red,0.3894,0.4756,fake-red-center-58-4148,11,path,58,20.0,1012,0.3894,0.4756
red,0.64,0.614,fake-red-center-58-4148,0,shot,58,7.27,1012,0.64,0.614
red,0.4898,0.5588,fake-red-center-58-4148,1,shot,58,14.55,1012,0.4898,0.5588
red,0.695,0.673,fake-red-right-58-8103,0,path,58,0.0,1025,0.695,0.673
red,0.6238,0.6663,fake-red-right-58-8103,1,path,58,1.82,1025,0.6238,0.6663
red,0.6895,0.7417,fake-red-right-58-8103,2,path,58,3.64,1025,0.6895,0.7417
red,0.6237,0.7382,fake-red-right-58-8103,3,path,58,5.45,1025,0.6237,0.7382
red,0.5506,0.7304,fake-red-right-58-8103,4,path,58,7.27,1025,0.5506,0.7304
red,0.5462,0.7637,fake-red-right-58-8103,5,path,58,9.09,1025,0.5462,0.7637
red,0.5646,0.7889,fake-red-right-58-8103,6,path,58,10.91,1025,0.5646,0.7889
red,0.5678,0.7832,fake-red-right-58-8103,7,path,58,12.73,1025,0.5678,0.7832
red,0.4602,0.711,fake-red-right-58-8103,8,path,58,14.55,1025,0.4602,0.711
red,0.4471,0.6955,fake-red-right-58-8103,9,path,58,16.36,1025,0.4471,0.6955
red,0.4286,0.6768,fake-red-right-58-8103,10,path,58,18.18,1025,0.4286,0.6768
red,0.429,0.6694,fake-red-right-58-8103,11,path,58,20.0,1025,0.429,0.6694
red,0.5506,0.7304,fake-red-right-58-8103,0,shot,58,7.27,1025,0.5506,0.7304
red,0.4602,0.711,fake-red-right-58-8103,1,shot,58,14.55,1025,0.4602,0.711
red,0.7373,0.6984,fake-red-right-58-7222,0,path,58,0.0,1014,0.7373,0.6984
red,0.6601,0.6881,fake-red-right-58-7222,1,path,58,1.82,1014,0.6601,0.6881
red,0.5995,0.6877,fake-red-right-58-7222,2,path,58,3.64,1014,0.5995,0.6877
red,0.6318,0.7431,fake-red-right-58-7222,3,path,58,5.45,1014,0.6318,0.7431
red,0.5892,0.7535,fake-red-right-58-7222,4,path,58,7.27,1014,0.5892,0.7535
red,0.5733,0.78,fake-red-right-58-7222,5,path,58,9.09,1014,0.5733,0.78
red,0.5264,0.766,fake-red-right-58-7222,6,path,58,10.91,1014,0.5264,0.766
red,0.5645,0.7812,fake-red-right-58-7222,7,path,58,12.73,1014,0.5645,0.7812
red,0.5479,0.7636,fake-red-right-58-7222,8,path,58,14.55,1014,0.5479,0.7636
red,0.5254,0.7425,fake-red-right-58-7222,9,path,58,16.36,1014,0.5254,0.7425
red,0.4333,0.6796,fake-red-right-58-7222,10,path,58,18.18,1014,0.4333,0.6796
red,0.4779,0.6987,fake-red-right-58-7222,11,path,58,20.0,1014,0.4779,0.6987
red,0.5892,0.7535,fake-red-right-58-7222,0,shot,58,7.27,1014,0.5892,0.7535
red,0.5479,0.7636,fake-red-right-58-7222,1,shot,58,14.55,1014,0.5479,0.7636
blue,0.6234,0.5219,fake-blue-center-58-4367,0,path,58,0.0,1034,0.3766,0.5219
blue,0.644,0.5172,fake-blue-center-58-4367,1,path,58,1.82,1034,0.356,0.5172
blue,0.569,0.5699,fake-blue-center-58-4367,2,path,58,3.64,1034,0.431,0.5699
blue,0.6319,0.5398,fake-blue-center-58-4367,3,path,58,5.45,1034,0.3681,0.5398
blue,0.5760000000000001,0.581,fake-blue-center-58-4367,4,path,58,7.27,1034,0.424,0.581
blue,0.5294,0.6165,fake-blue-center-58-4367,5,path,58,9.09,1034,0.4706,0.6165
blue,0.5459,0.5924,fake-blue-center-58-4367,6,path,58,10.91,1034,0.4541,0.5924
blue,0.5431,0.5581,fake-blue-center-58-4367,7,path,58,12.73,1034,0.4569,0.5581
blue,0.42969999999999997,0.5902,fake-blue-center-58-4367,8,path,58,14.55,1034,0.5703,0.5902
blue,0.4698,0.5301,fake-blue-center-58-4367,9,path,58,16.36,1034,0.5302,0.5301
blue,0.45489999999999997,0.503,fake-blue-center-58-4367,10,path,58,18.18,1034,0.5451,0.503
blue,0.4181,0.4891,fake-blue-center-58-4367,11,path,58,20.0,1034,0.5819,0.4891
blue,0.5760000000000001,0.581,fake-blue-center-58-4367,0,shot,58,7.27,1034,0.424,0.581
blue,0.42969999999999997,0.5902,fake-blue-center-58-4367,1,shot,58,14.55,1034,0.5703,0.5902
blue,0.6249,0.3511,fake-blue-left-58-9111,0,path,58,0.0,1017,0.3751,0.3511
blue,0.6423,0.3483,fake-blue-left-58-9111,1,path,58,1.82,1017,0.3577,0.3483
blue,0.5797,0.3934,fake-blue-left-58-9111,2,path,58,3.64,1017,0.4203,0.3934
blue,0.5635,0.4108,fake-blue-left-58-9111,3,path,58,5.45,1017,0.4365,0.4108
blue,0.5383,0.4336,fake-blue-left-58-9111,4,path,58,7.27,1017,0.4617,0.4336
blue,0.5311,0.4455,fake-blue-left-58-9111,5,path,58,9.09,1017,0.4689,0.4455
blue,0.5588,0.4147,fake-blue-left-58-9111,6,path,58,10.91,1017,0.4412,0.4147
blue,0.46109999999999995,0.4373,fake-blue-left-58-9111,7,path,58,12.73,1017,0.5389,0.4373
blue,0.45609999999999995,0.4044,fake-blue-left-58-9111,8,path,58,14.55,1017,0.5439,0.4044
blue,0.48419999999999996,0.3515,fake-blue-left-58-9111,9,path,58,16.36,1017,0.5158,0.3515
blue,0.47109999999999996,0.3233,fake-blue-left-58-9111,10,path,58,18.18,1017,0.5289,0.3233
blue,0.372,0.3468,fake-blue-left-58-9111,11,path,58,20.0,1017,0.628,0.3468
blue,0.5383,0.4336,fake-blue-left-58-9111,0,shot,58,7.27,1017,0.4617,0.4336
blue,0.45609999999999995,0.4044,fake-blue-left-58-9111,1,shot,58,14.55,1017,0.5439,0.4044
red,0.6613,0.4828,fake-red-center-59-3676,0,path,59,0.0,1034,0.6613,0.4828
red,0.6474,0.5104,fake-red-center-59-3676,1,path,59,1.82,1034,0.6474,0.5104
red,0.6459,0.5455,fake-red-center-59-3676,2,path,59,3.64,1034,0.6459,0.5455
red,0.6303,0.5722,fake-red-center-59-3676,3,path,59,5.45,1034,0.6303,0.5722
red,0.6133,0.598,fake-red-center-59-3676,4,path,59,7.27,1034,0.6133,0.598
red,0.534,0.5864,fake-red-center-59-3676,5,path,59,9.09,1034,0.534,0.5864
red,0.544,0.6066,fake-red-center-59-3676,6,path,59,10.91,1034,0.544,0.6066
red,0.5562,0.6063,fake-red-center-59-3676,7,path,59,12.73,1034,0.5562,0.6063
red,0.5187,0.5761,fake-red-center-59-3676,8,path,59,14.55,1034,0.5187,0.5761
red,0.4551,0.5304,fake-red-center-59-3676,9,path,59,16.36,1034,0.4551,0.5304
red,0.4225,0.5032,fake-red-center-59-3676,10,path,59,18.18,1034,0.4225,0.5032
red,0.3824,0.4715,fake-red-center-59-3676,11,path,59,20.0,1034,0.3824,0.4715
red,0.6133,0.598,fake-red-center-59-3676,0,shot,59,7.27,1034,0.6133,0.598
red,0.5187,0.5761,fake-red-center-59-3676,1,shot,59,14.55,1034,0.5187,0.5761
red,0.6618,0.6531,fake-red-right-59-1346,0,path,59,0.0,1033,0.6618,0.6531
red,0.675,0.697,fake-red-right-59-1346,1,path,59,1.82,1033,0.675,0.697
red,0.649,0.7174,fake-red-right-59-1346,2,path,59,3.64,1033,0.649,0.7174
red,0.593,0.7198,fake-red-right-59-1346,3,path,59,5.45,1033,0.593,0.7198
red,0.6059,0.7635,fake-red-right-59-1346,4,path,59,7.27,1033,0.6059,0.7635
red,0.5946,0.7928,fake-red-right-59-1346,5,path,59,9.09,1033,0.5946,0.7928
red,0.5588,0.7854,fake-red-right-59-1346,6,path,59,10.91,1033,0.5588,0.7854
red,0.4969,0.7407,fake-red-right-59-1346,7,path,59,12.73,1033,0.4969,0.7407
red,0.4883,0.7279,fake-red-right-59-1346,8,path,59,14.55,1033,0.4883,0.7279
red,0.4525,0.6988,fake-red-right-59-1346,9,path,59,16.36,1033,0.4525,0.6988
red,0.4691,0.7011,fake-red-right-59-1346,10,path,59,18.18,1033,0.4691,0.7011
red,0.4643,0.6906,fake-red-right-59-1346,11,path,59,20.0,1033,0.4643,0.6906
red,0.6059,0.7635,fake-red-right-59-1346,0,shot,59,7.27,1033,0.6059,0.7635
red,0.4883,0.7279,fake-red-right-59-1346,1,shot,59,14.55,1033,0.4883,0.7279
red,0.7115,0.3429,fake-red-left-59-3554,0,path,59,0.0,1026,0.7115,0.3429
red,0.6904,0.3662,fake-red-left-59-3554,1,path,59,1.82,1026,0.6904,0.3662
red,0.6051,0.3511,fake-red-left-59-3554,2,path,59,3.64,1026,0.6051,0.3511
red,0.6411,0.4087,fake-red-left-59-3554,3,path,59,5.45,1026,0.6411,0.4087
red,0.6009,0.4205,fake-red-left-59-3554,4,path,59,7.27,1026,0.6009,0.4205
red,0.584,0.4464,fake-red-left-59-3554,5,path,59,9.09,1026,0.584,0.4464
red,0.5011,0.4108,fake-red-left-59-3554,6,path,59,10.91,1026,0.5011,0.4108
red,0.5197,0.4144,fake-red-left-59-3554,7,path,59,12.73,1026,0.5197,0.4144
red,0.4761,0.3806,fake-red-left-59-3554,8,path,59,14.55,1026,0.4761,0.3806
red,0.4755,0.3726,fake-red-left-59-3554,9,path,59,16.36,1026,0.4755,0.3726
red,0.4833,0.3696,fake-red-left-59-3554,10,path,59,18.18,1026,0.4833,0.3696
red,0.3834,0.3021,fake-red-left-59-3554,11,path,59,20.0,1026,0.3834,0.3021
red,0.6009,0.4205,fake-red-left-59-3554,0,shot,59,7.27,1026,0.6009,0.4205
red,0.4761,0.3806,fake-red-left-59-3554,1,shot,59,14.55,1026,0.4761,0.3806
blue,0.6903,0.3118,fake-blue-left-59-7621,0,path,59,0.0,1009,0.3097,0.3118
blue,0.6544,0.341,fake-blue-left-59-7621,1,path,59,1.82,1009,0.3456,0.341
blue,0.6104,0.375,fake-blue-left-59-7621,2,path,59,3.64,1009,0.3896,0.375
blue,0.5988,0.3896,fake-blue-left-59-7621,3,path,59,5.45,1009,0.4012,0.3896
blue,0.5694,0.4149,fake-blue-left-59-7621,4,path,59,7.27,1009,0.4306,0.4149
blue,0.5528,0.4325,fake-blue-left-59-7621,5,path,59,9.09,1009,0.4472,0.4325
blue,0.5546,0.4172,fake-blue-left-59-7621,6,path,59,10.91,1009,0.4454,0.4172
blue,0.4587,0.4388,fake-blue-left-59-7621,7,path,59,12.73,1009,0.5413,0.4388
blue,0.5004,0.3778,fake-blue-left-59-7621,8,path,59,14.55,1009,0.4996,0.3778
blue,0.40169999999999995,0.401,fake-blue-left-59-7621,9,path,59,16.36,1009,0.5983,0.401
blue,0.41990000000000005,0.3541,fake-blue-left-59-7621,10,path,59,18.18,1009,0.5801,0.3541
blue,0.4173,0.3196,fake-blue-left-59-7621,11,path,59,20.0,1009,0.5827,0.3196
blue,0.5694,0.4149,fake-blue-left-59-7621,0,shot,59,7.27,1009,0.4306,0.4149
blue,0.5004,0.3778,fake-blue-left-59-7621,1,shot,59,14.55,1009,0.4996,0.3778
blue,0.6593,0.3304,fake-blue-left-59-3734,0,path,59,0.0,1029,0.3407,0.3304
blue,0.683,0.3238,fake-blue-left-59-3734,1,path,59,1.82,1029,0.317,0.3238
blue,0.6066,0.3773,fake-blue-left-59-3734,2,path,59,3.64,1029,0.3934,0.3773
blue,0.6029,0.3872,fake-blue-left-59-3734,3,path,59,5.45,1029,0.3971,0.3872
blue,0.5555,0.4232,fake-blue-left-59-3734,4,path,59,7.27,1029,0.4445,0.4232
blue,0.5157,0.4547,fake-blue-left-59-3734,5,path,59,9.09,1029,0.4843,0.4547
blue,0.49670000000000003,0.452,fake-blue-left-59-3734,6,path,59,10.91,1029,0.5033,0.452
blue,0.4486,0.4448,fake-blue-left-59-3734,7,path,59,12.73,1029,0.5514,0.4448
blue,0.48150000000000004,0.3891,fake-blue-left-59-3734,8,path,59,14.55,1029,0.5185,0.3891
blue,0.42179999999999995,0.3889,fake-blue-left-59-3734,9,path,59,16.36,1029,0.5782,0.3889
blue,0.4395,0.3423,fake-blue-left-59-3734,10,path,59,18.18,1029,0.5605,0.3423
blue,0.364,0.3516,fake-blue-left-59-3734,11,path,59,20.0,1029,0.636,0.3516
blue,0.5555,0.4232,fake-blue-left-59-3734,0,shot,59,7.27,1029,0.4445,0.4232
blue,0.48150000000000004,0.3891,fake-blue-left-59-3734,1,shot,59,14.55,1029,0.5185,0.3891
blue,0.6806,0.4876,fake-blue-center-59-5062,0,path,59,0.0,1032,0.3194,0.4876
blue,0.6071,0.5394,fake-blue-center-59-5062,1,path,59,1.82,1032,0.3929,0.5394
blue,0.5775,0.5648,fake-blue-center-59-5062,2,path,59,3.64,1032,0.4225,0.5648
blue,0.5414,0.5941,fake-blue-center-59-5062,3,path,59,5.45,1032,0.4586,0.5941
blue,0.5730999999999999,0.5827,fake-blue-center-59-5062,4,path,59,7.27,1032,0.4269,0.5827
blue,0.5334,0.6142,fake-blue-center-59-5062,5,path,59,9.09,1032,0.4666,0.6142
blue,0.5281,0.6031,fake-blue-center-59-5062,6,path,59,10.91,1032,0.4719,0.6031
blue,0.4739,0.5997,fake-blue-center-59-5062,7,path,59,12.73,1032,0.5261,0.5997
blue,0.45030000000000003,0.5778,fake-blue-center-59-5062,8,path,59,14.55,1032,0.5497,0.5778
blue,0.43700000000000006,0.5498,fake-blue-center-59-5062,9,path,59,16.36,1032,0.563,0.5498
blue,0.4163,0.5262,fake-blue-center-59-5062,10,path,59,18.18,1032,0.5837,0.5262
blue,0.44810000000000005,0.4711,fake-blue-center-59-5062,11,path,59,20.0,1032,0.5519,0.4711
blue,0.5730999999999999,0.5827,fake-blue-center-59-5062,0,shot,59,7.27,1032,0.4269,0.5827
blue,0.45030000000000003,0.5778,fake-blue-center-59-5062,1,shot,59,14.55,1032,0.5497,0.5778
red,0.6712,0.4887,fake-red-center-60-7253,0,path,60,0.0,1015,0.6712,0.4887
red,0.6377,0.5046,fake-red-center-60-7253,1,path,60,1.82,1015,0.6377,0.5046
red,0.6348,0.5389,fake-red-center-60-7253,2,path,60,3.64,1015,0.6348,0.5389
red,0.668,0.5948,fake-red-center-60-7253,3,path,60,5.45,1015,0.668,0.5948
red,0.5942,0.5865,fake-red-center-60-7253,4,path,60,7.27,1015,0.5942,0.5865
red,0.6104,0.6323,fake-red-center-60-7253,5,path,60,9.09,1015,0.6104,0.6323
red,0.544,0.6066,fake-red-center-60-7253,6,path,60,10.91,1015,0.544,0.6066
red,0.4823,0.5619,fake-red-center-60-7253,7,path,60,12.73,1015,0.4823,0.5619
red,0.4933,0.5609,fake-red-center-60-7253,8,path,60,14.55,1015,0.4933,0.5609
red,0.5006,0.5576,fake-red-center-60-7253,9,path,60,16.36,1015,0.5006,0.5576
red,0.4685,0.5307,fake-red-center-60-7253,10,path,60,18.18,1015,0.4685,0.5307
red,0.4589,0.5173,fake-red-center-60-7253,11,path,60,20.0,1015,0.4589,0.5173
red,0.5942,0.5865,fake-red-center-60-7253,0,shot,60,7.27,1015,0.5942,0.5865
red,0.4933,0.5609,fake-red-center-60-7253,1,shot,60,14.55,1015,0.4933,0.5609
red,0.6919,0.3311,fake-red-left-60-9969,0,path,60,0.0,1001,0.6919,0.3311
red,0.7076,0.3765,fake-red-left-60-9969,1,path,60,1.82,1001,0.7076,0.3765
red,0.6039,0.3503,fake-red-left-60-9969,2,path,60,3.64,1001,0.6039,0.3503
red,0.6691,0.4254,fake-red-left-60-9969,3,path,60,5.45,1001,0.6691,0.4254
red,0.6409,0.4445,fake-red-left-60-9969,4,path,60,7.27,1001,0.6409,0.4445
red,0.5517,0.427,fake-red-left-60-9969,5,path,60,9.09,1001,0.5517,0.427
red,0.4984,0.4092,fake-red-left-60-9969,6,path,60,10.91,1001,0.4984,0.4092
red,0.5234,0.4166,fake-red-left-60-9969,7,path,60,12.73,1001,0.5234,0.4166
red,0.5328,0.4146,fake-red-left-60-9969,8,path,60,14.55,1001,0.5328,0.4146
red,0.5004,0.3875,fake-red-left-60-9969,9,path,60,16.36,1001,0.5004,0.3875
red,0.427,0.3358,fake-red-left-60-9969,10,path,60,18.18,1001,0.427,0.3358
red,0.4475,0.3405,fake-red-left-60-9969,11,path,60,20.0,1001,0.4475,0.3405
red,0.6409,0.4445,fake-red-left-60-9969,0,shot,60,7.27,1001,0.6409,0.4445
red,0.5328,0.4146,fake-red-left-60-9969,1,shot,60,14.55,1001,0.5328,0.4146
red,0.6845,0.6667,fake-red-right-60-5233,0,path,60,0.0,1007,0.6845,0.6667
red,0.6185,0.6631,fake-red-right-60-5233,1,path,60,1.82,1007,0.6185,0.6631
red,0.6655,0.7273,fake-red-right-60-5233,2,path,60,3.64,1007,0.6655,0.7273
red,0.6039,0.7263,fake-red-right-60-5233,3,path,60,5.45,1007,0.6039,0.7263
red,0.5513,0.7308,fake-red-right-60-5233,4,path,60,7.27,1007,0.5513,0.7308
red,0.5922,0.7913,fake-red-right-60-5233,5,path,60,9.09,1007,0.5922,0.7913
red,0.5954,0.8074,fake-red-right-60-5233,6,path,60,10.91,1007,0.5954,0.8074
red,0.5111,0.7492,fake-red-right-60-5233,7,path,60,12.73,1007,0.5111,0.7492
red,0.453,0.7067,fake-red-right-60-5233,8,path,60,14.55,1007,0.453,0.7067
red,0.4907,0.7217,fake-red-right-60-5233,9,path,60,16.36,1007,0.4907,0.7217
red,0.4469,0.6878,fake-red-right-60-5233,10,path,60,18.18,1007,0.4469,0.6878
red,0.4769,0.6982,fake-red-right-60-5233,11,path,60,20.0,1007,0.4769,0.6982
red,0.5513,0.7308,fake-red-right-60-5233,0,shot,60,7.27,1007,0.5513,0.7308
red,0.453,0.7067,fake-red-right-60-5233,1,shot,60,14.55,1007,0.453,0.7067
blue,0.6274,0.6896,fake-blue-right-60-4272,0,path,60,0.0,1031,0.3726,0.6896
blue,0.5876,0.7211,fake-blue-right-60-4272,1,path,60,1.82,1031,0.4124,0.7211
blue,0.6582,0.6864,fake-blue-right-60-4272,2,path,60,3.64,1031,0.3418,0.6864
blue,0.5987,0.7297,fake-blue-right-60-4272,3,path,60,5.45,1031,0.4013,0.7297
blue,0.5939,0.7402,fake-blue-right-60-4272,4,path,60,7.27,1031,0.4061,0.7402
blue,0.5422,0.7789,fake-blue-right-60-4272,5,path,60,9.09,1031,0.4578,0.7789
blue,0.5092,0.7845,fake-blue-right-60-4272,6,path,60,10.91,1031,0.4908,0.7845
blue,0.5282,0.7371,fake-blue-right-60-4272,7,path,60,12.73,1031,0.4718,0.7371
blue,0.498,0.7192,fake-blue-right-60-4272,8,path,60,14.55,1031,0.502,0.7192
blue,0.47119999999999995,0.6993,fake-blue-right-60-4272,9,path,60,16.36,1031,0.5288,0.6993
blue,0.42679999999999996,0.6899,fake-blue-right-60-4272,10,path,60,18.18,1031,0.5732,0.6899
blue,0.388,0.6772,fake-blue-right-60-4272,11,path,60,20.0,1031,0.612,0.6772
blue,0.5939,0.7402,fake-blue-right-60-4272,0,shot,60,7.27,1031,0.4061,0.7402
blue,0.498,0.7192,fake-blue-right-60-4272,1,shot,60,14.55,1031,0.502,0.7192
blue,0.6316999999999999,0.347,fake-blue-left-60-2311,0,path,60,0.0,1012,0.3683,0.347
blue,0.6188,0.3623,fake-blue-left-60-2311,1,path,60,1.82,1012,0.3812,0.3623
blue,0.6426000000000001,0.3557,fake-blue-left-60-2311,2,path,60,3.64,1012,0.3574,0.3557
blue,0.5811999999999999,0.4002,fake-blue-left-60-2311,3,path,60,5.45,1012,0.4188,0.4002
blue,0.5157,0.4471,fake-blue-left-60-2311,4,path,60,7.27,1012,0.4843,0.4471
blue,0.5767,0.4182,fake-blue-left-60-2311,5,path,60,9.09,1012,0.4233,0.4182
blue,0.5362,0.4283,fake-blue-left-60-2311,6,path,60,10.91,1012,0.4638,0.4283
blue,0.5302,0.3959,fake-blue-left-60-2311,7,path,60,12.73,1012,0.4698,0.3959
blue,0.5186999999999999,0.3668,fake-blue-left-60-2311,8,path,60,14.55,1012,0.4813,0.3668
blue,0.4858,0.3505,fake-blue-left-60-2311,9,path,60,16.36,1012,0.5142,0.3505
blue,0.4697,0.3242,fake-blue-left-60-2311,10,path,60,18.18,1012,0.5303,0.3242
blue,0.3833,0.34,fake-blue-left-60-2311,11,path,60,20.0,1012,0.6167,0.34
blue,0.5157,0.4471,fake-blue-left-60-2311,0,shot,60,7.27,1012,0.4843,0.4471
blue,0.5186999999999999,0.3668,fake-blue-left-60-2311,1,shot,60,14.55,1012,0.4813,0.3668
blue,0.6402,0.3419,fake-blue-left-60-4664,0,path,60,0.0,1010,0.3598,0.3419
blue,0.6859,0.3221,fake-blue-left-60-4664,1,path,60,1.82,1010,0.3141,0.3221
blue,0.6294,0.3636,fake-blue-left-60-4664,2,path,60,3.64,1010,0.3706,0.3636
blue,0.6359,0.3673,fake-blue-left-60-4664,3,path,60,5.45,1010,0.3641,0.3673
blue,0.5873999999999999,0.4041,fake-blue-left-60-4664,4,path,60,7.27,1010,0.4126,0.4041
blue,0.5575,0.4297,fake-blue-left-60-4664,5,path,60,9.09,1010,0.4425,0.4297
blue,0.498,0.4512,fake-blue-left-60-4664,6,path,60,10.91,1010,0.502,0.4512
blue,0.5146999999999999,0.4052,fake-blue-left-60-4664,7,path,60,12.73,1010,0.4853,0.4052
blue,0.49560000000000004,0.3806,fake-blue-left-60-4664,8,path,60,14.55,1010,0.5044,0.3806
blue,0.44210000000000005,0.3767,fake-blue-left-60-4664,9,path,60,16.36,1010,0.5579,0.3767
blue,0.4426,0.3405,fake-blue-left-60-4664,10,path,60,18.18,1010,0.5574,0.3405
blue,0.3661,0.3504,fake-blue-left-60-4664,11,path,60,20.0,1010,0.6339,0.3504
blue,0.5873999999999999,0.4041,fake-blue-left-60-4664,0,shot,60,7.27,1010,0.4126,0.4041
blue,0.49560000000000004,0.3806,fake-blue-left-60-4664,1,shot,60,14.55,1010,0.5044,0.3806
red,0.6409,0.6405,fake-red-right-61-5449,0,path,61,0.0,1026,0.6409,0.6405
red,0.6354,0.6732,fake-red-right-61-5449,1,path,61,1.82,1026,0.6354,0.6732
red,0.6408,0.7125,fake-red-right-61-5449,2,path,61,3.64,1026,0.6408,0.7125
red,0.6632,0.7619,fake-red-right-61-5449,3,path,61,5.45,1026,0.6632,0.7619
red,0.5965,0.7579,fake-red-right-61-5449,4,path,61,7.27,1026,0.5965,0.7579
red,0.6022,0.7973,fake-red-right-61-5449,5,path,61,9.09,1026,0.6022,0.7973
red,0.5505,0.7805,fake-red-right-61-5449,6,path,61,10.91,1026,0.5505,0.7805
red,0.5227,0.7562,fake-red-right-61-5449,7,path,61,12.73,1026,0.5227,0.7562
red,0.5341,0.7554,fake-red-right-61-5449,8,path,61,14.55,1026,0.5341,0.7554
red,0.4993,0.7268,fake-red-right-61-5449,9,path,61,16.36,1026,0.4993,0.7268
red,0.4923,0.715,fake-red-right-61-5449,10,path,61,18.18,1026,0.4923,0.715
red,0.4141,0.6605,fake-red-right-61-5449,11,path,61,20.0,1026,0.4141,0.6605
red,0.5965,0.7579,fake-red-right-61-5449,0,shot,61,7.27,1026,0.5965,0.7579
red,0.5341,0.7554,fake-red-right-61-5449,1,shot,61,14.55,1026,0.5341,0.7554
red,0.7303,0.3542,fake-red-left-61-6197,0,path,61,0.0,1021,0.7303,0.3542
red,0.7124,0.3794,fake-red-left-61-6197,1,path,61,1.82,1021,0.7124,0.3794
red,0.6394,0.3717,fake-red-left-61-6197,2,path,61,3.64,1021,0.6394,0.3717
red,0.5759,0.3696,fake-red-left-61-6197,3,path,61,5.45,1021,0.5759,0.3696
red,0.5778,0.4067,fake-red-left-61-6197,4,path,61,7.27,1021,0.5778,0.4067
red,0.5498,0.4259,fake-red-left-61-6197,5,path,61,9.09,1021,0.5498,0.4259
red,0.5143,0.4188,fake-red-left-61-6197,6,path,61,10.91,1021,0.5143,0.4188
red,0.5285,0.4196,fake-red-left-61-6197,7,path,61,12.73,1021,0.5285,0.4196
red,0.4914,0.3897,fake-red-left-61-6197,8,path,61,14.55,1021,0.4914,0.3897
red,0.4854,0.3785,fake-red-left-61-6197,9,path,61,16.36,1021,0.4854,0.3785
red,0.4244,0.3343,fake-red-left-61-6197,10,path,61,18.18,1021,0.4244,0.3343
red,0.4118,0.3191,fake-red-left-61-6197,11,path,61,20.0,1021,0.4118,0.3191
red,0.5778,0.4067,fake-red-left-61-6197,0,shot,61,7.27,1021,0.5778,0.4067
red,0.4914,0.3897,fake-red-left-61-6197,1,shot,61,14.55,1021,0.4914,0.3897
red,0.6664,0.6558,fake-red-right-61-4543,0,path,61,0.0,1015,0.6664,0.6558
red,0.6698,0.6939,fake-red-right-61-4543,1,path,61,1.82,1015,0.6698,0.6939
red,0.6699,0.73,fake-red-right-61-4543,2,path,61,3.64,1015,0.6699,0.73
red,0.6281,0.7408,fake-red-right-61-4543,3,path,61,5.45,1015,0.6281,0.7408
red,0.6008,0.7605,fake-red-right-61-4543,4,path,61,7.27,1015,0.6008,0.7605
red,0.5928,0.7917,fake-red-right-61-4543,5,path,61,9.09,1015,0.5928,0.7917
red,0.5934,0.8062,fake-red-right-61-4543,6,path,61,10.91,1015,0.5934,0.8062
red,0.5284,0.7596,fake-red-right-61-4543,7,path,61,12.73,1015,0.5284,0.7596
red,0.5325,0.7544,fake-red-right-61-4543,8,path,61,14.55,1015,0.5325,0.7544
red,0.4428,0.6929,fake-red-right-61-4543,9,path,61,16.36,1015,0.4428,0.6929
red,0.4288,0.6769,fake-red-right-61-4543,10,path,61,18.18,1015,0.4288,0.6769
red,0.4085,0.6571,fake-red-right-61-4543,11,path,61,20.0,1015,0.4085,0.6571
red,0.6008,0.7605,fake-red-right-61-4543,0,shot,61,7.27,1015,0.6008,0.7605
red,0.5325,0.7544,fake-red-right-61-4543,1,shot,61,14.55,1015,0.5325,0.7544
blue,0.6269,0.6899,fake-blue-right-61-7514,0,path,61,0.0,1020,0.3731,0.6899
blue,0.6477999999999999,0.6849,fake-blue-right-61-7514,1,path,61,1.82,1020,0.3522,0.6849
blue,0.5900000000000001,0.7273,fake-blue-right-61-7514,2,path,61,3.64,1020,0.41,0.7273
blue,0.6008,0.7285,fake-blue-right-61-7514,3,path,61,5.45,1020,0.3992,0.7285
blue,0.5252,0.7814,fake-blue-right-61-7514,4,path,61,7.27,1020,0.4748,0.7814
blue,0.5253,0.789,fake-blue-right-61-7514,5,path,61,9.09,1020,0.4747,0.789
blue,0.49250000000000005,0.7945,fake-blue-right-61-7514,6,path,61,10.91,1020,0.5075,0.7945
blue,0.4669,0.7739,fake-blue-right-61-7514,7,path,61,12.73,1020,0.5331,0.7739
blue,0.4607,0.7416,fake-blue-right-61-7514,8,path,61,14.55,1020,0.5393,0.7416
blue,0.45309999999999995,0.7102,fake-blue-right-61-7514,9,path,61,16.36,1020,0.5469,0.7102
blue,0.46930000000000005,0.6644,fake-blue-right-61-7514,10,path,61,18.18,1020,0.5307,0.6644
blue,0.3516,0.6991,fake-blue-right-61-7514,11,path,61,20.0,1020,0.6484,0.6991
blue,0.5252,0.7814,fake-blue-right-61-7514,0,shot,61,7.27,1020,0.4748,0.7814
blue,0.4607,0.7416,fake-blue-right-61-7514,1,shot,61,14.55,1020,0.5393,0.7416
blue,0.6968,0.3079,fake-blue-left-61-9886,0,path,61,0.0,1011,0.3032,0.3079
blue,0.6157,0.3642,fake-blue-left-61-9886,1,path,61,1.82,1011,0.3843,0.3642
blue,0.6447,0.3545,fake-blue-left-61-9886,2,path,61,3.64,1011,0.3553,0.3545
blue,0.5402,0.4248,fake-blue-left-61-9886,3,path,61,5.45,1011,0.4598,0.4248
blue,0.5771999999999999,0.4102,fake-blue-left-61-9886,4,path,61,7.27,1011,0.4228,0.4102
blue,0.5156000000000001,0.4548,fake-blue-left-61-9886,5,path,61,9.09,1011,0.4844,0.4548
blue,0.5545,0.4173,fake-blue-left-61-9886,6,path,61,10.91,1011,0.4455,0.4173
blue,0.4464,0.4462,fake-blue-left-61-9886,7,path,61,12.73,1011,0.5536,0.4462
blue,0.4908,0.3835,fake-blue-left-61-9886,8,path,61,14.55,1011,0.5092,0.3835
blue,0.40900000000000003,0.3966,fake-blue-left-61-9886,9,path,61,16.36,1011,0.591,0.3966
blue,0.4324,0.3466,fake-blue-left-61-9886,10,path,61,18.18,1011,0.5676,0.3466
blue,0.4284,0.313,fake-blue-left-61-9886,11,path,61,20.0,1011,0.5716,0.313
blue,0.5771999999999999,0.4102,fake-blue-left-61-9886,0,shot,61,7.27,1011,0.4228,0.4102
blue,0.4908,0.3835,fake-blue-left-61-9886,1,shot,61,14.55,1011,0.5092,0.3835
blue,0.6817,0.657,fake-blue-right-61-6295,0,path,61,0.0,1002,0.3183,0.657
blue,0.6529,0.6819,fake-blue-right-61-6295,1,path,61,1.82,1002,0.3471,0.6819
blue,0.6086,0.7161,fake-blue-right-61-6295,2,path,61,3.64,1002,0.3914,0.7161
blue,0.5738,0.7446,fake-blue-right-61-6295,3,path,61,5.45,1002,0.4262,0.7446
blue,0.5345,0.7758,fake-blue-right-61-6295,4,path,61,7.27,1002,0.4655,0.7758
blue,0.5575,0.7697,fake-blue-right-61-6295,5,path,61,9.09,1002,0.4425,0.7697
blue,0.48340000000000005,0.7999,fake-blue-right-61-6295,6,path,61,10.91,1002,0.5166,0.7999
blue,0.5132,0.7461,fake-blue-right-61-6295,7,path,61,12.73,1002,0.4868,0.7461
blue,0.48929999999999996,0.7244,fake-blue-right-61-6295,8,path,61,14.55,1002,0.5107,0.7244
blue,0.48109999999999997,0.6933,fake-blue-right-61-6295,9,path,61,16.36,1002,0.5189,0.6933
blue,0.39549999999999996,0.7087,fake-blue-right-61-6295,10,path,61,18.18,1002,0.6045,0.7087
blue,0.4437,0.6438,fake-blue-right-61-6295,11,path,61,20.0,1002,0.5563,0.6438
blue,0.5345,0.7758,fake-blue-right-61-6295,0,shot,61,7.27,1002,0.4655,0.7758
blue,0.48929999999999996,0.7244,fake-blue-right-61-6295,1,shot,61,14.55,1002,0.5107,0.7244
red,0.6856,0.4973,fake-red-center-62-4262,0,path,62,0.0,1019,0.6856,0.4973
red,0.6503,0.5122,fake-red-center-62-4262,1,path,62,1.82,1019,0.6503,0.5122
red,0.6681,0.5588,fake-red-center-62-4262,2,path,62,3.64,1019,0.6681,0.5588
red,0.6336,0.5741,fake-red-center-62-4262,3,path,62,5.45,1019,0.6336,0.5741
red,0.5818,0.5791,fake-red-center-62-4262,4,path,62,7.27,1019,0.5818,0.5791
red,0.5339,0.5864,fake-red-center-62-4262,5,path,62,9.09,1019,0.5339,0.5864
red,0.5327,0.5998,fake-red-center-62-4262,6,path,62,10.91,1019,0.5327,0.5998
red,0.5154,0.5818,fake-red-center-62-4262,7,path,62,12.73,1019,0.5154,0.5818
red,0.4874,0.5573,fake-red-center-62-4262,8,path,62,14.55,1019,0.4874,0.5573
red,0.4399,0.5212,fake-red-center-62-4262,9,path,62,16.36,1019,0.4399,0.5212
red,0.4778,0.5363,fake-red-center-62-4262,10,path,62,18.18,1019,0.4778,0.5363
red,0.4071,0.4863,fake-red-center-62-4262,11,path,62,20.0,1019,0.4071,0.4863
red,0.5818,0.5791,fake-red-center-62-4262,0,shot,62,7.27,1019,0.5818,0.5791
red,0.4874,0.5573,fake-red-center-62-4262,1,shot,62,14.55,1019,0.4874,0.5573
red,0.714,0.5144,fake-red-center-62-9206,0,path,62,0.0,1002,0.714,0.5144
red,0.7013,0.5428,fake-red-center-62-9206,1,path,62,1.82,1002,0.7013,0.5428
red,0.597,0.5162,fake-red-center-62-9206,2,path,62,3.64,1002,0.597,0.5162
red,0.6131,0.5619,fake-red-center-62-9206,3,path,62,5.45,1002,0.6131,0.5619
red,0.5687,0.5712,fake-red-center-62-9206,4,path,62,7.27,1002,0.5687,0.5712
red,0.5295,0.5837,fake-red-center-62-9206,5,path,62,9.09,1002,0.5295,0.5837
red,0.5347,0.601,fake-red-center-62-9206,6,path,62,10.91,1002,0.5347,0.601
red,0.5185,0.5836,fake-red-center-62-9206,7,path,62,12.73,1002,0.5185,0.5836
red,0.5432,0.5909,fake-red-center-62-9206,8,path,62,14.55,1002,0.5432,0.5909
red,0.5173,0.5677,fake-red-center-62-9206,9,path,62,16.36,1002,0.5173,0.5677
red,0.4444,0.5163,fake-red-center-62-9206,10,path,62,18.18,1002,0.4444,0.5163
red,0.4392,0.5055,fake-red-center-62-9206,11,path,62,20.0,1002,0.4392,0.5055
red,0.5687,0.5712,fake-red-center-62-9206,0,shot,62,7.27,1002,0.5687,0.5712
red,0.5432,0.5909,fake-red-center-62-9206,1,shot,62,14.55,1002,0.5432,0.5909
red,0.7211,0.6887,fake-red-right-62-3721,0,path,62,0.0,1001,0.7211,0.6887
red,0.7018,0.7131,fake-red-right-62-3721,1,path,62,1.82,1001,0.7018,0.7131
red,0.64,0.712,fake-red-right-62-3721,2,path,62,3.64,1001,0.64,0.712
red,0.5717,0.707,fake-red-right-62-3721,3,path,62,5.45,1001,0.5717,0.707
red,0.5651,0.7391,fake-red-right-62-3721,4,path,62,7.27,1001,0.5651,0.7391
red,0.5738,0.7803,fake-red-right-62-3721,5,path,62,9.09,1001,0.5738,0.7803
red,0.5513,0.781,fake-red-right-62-3721,6,path,62,10.91,1001,0.5513,0.781
red,0.5085,0.7477,fake-red-right-62-3721,7,path,62,12.73,1001,0.5085,0.7477
red,0.5255,0.7502,fake-red-right-62-3721,8,path,62,14.55,1001,0.5255,0.7502
red,0.4576,0.7018,fake-red-right-62-3721,9,path,62,16.36,1001,0.4576,0.7018
red,0.4251,0.6747,fake-red-right-62-3721,10,path,62,18.18,1001,0.4251,0.6747
red,0.4744,0.6967,fake-red-right-62-3721,11,path,62,20.0,1001,0.4744,0.6967
red,0.5651,0.7391,fake-red-right-62-3721,0,shot,62,7.27,1001,0.5651,0.7391
red,0.5255,0.7502,fake-red-right-62-3721,1,shot,62,14.55,1001,0.5255,0.7502
blue,0.7026,0.4744,fake-blue-center-62-4024,0,path,62,0.0,1032,0.2974,0.4744
blue,0.6609,0.5071,fake-blue-center-62-4024,1,path,62,1.82,1032,0.3391,0.5071
blue,0.575,0.5662,fake-blue-center-62-4024,2,path,62,3.64,1032,0.425,0.5662
blue,0.5558000000000001,0.5854,fake-blue-center-62-4024,3,path,62,5.45,1032,0.4442,0.5854
blue,0.6105,0.5603,fake-blue-center-62-4024,4,path,62,7.27,1032,0.3895,0.5603
blue,0.5204,0.6219,fake-blue-center-62-4024,5,path,62,9.09,1032,0.4796,0.6219
blue,0.5315,0.6011,fake-blue-center-62-4024,6,path,62,10.91,1032,0.4685,0.6011
blue,0.46499999999999997,0.605,fake-blue-center-62-4024,7,path,62,12.73,1032,0.535,0.605
blue,0.49839999999999995,0.549,fake-blue-center-62-4024,8,path,62,14.55,1032,0.5016,0.549
blue,0.40880000000000005,0.5667,fake-blue-center-62-4024,9,path,62,16.36,1032,0.5912,0.5667
blue,0.38160000000000005,0.547,fake-blue-center-62-4024,10,path,62,18.18,1032,0.6184,0.547
blue,0.35319999999999996,0.5281,fake-blue-center-62-4024,11,path,62,20.0,1032,0.6468,0.5281
blue,0.6105,0.5603,fake-blue-center-62-4024,0,shot,62,7.27,1032,0.3895,0.5603
blue,0.49839999999999995,0.549,fake-blue-center-62-4024,1,shot,62,14.55,1032,0.5016,0.549
blue,0.6387,0.3428,fake-blue-left-62-5650,0,path,62,0.0,1015,0.3613,0.3428
blue,0.6352,0.3525,fake-blue-left-62-5650,1,path,62,1.82,1015,0.3648,0.3525
blue,0.5645,0.4026,fake-blue-left-62-5650,2,path,62,3.64,1015,0.4355,0.4026
blue,0.5931,0.393,fake-blue-left-62-5650,3,path,62,5.45,1015,0.4069,0.393
blue,0.5505,0.4263,fake-blue-left-62-5650,4,path,62,7.27,1015,0.4495,0.4263
blue,0.5780000000000001,0.4174,fake-blue-left-62-5650,5,path,62,9.09,1015,0.422,0.4174
blue,0.5412,0.4253,fake-blue-left-62-5650,6,path,62,10.91,1015,0.4588,0.4253
blue,0.5425,0.3885,fake-blue-left-62-5650,7,path,62,12.73,1015,0.4575,0.3885
blue,0.43920000000000003,0.4145,fake-blue-left-62-5650,8,path,62,14.55,1015,0.5608,0.4145
blue,0.40490000000000004,0.3991,fake-blue-left-62-5650,9,path,62,16.36,1015,0.5951,0.3991
blue,0.46099999999999997,0.3294,fake-blue-left-62-5650,10,path,62,18.18,1015,0.539,0.3294
blue,0.37150000000000005,0.3471,fake-blue-left-62-5650,11,path,62,20.0,1015,0.6285,0.3471
blue,0.5505,0.4263,fake-blue-left-62-5650,0,shot,62,7.27,1015,0.4495,0.4263
blue,0.43920000000000003,0.4145,fake-blue-left-62-5650,1,shot,62,14.55,1015,0.5608,0.4145
blue,0.6729,0.3222,fake-blue-left-62-9748,0,path,62,0.0,1018,0.3271,0.3222
blue,0.6752,0.3285,fake-blue-left-62-9748,1,path,62,1.82,1018,0.3248,0.3285
blue,0.6314,0.3624,fake-blue-left-62-9748,2,path,62,3.64,1018,0.3686,0.3624
blue,0.6058,0.3854,fake-blue-left-62-9748,3,path,62,5.45,1018,0.3942,0.3854
blue,0.5428999999999999,0.4308,fake-blue-left-62-9748,4,path,62,7.27,1018,0.4571,0.4308
blue,0.5694,0.4225,fake-blue-left-62-9748,5,path,62,9.09,1018,0.4306,0.4225
blue,0.4696,0.4682,fake-blue-left-62-9748,6,path,62,10.91,1018,0.5304,0.4682
blue,0.5067999999999999,0.4099,fake-blue-left-62-9748,7,path,62,12.73,1018,0.4932,0.4099
blue,0.49860000000000004,0.3789,fake-blue-left-62-9748,8,path,62,14.55,1018,0.5014,0.3789
blue,0.3981,0.4031,fake-blue-left-62-9748,9,path,62,16.36,1018,0.6019,0.4031
blue,0.41859999999999997,0.3548,fake-blue-left-62-9748,10,path,62,18.18,1018,0.5814,0.3548
blue,0.3831,0.3401,fake-blue-left-62-9748,11,path,62,20.0,1018,0.6169,0.3401
blue,0.5428999999999999,0.4308,fake-blue-left-62-9748,0,shot,62,7.27,1018,0.4571,0.4308
blue,0.49860000000000004,0.3789,fake-blue-left-62-9748,1,shot,62,14.55,1018,0.5014,0.3789
red,0.7379,0.5288,fake-red-center-63-5149,0,path,63,0.0,1009,0.7379,0.5288
red,0.6795,0.5297,fake-red-center-63-5149,1,path,63,1.82,1009,0.6795,0.5297
red,0.6244,0.5326,fake-red-center-63-5149,2,path,63,3.64,1009,0.6244,0.5326
red,0.6199,0.5659,fake-red-center-63-5149,3,path,63,5.45,1009,0.6199,0.5659
red,0.559,0.5654,fake-red-center-63-5149,4,path,63,7.27,1009,0.559,0.5654
red,0.5886,0.6192,fake-red-center-63-5149,5,path,63,9.09,1009,0.5886,0.6192
red,0.5941,0.6367,fake-red-center-63-5149,6,path,63,10.91,1009,0.5941,0.6367
red,0.5648,0.6114,fake-red-center-63-5149,7,path,63,12.73,1009,0.5648,0.6114
red,0.498,0.5637,fake-red-center-63-5149,8,path,63,14.55,1009,0.498,0.5637
red,0.4553,0.5305,fake-red-center-63-5149,9,path,63,16.36,1009,0.4553,0.5305
red,0.4221,0.5029,fake-red-center-63-5149,10,path,63,18.18,1009,0.4221,0.5029
red,0.4095,0.4877,fake-red-center-63-5149,11,path,63,20.0,1009,0.4095,0.4877
red,0.559,0.5654,fake-red-center-63-5149,0,shot,63,7.27,1009,0.559,0.5654
red,0.498,0.5637,fake-red-center-63-5149,1,shot,63,14.55,1009,0.498,0.5637
red,0.6708,0.3185,fake-red-left-63-7718,0,path,63,0.0,1031,0.6708,0.3185
red,0.6216,0.325,fake-red-left-63-7718,1,path,63,1.82,1031,0.6216,0.325
red,0.6615,0.3849,fake-red-left-63-7718,2,path,63,3.64,1031,0.6615,0.3849
red,0.6631,0.4218,fake-red-left-63-7718,3,path,63,5.45,1031,0.6631,0.4218
red,0.5604,0.3962,fake-red-left-63-7718,4,path,63,7.27,1031,0.5604,0.3962
red,0.5949,0.453,fake-red-left-63-7718,5,path,63,9.09,1031,0.5949,0.453
red,0.5119,0.4173,fake-red-left-63-7718,6,path,63,10.91,1031,0.5119,0.4173
red,0.5429,0.4283,fake-red-left-63-7718,7,path,63,12.73,1031,0.5429,0.4283
red,0.5483,0.4239,fake-red-left-63-7718,8,path,63,14.55,1031,0.5483,0.4239
red,0.429,0.3447,fake-red-left-63-7718,9,path,63,16.36,1031,0.429,0.3447
red,0.4061,0.3233,fake-red-left-63-7718,10,path,63,18.18,1031,0.4061,0.3233
red,0.455,0.345,fake-red-left-63-7718,11,path,63,20.0,1031,0.455,0.345
red,0.5604,0.3962,fake-red-left-63-7718,0,shot,63,7.27,1031,0.5604,0.3962
red,0.5483,0.4239,fake-red-left-63-7718,1,shot,63,14.55,1031,0.5483,0.4239
red,0.6906,0.5004,fake-red-center-63-9379,0,path,63,0.0,1004,0.6906,0.5004
red,0.6187,0.4932,fake-red-center-63-9379,1,path,63,1.82,1004,0.6187,0.4932
red,0.6652,0.5571,fake-red-center-63-9379,2,path,63,3.64,1004,0.6652,0.5571
red,0.5797,0.5418,fake-red-center-63-9379,3,path,63,5.45,1004,0.5797,0.5418
red,0.6385,0.6131,fake-red-center-63-9379,4,path,63,7.27,1004,0.6385,0.6131
red,0.5326,0.5856,fake-red-center-63-9379,5,path,63,9.09,1004,0.5326,0.5856
red,0.5689,0.6215,fake-red-center-63-9379,6,path,63,10.91,1004,0.5689,0.6215
red,0.5589,0.6079,fake-red-center-63-9379,7,path,63,12.73,1004,0.5589,0.6079
red,0.5472,0.5932,fake-red-center-63-9379,8,path,63,14.55,1004,0.5472,0.5932
red,0.4948,0.5541,fake-red-center-63-9379,9,path,63,16.36,1004,0.4948,0.5541
red,0.4622,0.527,fake-red-center-63-9379,10,path,63,18.18,1004,0.4622,0.527
red,0.4448,0.5089,fake-red-center-63-9379,11,path,63,20.0,1004,0.4448,0.5089
red,0.6385,0.6131,fake-red-center-63-9379,0,shot,63,7.27,1004,0.6385,0.6131
red,0.5472,0.5932,fake-red-center-63-9379,1,shot,63,14.55,1004,0.5472,0.5932
blue,0.6122000000000001,0.3587,fake-blue-left-63-2741,0,path,63,0.0,1007,0.3878,0.3587
blue,0.6805,0.3253,fake-blue-left-63-2741,1,path,63,1.82,1007,0.3195,0.3253
blue,0.6231,0.3674,fake-blue-left-63-2741,2,path,63,3.64,1007,0.3769,0.3674
blue,0.5965,0.391,fake-blue-left-63-2741,3,path,63,5.45,1007,0.4035,0.391
blue,0.5871999999999999,0.4042,fake-blue-left-63-2741,4,path,63,7.27,1007,0.4128,0.4042
blue,0.5649,0.4252,fake-blue-left-63-2741,5,path,63,9.09,1007,0.4351,0.4252
blue,0.5604,0.4138,fake-blue-left-63-2741,6,path,63,10.91,1007,0.4396,0.4138
blue,0.5251,0.3989,fake-blue-left-63-2741,7,path,63,12.73,1007,0.4749,0.3989
blue,0.4615,0.4011,fake-blue-left-63-2741,8,path,63,14.55,1007,0.5385,0.4011
blue,0.4122,0.3947,fake-blue-left-63-2741,9,path,63,16.36,1007,0.5878,0.3947
blue,0.41900000000000004,0.3546,fake-blue-left-63-2741,10,path,63,18.18,1007,0.581,0.3546
blue,0.36560000000000004,0.3506,fake-blue-left-63-2741,11,path,63,20.0,1007,0.6344,0.3506
blue,0.5871999999999999,0.4042,fake-blue-left-63-2741,0,shot,63,7.27,1007,0.4128,0.4042
blue,0.4615,0.4011,fake-blue-left-63-2741,1,shot,63,14.55,1007,0.5385,0.4011
blue,0.7004,0.6457,fake-blue-right-63-7321,0,path,63,0.0,1003,0.2996,0.6457
blue,0.6789000000000001,0.6663,fake-blue-right-63-7321,1,path,63,1.82,1003,0.3211,0.6663
blue,0.6004,0.721,fake-blue-right-63-7321,2,path,63,3.64,1003,0.3996,0.721
blue,0.617,0.7187,fake-blue-right-63-7321,3,path,63,5.45,1003,0.383,0.7187
blue,0.5523,0.7652,fake-blue-right-63-7321,4,path,63,7.27,1003,0.4477,0.7652
blue,0.5623,0.7668,fake-blue-right-63-7321,5,path,63,9.09,1003,0.4377,0.7668
blue,0.527,0.7738,fake-blue-right-63-7321,6,path,63,10.91,1003,0.473,0.7738
blue,0.532,0.7348,fake-blue-right-63-7321,7,path,63,12.73,1003,0.468,0.7348
blue,0.497,0.7198,fake-blue-right-63-7321,8,path,63,14.55,1003,0.503,0.7198
blue,0.45730000000000004,0.7076,fake-blue-right-63-7321,9,path,63,16.36,1003,0.5427,0.7076
blue,0.4245,0.6913,fake-blue-right-63-7321,10,path,63,18.18,1003,0.5755,0.6913
blue,0.4365,0.6481,fake-blue-right-63-7321,11,path,63,20.0,1003,0.5635,0.6481
blue,0.5523,0.7652,fake-blue-right-63-7321,0,shot,63,7.27,1003,0.4477,0.7652
blue,0.497,0.7198,fake-blue-right-63-7321,1,shot,63,14.55,1003,0.503,0.7198
blue,0.6548,0.6731,fake-blue-right-63-2121,0,path,63,0.0,1035,0.3452,0.6731
blue,0.6446000000000001,0.6869,fake-blue-right-63-2121,1,path,63,1.82,1035,0.3554,0.6869
blue,0.6492,0.6917,fake-blue-right-63-2121,2,path,63,3.64,1035,0.3508,0.6917
blue,0.6246,0.7141,fake-blue-right-63-2121,3,path,63,5.45,1035,0.3754,0.7141
blue,0.5889,0.7432,fake-blue-right-63-2121,4,path,63,7.27,1035,0.4111,0.7432
blue,0.4937,0.808,fake-blue-right-63-2121,5,path,63,9.09,1035,0.5063,0.808
blue,0.5493,0.7604,fake-blue-right-63-2121,6,path,63,10.91,1035,0.4507,0.7604
blue,0.5133,0.746,fake-blue-right-63-2121,7,path,63,12.73,1035,0.4867,0.746
blue,0.5005999999999999,0.7176,fake-blue-right-63-2121,8,path,63,14.55,1035,0.4994,0.7176
blue,0.42090000000000005,0.7295,fake-blue-right-63-2121,9,path,63,16.36,1035,0.5791,0.7295
blue,0.4012,0.7053,fake-blue-right-63-2121,10,path,63,18.18,1035,0.5988,0.7053
blue,0.4246,0.6553,fake-blue-right-63-2121,11,path,63,20.0,1035,0.5754,0.6553
blue,0.5889,0.7432,fake-blue-right-63-2121,0,shot,63,7.27,1035,0.4111,0.7432
blue,0.5005999999999999,0.7176,fake-blue-right-63-2121,1,shot,63,14.55,1035,0.4994,0.7176
red,0.6856,0.4973,fake-red-center-64-8169,0,path,64,0.0,1025,0.6856,0.4973
red,0.6514,0.5128,fake-red-center-64-8169,1,path,64,1.82,1025,0.6514,0.5128
red,0.6277,0.5346,fake-red-center-64-8169,2,path,64,3.64,1025,0.6277,0.5346
red,0.5965,0.5519,fake-red-center-64-8169,3,path,64,5.45,1025,0.5965,0.5519
red,0.6025,0.5915,fake-red-center-64-8169,4,path,64,7.27,1025,0.6025,0.5915
red,0.5531,0.5979,fake-red-center-64-8169,5,path,64,9.09,1025,0.5531,0.5979
red,0.5656,0.6196,fake-red-center-64-8169,6,path,64,10.91,1025,0.5656,0.6196
red,0.5626,0.6101,fake-red-center-64-8169,7,path,64,12.73,1025,0.5626,0.6101
red,0.5145,0.5736,fake-red-center-64-8169,8,path,64,14.55,1025,0.5145,0.5736
red,0.4753,0.5424,fake-red-center-64-8169,9,path,64,16.36,1025,0.4753,0.5424
red,0.4481,0.5185,fake-red-center-64-8169,10,path,64,18.18,1025,0.4481,0.5185
red,0.4213,0.4948,fake-red-center-64-8169,11,path,64,20.0,1025,0.4213,0.4948
red,0.6025,0.5915,fake-red-center-64-8169,0,shot,64,7.27,1025,0.6025,0.5915
red,0.5145,0.5736,fake-red-center-64-8169,1,shot,64,14.55,1025,0.5145,0.5736
red,0.6599,0.652,fake-red-right-64-3296,0,path,64,0.0,1006,0.6599,0.652
red,0.6451,0.6791,fake-red-right-64-3296,1,path,64,1.82,1006,0.6451,0.6791
red,0.6109,0.6946,fake-red-right-64-3296,2,path,64,3.64,1006,0.6109,0.6946
red,0.5981,0.7228,fake-red-right-64-3296,3,path,64,5.45,1006,0.5981,0.7228
red,0.5793,0.7476,fake-red-right-64-3296,4,path,64,7.27,1006,0.5793,0.7476
red,0.5776,0.7825,fake-red-right-64-3296,5,path,64,9.09,1006,0.5776,0.7825
red,0.5048,0.7531,fake-red-right-64-3296,6,path,64,10.91,1006,0.5048,0.7531
red,0.4782,0.7294,fake-red-right-64-3296,7,path,64,12.73,1006,0.4782,0.7294
red,0.477,0.7211,fake-red-right-64-3296,8,path,64,14.55,1006,0.477,0.7211
red,0.5182,0.7382,fake-red-right-64-3296,9,path,64,16.36,1006,0.5182,0.7382
red,0.466,0.6992,fake-red-right-64-3296,10,path,64,18.18,1006,0.466,0.6992
red,0.4549,0.6849,fake-red-right-64-3296,11,path,64,20.0,1006,0.4549,0.6849
red,0.5793,0.7476,fake-red-right-64-3296,0,shot,64,7.27,1006,0.5793,0.7476
red,0.477,0.7211,fake-red-right-64-3296,1,shot,64,14.55,1006,0.477,0.7211
red,0.707,0.5102,fake-red-center-64-4203,0,path,64,0.0,1035,0.707,0.5102
red,0.6403,0.5062,fake-red-center-64-4203,1,path,64,1.82,1035,0.6403,0.5062
red,0.646,0.5456,fake-red-center-64-4203,2,path,64,3.64,1035,0.646,0.5456
red,0.6331,0.5739,fake-red-center-64-4203,3,path,64,5.45,1035,0.6331,0.5739
red,0.6008,0.5905,fake-red-center-64-4203,4,path,64,7.27,1035,0.6008,0.5905
red,0.5718,0.6091,fake-red-center-64-4203,5,path,64,9.09,1035,0.5718,0.6091
red,0.5485,0.6093,fake-red-center-64-4203,6,path,64,10.91,1035,0.5485,0.6093
red,0.5724,0.616,fake-red-center-64-4203,7,path,64,12.73,1035,0.5724,0.616
red,0.494,0.5613,fake-red-center-64-4203,8,path,64,14.55,1035,0.494,0.5613
red,0.4348,0.5181,fake-red-center-64-4203,9,path,64,16.36,1035,0.4348,0.5181
red,0.4876,0.5422,fake-red-center-64-4203,10,path,64,18.18,1035,0.4876,0.5422
red,0.4654,0.5212,fake-red-center-64-4203,11,path,64,20.0,1035,0.4654,0.5212
red,0.6008,0.5905,fake-red-center-64-4203,0,shot,64,7.27,1035,0.6008,0.5905
red,0.494,0.5613,fake-red-center-64-4203,1,shot,64,14.55,1035,0.494,0.5613
blue,0.6498999999999999,0.6761,fake-blue-right-64-5394,0,path,64,0.0,1014,0.3501,0.6761
blue,0.6829000000000001,0.6639,fake-blue-right-64-5394,1,path,64,1.82,1014,0.3171,0.6639
blue,0.6349,0.7003,fake-blue-right-64-5394,2,path,64,3.64,1014,0.3651,0.7003
blue,0.5527,0.7573,fake-blue-right-64-5394,3,path,64,5.45,1014,0.4473,0.7573
blue,0.5262,0.7809,fake-blue-right-64-5394,4,path,64,7.27,1014,0.4738,0.7809
blue,0.5285,0.7871,fake-blue-right-64-5394,5,path,64,9.09,1014,0.4715,0.7871
blue,0.4827,0.8004,fake-blue-right-64-5394,6,path,64,10.91,1014,0.5173,0.8004
blue,0.5341,0.7335,fake-blue-right-64-5394,7,path,64,12.73,1014,0.4659,0.7335
blue,0.43089999999999995,0.7594,fake-blue-right-64-5394,8,path,64,14.55,1014,0.5691,0.7594
blue,0.40549999999999997,0.7387,fake-blue-right-64-5394,9,path,64,16.36,1014,0.5945,0.7387
blue,0.3799,0.718,fake-blue-right-64-5394,10,path,64,18.18,1014,0.6201,0.718
blue,0.37229999999999996,0.6866,fake-blue-right-64-5394,11,path,64,20.0,1014,0.6277,0.6866
blue,0.5262,0.7809,fake-blue-right-64-5394,0,shot,64,7.27,1014,0.4738,0.7809
blue,0.43089999999999995,0.7594,fake-blue-right-64-5394,1,shot,64,14.55,1014,0.5691,0.7594
blue,0.6387,0.3428,fake-blue-left-64-6978,0,path,64,0.0,1033,0.3613,0.3428
blue,0.6837,0.3234,fake-blue-left-64-6978,1,path,64,1.82,1033,0.3163,0.3234
blue,0.6098,0.3754,fake-blue-left-64-6978,2,path,64,3.64,1033,0.3902,0.3754
blue,0.5627,0.4113,fake-blue-left-64-6978,3,path,64,5.45,1033,0.4373,0.4113
blue,0.5516,0.4256,fake-blue-left-64-6978,4,path,64,7.27,1033,0.4484,0.4256
blue,0.5771999999999999,0.4179,fake-blue-left-64-6978,5,path,64,9.09,1033,0.4228,0.4179
blue,0.5344,0.4294,fake-blue-left-64-6978,6,path,64,10.91,1033,0.4656,0.4294
blue,0.49029999999999996,0.4198,fake-blue-left-64-6978,7,path,64,12.73,1033,0.5097,0.4198
blue,0.4807,0.3896,fake-blue-left-64-6978,8,path,64,14.55,1033,0.5193,0.3896
blue,0.3973,0.4036,fake-blue-left-64-6978,9,path,64,16.36,1033,0.6027,0.4036
blue,0.383,0.3762,fake-blue-left-64-6978,10,path,64,18.18,1033,0.617,0.3762
blue,0.4302,0.3119,fake-blue-left-64-6978,11,path,64,20.0,1033,0.5698,0.3119
blue,0.5516,0.4256,fake-blue-left-64-6978,0,shot,64,7.27,1033,0.4484,0.4256
blue,0.4807,0.3896,fake-blue-left-64-6978,1,shot,64,14.55,1033,0.5193,0.3896
blue,0.6849000000000001,0.485,fake-blue-center-64-5843,0,path,64,0.0,1001,0.3151,0.485
blue,0.6044,0.541,fake-blue-center-64-5843,1,path,64,1.82,1001,0.3956,0.541
blue,0.6413,0.5265,fake-blue-center-64-5843,2,path,64,3.64,1001,0.3587,0.5265
blue,0.56,0.5829,fake-blue-center-64-5843,3,path,64,5.45,1001,0.44,0.5829
blue,0.5556,0.5932,fake-blue-center-64-5843,4,path,64,7.27,1001,0.4444,0.5932
blue,0.5641,0.5957,fake-blue-center-64-5843,5,path,64,9.09,1001,0.4359,0.5957
blue,0.5188999999999999,0.6087,fake-blue-center-64-5843,6,path,64,10.91,1001,0.4811,0.6087
blue,0.45799999999999996,0.6092,fake-blue-center-64-5843,7,path,64,12.73,1001,0.542,0.6092
blue,0.48729999999999996,0.5556,fake-blue-center-64-5843,8,path,64,14.55,1001,0.5127,0.5556
blue,0.41190000000000004,0.5648,fake-blue-center-64-5843,9,path,64,16.36,1001,0.5881,0.5648
blue,0.4639,0.4977,fake-blue-center-64-5843,10,path,64,18.18,1001,0.5361,0.4977
blue,0.40059999999999996,0.4997,fake-blue-center-64-5843,11,path,64,20.0,1001,0.5994,0.4997
blue,0.5556,0.5932,fake-blue-center-64-5843,0,shot,64,7.27,1001,0.4444,0.5932
blue,0.48729999999999996,0.5556,fake-blue-center-64-5843,1,shot,64,14.55,1001,0.5127,0.5556
red,0.7058,0.5095,fake-red-center-65-6327,0,path,65,0.0,1013,0.7058,0.5095
red,0.6359,0.5036,fake-red-center-65-6327,1,path,65,1.82,1013,0.6359,0.5036
red,0.6048,0.5209,fake-red-center-65-6327,2,path,65,3.64,1013,0.6048,0.5209
red,0.6113,0.5608,fake-red-center-65-6327,3,path,65,5.45,1013,0.6113,0.5608
red,0.6098,0.5959,fake-red-center-65-6327,4,path,65,7.27,1013,0.6098,0.5959
red,0.6214,0.6388,fake-red-center-65-6327,5,path,65,9.09,1013,0.6214,0.6388
red,0.57,0.6222,fake-red-center-65-6327,6,path,65,10.91,1013,0.57,0.6222
red,0.5688,0.6138,fake-red-center-65-6327,7,path,65,12.73,1013,0.5688,0.6138
red,0.5211,0.5776,fake-red-center-65-6327,8,path,65,14.55,1013,0.5211,0.5776
red,0.4885,0.5504,fake-red-center-65-6327,9,path,65,16.36,1013,0.4885,0.5504
red,0.4851,0.5407,fake-red-center-65-6327,10,path,65,18.18,1013,0.4851,0.5407
red,0.382,0.4712,fake-red-center-65-6327,11,path,65,20.0,1013,0.382,0.4712
red,0.6098,0.5959,fake-red-center-65-6327,0,shot,65,7.27,1013,0.6098,0.5959
red,0.5211,0.5776,fake-red-center-65-6327,1,shot,65,14.55,1013,0.5211,0.5776
red,0.7217,0.349,fake-red-left-65-4599,0,path,65,0.0,1009,0.7217,0.349
red,0.6612,0.3487,fake-red-left-65-4599,1,path,65,1.82,1009,0.6612,0.3487
red,0.6212,0.3607,fake-red-left-65-4599,2,path,65,3.64,1009,0.6212,0.3607
red,0.641,0.4086,fake-red-left-65-4599,3,path,65,5.45,1009,0.641,0.4086
red,0.5842,0.4105,fake-red-left-65-4599,4,path,65,7.27,1009,0.5842,0.4105
red,0.5722,0.4393,fake-red-left-65-4599,5,path,65,9.09,1009,0.5722,0.4393
red,0.5143,0.4187,fake-red-left-65-4599,6,path,65,10.91,1009,0.5143,0.4187
red,0.4923,0.3979,fake-red-left-65-4599,7,path,65,12.73,1009,0.4923,0.3979
red,0.466,0.3745,fake-red-left-65-4599,8,path,65,14.55,1009,0.466,0.3745
red,0.4612,0.364,fake-red-left-65-4599,9,path,65,16.36,1009,0.4612,0.364
red,0.4679,0.3603,fake-red-left-65-4599,10,path,65,18.18,1009,0.4679,0.3603
red,0.4746,0.3567,fake-red-left-65-4599,11,path,65,20.0,1009,0.4746,0.3567
red,0.5842,0.4105,fake-red-left-65-4599,0,shot,65,7.27,1009,0.5842,0.4105
red,0.466,0.3745,fake-red-left-65-4599,1,shot,65,14.55,1009,0.466,0.3745
red,0.6873,0.3284,fake-red-left-65-5966,0,path,65,0.0,1011,0.6873,0.3284
red,0.6881,0.3649,fake-red-left-65-5966,1,path,65,1.82,1011,0.6881,0.3649
red,0.6057,0.3514,fake-red-left-65-5966,2,path,65,3.64,1011,0.6057,0.3514
red,0.5798,0.3719,fake-red-left-65-5966,3,path,65,5.45,1011,0.5798,0.3719
red,0.5956,0.4174,fake-red-left-65-5966,4,path,65,7.27,1011,0.5956,0.4174
red,0.5994,0.4556,fake-red-left-65-5966,5,path,65,9.09,1011,0.5994,0.4556
red,0.5798,0.4581,fake-red-left-65-5966,6,path,65,10.91,1011,0.5798,0.4581
red,0.5355,0.4238,fake-red-left-65-5966,7,path,65,12.73,1011,0.5355,0.4238
red,0.5061,0.3986,fake-red-left-65-5966,8,path,65,14.55,1011,0.5061,0.3986
red,0.4657,0.3667,fake-red-left-65-5966,9,path,65,16.36,1011,0.4657,0.3667
red,0.5001,0.3797,fake-red-left-65-5966,10,path,65,18.18,1011,0.5001,0.3797
red,0.3905,0.3063,fake-red-left-65-5966,11,path,65,20.0,1011,0.3905,0.3063
red,0.5956,0.4174,fake-red-left-65-5966,0,shot,65,7.27,1011,0.5956,0.4174
red,0.5061,0.3986,fake-red-left-65-5966,1,shot,65,14.55,1011,0.5061,0.3986
blue,0.6335,0.3459,fake-blue-left-65-1099,0,path,65,0.0,1028,0.3665,0.3459
blue,0.6448,0.3467,fake-blue-left-65-1099,1,path,65,1.82,1028,0.3552,0.3467
blue,0.6557999999999999,0.3478,fake-blue-left-65-1099,2,path,65,3.64,1028,0.3442,0.3478
blue,0.5843,0.3983,fake-blue-left-65-1099,3,path,65,5.45,1028,0.4157,0.3983
blue,0.5972,0.3983,fake-blue-left-65-1099,4,path,65,7.27,1028,0.4028,0.3983
blue,0.5213,0.4514,fake-blue-left-65-1099,5,path,65,9.09,1028,0.4787,0.4514
blue,0.48640000000000005,0.4582,fake-blue-left-65-1099,6,path,65,10.91,1028,0.5136,0.4582
blue,0.45530000000000004,0.4408,fake-blue-left-65-1099,7,path,65,12.73,1028,0.5447,0.4408
blue,0.45409999999999995,0.4055,fake-blue-left-65-1099,8,path,65,14.55,1028,0.5459,0.4055
blue,0.47230000000000005,0.3586,fake-blue-left-65-1099,9,path,65,16.36,1028,0.5277,0.3586
blue,0.45499999999999996,0.333,fake-blue-left-65-1099,10,path,65,18.18,1028,0.545,0.333
blue,0.43389999999999995,0.3097,fake-blue-left-65-1099,11,path,65,20.0,1028,0.5661,0.3097
blue,0.5972,0.3983,fake-blue-left-65-1099,0,shot,65,7.27,1028,0.4028,0.3983
blue,0.45409999999999995,0.4055,fake-blue-left-65-1099,1,shot,65,14.55,1028,0.5459,0.4055
blue,0.6995,0.6463,fake-blue-right-65-6395,0,path,65,0.0,1017,0.3005,0.6463
blue,0.6183000000000001,0.7027,fake-blue-right-65-6395,1,path,65,1.82,1017,0.3817,0.7027
blue,0.573,0.7375,fake-blue-right-65-6395,2,path,65,3.64,1017,0.427,0.7375
blue,0.5739000000000001,0.7446,fake-blue-right-65-6395,3,path,65,5.45,1017,0.4261,0.7446
blue,0.5952999999999999,0.7394,fake-blue-right-65-6395,4,path,65,7.27,1017,0.4047,0.7394
blue,0.5622,0.7668,fake-blue-right-65-6395,5,path,65,9.09,1017,0.4378,0.7668
blue,0.5207999999999999,0.7775,fake-blue-right-65-6395,6,path,65,10.91,1017,0.4792,0.7775
blue,0.46809999999999996,0.7731,fake-blue-right-65-6395,7,path,65,12.73,1017,0.5319,0.7731
blue,0.5145,0.7093,fake-blue-right-65-6395,8,path,65,14.55,1017,0.4855,0.7093
blue,0.44730000000000003,0.7136,fake-blue-right-65-6395,9,path,65,16.36,1017,0.5527,0.7136
blue,0.47319999999999995,0.6621,fake-blue-right-65-6395,10,path,65,18.18,1017,0.5268,0.6621
blue,0.43889999999999996,0.6466,fake-blue-right-65-6395,11,path,65,20.0,1017,0.5611,0.6466
blue,0.5952999999999999,0.7394,fake-blue-right-65-6395,0,shot,65,7.27,1017,0.4047,0.7394
blue,0.5145,0.7093,fake-blue-right-65-6395,1,shot,65,14.55,1017,0.4855,0.7093
blue,0.632,0.6868,fake-blue-right-65-6603,0,path,65,0.0,1016,0.368,0.6868
blue,0.685,0.6626,fake-blue-right-65-6603,1,path,65,1.82,1016,0.315,0.6626
blue,0.6213,0.7085,fake-blue-right-65-6603,2,path,65,3.64,1016,0.3787,0.7085
blue,0.5602,0.7528,fake-blue-right-65-6603,3,path,65,5.45,1016,0.4398,0.7528
blue,0.6081,0.7317,fake-blue-right-65-6603,4,path,65,7.27,1016,0.3919,0.7317
blue,0.5464,0.7763,fake-blue-right-65-6603,5,path,65,9.09,1016,0.4536,0.7763
blue,0.5403,0.7658,fake-blue-right-65-6603,6,path,65,10.91,1016,0.4597,0.7658
blue,0.4517,0.783,fake-blue-right-65-6603,7,path,65,12.73,1016,0.5483,0.783
blue,0.47850000000000004,0.7309,fake-blue-right-65-6603,8,path,65,14.55,1016,0.5215,0.7309
blue,0.4688,0.7007,fake-blue-right-65-6603,9,path,65,16.36,1016,0.5312,0.7007
blue,0.42200000000000004,0.6928,fake-blue-right-65-6603,10,path,65,18.18,1016,0.578,0.6928
blue,0.43579999999999997,0.6485,fake-blue-right-65-6603,11,path,65,20.0,1016,0.5642,0.6485
blue,0.6081,0.7317,fake-blue-right-65-6603,0,shot,65,7.27,1016,0.3919,0.7317
blue,0.47850000000000004,0.7309,fake-blue-right-65-6603,1,shot,65,14.55,1016,0.5215,0.7309
red,0.7394,0.3596,fake-red-left-66-8124,0,path,66,0.0,1010,0.7394,0.3596
red,0.7013,0.3728,fake-red-left-66-8124,1,path,66,1.82,1010,0.7013,0.3728
red,0.6581,0.3828,fake-red-left-66-8124,2,path,66,3.64,1010,0.6581,0.3828
red,0.5928,0.3797,fake-red-left-66-8124,3,path,66,5.45,1010,0.5928,0.3797
red,0.5578,0.3947,fake-red-left-66-8124,4,path,66,7.27,1010,0.5578,0.3947
red,0.5697,0.4378,fake-red-left-66-8124,5,path,66,9.09,1010,0.5697,0.4378
red,0.5842,0.4607,fake-red-left-66-8124,6,path,66,10.91,1010,0.5842,0.4607
red,0.5119,0.4097,fake-red-left-66-8124,7,path,66,12.73,1010,0.5119,0.4097
red,0.5478,0.4236,fake-red-left-66-8124,8,path,66,14.55,1010,0.5478,0.4236
red,0.4301,0.3453,fake-red-left-66-8124,9,path,66,16.36,1010,0.4301,0.3453
red,0.4782,0.3666,fake-red-left-66-8124,10,path,66,18.18,1010,0.4782,0.3666
red,0.4264,0.3279,fake-red-left-66-8124,11,path,66,20.0,1010,0.4264,0.3279
red,0.5578,0.3947,fake-red-left-66-8124,0,shot,66,7.27,1010,0.5578,0.3947
red,0.5478,0.4236,fake-red-left-66-8124,1,shot,66,14.55,1010,0.5478,0.4236
red,0.7292,0.3535,fake-red-left-66-9594,0,path,66,0.0,1015,0.7292,0.3535
red,0.6618,0.3491,fake-red-left-66-9594,1,path,66,1.82,1015,0.6618,0.3491
red,0.6642,0.3865,fake-red-left-66-9594,2,path,66,3.64,1015,0.6642,0.3865
red,0.589,0.3774,fake-red-left-66-9594,3,path,66,5.45,1015,0.589,0.3774
red,0.5928,0.4157,fake-red-left-66-9594,4,path,66,7.27,1015,0.5928,0.4157
red,0.5705,0.4383,fake-red-left-66-9594,5,path,66,9.09,1015,0.5705,0.4383
red,0.5884,0.4632,fake-red-left-66-9594,6,path,66,10.91,1015,0.5884,0.4632
red,0.4833,0.3925,fake-red-left-66-9594,7,path,66,12.73,1015,0.4833,0.3925
red,0.4859,0.3864,fake-red-left-66-9594,8,path,66,14.55,1015,0.4859,0.3864
red,0.4877,0.3799,fake-red-left-66-9594,9,path,66,16.36,1015,0.4877,0.3799
red,0.4209,0.3322,fake-red-left-66-9594,10,path,66,18.18,1015,0.4209,0.3322
red,0.3949,0.3089,fake-red-left-66-9594,11,path,66,20.0,1015,0.3949,0.3089
red,0.5928,0.4157,fake-red-left-66-9594,0,shot,66,7.27,1015,0.5928,0.4157
red,0.4859,0.3864,fake-red-left-66-9594,1,shot,66,14.55,1015,0.4859,0.3864
red,0.6931,0.3319,fake-red-left-66-2640,0,path,66,0.0,1022,0.6931,0.3319
red,0.6983,0.371,fake-red-left-66-2640,1,path,66,1.82,1022,0.6983,0.371
red,0.6068,0.3521,fake-red-left-66-2640,2,path,66,3.64,1022,0.6068,0.3521
red,0.6252,0.3991,fake-red-left-66-2640,3,path,66,5.45,1022,0.6252,0.3991
red,0.6376,0.4425,fake-red-left-66-2640,4,path,66,7.27,1022,0.6376,0.4425
red,0.5651,0.4351,fake-red-left-66-2640,5,path,66,9.09,1022,0.5651,0.4351
red,0.5126,0.4177,fake-red-left-66-2640,6,path,66,10.91,1022,0.5126,0.4177
red,0.567,0.4427,fake-red-left-66-2640,7,path,66,12.73,1022,0.567,0.4427
red,0.5204,0.4072,fake-red-left-66-2640,8,path,66,14.55,1022,0.5204,0.4072
red,0.519,0.3987,fake-red-left-66-2640,9,path,66,16.36,1022,0.519,0.3987
red,0.4083,0.3246,fake-red-left-66-2640,10,path,66,18.18,1022,0.4083,0.3246
red,0.3982,0.3109,fake-red-left-66-2640,11,path,66,20.0,1022,0.3982,0.3109
red,0.6376,0.4425,fake-red-left-66-2640,0,shot,66,7.27,1022,0.6376,0.4425
red,0.5204,0.4072,fake-red-left-66-2640,1,shot,66,14.55,1022,0.5204,0.4072
blue,0.7078,0.4713,fake-blue-center-66-3370,0,path,66,0.0,1018,0.2922,0.4713
blue,0.6113999999999999,0.5368,fake-blue-center-66-3370,1,path,66,1.82,1018,0.3886,0.5368
blue,0.6106,0.5449,fake-blue-center-66-3370,2,path,66,3.64,1018,0.3894,0.5449
blue,0.6002000000000001,0.5588,fake-blue-center-66-3370,3,path,66,5.45,1018,0.3998,0.5588
blue,0.5951,0.5695,fake-blue-center-66-3370,4,path,66,7.27,1018,0.4049,0.5695
blue,0.5159,0.6246,fake-blue-center-66-3370,5,path,66,9.09,1018,0.4841,0.6246
blue,0.483,0.6302,fake-blue-center-66-3370,6,path,66,10.91,1018,0.517,0.6302
blue,0.5367,0.562,fake-blue-center-66-3370,7,path,66,12.73,1018,0.4633,0.562
blue,0.5085,0.5429,fake-blue-center-66-3370,8,path,66,14.55,1018,0.4915,0.5429
blue,0.42400000000000004,0.5576,fake-blue-center-66-3370,9,path,66,16.36,1018,0.576,0.5576
blue,0.45899999999999996,0.5006,fake-blue-center-66-3370,10,path,66,18.18,1018,0.541,0.5006
blue,0.42479999999999996,0.4851,fake-blue-center-66-3370,11,path,66,20.0,1018,0.5752,0.4851
blue,0.5951,0.5695,fake-blue-center-66-3370,0,shot,66,7.27,1018,0.4049,0.5695
blue,0.5085,0.5429,fake-blue-center-66-3370,1,shot,66,14.55,1018,0.4915,0.5429
blue,0.7072,0.4717,fake-blue-center-66-4642,0,path,66,0.0,1019,0.2928,0.4717
blue,0.6749,0.4987,fake-blue-center-66-4642,1,path,66,1.82,1019,0.3251,0.4987
blue,0.5674,0.5708,fake-blue-center-66-4642,2,path,66,3.64,1019,0.4326,0.5708
blue,0.5555,0.5856,fake-blue-center-66-4642,3,path,66,5.45,1019,0.4445,0.5856
blue,0.5727,0.5829,fake-blue-center-66-4642,4,path,66,7.27,1019,0.4273,0.5829
blue,0.5061,0.6305,fake-blue-center-66-4642,5,path,66,9.09,1019,0.4939,0.6305
blue,0.5535,0.5879,fake-blue-center-66-4642,6,path,66,10.91,1019,0.4465,0.5879
blue,0.5255000000000001,0.5687,fake-blue-center-66-4642,7,path,66,12.73,1019,0.4745,0.5687
blue,0.43379999999999996,0.5877,fake-blue-center-66-4642,8,path,66,14.55,1019,0.5662,0.5877
blue,0.45099999999999996,0.5414,fake-blue-center-66-4642,9,path,66,16.36,1019,0.549,0.5414
blue,0.41080000000000005,0.5295,fake-blue-center-66-4642,10,path,66,18.18,1019,0.5892,0.5295
blue,0.35760000000000003,0.5254,fake-blue-center-66-4642,11,path,66,20.0,1019,0.6424,0.5254
blue,0.5727,0.5829,fake-blue-center-66-4642,0,shot,66,7.27,1019,0.4273,0.5829
blue,0.43379999999999996,0.5877,fake-blue-center-66-4642,1,shot,66,14.55,1019,0.5662,0.5877
blue,0.6577999999999999,0.6713,fake-blue-right-66-3732,0,path,66,0.0,1004,0.3422,0.6713
blue,0.6631,0.6757,fake-blue-right-66-3732,1,path,66,1.82,1004,0.3369,0.6757
blue,0.6293,0.7037,fake-blue-right-66-3732,2,path,66,3.64,1004,0.3707,0.7037
blue,0.5482,0.76,fake-blue-right-66-3732,3,path,66,5.45,1004,0.4518,0.76
blue,0.5419,0.7714,fake-blue-right-66-3732,4,path,66,7.27,1004,0.4581,0.7714
blue,0.5544,0.7715,fake-blue-right-66-3732,5,path,66,9.09,1004,0.4456,0.7715
blue,0.5216000000000001,0.7771,fake-blue-right-66-3732,6,path,66,10.91,1004,0.4784,0.7771
blue,0.45930000000000004,0.7784,fake-blue-right-66-3732,7,path,66,12.73,1004,0.5407,0.7784
blue,0.5182,0.7071,fake-blue-right-66-3732,8,path,66,14.55,1004,0.4818,0.7071
blue,0.49660000000000004,0.6841,fake-blue-right-66-3732,9,path,66,16.36,1004,0.5034,0.6841
blue,0.45599999999999996,0.6724,fake-blue-right-66-3732,10,path,66,18.18,1004,0.544,0.6724
blue,0.4085,0.6649,fake-blue-right-66-3732,11,path,66,20.0,1004,0.5915,0.6649
blue,0.5419,0.7714,fake-blue-right-66-3732,0,shot,66,7.27,1004,0.4581,0.7714
blue,0.5182,0.7071,fake-blue-right-66-3732,1,shot,66,14.55,1004,0.4818,0.7071
red,0.674,0.3204,fake-red-left-67-6610,0,path,67,0.0,1027,0.674,0.3204
red,0.6365,0.3339,fake-red-left-67-6610,1,path,67,1.82,1027,0.6365,0.3339
red,0.6856,0.3993,fake-red-left-67-6610,2,path,67,3.64,1027,0.6856,0.3993
red,0.6225,0.3975,fake-red-left-67-6610,3,path,67,5.45,1027,0.6225,0.3975
red,0.6193,0.4316,fake-red-left-67-6610,4,path,67,7.27,1027,0.6193,0.4316
red,0.5387,0.4192,fake-red-left-67-6610,5,path,67,9.09,1027,0.5387,0.4192
red,0.548,0.439,fake-red-left-67-6610,6,path,67,10.91,1027,0.548,0.439
red,0.5193,0.4141,fake-red-left-67-6610,7,path,67,12.73,1027,0.5193,0.4141
red,0.5439,0.4213,fake-red-left-67-6610,8,path,67,14.55,1027,0.5439,0.4213
red,0.5037,0.3895,fake-red-left-67-6610,9,path,67,16.36,1027,0.5037,0.3895
red,0.4752,0.3648,fake-red-left-67-6610,10,path,67,18.18,1027,0.4752,0.3648
red,0.4262,0.3277,fake-red-left-67-6610,11,path,67,20.0,1027,0.4262,0.3277
red,0.6193,0.4316,fake-red-left-67-6610,0,shot,67,7.27,1027,0.6193,0.4316
red,0.5439,0.4213,fake-red-left-67-6610,1,shot,67,14.55,1027,0.5439,0.4213
red,0.6443,0.4726,fake-red-center-67-5631,0,path,67,0.0,1008,0.6443,0.4726
red,0.7071,0.5463,fake-red-center-67-5631,1,path,67,1.82,1008,0.7071,0.5463
red,0.6266,0.5339,fake-red-center-67-5631,2,path,67,3.64,1008,0.6266,0.5339
red,0.5892,0.5475,fake-red-center-67-5631,3,path,67,5.45,1008,0.5892,0.5475
red,0.5459,0.5575,fake-red-center-67-5631,4,path,67,7.27,1008,0.5459,0.5575
red,0.6082,0.6309,fake-red-center-67-5631,5,path,67,9.09,1008,0.6082,0.6309
red,0.5757,0.6256,fake-red-center-67-5631,6,path,67,10.91,1008,0.5757,0.6256
red,0.5336,0.5927,fake-red-center-67-5631,7,path,67,12.73,1008,0.5336,0.5927
red,0.4964,0.5628,fake-red-center-67-5631,8,path,67,14.55,1008,0.4964,0.5628
red,0.4446,0.524,fake-red-center-67-5631,9,path,67,16.36,1008,0.4446,0.524
red,0.4466,0.5176,fake-red-center-67-5631,10,path,67,18.18,1008,0.4466,0.5176
red,0.4341,0.5025,fake-red-center-67-5631,11,path,67,20.0,1008,0.4341,0.5025
red,0.5459,0.5575,fake-red-center-67-5631,0,shot,67,7.27,1008,0.5459,0.5575
red,0.4964,0.5628,fake-red-center-67-5631,1,shot,67,14.55,1008,0.4964,0.5628
red,0.7157,0.6854,fake-red-right-67-6419,0,path,67,0.0,1002,0.7157,0.6854
red,0.6717,0.695,fake-red-right-67-6419,1,path,67,1.82,1002,0.6717,0.695
red,0.6264,0.7038,fake-red-right-67-6419,2,path,67,3.64,1002,0.6264,0.7038
red,0.639,0.7474,fake-red-right-67-6419,3,path,67,5.45,1002,0.639,0.7474
red,0.5805,0.7483,fake-red-right-67-6419,4,path,67,7.27,1002,0.5805,0.7483
red,0.5456,0.7634,fake-red-right-67-6419,5,path,67,9.09,1002,0.5456,0.7634
red,0.5219,0.7633,fake-red-right-67-6419,6,path,67,10.91,1002,0.5219,0.7633
red,0.5448,0.7694,fake-red-right-67-6419,7,path,67,12.73,1002,0.5448,0.7694
red,0.5091,0.7404,fake-red-right-67-6419,8,path,67,14.55,1002,0.5091,0.7404
red,0.496,0.7249,fake-red-right-67-6419,9,path,67,16.36,1002,0.496,0.7249
red,0.4362,0.6814,fake-red-right-67-6419,10,path,67,18.18,1002,0.4362,0.6814
red,0.4014,0.6528,fake-red-right-67-6419,11,path,67,20.0,1002,0.4014,0.6528
red,0.5805,0.7483,fake-red-right-67-6419,0,shot,67,7.27,1002,0.5805,0.7483
red,0.5091,0.7404,fake-red-right-67-6419,1,shot,67,14.55,1002,0.5091,0.7404
blue,0.6122000000000001,0.5287,fake-blue-center-67-4089,0,path,67,0.0,1021,0.3878,0.5287
blue,0.6073,0.5392,fake-blue-center-67-4089,1,path,67,1.82,1021,0.3927,0.5392
blue,0.6417999999999999,0.5262,fake-blue-center-67-4089,2,path,67,3.64,1021,0.3582,0.5262
blue,0.6228,0.5452,fake-blue-center-67-4089,3,path,67,5.45,1021,0.3772,0.5452
blue,0.5876,0.574,fake-blue-center-67-4089,4,path,67,7.27,1021,0.4124,0.574
blue,0.5176000000000001,0.6236,fake-blue-center-67-4089,5,path,67,9.09,1021,0.4824,0.6236
blue,0.4685,0.6389,fake-blue-center-67-4089,6,path,67,10.91,1021,0.5315,0.6389
blue,0.5262,0.5683,fake-blue-center-67-4089,7,path,67,12.73,1021,0.4738,0.5683
blue,0.4374,0.5855,fake-blue-center-67-4089,8,path,67,14.55,1021,0.5626,0.5855
blue,0.47919999999999996,0.5245,fake-blue-center-67-4089,9,path,67,16.36,1021,0.5208,0.5245
blue,0.4053,0.5328,fake-blue-center-67-4089,10,path,67,18.18,1021,0.5947,0.5328
blue,0.3873,0.5076,fake-blue-center-67-4089,11,path,67,20.0,1021,0.6127,0.5076
blue,0.5876,0.574,fake-blue-center-67-4089,0,shot,67,7.27,1021,0.4124,0.574
blue,0.4374,0.5855,fake-blue-center-67-4089,1,shot,67,14.55,1021,0.5626,0.5855
blue,0.6356999999999999,0.3446,fake-blue-left-67-9131,0,path,67,0.0,1034,0.3643,0.3446
blue,0.6403,0.3494,fake-blue-left-67-9131,1,path,67,1.82,1034,0.3597,0.3494
blue,0.5688,0.4,fake-blue-left-67-9131,2,path,67,3.64,1034,0.4312,0.4
blue,0.5824,0.3995,fake-blue-left-67-9131,3,path,67,5.45,1034,0.4176,0.3995
blue,0.5791,0.4091,fake-blue-left-67-9131,4,path,67,7.27,1034,0.4209,0.4091
blue,0.5828,0.4145,fake-blue-left-67-9131,5,path,67,9.09,1034,0.4172,0.4145
blue,0.4857,0.4586,fake-blue-left-67-9131,6,path,67,10.91,1034,0.5143,0.4586
blue,0.4709,0.4314,fake-blue-left-67-9131,7,path,67,12.73,1034,0.5291,0.4314
blue,0.4729,0.3943,fake-blue-left-67-9131,8,path,67,14.55,1034,0.5271,0.3943
blue,0.4383,0.379,fake-blue-left-67-9131,9,path,67,16.36,1034,0.5617,0.379
blue,0.42300000000000004,0.3522,fake-blue-left-67-9131,10,path,67,18.18,1034,0.577,0.3522
blue,0.36839999999999995,0.349,fake-blue-left-67-9131,11,path,67,20.0,1034,0.6316,0.349
blue,0.5791,0.4091,fake-blue-left-67-9131,0,shot,67,7.27,1034,0.4209,0.4091
blue,0.4729,0.3943,fake-blue-left-67-9131,1,shot,67,14.55,1034,0.5271,0.3943
blue,0.6262,0.5203,fake-blue-center-67-2304,0,path,67,0.0,1033,0.3738,0.5203
blue,0.6241,0.5292,fake-blue-center-67-2304,1,path,67,1.82,1033,0.3759,0.5292
blue,0.6534,0.5192,fake-blue-center-67-2304,2,path,67,3.64,1033,0.3466,0.5192
blue,0.6111,0.5522,fake-blue-center-67-2304,3,path,67,5.45,1033,0.3889,0.5522
blue,0.5783,0.5796,fake-blue-center-67-2304,4,path,67,7.27,1033,0.4217,0.5796
blue,0.5707,0.5918,fake-blue-center-67-2304,5,path,67,9.09,1033,0.4293,0.5918
blue,0.5616,0.583,fake-blue-center-67-2304,6,path,67,10.91,1033,0.4384,0.583
blue,0.5257000000000001,0.5686,fake-blue-center-67-2304,7,path,67,12.73,1033,0.4743,0.5686
blue,0.5062,0.5443,fake-blue-center-67-2304,8,path,67,14.55,1033,0.4938,0.5443
blue,0.40449999999999997,0.5693,fake-blue-center-67-2304,9,path,67,16.36,1033,0.5955,0.5693
blue,0.4568,0.5019,fake-blue-center-67-2304,10,path,67,18.18,1033,0.5432,0.5019
blue,0.35640000000000005,0.5262,fake-blue-center-67-2304,11,path,67,20.0,1033,0.6436,0.5262
blue,0.5783,0.5796,fake-blue-center-67-2304,0,shot,67,7.27,1033,0.4217,0.5796
blue,0.5062,0.5443,fake-blue-center-67-2304,1,shot,67,14.55,1033,0.4938,0.5443
red,0.7171,0.6863,fake-red-right-68-9154,0,path,68,0.0,1009,0.7171,0.6863
red,0.6522,0.6833,fake-red-right-68-9154,1,path,68,1.82,1009,0.6522,0.6833
red,0.628,0.7048,fake-red-right-68-9154,2,path,68,3.64,1009,0.628,0.7048
red,0.6286,0.7412,fake-red-right-68-9154,3,path,68,5.45,1009,0.6286,0.7412
red,0.6359,0.7815,fake-red-right-68-9154,4,path,68,7.27,1009,0.6359,0.7815
red,0.5793,0.7836,fake-red-right-68-9154,5,path,68,9.09,1009,0.5793,0.7836
red,0.5241,0.7646,fake-red-right-68-9154,6,path,68,10.91,1009,0.5241,0.7646
red,0.5138,0.7509,fake-red-right-68-9154,7,path,68,12.73,1009,0.5138,0.7509
red,0.5025,0.7364,fake-red-right-68-9154,8,path,68,14.55,1009,0.5025,0.7364
red,0.4874,0.7197,fake-red-right-68-9154,9,path,68,16.36,1009,0.4874,0.7197
red,0.4732,0.7036,fake-red-right-68-9154,10,path,68,18.18,1009,0.4732,0.7036
red,0.4626,0.6895,fake-red-right-68-9154,11,path,68,20.0,1009,0.4626,0.6895
red,0.6359,0.7815,fake-red-right-68-9154,0,shot,68,7.27,1009,0.6359,0.7815
red,0.5025,0.7364,fake-red-right-68-9154,1,shot,68,14.55,1009,0.5025,0.7364
red,0.7322,0.5253,fake-red-center-68-4214,0,path,68,0.0,1019,0.7322,0.5253
red,0.7079,0.5467,fake-red-center-68-4214,1,path,68,1.82,1019,0.7079,0.5467
red,0.6835,0.5681,fake-red-center-68-4214,2,path,68,3.64,1019,0.6835,0.5681
red,0.602,0.5552,fake-red-center-68-4214,3,path,68,5.45,1019,0.602,0.5552
red,0.5567,0.564,fake-red-center-68-4214,4,path,68,7.27,1019,0.5567,0.564
red,0.5943,0.6226,fake-red-center-68-4214,5,path,68,9.09,1019,0.5943,0.6226
red,0.5057,0.5836,fake-red-center-68-4214,6,path,68,10.91,1019,0.5057,0.5836
red,0.5274,0.589,fake-red-center-68-4214,7,path,68,12.73,1019,0.5274,0.589
red,0.5255,0.5802,fake-red-center-68-4214,8,path,68,14.55,1019,0.5255,0.5802
red,0.4591,0.5327,fake-red-center-68-4214,9,path,68,16.36,1019,0.4591,0.5327
red,0.5006,0.55,fake-red-center-68-4214,10,path,68,18.18,1019,0.5006,0.55
red,0.4646,0.5207,fake-red-center-68-4214,11,path,68,20.0,1019,0.4646,0.5207
red,0.5567,0.564,fake-red-center-68-4214,0,shot,68,7.27,1019,0.5567,0.564
red,0.5255,0.5802,fake-red-center-68-4214,1,shot,68,14.55,1019,0.5255,0.5802
red,0.7327,0.5256,fake-red-center-68-2570,0,path,68,0.0,1027,0.7327,0.5256
red,0.6973,0.5404,fake-red-center-68-2570,1,path,68,1.82,1027,0.6973,0.5404
red,0.6671,0.5583,fake-red-center-68-2570,2,path,68,3.64,1027,0.6671,0.5583
red,0.594,0.5504,fake-red-center-68-2570,3,path,68,5.45,1027,0.594,0.5504
red,0.602,0.5912,fake-red-center-68-2570,4,path,68,7.27,1027,0.602,0.5912
red,0.6174,0.6365,fake-red-center-68-2570,5,path,68,9.09,1027,0.6174,0.6365
red,0.57,0.6222,fake-red-center-68-2570,6,path,68,10.91,1027,0.57,0.6222
red,0.5223,0.5859,fake-red-center-68-2570,7,path,68,12.73,1027,0.5223,0.5859
red,0.5037,0.5671,fake-red-center-68-2570,8,path,68,14.55,1027,0.5037,0.5671
red,0.5128,0.565,fake-red-center-68-2570,9,path,68,16.36,1027,0.5128,0.565
red,0.4651,0.5287,fake-red-center-68-2570,10,path,68,18.18,1027,0.4651,0.5287
red,0.4758,0.5275,fake-red-center-68-2570,11,path,68,20.0,1027,0.4758,0.5275
red,0.602,0.5912,fake-red-center-68-2570,0,shot,68,7.27,1027,0.602,0.5912
red,0.5037,0.5671,fake-red-center-68-2570,1,shot,68,14.55,1027,0.5037,0.5671
blue,0.614,0.6976,fake-blue-right-68-8382,0,path,68,0.0,1010,0.386,0.6976
blue,0.6242,0.6991,fake-blue-right-68-8382,1,path,68,1.82,1010,0.3758,0.6991
blue,0.6364000000000001,0.6994,fake-blue-right-68-8382,2,path,68,3.64,1010,0.3636,0.6994
blue,0.6104,0.7227,fake-blue-right-68-8382,3,path,68,5.45,1010,0.3896,0.7227
blue,0.5651999999999999,0.7574,fake-blue-right-68-8382,4,path,68,7.27,1010,0.4348,0.7574
blue,0.5369999999999999,0.782,fake-blue-right-68-8382,5,path,68,9.09,1010,0.463,0.782
blue,0.47750000000000004,0.8035,fake-blue-right-68-8382,6,path,68,10.91,1010,0.5225,0.8035
blue,0.5241,0.7396,fake-blue-right-68-8382,7,path,68,12.73,1010,0.4759,0.7396
blue,0.49339999999999995,0.722,fake-blue-right-68-8382,8,path,68,14.55,1010,0.5066,0.722
blue,0.4738,0.6977,fake-blue-right-68-8382,9,path,68,16.36,1010,0.5262,0.6977
blue,0.39490000000000003,0.7091,fake-blue-right-68-8382,10,path,68,18.18,1010,0.6051,0.7091
blue,0.4024,0.6685,fake-blue-right-68-8382,11,path,68,20.0,1010,0.5976,0.6685
blue,0.5651999999999999,0.7574,fake-blue-right-68-8382,0,shot,68,7.27,1010,0.4348,0.7574
blue,0.49339999999999995,0.722,fake-blue-right-68-8382,1,shot,68,14.55,1010,0.5066,0.722
blue,0.6363,0.5142,fake-blue-center-68-4140,0,path,68,0.0,1001,0.3637,0.5142
blue,0.6408,0.5192,fake-blue-center-68-4140,1,path,68,1.82,1001,0.3592,0.5192
blue,0.6196999999999999,0.5395,fake-blue-center-68-4140,2,path,68,3.64,1001,0.3803,0.5395
blue,0.612,0.5517,fake-blue-center-68-4140,3,path,68,5.45,1001,0.388,0.5517
blue,0.6145,0.5578,fake-blue-center-68-4140,4,path,68,7.27,1001,0.3855,0.5578
blue,0.5536,0.602,fake-blue-center-68-4140,5,path,68,9.09,1001,0.4464,0.602
blue,0.5435,0.5939,fake-blue-center-68-4140,6,path,68,10.91,1001,0.4565,0.5939
blue,0.5349999999999999,0.563,fake-blue-center-68-4140,7,path,68,12.73,1001,0.465,0.563
blue,0.5164,0.5382,fake-blue-center-68-4140,8,path,68,14.55,1001,0.4836,0.5382
blue,0.46530000000000005,0.5328,fake-blue-center-68-4140,9,path,68,16.36,1001,0.5347,0.5328
blue,0.38780000000000003,0.5433,fake-blue-center-68-4140,10,path,68,18.18,1001,0.6122,0.5433
blue,0.3819,0.5108,fake-blue-center-68-4140,11,path,68,20.0,1001,0.6181,0.5108
blue,0.6145,0.5578,fake-blue-center-68-4140,0,shot,68,7.27,1001,0.3855,0.5578
blue,0.5164,0.5382,fake-blue-center-68-4140,1,shot,68,14.55,1001,0.4836,0.5382
blue,0.6719999999999999,0.3228,fake-blue-left-68-2298,0,path,68,0.0,1026,0.328,0.3228
blue,0.5912999999999999,0.3789,fake-blue-left-68-2298,1,path,68,1.82,1026,0.4087,0.3789
blue,0.5794,0.3936,fake-blue-left-68-2298,2,path,68,3.64,1026,0.4206,0.3936
blue,0.624,0.3745,fake-blue-left-68-2298,3,path,68,5.45,1026,0.376,0.3745
blue,0.5613,0.4197,fake-blue-left-68-2298,4,path,68,7.27,1026,0.4387,0.4197
blue,0.5288999999999999,0.4468,fake-blue-left-68-2298,5,path,68,9.09,1026,0.4711,0.4468
blue,0.5097,0.4442,fake-blue-left-68-2298,6,path,68,10.91,1026,0.4903,0.4442
blue,0.48229999999999995,0.4246,fake-blue-left-68-2298,7,path,68,12.73,1026,0.5177,0.4246
blue,0.46309999999999996,0.4002,fake-blue-left-68-2298,8,path,68,14.55,1026,0.5369,0.4002
blue,0.4457,0.3746,fake-blue-left-68-2298,9,path,68,16.36,1026,0.5543,0.3746
blue,0.4075,0.3615,fake-blue-left-68-2298,10,path,68,18.18,1026,0.5925,0.3615
blue,0.43489999999999995,0.3091,fake-blue-left-68-2298,11,path,68,20.0,1026,0.5651,0.3091
blue,0.5613,0.4197,fake-blue-left-68-2298,0,shot,68,7.27,1026,0.4387,0.4197
blue,0.46309999999999996,0.4002,fake-blue-left-68-2298,1,shot,68,14.55,1026,0.5369,0.4002
red,0.721,0.3486,fake-red-left-69-6428,0,path,69,0.0,1033,0.721,0.3486
red,0.7059,0.3756,fake-red-left-69-6428,1,path,69,1.82,1033,0.7059,0.3756
red,0.6818,0.3971,fake-red-left-69-6428,2,path,69,3.64,1033,0.6818,0.3971
red,0.6689,0.4253,fake-red-left-69-6428,3,path,69,5.45,1033,0.6689,0.4253
red,0.5559,0.3935,fake-red-left-69-6428,4,path,69,7.27,1033,0.5559,0.3935
red,0.5713,0.4388,fake-red-left-69-6428,5,path,69,9.09,1033,0.5713,0.4388
red,0.5234,0.4242,fake-red-left-69-6428,6,path,69,10.91,1033,0.5234,0.4242
red,0.5077,0.4072,fake-red-left-69-6428,7,path,69,12.73,1033,0.5077,0.4072
red,0.4728,0.3786,fake-red-left-69-6428,8,path,69,14.55,1033,0.4728,0.3786
red,0.5199,0.3992,fake-red-left-69-6428,9,path,69,16.36,1033,0.5199,0.3992
red,0.4215,0.3326,fake-red-left-69-6428,10,path,69,18.18,1033,0.4215,0.3326
red,0.4232,0.3259,fake-red-left-69-6428,11,path,69,20.0,1033,0.4232,0.3259
red,0.5559,0.3935,fake-red-left-69-6428,0,shot,69,7.27,1033,0.5559,0.3935
red,0.4728,0.3786,fake-red-left-69-6428,1,shot,69,14.55,1033,0.4728,0.3786
red,0.6874,0.4984,fake-red-center-69-8063,0,path,69,0.0,1016,0.6874,0.4984
red,0.6386,0.5051,fake-red-center-69-8063,1,path,69,1.82,1016,0.6386,0.5051
red,0.6618,0.5551,fake-red-center-69-8063,2,path,69,3.64,1016,0.6618,0.5551
red,0.6252,0.5691,fake-red-center-69-8063,3,path,69,5.45,1016,0.6252,0.5691
red,0.6318,0.6091,fake-red-center-69-8063,4,path,69,7.27,1016,0.6318,0.6091
red,0.5329,0.5857,fake-red-center-69-8063,5,path,69,9.09,1016,0.5329,0.5857
red,0.5912,0.6349,fake-red-center-69-8063,6,path,69,10.91,1016,0.5912,0.6349
red,0.5437,0.5988,fake-red-center-69-8063,7,path,69,12.73,1016,0.5437,0.5988
red,0.4713,0.5477,fake-red-center-69-8063,8,path,69,14.55,1016,0.4713,0.5477
red,0.4293,0.5148,fake-red-center-69-8063,9,path,69,16.36,1016,0.4293,0.5148
red,0.4539,0.522,fake-red-center-69-8063,10,path,69,18.18,1016,0.4539,0.522
red,0.3831,0.4719,fake-red-center-69-8063,11,path,69,20.0,1016,0.3831,0.4719
red,0.6318,0.6091,fake-red-center-69-8063,0,shot,69,7.27,1016,0.6318,0.6091
red,0.4713,0.5477,fake-red-center-69-8063,1,shot,69,14.55,1016,0.4713,0.5477
red,0.6809,0.4945,fake-red-center-69-8982,0,path,69,0.0,1019,0.6809,0.4945
red,0.6336,0.5022,fake-red-center-69-8982,1,path,69,1.82,1019,0.6336,0.5022
red,0.6763,0.5638,fake-red-center-69-8982,2,path,69,3.64,1019,0.6763,0.5638
red,0.6146,0.5628,fake-red-center-69-8982,3,path,69,5.45,1019,0.6146,0.5628
red,0.5799,0.5779,fake-red-center-69-8982,4,path,69,7.27,1019,0.5799,0.5779
red,0.5647,0.6048,fake-red-center-69-8982,5,path,69,9.09,1019,0.5647,0.6048
red,0.59,0.6342,fake-red-center-69-8982,6,path,69,10.91,1019,0.59,0.6342
red,0.558,0.6074,fake-red-center-69-8982,7,path,69,12.73,1019,0.558,0.6074
red,0.5109,0.5715,fake-red-center-69-8982,8,path,69,14.55,1019,0.5109,0.5715
red,0.4551,0.5303,fake-red-center-69-8982,9,path,69,16.36,1019,0.4551,0.5303
red,0.5006,0.55,fake-red-center-69-8982,10,path,69,18.18,1019,0.5006,0.55
red,0.4154,0.4913,fake-red-center-69-8982,11,path,69,20.0,1019,0.4154,0.4913
red,0.5799,0.5779,fake-red-center-69-8982,0,shot,69,7.27,1019,0.5799,0.5779
red,0.5109,0.5715,fake-red-center-69-8982,1,shot,69,14.55,1019,0.5109,0.5715
blue,0.6683,0.325,fake-blue-left-69-2395,0,path,69,0.0,1013,0.3317,0.325
blue,0.6598999999999999,0.3377,fake-blue-left-69-2395,1,path,69,1.82,1013,0.3401,0.3377
blue,0.5640000000000001,0.4029,fake-blue-left-69-2395,2,path,69,3.64,1013,0.436,0.4029
blue,0.5433,0.4229,fake-blue-left-69-2395,3,path,69,5.45,1013,0.4567,0.4229
blue,0.6012,0.3958,fake-blue-left-69-2395,4,path,69,7.27,1013,0.3988,0.3958
blue,0.5568,0.4301,fake-blue-left-69-2395,5,path,69,9.09,1013,0.4432,0.4301
blue,0.496,0.4524,fake-blue-left-69-2395,6,path,69,10.91,1013,0.504,0.4524
blue,0.4484,0.445,fake-blue-left-69-2395,7,path,69,12.73,1013,0.5516,0.445
blue,0.4246,0.4232,fake-blue-left-69-2395,8,path,69,14.55,1013,0.5754,0.4232
blue,0.46630000000000005,0.3622,fake-blue-left-69-2395,9,path,69,16.36,1013,0.5337,0.3622
blue,0.3768,0.3799,fake-blue-left-69-2395,10,path,69,18.18,1013,0.6232,0.3799
blue,0.3678,0.3493,fake-blue-left-69-2395,11,path,69,20.0,1013,0.6322,0.3493
blue,0.6012,0.3958,fake-blue-left-69-2395,0,shot,69,7.27,1013,0.3988,0.3958
blue,0.4246,0.4232,fake-blue-left-69-2395,1,shot,69,14.55,1013,0.5754,0.4232
blue,0.6295,0.6883,fake-blue-right-69-2895,0,path,69,0.0,1003,0.3705,0.6883
blue,0.6204000000000001,0.7014,fake-blue-right-69-2895,1,path,69,1.82,1003,0.3796,0.7014
blue,0.6105,0.715,fake-blue-right-69-2895,2,path,69,3.64,1003,0.3895,0.715
blue,0.6159,0.7194,fake-blue-right-69-2895,3,path,69,5.45,1003,0.3841,0.7194
blue,0.5288999999999999,0.7792,fake-blue-right-69-2895,4,path,69,7.27,1003,0.4711,0.7792
blue,0.5427,0.7785,fake-blue-right-69-2895,5,path,69,9.09,1003,0.4573,0.7785
blue,0.5519000000000001,0.7589,fake-blue-right-69-2895,6,path,69,10.91,1003,0.4481,0.7589
blue,0.5107999999999999,0.7475,fake-blue-right-69-2895,7,path,69,12.73,1003,0.4892,0.7475
blue,0.44179999999999997,0.7529,fake-blue-right-69-2895,8,path,69,14.55,1003,0.5582,0.7529
blue,0.39790000000000003,0.7432,fake-blue-right-69-2895,9,path,69,16.36,1003,0.6021,0.7432
blue,0.4578,0.6713,fake-blue-right-69-2895,10,path,69,18.18,1003,0.5422,0.6713
blue,0.4323,0.6506,fake-blue-right-69-2895,11,path,69,20.0,1003,0.5677,0.6506
blue,0.5288999999999999,0.7792,fake-blue-right-69-2895,0,shot,69,7.27,1003,0.4711,0.7792
blue,0.44179999999999997,0.7529,fake-blue-right-69-2895,1,shot,69,14.55,1003,0.5582,0.7529
blue,0.6652,0.4969,fake-blue-center-69-8868,0,path,69,0.0,1034,0.3348,0.4969
blue,0.5892,0.5501,fake-blue-center-69-8868,1,path,69,1.82,1034,0.4108,0.5501
blue,0.6377999999999999,0.5286,fake-blue-center-69-8868,2,path,69,3.64,1034,0.3622,0.5286
blue,0.6325000000000001,0.5394,fake-blue-center-69-8868,3,path,69,5.45,1034,0.3675,0.5394
blue,0.5558000000000001,0.593,fake-blue-center-69-8868,4,path,69,7.27,1034,0.4442,0.593
blue,0.49239999999999995,0.6387,fake-blue-center-69-8868,5,path,69,9.09,1034,0.5076,0.6387
blue,0.5674,0.5795,fake-blue-center-69-8868,6,path,69,10.91,1034,0.4326,0.5795
blue,0.5365,0.5621,fake-blue-center-69-8868,7,path,69,12.73,1034,0.4635,0.5621
blue,0.4246,0.5933,fake-blue-center-69-8868,8,path,69,14.55,1034,0.5754,0.5933
blue,0.4263,0.5562,fake-blue-center-69-8868,9,path,69,16.36,1034,0.5737,0.5562
blue,0.44020000000000004,0.5119,fake-blue-center-69-8868,10,path,69,18.18,1034,0.5598,0.5119
blue,0.44910000000000005,0.4706,fake-blue-center-69-8868,11,path,69,20.0,1034,0.5509,0.4706
blue,0.5558000000000001,0.593,fake-blue-center-69-8868,0,shot,69,7.27,1034,0.4442,0.593
blue,0.4246,0.5933,fake-blue-center-69-8868,1,shot,69,14.55,1034,0.5754,0.5933
red,0.7342,0.3565,fake-red-left-70-9460,0,path,70,0.0,1004,0.7342,0.3565
red,0.6764,0.3579,fake-red-left-70-9460,1,path,70,1.82,1004,0.6764,0.3579
red,0.6058,0.3515,fake-red-left-70-9460,2,path,70,3.64,1004,0.6058,0.3515
red,0.631,0.4026,fake-red-left-70-9460,3,path,70,5.45,1004,0.631,0.4026
red,0.5931,0.4159,fake-red-left-70-9460,4,path,70,7.27,1004,0.5931,0.4159
red,0.5419,0.4211,fake-red-left-70-9460,5,path,70,9.09,1004,0.5419,0.4211
red,0.5778,0.4569,fake-red-left-70-9460,6,path,70,10.91,1004,0.5778,0.4569
red,0.535,0.4236,fake-red-left-70-9460,7,path,70,12.73,1004,0.535,0.4236
red,0.5363,0.4167,fake-red-left-70-9460,8,path,70,14.55,1004,0.5363,0.4167
red,0.4413,0.3521,fake-red-left-70-9460,9,path,70,16.36,1004,0.4413,0.3521
red,0.4156,0.329,fake-red-left-70-9460,10,path,70,18.18,1004,0.4156,0.329
red,0.4227,0.3256,fake-red-left-70-9460,11,path,70,20.0,1004,0.4227,0.3256
red,0.5931,0.4159,fake-red-left-70-9460,0,shot,70,7.27,1004,0.5931,0.4159
red,0.5363,0.4167,fake-red-left-70-9460,1,shot,70,14.55,1004,0.5363,0.4167
red,0.7349,0.697,fake-red-right-70-4217,0,path,70,0.0,1009,0.7349,0.697
red,0.7128,0.7197,fake-red-right-70-4217,1,path,70,1.82,1009,0.7128,0.7197
red,0.6879,0.7407,fake-red-right-70-4217,2,path,70,3.64,1009,0.6879,0.7407
red,0.5729,0.7078,fake-red-right-70-4217,3,path,70,5.45,1009,0.5729,0.7078
red,0.5664,0.7398,fake-red-right-70-4217,4,path,70,7.27,1009,0.5664,0.7398
red,0.6193,0.8076,fake-red-right-70-4217,5,path,70,9.09,1009,0.6193,0.8076
red,0.5107,0.7566,fake-red-right-70-4217,6,path,70,10.91,1009,0.5107,0.7566
red,0.5156,0.7519,fake-red-right-70-4217,7,path,70,12.73,1009,0.5156,0.7519
red,0.5387,0.7581,fake-red-right-70-4217,8,path,70,14.55,1009,0.5387,0.7581
red,0.4441,0.6937,fake-red-right-70-4217,9,path,70,16.36,1009,0.4441,0.6937
red,0.4475,0.6881,fake-red-right-70-4217,10,path,70,18.18,1009,0.4475,0.6881
red,0.4509,0.6826,fake-red-right-70-4217,11,path,70,20.0,1009,0.4509,0.6826
red,0.5664,0.7398,fake-red-right-70-4217,0,shot,70,7.27,1009,0.5664,0.7398
red,0.5387,0.7581,fake-red-right-70-4217,1,shot,70,14.55,1009,0.5387,0.7581
red,0.6724,0.4894,fake-red-center-70-9579,0,path,70,0.0,1023,0.6724,0.4894
red,0.7022,0.5433,fake-red-center-70-9579,1,path,70,1.82,1023,0.7022,0.5433
red,0.6158,0.5275,fake-red-center-70-9579,2,path,70,3.64,1023,0.6158,0.5275
red,0.57,0.536,fake-red-center-70-9579,3,path,70,5.45,1023,0.57,0.536
red,0.5737,0.5742,fake-red-center-70-9579,4,path,70,7.27,1023,0.5737,0.5742
red,0.609,0.6314,fake-red-center-70-9579,5,path,70,9.09,1023,0.609,0.6314
red,0.5958,0.6377,fake-red-center-70-9579,6,path,70,10.91,1023,0.5958,0.6377
red,0.5467,0.6006,fake-red-center-70-9579,7,path,70,12.73,1023,0.5467,0.6006
red,0.4634,0.543,fake-red-center-70-9579,8,path,70,14.55,1023,0.4634,0.543
red,0.4987,0.5565,fake-red-center-70-9579,9,path,70,16.36,1023,0.4987,0.5565
red,0.4389,0.513,fake-red-center-70-9579,10,path,70,18.18,1023,0.4389,0.513
red,0.4428,0.5077,fake-red-center-70-9579,11,path,70,20.0,1023,0.4428,0.5077
red,0.5737,0.5742,fake-red-center-70-9579,0,shot,70,7.27,1023,0.5737,0.5742
red,0.4634,0.543,fake-red-center-70-9579,1,shot,70,14.55,1023,0.4634,0.543
blue,0.6461,0.5084,fake-blue-center-70-7124,0,path,70,0.0,1024,0.3539,0.5084
blue,0.6863,0.4918,fake-blue-center-70-7124,1,path,70,1.82,1024,0.3137,0.4918
blue,0.5736,0.5671,fake-blue-center-70-7124,2,path,70,3.64,1024,0.4264,0.5671
blue,0.5909,0.5643,fake-blue-center-70-7124,3,path,70,5.45,1024,0.4091,0.5643
blue,0.5775,0.58,fake-blue-center-70-7124,4,path,70,7.27,1024,0.4225,0.58
blue,0.5297000000000001,0.6163,fake-blue-center-70-7124,5,path,70,9.09,1024,0.4703,0.6163
blue,0.48250000000000004,0.6305,fake-blue-center-70-7124,6,path,70,10.91,1024,0.5175,0.6305
blue,0.46330000000000005,0.606,fake-blue-center-70-7124,7,path,70,12.73,1024,0.5367,0.606
blue,0.49329999999999996,0.552,fake-blue-center-70-7124,8,path,70,14.55,1024,0.5067,0.552
blue,0.39980000000000004,0.5721,fake-blue-center-70-7124,9,path,70,16.36,1024,0.6002,0.5721
blue,0.3748,0.5511,fake-blue-center-70-7124,10,path,70,18.18,1024,0.6252,0.5511
blue,0.36860000000000004,0.5189,fake-blue-center-70-7124,11,path,70,20.0,1024,0.6314,0.5189
blue,0.5775,0.58,fake-blue-center-70-7124,0,shot,70,7.27,1024,0.4225,0.58
blue,0.49329999999999996,0.552,fake-blue-center-70-7124,1,shot,70,14.55,1024,0.5067,0.552
blue,0.6392,0.5125,fake-blue-center-70-1970,0,path,70,0.0,1030,0.3608,0.5125
blue,0.6704,0.5014,fake-blue-center-70-1970,1,path,70,1.82,1030,0.3296,0.5014
blue,0.6308,0.5328,fake-blue-center-70-1970,2,path,70,3.64,1030,0.3692,0.5328
blue,0.5743,0.5743,fake-blue-center-70-1970,3,path,70,5.45,1030,0.4257,0.5743
blue,0.6034999999999999,0.5645,fake-blue-center-70-1970,4,path,70,7.27,1030,0.3965,0.5645
blue,0.5244,0.6195,fake-blue-center-70-1970,5,path,70,9.09,1030,0.4756,0.6195
blue,0.5598000000000001,0.5841,fake-blue-center-70-1970,6,path,70,10.91,1030,0.4402,0.5841
blue,0.47430000000000005,0.5994,fake-blue-center-70-1970,7,path,70,12.73,1030,0.5257,0.5994
blue,0.4557,0.5746,fake-blue-center-70-1970,8,path,70,14.55,1030,0.5443,0.5746
blue,0.4757,0.5266,fake-blue-center-70-1970,9,path,70,16.36,1030,0.5243,0.5266
blue,0.45020000000000004,0.5059,fake-blue-center-70-1970,10,path,70,18.18,1030,0.5498,0.5059
blue,0.38680000000000003,0.5079,fake-blue-center-70-1970,11,path,70,20.0,1030,0.6132,0.5079
blue,0.6034999999999999,0.5645,fake-blue-center-70-1970,0,shot,70,7.27,1030,0.3965,0.5645
blue,0.4557,0.5746,fake-blue-center-70-1970,1,shot,70,14.55,1030,0.5443,0.5746
blue,0.6421,0.6808,fake-blue-right-70-4468,0,path,70,0.0,1014,0.3579,0.6808
blue,0.6219,0.7005,fake-blue-right-70-4468,1,path,70,1.82,1014,0.3781,0.7005
blue,0.6098,0.7154,fake-blue-right-70-4468,2,path,70,3.64,1014,0.3902,0.7154
blue,0.6205,0.7166,fake-blue-right-70-4468,3,path,70,5.45,1014,0.3795,0.7166
blue,0.5972999999999999,0.7382,fake-blue-right-70-4468,4,path,70,7.27,1014,0.4027,0.7382
blue,0.5054000000000001,0.8009,fake-blue-right-70-4468,5,path,70,9.09,1014,0.4946,0.8009
blue,0.4991,0.7905,fake-blue-right-70-4468,6,path,70,10.91,1014,0.5009,0.7905
blue,0.5197,0.7422,fake-blue-right-70-4468,7,path,70,12.73,1014,0.4803,0.7422
blue,0.45999999999999996,0.742,fake-blue-right-70-4468,8,path,70,14.55,1014,0.54,0.742
blue,0.48939999999999995,0.6883,fake-blue-right-70-4468,9,path,70,16.36,1014,0.5106,0.6883
blue,0.394,0.7096,fake-blue-right-70-4468,10,path,70,18.18,1014,0.606,0.7096
blue,0.37039999999999995,0.6878,fake-blue-right-70-4468,11,path,70,20.0,1014,0.6296,0.6878
blue,0.5972999999999999,0.7382,fake-blue-right-70-4468,0,shot,70,7.27,1014,0.4027,0.7382
blue,0.45999999999999996,0.742,fake-blue-right-70-4468,1,shot,70,14.55,1014,0.54,0.742
red,0.6973,0.5044,fake-red-center-71-3115,0,path,71,0.0,1018,0.6973,0.5044
red,0.6947,0.5388,fake-red-center-71-3115,1,path,71,1.82,1018,0.6947,0.5388
red,0.6321,0.5373,fake-red-center-71-3115,2,path,71,3.64,1018,0.6321,0.5373
red,0.6221,0.5673,fake-red-center-71-3115,3,path,71,5.45,1018,0.6221,0.5673
red,0.5606,0.5664,fake-red-center-71-3115,4,path,71,7.27,1018,0.5606,0.5664
red,0.5306,0.5844,fake-red-center-71-3115,5,path,71,9.09,1018,0.5306,0.5844
red,0.533,0.6,fake-red-center-71-3115,6,path,71,10.91,1018,0.533,0.6
red,0.5024,0.574,fake-red-center-71-3115,7,path,71,12.73,1018,0.5024,0.574
red,0.4692,0.5464,fake-red-center-71-3115,8,path,71,14.55,1018,0.4692,0.5464
red,0.4737,0.5415,fake-red-center-71-3115,9,path,71,16.36,1018,0.4737,0.5415
red,0.4603,0.5258,fake-red-center-71-3115,10,path,71,18.18,1018,0.4603,0.5258
red,0.3931,0.4778,fake-red-center-71-3115,11,path,71,20.0,1018,0.3931,0.4778
red,0.5606,0.5664,fake-red-center-71-3115,0,shot,71,7.27,1018,0.5606,0.5664
red,0.4692,0.5464,fake-red-center-71-3115,1,shot,71,14.55,1018,0.4692,0.5464
red,0.7324,0.6954,fake-red-right-71-1001,0,path,71,0.0,1008,0.7324,0.6954
red,0.6394,0.6757,fake-red-right-71-1001,1,path,71,1.82,1008,0.6394,0.6757
red,0.6886,0.7412,fake-red-right-71-1001,2,path,71,3.64,1008,0.6886,0.7412
red,0.6209,0.7366,fake-red-right-71-1001,3,path,71,5.45,1008,0.6209,0.7366
red,0.5994,0.7597,fake-red-right-71-1001,4,path,71,7.27,1008,0.5994,0.7597
red,0.5781,0.7829,fake-red-right-71-1001,5,path,71,9.09,1008,0.5781,0.7829
red,0.5427,0.7758,fake-red-right-71-1001,6,path,71,10.91,1008,0.5427,0.7758
red,0.5105,0.7488,fake-red-right-71-1001,7,path,71,12.73,1008,0.5105,0.7488
red,0.4969,0.733,fake-red-right-71-1001,8,path,71,14.55,1008,0.4969,0.733
red,0.4641,0.7058,fake-red-right-71-1001,9,path,71,16.36,1008,0.4641,0.7058
red,0.4168,0.6697,fake-red-right-71-1001,10,path,71,18.18,1008,0.4168,0.6697
red,0.4789,0.6993,fake-red-right-71-1001,11,path,71,20.0,1008,0.4789,0.6993
red,0.5994,0.7597,fake-red-right-71-1001,0,shot,71,7.27,1008,0.5994,0.7597
red,0.4969,0.733,fake-red-right-71-1001,1,shot,71,14.55,1008,0.4969,0.733
red,0.6534,0.478,fake-red-center-71-8378,0,path,71,0.0,1021,0.6534,0.478
red,0.6335,0.5021,fake-red-center-71-8378,1,path,71,1.82,1021,0.6335,0.5021
red,0.5993,0.5176,fake-red-center-71-8378,2,path,71,3.64,1021,0.5993,0.5176
red,0.6294,0.5717,fake-red-center-71-8378,3,path,71,5.45,1021,0.6294,0.5717
red,0.5695,0.5717,fake-red-center-71-8378,4,path,71,7.27,1021,0.5695,0.5717
red,0.6123,0.6334,fake-red-center-71-8378,5,path,71,9.09,1021,0.6123,0.6334
red,0.5052,0.5833,fake-red-center-71-8378,6,path,71,10.91,1021,0.5052,0.5833
red,0.5001,0.5726,fake-red-center-71-8378,7,path,71,12.73,1021,0.5001,0.5726
red,0.5392,0.5884,fake-red-center-71-8378,8,path,71,14.55,1021,0.5392,0.5884
red,0.523,0.571,fake-red-center-71-8378,9,path,71,16.36,1021,0.523,0.571
red,0.4395,0.5133,fake-red-center-71-8378,10,path,71,18.18,1021,0.4395,0.5133
red,0.3891,0.4754,fake-red-center-71-8378,11,path,71,20.0,1021,0.3891,0.4754
red,0.5695,0.5717,fake-red-center-71-8378,0,shot,71,7.27,1021,0.5695,0.5717
red,0.5392,0.5884,fake-red-center-71-8378,1,shot,71,14.55,1021,0.5392,0.5884
blue,0.6517999999999999,0.3349,fake-blue-left-71-7706,0,path,71,0.0,1011,0.3482,0.3349
blue,0.6649,0.3347,fake-blue-left-71-7706,1,path,71,1.82,1011,0.3351,0.3347
blue,0.5796,0.3935,fake-blue-left-71-7706,2,path,71,3.64,1011,0.4204,0.3935
blue,0.558,0.4141,fake-blue-left-71-7706,3,path,71,5.45,1011,0.442,0.4141
blue,0.5811999999999999,0.4078,fake-blue-left-71-7706,4,path,71,7.27,1011,0.4188,0.4078
blue,0.4919,0.469,fake-blue-left-71-7706,5,path,71,9.09,1011,0.5081,0.469
blue,0.5177,0.4394,fake-blue-left-71-7706,6,path,71,10.91,1011,0.4823,0.4394
blue,0.531,0.3954,fake-blue-left-71-7706,7,path,71,12.73,1011,0.469,0.3954
blue,0.4848,0.3871,fake-blue-left-71-7706,8,path,71,14.55,1011,0.5152,0.3871
blue,0.48050000000000004,0.3537,fake-blue-left-71-7706,9,path,71,16.36,1011,0.5195,0.3537
blue,0.45809999999999995,0.3312,fake-blue-left-71-7706,10,path,71,18.18,1011,0.5419,0.3312
blue,0.4495,0.3003,fake-blue-left-71-7706,11,path,71,20.0,1011,0.5505,0.3003
blue,0.5811999999999999,0.4078,fake-blue-left-71-7706,0,shot,71,7.27,1011,0.4188,0.4078
blue,0.4848,0.3871,fake-blue-left-71-7706,1,shot,71,14.55,1011,0.5152,0.3871
blue,0.6848000000000001,0.4851,fake-blue-center-71-3696,0,path,71,0.0,1016,0.3152,0.4851
blue,0.6085,0.5385,fake-blue-center-71-3696,1,path,71,1.82,1016,0.3915,0.5385
blue,0.6287,0.534,fake-blue-center-71-3696,2,path,71,3.64,1016,0.3713,0.534
blue,0.5633,0.5809,fake-blue-center-71-3696,3,path,71,5.45,1016,0.4367,0.5809
blue,0.558,0.5917,fake-blue-center-71-3696,4,path,71,7.27,1016,0.442,0.5917
blue,0.5637,0.596,fake-blue-center-71-3696,5,path,71,9.09,1016,0.4363,0.596
blue,0.5178,0.6093,fake-blue-center-71-3696,6,path,71,10.91,1016,0.4822,0.6093
blue,0.48250000000000004,0.5945,fake-blue-center-71-3696,7,path,71,12.73,1016,0.5175,0.5945
blue,0.4407,0.5836,fake-blue-center-71-3696,8,path,71,14.55,1016,0.5593,0.5836
blue,0.4123,0.5646,fake-blue-center-71-3696,9,path,71,16.36,1016,0.5877,0.5646
blue,0.4033,0.534,fake-blue-center-71-3696,10,path,71,18.18,1016,0.5967,0.534
blue,0.3769,0.5139,fake-blue-center-71-3696,11,path,71,20.0,1016,0.6231,0.5139
blue,0.558,0.5917,fake-blue-center-71-3696,0,shot,71,7.27,1016,0.442,0.5917
blue,0.4407,0.5836,fake-blue-center-71-3696,1,shot,71,14.55,1016,0.5593,0.5836
blue,0.6407,0.6816,fake-blue-right-71-2876,0,path,71,0.0,1034,0.3593,0.6816
blue,0.6033999999999999,0.7116,fake-blue-right-71-2876,1,path,71,1.82,1034,0.3966,0.7116
blue,0.5991,0.7218,fake-blue-right-71-2876,2,path,71,3.64,1034,0.4009,0.7218
blue,0.6139,0.7206,fake-blue-right-71-2876,3,path,71,5.45,1034,0.3861,0.7206
blue,0.5557000000000001,0.7631,fake-blue-right-71-2876,4,path,71,7.27,1034,0.4443,0.7631
blue,0.5849,0.7532,fake-blue-right-71-2876,5,path,71,9.09,1034,0.4151,0.7532
blue,0.49539999999999995,0.7927,fake-blue-right-71-2876,6,path,71,10.91,1034,0.5046,0.7927
blue,0.5387,0.7308,fake-blue-right-71-2876,7,path,71,12.73,1034,0.4613,0.7308
blue,0.47529999999999994,0.7328,fake-blue-right-71-2876,8,path,71,14.55,1034,0.5247,0.7328
blue,0.4263,0.7262,fake-blue-right-71-2876,9,path,71,16.36,1034,0.5737,0.7262
blue,0.38770000000000004,0.7134,fake-blue-right-71-2876,10,path,71,18.18,1034,0.6123,0.7134
blue,0.3871,0.6778,fake-blue-right-71-2876,11,path,71,20.0,1034,0.6129,0.6778
blue,0.5557000000000001,0.7631,fake-blue-right-71-2876,0,shot,71,7.27,1034,0.4443,0.7631
blue,0.47529999999999994,0.7328,fake-blue-right-71-2876,1,shot,71,14.55,1034,0.5247,0.7328
red,0.6488,0.3053,fake-red-left-72-8085,0,path,72,0.0,1025,0.6488,0.3053
red,0.6442,0.3385,fake-red-left-72-8085,1,path,72,1.82,1025,0.6442,0.3385
red,0.5966,0.346,fake-red-left-72-8085,2,path,72,3.64,1025,0.5966,0.346
red,0.599,0.3834,fake-red-left-72-8085,3,path,72,5.45,1025,0.599,0.3834
red,0.6347,0.4408,fake-red-left-72-8085,4,path,72,7.27,1025,0.6347,0.4408
red,0.6104,0.4623,fake-red-left-72-8085,5,path,72,9.09,1025,0.6104,0.4623
red,0.5855,0.4615,fake-red-left-72-8085,6,path,72,10.91,1025,0.5855,0.4615
red,0.5052,0.4057,fake-red-left-72-8085,7,path,72,12.73,1025,0.5052,0.4057
red,0.5365,0.4168,fake-red-left-72-8085,8,path,72,14.55,1025,0.5365,0.4168
red,0.5016,0.3882,fake-red-left-72-8085,9,path,72,16.36,1025,0.5016,0.3882
red,0.4993,0.3792,fake-red-left-72-8085,10,path,72,18.18,1025,0.4993,0.3792
red,0.4522,0.3433,fake-red-left-72-8085,11,path,72,20.0,1025,0.4522,0.3433
red,0.6347,0.4408,fake-red-left-72-8085,0,shot,72,7.27,1025,0.6347,0.4408
red,0.5365,0.4168,fake-red-left-72-8085,1,shot,72,14.55,1025,0.5365,0.4168
red,0.724,0.5204,fake-red-center-72-3345,0,path,72,0.0,1015,0.724,0.5204
red,0.7047,0.5448,fake-red-center-72-3345,1,path,72,1.82,1015,0.7047,0.5448
red,0.6156,0.5274,fake-red-center-72-3345,2,path,72,3.64,1015,0.6156,0.5274
red,0.6177,0.5646,fake-red-center-72-3345,3,path,72,5.45,1015,0.6177,0.5646
red,0.6224,0.6035,fake-red-center-72-3345,4,path,72,7.27,1015,0.6224,0.6035
red,0.535,0.587,fake-red-center-72-3345,5,path,72,9.09,1015,0.535,0.587
red,0.5222,0.5935,fake-red-center-72-3345,6,path,72,10.91,1015,0.5222,0.5935
red,0.5489,0.6019,fake-red-center-72-3345,7,path,72,12.73,1015,0.5489,0.6019
red,0.5422,0.5902,fake-red-center-72-3345,8,path,72,14.55,1015,0.5422,0.5902
red,0.4814,0.5461,fake-red-center-72-3345,9,path,72,16.36,1015,0.4814,0.5461
red,0.4158,0.4991,fake-red-center-72-3345,10,path,72,18.18,1015,0.4158,0.4991
red,0.4574,0.5164,fake-red-center-72-3345,11,path,72,20.0,1015,0.4574,0.5164
red,0.6224,0.6035,fake-red-center-72-3345,0,shot,72,7.27,1015,0.6224,0.6035
red,0.5422,0.5902,fake-red-center-72-3345,1,shot,72,14.55,1015,0.5422,0.5902
red,0.6874,0.6685,fake-red-right-72-1659,0,path,72,0.0,1002,0.6874,0.6685
red,0.6496,0.6817,fake-red-right-72-1659,1,path,72,1.82,1002,0.6496,0.6817
red,0.62,0.7,fake-red-right-72-1659,2,path,72,3.64,1002,0.62,0.7
red,0.6519,0.7551,fake-red-right-72-1659,3,path,72,5.45,1002,0.6519,0.7551
red,0.6158,0.7695,fake-red-right-72-1659,4,path,72,7.27,1002,0.6158,0.7695
red,0.5813,0.7848,fake-red-right-72-1659,5,path,72,9.09,1002,0.5813,0.7848
red,0.5856,0.8016,fake-red-right-72-1659,6,path,72,10.91,1002,0.5856,0.8016
red,0.5549,0.7755,fake-red-right-72-1659,7,path,72,12.73,1002,0.5549,0.7755
red,0.4647,0.7137,fake-red-right-72-1659,8,path,72,14.55,1002,0.4647,0.7137
red,0.4827,0.7169,fake-red-right-72-1659,9,path,72,16.36,1002,0.4827,0.7169
red,0.4745,0.7043,fake-red-right-72-1659,10,path,72,18.18,1002,0.4745,0.7043
red,0.398,0.6508,fake-red-right-72-1659,11,path,72,20.0,1002,0.398,0.6508
red,0.6158,0.7695,fake-red-right-72-1659,0,shot,72,7.27,1002,0.6158,0.7695
red,0.4647,0.7137,fake-red-right-72-1659,1,shot,72,14.55,1002,0.4647,0.7137
blue,0.6621,0.4988,fake-blue-center-72-3814,0,path,72,0.0,1007,0.3379,0.4988
blue,0.6153,0.5345,fake-blue-center-72-3814,1,path,72,1.82,1007,0.3847,0.5345
blue,0.599,0.5519,fake-blue-center-72-3814,2,path,72,3.64,1007,0.401,0.5519
blue,0.5825,0.5694,fake-blue-center-72-3814,3,path,72,5.45,1007,0.4175,0.5694
blue,0.5913999999999999,0.5717,fake-blue-center-72-3814,4,path,72,7.27,1007,0.4086,0.5717
blue,0.5276000000000001,0.6176,fake-blue-center-72-3814,5,path,72,9.09,1007,0.4724,0.6176
blue,0.5427,0.5944,fake-blue-center-72-3814,6,path,72,10.91,1007,0.4573,0.5944
blue,0.5286,0.5668,fake-blue-center-72-3814,7,path,72,12.73,1007,0.4714,0.5668
blue,0.5066999999999999,0.544,fake-blue-center-72-3814,8,path,72,14.55,1007,0.4933,0.544
blue,0.44420000000000004,0.5455,fake-blue-center-72-3814,9,path,72,16.36,1007,0.5558,0.5455
blue,0.38970000000000005,0.5422,fake-blue-center-72-3814,10,path,72,18.18,1007,0.6103,0.5422
blue,0.43420000000000003,0.4795,fake-blue-center-72-3814,11,path,72,20.0,1007,0.5658,0.4795
blue,0.5913999999999999,0.5717,fake-blue-center-72-3814,0,shot,72,7.27,1007,0.4086,0.5717
blue,0.5066999999999999,0.544,fake-blue-center-72-3814,1,shot,72,14.55,1007,0.4933,0.544
blue,0.6648000000000001,0.3271,fake-blue-left-72-7696,0,path,72,0.0,1000,0.3352,0.3271
blue,0.6542,0.3411,fake-blue-left-72-7696,1,path,72,1.82,1000,0.3458,0.3411
blue,0.6471,0.353,fake-blue-left-72-7696,2,path,72,3.64,1000,0.3529,0.353
blue,0.5467,0.4209,fake-blue-left-72-7696,3,path,72,5.45,1000,0.4533,0.4209
blue,0.5915,0.4016,fake-blue-left-72-7696,4,path,72,7.27,1000,0.4085,0.4016
blue,0.5142,0.4557,fake-blue-left-72-7696,5,path,72,9.09,1000,0.4858,0.4557
blue,0.5536,0.4179,fake-blue-left-72-7696,6,path,72,10.91,1000,0.4464,0.4179
blue,0.4798,0.4261,fake-blue-left-72-7696,7,path,72,12.73,1000,0.5202,0.4261
blue,0.4395,0.4143,fake-blue-left-72-7696,8,path,72,14.55,1000,0.5605,0.4143
blue,0.4244,0.3874,fake-blue-left-72-7696,9,path,72,16.36,1000,0.5756,0.3874
blue,0.3901,0.372,fake-blue-left-72-7696,10,path,72,18.18,1000,0.6099,0.372
blue,0.4254,0.3148,fake-blue-left-72-7696,11,path,72,20.0,1000,0.5746,0.3148
blue,0.5915,0.4016,fake-blue-left-72-7696,0,shot,72,7.27,1000,0.4085,0.4016
blue,0.4395,0.4143,fake-blue-left-72-7696,1,shot,72,14.55,1000,0.5605,0.4143
blue,0.6889000000000001,0.3127,fake-blue-left-72-3856,0,path,72,0.0,1009,0.3111,0.3127
blue,0.6837,0.3234,fake-blue-left-72-3856,1,path,72,1.82,1009,0.3163,0.3234
blue,0.5772999999999999,0.3949,fake-blue-left-72-3856,2,path,72,3.64,1009,0.4227,0.3949
blue,0.63,0.3709,fake-blue-left-72-3856,3,path,72,5.45,1009,0.37,0.3709
blue,0.5689,0.4152,fake-blue-left-72-3856,4,path,72,7.27,1009,0.4311,0.4152
blue,0.5525,0.4327,fake-blue-left-72-3856,5,path,72,9.09,1009,0.4475,0.4327
blue,0.5509,0.4195,fake-blue-left-72-3856,6,path,72,10.91,1009,0.4491,0.4195
blue,0.53,0.396,fake-blue-left-72-3856,7,path,72,12.73,1009,0.47,0.396
blue,0.48919999999999997,0.3845,fake-blue-left-72-3856,8,path,72,14.55,1009,0.5108,0.3845
blue,0.4416,0.377,fake-blue-left-72-3856,9,path,72,16.36,1009,0.5584,0.377
blue,0.4488,0.3367,fake-blue-left-72-3856,10,path,72,18.18,1009,0.5512,0.3367
blue,0.3769,0.3438,fake-blue-left-72-3856,11,path,72,20.0,1009,0.6231,0.3438
blue,0.5689,0.4152,fake-blue-left-72-3856,0,shot,72,7.27,1009,0.4311,0.4152
blue,0.48919999999999997,0.3845,fake-blue-left-72-3856,1,shot,72,14.55,1009,0.5108,0.3845
