actionTimelineJson,autoFuelScored,autoPathJson,autoStartingPosition,ballsPerSecondUsed,breakBattery,breakBumper,breakComms,breakMechanism,breakdown,breaksTotal,defenseProvided,defenseReceived,driverQuality,estimatedFuelPoints,estimatedPassBalls,estimatedShotBalls,foulEjectedFuel,foulOther,foulOutOfZoneShooting,foulPinning,foulTowerContactInEndgame,foulsTotal,freeText,hasTimeline,matchNumber,passHeldSec,passIntervalCount,passMedianIntervalSec,passSecAuto,passSecEndgame,passSecShift1,passSecShift2,passSecShift3,passSecShift4,passSecTransition,robotAbsent,robotPosition,scouterName,shootCycleMedianGapSec,shootHeldSec,shootIntervalCount,shootMedianIntervalSec,shootSecAuto,shootSecEndgame,shootSecShift1,shootSecShift2,shootSecShift3,shootSecShift4,shootSecTransition,teamNumber,teleFuelEndgame,teleFuelShift1,teleFuelShift2,teleFuelShift3,teleFuelShift4,teleFuelTotal,teleFuelTransition,teleTower,timelineIntervalCount
"{""totalSec"":163,""autoEndSec"":20,""delayEndSec"":23,""intervals"":[],""_id"":""69bef028da2481531245ba64""}",0.0,{},center,5.0,0.0,0.0,0.0,0.0,None,0.0,None,False,ok,0.0,0.0,0.0,0.0,0.0,0.0,0.0,0.0,0.0,,False,4,0.0,0,0.0,0.0,0.0,0.0,0.0,0.0,0.0,0.0,False,red_3,Randy,0.0,0.0,0,0.0,0.0,0.0,0.0,0.0,0.0,0.0,0.0,3759,0.0,0.0,0.0,0.0,0.0,0.0,0.0,None,0
"{""totalSec"":163,""autoEndSec"":20,""delayEndSec"":23,""intervals"":[{""action"":""shoot"",""startSec"":27.1,""endSec"":27.87,""durationSec"":0.77,""_id"":""69bef7a5b29661d4a880c7fb""},{""action"":""shoot"",""startSec"":33.75,""endSec"":35.3,""durationSec"":1.55,""_id"":""69bef7a5b29661d4a880c7fc""},{""action"":""shoot"",""startSec"":48.55,""endSec"":51.01,""durationSec"":2.46,""_id"":""69bef7a5b29661d4a880c7fd""},{""action"":""shoot"",""startSec"":84.95,""endSec"":86.5,""durationSec"":1.55,""_id"":""69bef7a5b29661d4a880c7fe""},{""action"":""pass"",""startSec"":98.7,""endSec"":99,""durationSec"":0.3,""_id"":""69bef7a5b29661d4a880c7ff""},{""action"":""pass"",""startSec"":137.95,""endSec"":138.56,""durationSec"":0.61,""_id"":""69bef7a5b29661d4a880c800""},{""action"":""pass"",""startSec"":157.8,""endSec"":158.1,""durationSec"":0.3,""_id"":""69bef7a5b29661d4a880c801""}],""_id"":""69bef7a5b29661d4a880c7fa""}",0.0,"{""alliance"":""blue"",""startPosition"":""left"",""points"":[{""x"":0.34,""y"":0.67,""tSec"":9.6,""_id"":""69bef7a5b29661d4a880c7a3""},{""x"":0.3405,""y"":0.6827,""tSec"":9.6,""_id"":""69bef7a5b29661d4a880c7a4""},{""x"":0.3475,""y"":0.6908,""tSec"":9.75,""_id"":""69bef7a5b29661d4a880c7a5""},{""x"":0.359,""y"":0.6993,""tSec"":9.75,""_id"":""69bef7a5b29661d4a880c7a6""},{""x"":0.3773,""y"":0.7127,""tSec"":9.8,""_id"":""69bef7a5b29661d4a880c7a7""},{""x"":0.3933,""y"":0.7247,""tSec"":9.85,""_id"":""69bef7a5b29661d4a880c7a8""},{""x"":0.4167,""y"":0.7394,""tSec"":9.85,""_id"":""69bef7a5b29661d4a880c7a9""},{""x"":0.441,""y"":0.7478,""tSec"":9.9,""_id"":""69bef7a5b29661d4a880c7aa""},{""x"":0.4677,""y"":0.7497,""tSec"":9.95,""_id"":""69bef7a5b29661d4a880c7ab""},{""x"":0.4862,""y"":0.75,""tSec"":9.95,""_id"":""69bef7a5b29661d4a880c7ac""},{""x"":0.5037,""y"":0.75,""tSec"":9.95,""_id"":""69bef7a5b29661d4a880c7ad""},{""x"":0.5211,""y"":0.75,""tSec"":10,""_id"":""69bef7a5b29661d4a880c7ae""},{""x"":0.5317,""y"":0.749,""tSec"":10,""_id"":""69bef7a5b29661d4a880c7af""},{""x"":0.5505,""y"":0.7479,""tSec"":10.05,""_id"":""69bef7a5b29661d4a880c7b0""},{""x"":0.5697,""y"":0.7468,""tSec"":10.05,""_id"":""69bef7a5b29661d4a880c7b1""},{""x"":0.5965,""y"":0.7449,""tSec"":10.1,""_id"":""69bef7a5b29661d4a880c7b2""},{""x"":0.6074,""y"":0.7437,""tSec"":10.1,""_id"":""69bef7a5b29661d4a880c7b3""},{""x"":0.6164,""y"":0.7426,""tSec"":10.1,""_id"":""69bef7a5b29661d4a880c7b4""},{""x"":0.632,""y"":0.7415,""tSec"":10.15,""_id"":""69bef7a5b29661d4a880c7b5""},{""x"":0.6408,""y"":0.7404,""tSec"":10.15,""_id"":""69bef7a5b29661d4a880c7b6""},{""x"":0.6549,""y"":0.7393,""tSec"":10.15,""_id"":""69bef7a5b29661d4a880c7b7""},{""x"":0.6627,""y"":0.7392,""tSec"":10.2,""_id"":""69bef7a5b29661d4a880c7b8""},{""x"":0.6767,""y"":0.7382,""tSec"":10.2,""_id"":""69bef7a5b29661d4a880c7b9""},{""x"":0.6844,""y"":0.7372,""tSec"":10.2,""_id"":""69bef7a5b29661d4a880c7ba""},{""x"":0.6954,""y"":0.7361,""tSec"":10.25,""_id"":""69bef7a5b29661d4a880c7bb""},{""x"":0.7135,""y"":0.735,""tSec"":10.25,""_id"":""69bef7a5b29661d4a880c7bc""},{""x"":0.7295,""y"":0.7321,""tSec"":10.3,""_id"":""69bef7a5b29661d4a880c7bd""},{""x"":0.7414,""y"":0.7289,""tSec"":10.35,""_id"":""69bef7a5b29661d4a880c7be""},{""x"":0.7498,""y"":0.7266,""tSec"":10.35,""_id"":""69bef7a5b29661d4a880c7bf""},{""x"":0.7576,""y"":0.7226,""tSec"":10.4,""_id"":""69bef7a5b29661d4a880c7c0""},{""x"":0.767,""y"":0.7155,""tSec"":10.4,""_id"":""69bef7a5b29661d4a880c7c1""},{""x"":0.7727,""y"":0.709,""tSec"":10.45,""_id"":""69bef7a5b29661d4a880c7c2""},{""x"":0.7765,""y"":0.7015,""tSec"":10.45,""_id"":""69bef7a5b29661d4a880c7c3""},{""x"":0.78,""y"":0.6931,""tSec"":10.5,""_id"":""69bef7a5b29661d4a880c7c4""},{""x"":0.7835,""y"":0.6845,""tSec"":10.5,""_id"":""69bef7a5b29661d4a880c7c5""},{""x"":0.7854,""y"":0.6759,""tSec"":10.55,""_id"":""69bef7a5b29661d4a880c7c6""},{""x"":0.7857,""y"":0.6664,""tSec"":10.6,""_id"":""69bef7a5b29661d4a880c7c7""},{""x"":0.7865,""y"":0.6577,""tSec"":10.65,""_id"":""69bef7a5b29661d4a880c7c8""},{""x"":0.785,""y"":0.6471,""tSec"":10.7,""_id"":""69bef7a5b29661d4a880c7c9""},{""x"":0.7802,""y"":0.6402,""tSec"":10.8,""_id"":""69bef7a5b29661d4a880c7ca""},{""x"":0.7759,""y"":0.6337,""tSec"":10.85,""_id"":""69bef7a5b29661d4a880c7cb""},{""x"":0.77,""y"":0.6291,""tSec"":10.95,""_id"":""69bef7a5b29661d4a880c7cc""},{""x"":0.7616,""y"":0.6277,""tSec"":11,""_id"":""69bef7a5b29661d4a880c7cd""},{""x"":0.7545,""y"":0.6266,""tSec"":11.05,""_id"":""69bef7a5b29661d4a880c7ce""},{""x"":0.7467,""y"":0.6264,""tSec"":11.15,""_id"":""69bef7a5b29661d4a880c7cf""},{""x"":0.7397,""y"":0.6264,""tSec"":11.2,""_id"":""69bef7a5b29661d4a880c7d0""},{""x"":0.7312,""y"":0.6292,""tSec"":11.3,""_id"":""69bef7a5b29661d4a880c7d1""},{""x"":0.7217,""y"":0.6333,""tSec"":11.35,""_id"":""69bef7a5b29661d4a880c7d2""},{""x"":0.7129,""y"":0.6366,""tSec"":11.4,""_id"":""69bef7a5b29661d4a880c7d3""},{""x"":0.7057,""y"":0.639,""tSec"":11.4,""_id"":""69bef7a5b29661d4a880c7d4""},{""x"":0.6987,""y"":0.6421,""tSec"":11.45,""_id"":""69bef7a5b29661d4a880c7d5""},{""x"":0.691,""y"":0.6453,""tSec"":11.5,""_id"":""69bef7a5b29661d4a880c7d6""},{""x"":0.6808,""y"":0.6514,""tSec"":11.55,""_id"":""69bef7a5b29661d4a880c7d7""},{""x"":0.6727,""y"":0.6559,""tSec"":11.55,""_id"":""69bef7a5b29661d4a880c7d8""},{""x"":0.6625,""y"":0.6592,""tSec"":11.6,""_id"":""69bef7a5b29661d4a880c7d9""},{""x"":0.656,""y"":0.6634,""tSec"":11.6,""_id"":""69bef7a5b29661d4a880c7da""},{""x"":0.649,""y"":0.6667,""tSec"":11.65,""_id"":""69bef7a5b29661d4a880c7db""},{""x"":0.6383,""y"":0.6719,""tSec"":11.65,""_id"":""69bef7a5b29661d4a880c7dc""},{""x"":0.6292,""y"":0.6753,""tSec"":11.7,""_id"":""69bef7a5b29661d4a880c7dd""},{""x"":0.6205,""y"":0.6786,""tSec"":11.7,""_id"":""69bef7a5b29661d4a880c7de""},{""x"":0.6087,""y"":0.6819,""tSec"":11.75,""_id"":""69bef7a5b29661d4a880c7df""},{""x"":0.5882,""y"":0.6851,""tSec"":11.75,""_id"":""69bef7a5b29661d4a880c7e0""},{""x"":0.5796,""y"":0.6855,""tSec"":11.8,""_id"":""69bef7a5b29661d4a880c7e1""},{""x"":0.5647,""y"":0.6855,""tSec"":11.8,""_id"":""69bef7a5b29661d4a880c7e2""},{""x"":0.5568,""y"":0.6855,""tSec"":11.8,""_id"":""69bef7a5b29661d4a880c7e3""},{""x"":0.5444,""y"":0.6855,""tSec"":11.8,""_id"":""69bef7a5b29661d4a880c7e4""},{""x"":0.533,""y"":0.6855,""tSec"":11.85,""_id"":""69bef7a5b29661d4a880c7e5""},{""x"":0.5224,""y"":0.6855,""tSec"":11.9,""_id"":""69bef7a5b29661d4a880c7e6""},{""x"":0.5119,""y"":0.6855,""tSec"":11.9,""_id"":""69bef7a5b29661d4a880c7e7""},{""x"":0.4976,""y"":0.6855,""tSec"":11.95,""_id"":""69bef7a5b29661d4a880c7e8""},{""x"":0.4836,""y"":0.6865,""tSec"":11.95,""_id"":""69bef7a5b29661d4a880c7e9""},{""x"":0.4712,""y"":0.6875,""tSec"":12,""_id"":""69bef7a5b29661d4a880c7ea""},{""x"":0.4606,""y"":0.6886,""tSec"":12.05,""_id"":""69bef7a5b29661d4a880c7eb""},{""x"":0.45,""y"":0.6897,""tSec"":12.05,""_id"":""69bef7a5b29661d4a880c7ec""},{""x"":0.4403,""y"":0.6898,""tSec"":12.1,""_id"":""69bef7a5b29661d4a880c7ed""},{""x"":0.4315,""y"":0.6898,""tSec"":12.15,""_id"":""69bef7a5b29661d4a880c7ee""},{""x"":0.4228,""y"":0.6898,""tSec"":12.15,""_id"":""69bef7a5b29661d4a880c7ef""},{""x"":0.4149,""y"":0.6898,""tSec"":12.2,""_id"":""69bef7a5b29661d4a880c7f0""},{""x"":0.407,""y"":0.6898,""tSec"":12.25,""_id"":""69bef7a5b29661d4a880c7f1""},{""x"":0.3984,""y"":0.6898,""tSec"":12.3,""_id"":""69bef7a5b29661d4a880c7f2""},{""x"":0.3889,""y"":0.6898,""tSec"":12.35,""_id"":""69bef7a5b29661d4a880c7f3""},{""x"":0.3817,""y"":0.6898,""tSec"":12.4,""_id"":""69bef7a5b29661d4a880c7f4""},{""x"":0.3739,""y"":0.6898,""tSec"":12.45,""_id"":""69bef7a5b29661d4a880c7f5""},{""x"":0.3814,""y"":0.6898,""tSec"":13.15,""_id"":""69bef7a5b29661d4a880c7f6""},{""x"":0.3891,""y"":0.6898,""tSec"":13.25,""_id"":""69bef7a5b29661d4a880c7f7""},{""x"":0.3962,""y"":0.6916,""tSec"":13.3,""_id"":""69bef7a5b29661d4a880c7f8""},{""x"":0.404,""y"":0.6928,""tSec"":13.4,""_id"":""69bef7a5b29661d4a880c7f9""}],""shotMarkers"":[],""fingerprint"":""163b015f"",""_id"":""69bef7a5b29661d4a880c7a2""}",left,5.0,0.0,0.0,0.0,1.0,mechanism,1.0,None,False,good,31.65,6.05,31.65,0.0,0.0,0.0,0.0,0.0,0.0,The team stopped shooting after like shift 2,True,8,1.21,3,0.3,0.0,0.91,0.0,0.0,0.3,0.0,0.0,False,blue_1,Miles,14.8,6.33,4,1.55,0.0,0.0,4.27,0.51,1.55,0.0,0.0,9408,0.0,21.35,2.55,7.75,0.0,31.650000000000002,0.0,None,7
"{""totalSec"":163,""autoEndSec"":20,""delayEndSec"":23,""intervals"":[{""action"":""shoot"",""startSec"":28.17,""endSec"":28.37,""durationSec"":0.2,""_id"":""69beffcfb29661d4a880c81c""},{""action"":""shoot"",""startSec"":31.02,""endSec"":31.97,""durationSec"":0.95,""_id"":""69beffcfb29661d4a880c81d""}],""_id"":""69beffcfb29661d4a880c81b""}",0.0,{},,5.0,0.0,0.0,0.0,0.0,None,0.0,some,False,ok,5.75,0.0,5.75,0.0,0.0,0.0,0.0,0.0,0.0,"They weren't able to shoot, but they gave the human player balls.",True,14,0.0,0,0.0,0.0,0.0,0.0,0.0,0.0,0.0,0.0,False,red_3,Randy,2.85,1.15,2,0.575,0.0,0.0,1.15,0.0,0.0,0.0,0.0,5857,0.0,5.75,0.0,0.0,0.0,5.75,0.0,None,2
"{""totalSec"":163,""autoEndSec"":20,""delayEndSec"":23,""intervals"":[{""action"":""shoot"",""startSec"":28.51,""endSec"":28.63,""durationSec"":0.12,""_id"":""69beffe1b29661d4a880c885""},{""action"":""shoot"",""startSec"":30.31,""endSec"":34.3,""durationSec"":3.99,""_id"":""69beffe1b29661d4a880c886""},{""action"":""shoot"",""startSec"":35.51,""endSec"":38.12,""durationSec"":2.61,""_id"":""69beffe1b29661d4a880c887""},{""action"":""shoot"",""startSec"":126.87,""endSec"":127.02,""durationSec"":0.15,""_id"":""69beffe1b29661d4a880c888""}],""_id"":""69beffe1b29661d4a880c884""}",0.0,"{""alliance"":""red"",""startPosition"":""right"",""points"":[{""x"":0.69,""y"":0.67,""tSec"":12.55,""_id"":""69beffe1b29661d4a880c823""},{""x"":0.6914,""y"":0.6925,""tSec"":12.55,""_id"":""69beffe1b29661d4a880c824""},{""x"":0.6647,""y"":0.7086,""tSec"":14.2,""_id"":""69beffe1b29661d4a880c825""},{""x"":0.6577,""y"":0.7105,""tSec"":14.2,""_id"":""69beffe1b29661d4a880c826""},{""x"":0.6507,""y"":0.7116,""tSec"":14.25,""_id"":""69beffe1b29661d4a880c827""},{""x"":0.6001,""y"":0.7299,""tSec"":14.3,""_id"":""69beffe1b29661d4a880c828""},{""x"":0.581,""y"":0.7378,""tSec"":14.3,""_id"":""69beffe1b29661d4a880c829""},{""x"":0.5542,""y"":0.7474,""tSec"":14.35,""_id"":""69beffe1b29661d4a880c82a""},{""x"":0.5111,""y"":0.7495,""tSec"":14.4,""_id"":""69beffe1b29661d4a880c82b""},{""x"":0.4814,""y"":0.7459,""tSec"":14.45,""_id"":""69beffe1b29661d4a880c82c""},{""x"":0.4686,""y"":0.7445,""tSec"":14.45,""_id"":""69beffe1b29661d4a880c82d""},{""x"":0.4594,""y"":0.7443,""tSec"":14.55,""_id"":""69beffe1b29661d4a880c82e""},{""x"":0.4476,""y"":0.7415,""tSec"":14.6,""_id"":""69beffe1b29661d4a880c82f""},{""x"":0.4393,""y"":0.7374,""tSec"":14.6,""_id"":""69beffe1b29661d4a880c830""},{""x"":0.4229,""y"":0.7273,""tSec"":14.6,""_id"":""69beffe1b29661d4a880c831""},{""x"":0.4141,""y"":0.7223,""tSec"":14.6,""_id"":""69beffe1b29661d4a880c832""},{""x"":0.4038,""y"":0.7169,""tSec"":14.65,""_id"":""69beffe1b29661d4a880c833""},{""x"":0.3965,""y"":0.7124,""tSec"":14.7,""_id"":""69beffe1b29661d4a880c834""},{""x"":0.3903,""y"":0.7071,""tSec"":14.75,""_id"":""69beffe1b29661d4a880c835""},{""x"":0.3826,""y"":0.7065,""tSec"":14.9,""_id"":""69beffe1b29661d4a880c836""},{""x"":0.3756,""y"":0.7064,""tSec"":15.1,""_id"":""69beffe1b29661d4a880c837""},{""x"":0.3678,""y"":0.7103,""tSec"":15.7,""_id"":""69beffe1b29661d4a880c838""},{""x"":0.3615,""y"":0.7136,""tSec"":15.8,""_id"":""69beffe1b29661d4a880c839""},{""x"":0.3531,""y"":0.7159,""tSec"":15.85,""_id"":""69beffe1b29661d4a880c83a""},{""x"":0.3459,""y"":0.7162,""tSec"":15.95,""_id"":""69beffe1b29661d4a880c83b""},{""x"":0.3374,""y"":0.7172,""tSec"":16,""_id"":""69beffe1b29661d4a880c83c""},{""x"":0.3303,""y"":0.7173,""tSec"":16,""_id"":""69beffe1b29661d4a880c83d""},{""x"":0.3233,""y"":0.7144,""tSec"":16.05,""_id"":""69beffe1b29661d4a880c83e""},{""x"":0.3156,""y"":0.7103,""tSec"":16.1,""_id"":""69beffe1b29661d4a880c83f""},{""x"":0.3085,""y"":0.7041,""tSec"":16.15,""_id"":""69beffe1b29661d4a880c840""},{""x"":0.303,""y"":0.6986,""tSec"":16.2,""_id"":""69beffe1b29661d4a880c841""},{""x"":0.2993,""y"":0.6922,""tSec"":16.25,""_id"":""69beffe1b29661d4a880c842""},{""x"":0.295,""y"":0.6847,""tSec"":16.3,""_id"":""69beffe1b29661d4a880c843""},{""x"":0.2899,""y"":0.6762,""tSec"":16.35,""_id"":""69beffe1b29661d4a880c844""},{""x"":0.2862,""y"":0.6675,""tSec"":16.45,""_id"":""69beffe1b29661d4a880c845""},{""x"":0.2827,""y"":0.6569,""tSec"":16.5,""_id"":""69beffe1b29661d4a880c846""},{""x"":0.2816,""y"":0.648,""tSec"":16.55,""_id"":""69beffe1b29661d4a880c847""},{""x"":0.2814,""y"":0.6394,""tSec"":16.6,""_id"":""69beffe1b29661d4a880c848""},{""x"":0.2814,""y"":0.6269,""tSec"":16.65,""_id"":""69beffe1b29661d4a880c849""},{""x"":0.279,""y"":0.6168,""tSec"":16.65,""_id"":""69beffe1b29661d4a880c84a""},{""x"":0.2764,""y"":0.607,""tSec"":16.7,""_id"":""69beffe1b29661d4a880c84b""},{""x"":0.2731,""y"":0.5982,""tSec"":16.75,""_id"":""69beffe1b29661d4a880c84c""},{""x"":0.2697,""y"":0.5895,""tSec"":16.75,""_id"":""69beffe1b29661d4a880c84d""},{""x"":0.2662,""y"":0.5809,""tSec"":16.8,""_id"":""69beffe1b29661d4a880c84e""},{""x"":0.2635,""y"":0.5722,""tSec"":16.85,""_id"":""69beffe1b29661d4a880c84f""},{""x"":0.2601,""y"":0.5635,""tSec"":16.9,""_id"":""69beffe1b29661d4a880c850""},{""x"":0.2581,""y"":0.5567,""tSec"":16.9,""_id"":""69beffe1b29661d4a880c851""},{""x"":0.2571,""y"":0.5474,""tSec"":17,""_id"":""69beffe1b29661d4a880c852""},{""x"":0.2554,""y"":0.5386,""tSec"":17.05,""_id"":""69beffe1b29661d4a880c853""},{""x"":0.2537,""y"":0.5299,""tSec"":17.1,""_id"":""69beffe1b29661d4a880c854""},{""x"":0.2519,""y"":0.5222,""tSec"":17.15,""_id"":""69beffe1b29661d4a880c855""},{""x"":0.251,""y"":0.5146,""tSec"":17.2,""_id"":""69beffe1b29661d4a880c856""},{""x"":0.2501,""y"":0.507,""tSec"":17.3,""_id"":""69beffe1b29661d4a880c857""},{""x"":0.2485,""y"":0.4985,""tSec"":17.4,""_id"":""69beffe1b29661d4a880c858""},{""x"":0.2467,""y"":0.4908,""tSec"":17.55,""_id"":""69beffe1b29661d4a880c859""},{""x"":0.2496,""y"":0.4975,""tSec"":17.9,""_id"":""69beffe1b29661d4a880c85a""},{""x"":0.253,""y"":0.504,""tSec"":18.05,""_id"":""69beffe1b29661d4a880c85b""},{""x"":0.2557,""y"":0.5105,""tSec"":18.05,""_id"":""69beffe1b29661d4a880c85c""},{""x"":0.2591,""y"":0.5227,""tSec"":18.05,""_id"":""69beffe1b29661d4a880c85d""},{""x"":0.2657,""y"":0.5423,""tSec"":18.1,""_id"":""69beffe1b29661d4a880c85e""},{""x"":0.2764,""y"":0.5666,""tSec"":18.1,""_id"":""69beffe1b29661d4a880c85f""},{""x"":0.29,""y"":0.5904,""tSec"":18.15,""_id"":""69beffe1b29661d4a880c860""},{""x"":0.3054,""y"":0.6134,""tSec"":18.2,""_id"":""69beffe1b29661d4a880c861""},{""x"":0.3372,""y"":0.6476,""tSec"":18.2,""_id"":""69beffe1b29661d4a880c862""},{""x"":0.3962,""y"":0.6869,""tSec"":18.25,""_id"":""69beffe1b29661d4a880c863""},{""x"":0.4224,""y"":0.7031,""tSec"":18.3,""_id"":""69beffe1b29661d4a880c864""},{""x"":0.4332,""y"":0.7089,""tSec"":18.35,""_id"":""69beffe1b29661d4a880c865""},{""x"":0.446,""y"":0.7124,""tSec"":18.4,""_id"":""69beffe1b29661d4a880c866""},{""x"":0.4552,""y"":0.7138,""tSec"":18.4,""_id"":""69beffe1b29661d4a880c867""},{""x"":0.4624,""y"":0.714,""tSec"":18.45,""_id"":""69beffe1b29661d4a880c868""},{""x"":0.4725,""y"":0.714,""tSec"":18.5,""_id"":""69beffe1b29661d4a880c869""},{""x"":0.4814,""y"":0.714,""tSec"":18.55,""_id"":""69beffe1b29661d4a880c86a""},{""x"":0.4893,""y"":0.715,""tSec"":18.55,""_id"":""69beffe1b29661d4a880c86b""},{""x"":0.4972,""y"":0.7151,""tSec"":18.6,""_id"":""69beffe1b29661d4a880c86c""},{""x"":0.5073,""y"":0.7151,""tSec"":18.65,""_id"":""69beffe1b29661d4a880c86d""},{""x"":0.5147,""y"":0.7151,""tSec"":18.75,""_id"":""69beffe1b29661d4a880c86e""},{""x"":0.5224,""y"":0.7151,""tSec"":18.85,""_id"":""69beffe1b29661d4a880c86f""},{""x"":0.5295,""y"":0.7151,""tSec"":18.95,""_id"":""69beffe1b29661d4a880c870""},{""x"":0.5365,""y"":0.7151,""tSec"":19,""_id"":""69beffe1b29661d4a880c871""},{""x"":0.545,""y"":0.7151,""tSec"":19.05,""_id"":""69beffe1b29661d4a880c872""},{""x"":0.5537,""y"":0.7151,""tSec"":19.15,""_id"":""69beffe1b29661d4a880c873""},{""x"":0.5624,""y"":0.7179,""tSec"":19.2,""_id"":""69beffe1b29661d4a880c874""},{""x"":0.575,""y"":0.7212,""tSec"":19.25,""_id"":""69beffe1b29661d4a880c875""},{""x"":0.5872,""y"":0.7235,""tSec"":19.3,""_id"":""69beffe1b29661d4a880c876""},{""x"":0.5971,""y"":0.7238,""tSec"":19.3,""_id"":""69beffe1b29661d4a880c877""},{""x"":0.6052,""y"":0.7238,""tSec"":19.35,""_id"":""69beffe1b29661d4a880c878""},{""x"":0.613,""y"":0.7238,""tSec"":19.4,""_id"":""69beffe1b29661d4a880c879""},{""x"":0.6232,""y"":0.7219,""tSec"":19.45,""_id"":""69beffe1b29661d4a880c87a""},{""x"":0.6305,""y"":0.7197,""tSec"":19.5,""_id"":""69beffe1b29661d4a880c87b""},{""x"":0.6375,""y"":0.7176,""tSec"":19.55,""_id"":""69beffe1b29661d4a880c87c""},{""x"":0.6445,""y"":0.7154,""tSec"":19.6,""_id"":""69beffe1b29661d4a880c87d""},{""x"":0.6515,""y"":0.7142,""tSec"":19.65,""_id"":""69beffe1b29661d4a880c87e""},{""x"":0.6585,""y"":0.7121,""tSec"":19.7,""_id"":""69beffe1b29661d4a880c87f""},{""x"":0.6655,""y"":0.711,""tSec"":19.75,""_id"":""69beffe1b29661d4a880c880""},{""x"":0.6732,""y"":0.7089,""tSec"":19.8,""_id"":""69beffe1b29661d4a880c881""},{""x"":0.6802,""y"":0.7057,""tSec"":19.9,""_id"":""69beffe1b29661d4a880c882""},{""x"":0.6864,""y"":0.7006,""tSec"":19.95,""_id"":""69beffe1b29661d4a880c883""}],""shotMarkers"":[],""fingerprint"":""53c49659"",""_id"":""69beffe1b29661d4a880c822""}",right,5.0,0.0,0.0,0.0,0.0,None,0.0,some,False,ok,34.35,0.0,34.35,0.0,0.0,0.0,0.0,0.0,0.0,,True,14,0.0,0,0.0,0.0,0.0,0.0,0.0,0.0,0.0,0.0,False,red_2,Romeo,5.2,6.87,4,1.38,0.0,0.0,6.72,0.0,0.0,0.15,0.0,1159,0.0,33.6,0.0,0.0,0.75,34.35,0.0,None,4
"{""totalSec"":163,""autoEndSec"":20,""delayEndSec"":23,""intervals"":[],""_id"":""69bf0946b29661d4a880c8a1""}",0.0,{},,5.0,0.0,0.0,0.0,0.0,None,0.0,None,False,ok,0.0,0.0,0.0,0.0,0.0,0.0,0.0,0.0,0.0,,False,15,0.0,0,0.0,0.0,0.0,0.0,0.0,0.0,0.0,0.0,False,red_3,Bradley,0.0,0.0,0,0.0,0.0,0.0,0.0,0.0,0.0,0.0,0.0,5124,0.0,0.0,0.0,0.0,0.0,0.0,0.0,None,0
"{""totalSec"":163,""autoEndSec"":20,""delayEndSec"":23,""intervals"":[{""action"":""shoot"",""startSec"":28.23,""endSec"":29.63,""durationSec"":1.4,""_id"":""69bf0967b29661d4a880c8a8""},{""action"":""shoot"",""startSec"":86.8,""endSec"":88.15,""durationSec"":1.35,""_id"":""69bf0967b29661d4a880c8a9""},{""action"":""shoot"",""startSec"":95.49,""endSec"":96.27,""durationSec"":0.78,""_id"":""69bf0967b29661d4a880c8aa""},{""action"":""shoot"",""startSec"":134.91,""endSec"":135.66,""durationSec"":0.75,""_id"":""69bf0967b29661d4a880c8ab""},{""action"":""shoot"",""startSec"":146.66,""endSec"":147.41,""durationSec"":0.75,""_id"":""69bf0967b29661d4a880c8ac""}],""_id"":""69bf0967b29661d4a880c8a7""}",0.0,{},,5.0,0.0,0.0,0.0,0.0,None,0.0,some,False,ok,25.15,0.0,25.15,0.0,0.0,0.0,0.0,0.0,0.0,,True,15,0.0,0,0.0,0.0,0.0,0.0,0.0,0.0,0.0,0.0,False,blue_2,Awishkar,25.585,5.03,5,0.78,0.0,1.5,1.4,0.0,2.13,0.0,0.0,1515,7.5,7.0,0.0,10.65,0.0,25.15,0.0,None,5
"{""totalSec"":163,""autoEndSec"":20,""delayEndSec"":23,""intervals"":[{""action"":""shoot"",""startSec"":10.1,""endSec"":12.06,""durationSec"":1.96,""_id"":""69bf0992b29661d4a880c8ba""},{""action"":""shoot"",""startSec"":15.1,""endSec"":15.82,""durationSec"":0.72,""_id"":""69bf0992b29661d4a880c8bb""},{""action"":""shoot"",""startSec"":19.05,""endSec"":19.55,""durationSec"":0.5,""_id"":""69bf0992b29661d4a880c8bc""},{""action"":""pass"",""startSec"":19.6,""endSec"":20.62,""durationSec"":1.02,""_id"":""69bf0992b29661d4a880c8bd""},{""action"":""pass"",""startSec"":20.95,""endSec"":21.23,""durationSec"":0.28,""_id"":""69bf0992b29661d4a880c8be""},{""action"":""shoot"",""startSec"":21.85,""endSec"":22.55,""durationSec"":0.7,""_id"":""69bf0992b29661d4a880c8bf""},{""action"":""shoot"",""startSec"":32.2,""endSec"":33.62,""durationSec"":1.42,""_id"":""69bf0992b29661d4a880c8c0""},{""action"":""shoot"",""startSec"":33.95,""endSec"":36.75,""durationSec"":2.8,""_id"":""69bf0992b29661d4a880c8c1""},{""action"":""shoot"",""startSec"":49.65,""endSec"":53.48,""durationSec"":3.83,""_id"":""69bf0992b29661d4a880c8c2""},{""action"":""shoot"",""startSec"":54.45,""endSec"":54.93,""durationSec"":0.48,""_id"":""69bf0992b29661d4a880c8c3""},{""action"":""shoot"",""startSec"":55.65,""endSec"":58.2,""durationSec"":2.55,""_id"":""69bf0992b29661d4a880c8c4""},{""action"":""shoot"",""startSec"":68.3,""endSec"":69.36,""durationSec"":1.06,""_id"":""69bf0992b29661d4a880c8c5""},{""action"":""shoot"",""startSec"":71.65,""endSec"":72.85,""durationSec"":1.2,""_id"":""69bf0992b29661d4a880c8c6""},{""action"":""shoot"",""startSec"":86.1,""endSec"":86.76,""durationSec"":0.66,""_id"":""69bf0992b29661d4a880c8c7""}],""_id"":""69bf0992b29661d4a880c8b9""}",15.9,{},,5.0,0.0,0.0,0.0,0.0,None,0.0,some,False,good,89.4,6.5,89.4,0.0,0.0,0.0,0.0,0.0,0.0,,True,15,1.3,2,0.65,0.4,0.0,0.0,0.0,0.0,0.0,0.9,False,red_1,Mmasi,4.8,17.88,12,1.13,3.18,0.0,5.07,8.27,0.66,0.0,0.7,5089,0.0,25.35,41.35,3.3,0.0,73.5,3.5,None,14
"{""totalSec"":163,""autoEndSec"":20,""delayEndSec"":23,""intervals"":[],""_id"":""69bf09b6b29661d4a880c8d0""}",0.0,{},center,5.0,0.0,0.0,0.0,0.0,None,0.0,None,False,good,0.0,0.0,0.0,0.0,0.0,0.0,0.0,0.0,0.0,,False,15,0.0,0,0.0,0.0,0.0,0.0,0.0,0.0,0.0,0.0,False,red_2,Kinnon,0.0,0.0,0,0.0,0.0,0.0,0.0,0.0,0.0,0.0,0.0,4201,0.0,0.0,0.0,0.0,0.0,0.0,0.0,None,0
"{""totalSec"":163,""autoEndSec"":20,""delayEndSec"":23,""intervals"":[{""action"":""pass"",""startSec"":90.29,""endSec"":92.29,""durationSec"":2,""_id"":""69bf0bfcb29661d4a880c8df""},{""action"":""pass"",""startSec"":106.89,""endSec"":108.69,""durationSec"":1.8,""_id"":""69bf0bfcb29661d4a880c8e0""},{""action"":""shoot"",""startSec"":131.54,""endSec"":131.86,""durationSec"":0.32,""_id"":""69bf0bfcb29661d4a880c8e1""}],""_id"":""69bf0bfcb29661d4a880c8de""}",0.0,{},,5.0,0.0,0.0,0.0,0.0,None,0.0,some,False,ok,1.6,19.0,1.6,0.0,0.0,0.0,0.0,0.0,0.0,,True,16,3.8,2,1.9,0.0,0.0,0.0,0.0,2.0,1.8,0.0,False,blue_2,Awishkar,0.0,0.32,1,0.32,0.0,0.0,0.0,0.0,0.0,0.32,0.0,6220,0.0,0.0,0.0,0.0,1.6,1.6,0.0,None,3
"{""totalSec"":163,""autoEndSec"":20,""delayEndSec"":23,""intervals"":[],""_id"":""69bf0c1db29661d4a880c8eb""}",0.0,{},,5.0,0.0,0.0,0.0,0.0,None,0.0,None,False,ok,0.0,0.0,0.0,0.0,0.0,0.0,0.0,0.0,0.0,,False,16,0.0,0,0.0,0.0,0.0,0.0,0.0,0.0,0.0,0.0,True,red_1,Mmasi,0.0,0.0,0,0.0,0.0,0.0,0.0,0.0,0.0,0.0,0.0,5835,0.0,0.0,0.0,0.0,0.0,0.0,0.0,None,0
"{""totalSec"":163,""autoEndSec"":20,""delayEndSec"":23,""intervals"":[{""action"":""shoot"",""startSec"":66.2,""endSec"":66.3,""durationSec"":0.1,""_id"":""69bf0c71b29661d4a880c9be""},{""action"":""shoot"",""startSec"":86.16,""endSec"":86.24,""durationSec"":0.08,""_id"":""69bf0c71b29661d4a880c9bf""},{""action"":""shoot"",""startSec"":87.46,""endSec"":88.01,""durationSec"":0.55,""_id"":""69bf0c71b29661d4a880c9c0""},{""action"":""shoot"",""startSec"":88.86,""endSec"":90.53,""durationSec"":1.67,""_id"":""69bf0c71b29661d4a880c9c1""},{""action"":""shoot"",""startSec"":91.86,""endSec"":92.21,""durationSec"":0.35,""_id"":""69bf0c71b29661d4a880c9c2""},{""action"":""pass"",""startSec"":93.31,""endSec"":93.47,""durationSec"":0.16,""_id"":""69bf0c71b29661d4a880c9c3""},{""action"":""shoot"",""startSec"":106.96,""endSec"":107.06,""durationSec"":0.1,""_id"":""69bf0c71b29661d4a880c9c4""},{""action"":""shoot"",""startSec"":107.91,""endSec"":109.22,""durationSec"":1.31,""_id"":""69bf0c71b29661d4a880c9c5""},{""action"":""shoot"",""startSec"":119.16,""endSec"":121.77,""durationSec"":2.61,""_id"":""69bf0c71b29661d4a880c9c6""},{""action"":""shoot"",""startSec"":130.91,""endSec"":134.17,""durationSec"":3.26,""_id"":""69bf0c71b29661d4a880c9c7""},{""action"":""shoot"",""startSec"":143.81,""endSec"":144.51,""durationSec"":0.7,""_id"":""69bf0c71b29661d4a880c9c8""},{""action"":""shoot"",""startSec"":145.36,""endSec"":145.44,""durationSec"":0.08,""_id"":""69bf0c71b29661d4a880c9c9""},{""action"":""shoot"",""startSec"":146.31,""endSec"":146.66,""durationSec"":0.35,""_id"":""69bf0c71b29661d4a880c9ca""},{""action"":""shoot"",""startSec"":149.31,""endSec"":149.71,""durationSec"":0.4,""_id"":""69bf0c71b29661d4a880c9cb""},{""action"":""shoot"",""startSec"":150.41,""endSec"":151.62,""durationSec"":1.21,""_id"":""69bf0c71b29661d4a880c9cc""},{""action"":""shoot"",""startSec"":161.26,""endSec"":161.91,""durationSec"":0.65,""_id"":""69bf0c71b29661d4a880c9cd""}],""_id"":""69bf0c71b29661d4a880c9bd""}",0.0,"{""alliance"":""red"",""startPosition"":""center"",""points"":[{""x"":0.69,""y"":0.5,""tSec"":0.9,""_id"":""69bf0c71b29661d4a880c8fe""},{""x"":0.6845,""y"":0.51,""tSec"":0.9,""_id"":""69bf0c71b29661d4a880c8ff""},{""x"":0.6824,""y"":0.5303,""tSec"":1.8,""_id"":""69bf0c71b29661d4a880c900""},{""x"":0.6813,""y"":0.5395,""tSec"":1.9,""_id"":""69bf0c71b29661d4a880c901""},{""x"":0.6812,""y"":0.5481,""tSec"":1.9,""_id"":""69bf0c71b29661d4a880c902""},{""x"":0.6812,""y"":0.5568,""tSec"":1.9,""_id"":""69bf0c71b29661d4a880c903""},{""x"":0.6804,""y"":0.5664,""tSec"":1.9,""_id"":""69bf0c71b29661d4a880c904""},{""x"":0.6795,""y"":0.5752,""tSec"":1.9,""_id"":""69bf0c71b29661d4a880c905""},{""x"":0.6779,""y"":0.5906,""tSec"":1.95,""_id"":""69bf0c71b29661d4a880c906""},{""x"":0.6769,""y"":0.5982,""tSec"":1.95,""_id"":""69bf0c71b29661d4a880c907""},{""x"":0.673,""y"":0.6181,""tSec"":2,""_id"":""69bf0c71b29661d4a880c908""},{""x"":0.6703,""y"":0.6319,""tSec"":2.05,""_id"":""69bf0c71b29661d4a880c909""},{""x"":0.6676,""y"":0.646,""tSec"":2.05,""_id"":""69bf0c71b29661d4a880c90a""},{""x"":0.665,""y"":0.6544,""tSec"":2.1,""_id"":""69bf0c71b29661d4a880c90b""},{""x"":0.6616,""y"":0.6611,""tSec"":2.25,""_id"":""69bf0c71b29661d4a880c90c""},{""x"":0.6597,""y"":0.6695,""tSec"":2.35,""_id"":""69bf0c71b29661d4a880c90d""},{""x"":0.6579,""y"":0.6772,""tSec"":2.45,""_id"":""69bf0c71b29661d4a880c90e""},{""x"":0.6577,""y"":0.6848,""tSec"":2.55,""_id"":""69bf0c71b29661d4a880c90f""},{""x"":0.6577,""y"":0.6924,""tSec"":2.6,""_id"":""69bf0c71b29661d4a880c910""},{""x"":0.6569,""y"":0.7,""tSec"":2.7,""_id"":""69bf0c71b29661d4a880c911""},{""x"":0.666,""y"":0.6904,""tSec"":4.8,""_id"":""69bf0c71b29661d4a880c912""},{""x"":0.6724,""y"":0.6816,""tSec"":4.85,""_id"":""69bf0c71b29661d4a880c913""},{""x"":0.6847,""y"":0.6624,""tSec"":4.85,""_id"":""69bf0c71b29661d4a880c914""},{""x"":0.7138,""y"":0.6096,""tSec"":4.9,""_id"":""69bf0c71b29661d4a880c915""},{""x"":0.7341,""y"":0.5652,""tSec"":4.9,""_id"":""69bf0c71b29661d4a880c916""},{""x"":0.7489,""y"":0.5169,""tSec"":4.95,""_id"":""69bf0c71b29661d4a880c917""},{""x"":0.7583,""y"":0.473,""tSec"":4.95,""_id"":""69bf0c71b29661d4a880c918""},{""x"":0.7617,""y"":0.4372,""tSec"":5,""_id"":""69bf0c71b29661d4a880c919""},{""x"":0.7621,""y"":0.4186,""tSec"":5,""_id"":""69bf0c71b29661d4a880c91a""},{""x"":0.7583,""y"":0.3916,""tSec"":5,""_id"":""69bf0c71b29661d4a880c91b""},{""x"":0.7502,""y"":0.3607,""tSec"":5.05,""_id"":""69bf0c71b29661d4a880c91c""},{""x"":0.7447,""y"":0.3407,""tSec"":5.05,""_id"":""69bf0c71b29661d4a880c91d""},{""x"":0.7417,""y"":0.3326,""tSec"":5.05,""_id"":""69bf0c71b29661d4a880c91e""},{""x"":0.7383,""y"":0.3231,""tSec"":5.1,""_id"":""69bf0c71b29661d4a880c91f""},{""x"":0.7333,""y"":0.3153,""tSec"":5.15,""_id"":""69bf0c71b29661d4a880c920""},{""x"":0.7242,""y"":0.3105,""tSec"":5.2,""_id"":""69bf0c71b29661d4a880c921""},{""x"":0.717,""y"":0.3109,""tSec"":5.2,""_id"":""69bf0c71b29661d4a880c922""},{""x"":0.7093,""y"":0.3157,""tSec"":5.25,""_id"":""69bf0c71b29661d4a880c923""},{""x"":0.703,""y"":0.3201,""tSec"":5.3,""_id"":""69bf0c71b29661d4a880c924""},{""x"":0.696,""y"":0.3244,""tSec"":5.35,""_id"":""69bf0c71b29661d4a880c925""},{""x"":0.6876,""y"":0.3249,""tSec"":5.45,""_id"":""69bf0c71b29661d4a880c926""},{""x"":0.6797,""y"":0.3241,""tSec"":5.55,""_id"":""69bf0c71b29661d4a880c927""},{""x"":0.6757,""y"":0.3173,""tSec"":5.65,""_id"":""69bf0c71b29661d4a880c928""},{""x"":0.669,""y"":0.3136,""tSec"":6,""_id"":""69bf0c71b29661d4a880c929""},{""x"":0.6613,""y"":0.3113,""tSec"":6.15,""_id"":""69bf0c71b29661d4a880c92a""},{""x"":0.6596,""y"":0.3043,""tSec"":7,""_id"":""69bf0c71b29661d4a880c92b""},{""x"":0.6556,""y"":0.2939,""tSec"":7.1,""_id"":""69bf0c71b29661d4a880c92c""},{""x"":0.6521,""y"":0.2841,""tSec"":7.2,""_id"":""69bf0c71b29661d4a880c92d""},{""x"":0.6478,""y"":0.2725,""tSec"":7.25,""_id"":""69bf0c71b29661d4a880c92e""},{""x"":0.6427,""y"":0.253,""tSec"":7.25,""_id"":""69bf0c71b29661d4a880c92f""},{""x"":0.6413,""y"":0.2459,""tSec"":7.3,""_id"":""69bf0c71b29661d4a880c930""},{""x"":0.6396,""y"":0.2354,""tSec"":7.3,""_id"":""69bf0c71b29661d4a880c931""},{""x"":0.6363,""y"":0.2227,""tSec"":7.35,""_id"":""69bf0c71b29661d4a880c932""},{""x"":0.6344,""y"":0.2127,""tSec"":7.35,""_id"":""69bf0c71b29661d4a880c933""},{""x"":0.6318,""y"":0.1962,""tSec"":7.4,""_id"":""69bf0c71b29661d4a880c934""},{""x"":0.63,""y"":0.1837,""tSec"":7.4,""_id"":""69bf0c71b29661d4a880c935""},{""x"":0.6267,""y"":0.1737,""tSec"":7.45,""_id"":""69bf0c71b29661d4a880c936""},{""x"":0.6226,""y"":0.162,""tSec"":7.45,""_id"":""69bf0c71b29661d4a880c937""},{""x"":0.6174,""y"":0.15,""tSec"":7.5,""_id"":""69bf0c71b29661d4a880c938""},{""x"":0.6099,""y"":0.1372,""tSec"":7.55,""_id"":""69bf0c71b29661d4a880c939""},{""x"":0.6044,""y"":0.1299,""tSec"":7.55,""_id"":""69bf0c71b29661d4a880c93a""},{""x"":0.5999,""y"":0.1243,""tSec"":7.6,""_id"":""69bf0c71b29661d4a880c93b""},{""x"":0.5932,""y"":0.1179,""tSec"":7.6,""_id"":""69bf0c71b29661d4a880c93c""},{""x"":0.5855,""y"":0.1143,""tSec"":7.65,""_id"":""69bf0c71b29661d4a880c93d""},{""x"":0.5785,""y"":0.1139,""tSec"":7.7,""_id"":""69bf0c71b29661d4a880c93e""},{""x"":0.5685,""y"":0.1128,""tSec"":7.75,""_id"":""69bf0c71b29661d4a880c93f""},{""x"":0.5588,""y"":0.1127,""tSec"":7.8,""_id"":""69bf0c71b29661d4a880c940""},{""x"":0.5477,""y"":0.1108,""tSec"":7.8,""_id"":""69bf0c71b29661d4a880c941""},{""x"":0.5326,""y"":0.1096,""tSec"":7.85,""_id"":""69bf0c71b29661d4a880c942""},{""x"":0.5177,""y"":0.1085,""tSec"":7.9,""_id"":""69bf0c71b29661d4a880c943""},{""x"":0.5106,""y"":0.1074,""tSec"":7.9,""_id"":""69bf0c71b29661d4a880c944""},{""x"":0.499,""y"":0.1073,""tSec"":7.9,""_id"":""69bf0c71b29661d4a880c945""},{""x"":0.4869,""y"":0.1082,""tSec"":7.95,""_id"":""69bf0c71b29661d4a880c946""},{""x"":0.4777,""y"":0.1093,""tSec"":7.95,""_id"":""69bf0c71b29661d4a880c947""},{""x"":0.469,""y"":0.1113,""tSec"":7.95,""_id"":""69bf0c71b29661d4a880c948""},{""x"":0.4595,""y"":0.1153,""tSec"":8,""_id"":""69bf0c71b29661d4a880c949""},{""x"":0.4499,""y"":0.1225,""tSec"":8,""_id"":""69bf0c71b29661d4a880c94a""},{""x"":0.4442,""y"":0.1291,""tSec"":8.05,""_id"":""69bf0c71b29661d4a880c94b""},{""x"":0.4343,""y"":0.1423,""tSec"":8.05,""_id"":""69bf0c71b29661d4a880c94c""},{""x"":0.4239,""y"":0.1553,""tSec"":8.1,""_id"":""69bf0c71b29661d4a880c94d""},{""x"":0.4119,""y"":0.1693,""tSec"":8.1,""_id"":""69bf0c71b29661d4a880c94e""},{""x"":0.3952,""y"":0.1948,""tSec"":8.15,""_id"":""69bf0c71b29661d4a880c94f""},{""x"":0.3893,""y"":0.2054,""tSec"":8.15,""_id"":""69bf0c71b29661d4a880c950""},{""x"":0.3764,""y"":0.2382,""tSec"":8.2,""_id"":""69bf0c71b29661d4a880c951""},{""x"":0.3672,""y"":0.2613,""tSec"":8.2,""_id"":""69bf0c71b29661d4a880c952""},{""x"":0.3591,""y"":0.2822,""tSec"":8.25,""_id"":""69bf0c71b29661d4a880c953""},{""x"":0.3528,""y"":0.3056,""tSec"":8.25,""_id"":""69bf0c71b29661d4a880c954""},{""x"":0.3482,""y"":0.338,""tSec"":8.3,""_id"":""69bf0c71b29661d4a880c955""},{""x"":0.3477,""y"":0.3733,""tSec"":8.3,""_id"":""69bf0c71b29661d4a880c956""},{""x"":0.3476,""y"":0.3957,""tSec"":8.35,""_id"":""69bf0c71b29661d4a880c957""},{""x"":0.3476,""y"":0.4088,""tSec"":8.35,""_id"":""69bf0c71b29661d4a880c958""},{""x"":0.3483,""y"":0.4295,""tSec"":8.35,""_id"":""69bf0c71b29661d4a880c959""},{""x"":0.3492,""y"":0.4406,""tSec"":8.4,""_id"":""69bf0c71b29661d4a880c95a""},{""x"":0.3524,""y"":0.4724,""tSec"":8.4,""_id"":""69bf0c71b29661d4a880c95b""},{""x"":0.3535,""y"":0.4838,""tSec"":8.45,""_id"":""69bf0c71b29661d4a880c95c""},{""x"":0.3552,""y"":0.4996,""tSec"":8.45,""_id"":""69bf0c71b29661d4a880c95d""},{""x"":0.36,""y"":0.5205,""tSec"":8.5,""_id"":""69bf0c71b29661d4a880c95e""},{""x"":0.3636,""y"":0.5316,""tSec"":8.5,""_id"":""69bf0c71b29661d4a880c95f""},{""x"":0.3686,""y"":0.5415,""tSec"":8.55,""_id"":""69bf0c71b29661d4a880c960""},{""x"":0.3739,""y"":0.5465,""tSec"":8.6,""_id"":""69bf0c71b29661d4a880c961""},{""x"":0.3799,""y"":0.5519,""tSec"":8.65,""_id"":""69bf0c71b29661d4a880c962""},{""x"":0.386,""y"":0.5582,""tSec"":8.7,""_id"":""69bf0c71b29661d4a880c963""},{""x"":0.3905,""y"":0.5647,""tSec"":8.75,""_id"":""69bf0c71b29661d4a880c964""},{""x"":0.3933,""y"":0.5722,""tSec"":8.8,""_id"":""69bf0c71b29661d4a880c965""},{""x"":0.3959,""y"":0.5788,""tSec"":8.9,""_id"":""69bf0c71b29661d4a880c966""},{""x"":0.3986,""y"":0.5862,""tSec"":9.05,""_id"":""69bf0c71b29661d4a880c967""},{""x"":0.4004,""y"":0.5938,""tSec"":9.15,""_id"":""69bf0c71b29661d4a880c968""},{""x"":0.4022,""y"":0.6014,""tSec"":9.3,""_id"":""69bf0c71b29661d4a880c969""},{""x"":0.4032,""y"":0.6099,""tSec"":9.35,""_id"":""69bf0c71b29661d4a880c96a""},{""x"":0.4033,""y"":0.6224,""tSec"":9.45,""_id"":""69bf0c71b29661d4a880c96b""},{""x"":0.401,""y"":0.6316,""tSec"":9.5,""_id"":""69bf0c71b29661d4a880c96c""},{""x"":0.3984,""y"":0.6384,""tSec"":9.55,""_id"":""69bf0c71b29661d4a880c96d""},{""x"":0.3912,""y"":0.6401,""tSec"":9.65,""_id"":""69bf0c71b29661d4a880c96e""},{""x"":0.3835,""y"":0.6422,""tSec"":9.75,""_id"":""69bf0c71b29661d4a880c96f""},{""x"":0.3741,""y"":0.6425,""tSec"":9.8,""_id"":""69bf0c71b29661d4a880c970""},{""x"":0.3653,""y"":0.6425,""tSec"":9.8,""_id"":""69bf0c71b29661d4a880c971""},{""x"":0.3574,""y"":0.6425,""tSec"":9.85,""_id"":""69bf0c71b29661d4a880c972""},{""x"":0.3503,""y"":0.6415,""tSec"":9.9,""_id"":""69bf0c71b29661d4a880c973""},{""x"":0.341,""y"":0.6367,""tSec"":9.95,""_id"":""69bf0c71b29661d4a880c974""},{""x"":0.3345,""y"":0.6304,""tSec"":10,""_id"":""69bf0c71b29661d4a880c975""},{""x"":0.3291,""y"":0.6239,""tSec"":10,""_id"":""69bf0c71b29661d4a880c976""},{""x"":0.3223,""y"":0.6155,""tSec"":10.05,""_id"":""69bf0c71b29661d4a880c977""},{""x"":0.3177,""y"":0.6087,""tSec"":10.1,""_id"":""69bf0c71b29661d4a880c978""},{""x"":0.3141,""y"":0.6022,""tSec"":10.15,""_id"":""69bf0c71b29661d4a880c979""},{""x"":0.3114,""y"":0.5957,""tSec"":10.15,""_id"":""69bf0c71b29661d4a880c97a""},{""x"":0.3088,""y"":0.5864,""tSec"":10.2,""_id"":""69bf0c71b29661d4a880c97b""},{""x"":0.3084,""y"":0.5738,""tSec"":10.25,""_id"":""69bf0c71b29661d4a880c97c""},{""x"":0.3084,""y"":0.5666,""tSec"":10.25,""_id"":""69bf0c71b29661d4a880c97d""},{""x"":0.3068,""y"":0.5552,""tSec"":10.3,""_id"":""69bf0c71b29661d4a880c97e""},{""x"":0.3058,""y"":0.5482,""tSec"":10.3,""_id"":""69bf0c71b29661d4a880c97f""},{""x"":0.3057,""y"":0.5349,""tSec"":10.35,""_id"":""69bf0c71b29661d4a880c980""},{""x"":0.3057,""y"":0.5266,""tSec"":10.35,""_id"":""69bf0c71b29661d4a880c981""},{""x"":0.3057,""y"":0.5123,""tSec"":10.4,""_id"":""69bf0c71b29661d4a880c982""},{""x"":0.3057,""y"":0.501,""tSec"":10.4,""_id"":""69bf0c71b29661d4a880c983""},{""x"":0.305,""y"":0.4911,""tSec"":10.45,""_id"":""69bf0c71b29661d4a880c984""},{""x"":0.3049,""y"":0.4784,""tSec"":10.45,""_id"":""69bf0c71b29661d4a880c985""},{""x"":0.3049,""y"":0.4712,""tSec"":10.45,""_id"":""69bf0c71b29661d4a880c986""},{""x"":0.3049,""y"":0.4579,""tSec"":10.45,""_id"":""69bf0c71b29661d4a880c987""},{""x"":0.3056,""y"":0.4468,""tSec"":10.5,""_id"":""69bf0c71b29661d4a880c988""},{""x"":0.3073,""y"":0.4369,""tSec"":10.55,""_id"":""69bf0c71b29661d4a880c989""},{""x"":0.309,""y"":0.4262,""tSec"":10.55,""_id"":""69bf0c71b29661d4a880c98a""},{""x"":0.3123,""y"":0.4125,""tSec"":10.6,""_id"":""69bf0c71b29661d4a880c98b""},{""x"":0.3172,""y"":0.3956,""tSec"":10.6,""_id"":""69bf0c71b29661d4a880c98c""},{""x"":0.3202,""y"":0.385,""tSec"":10.65,""_id"":""69bf0c71b29661d4a880c98d""},{""x"":0.3235,""y"":0.3742,""tSec"":10.65,""_id"":""69bf0c71b29661d4a880c98e""},{""x"":0.3293,""y"":0.3519,""tSec"":10.7,""_id"":""69bf0c71b29661d4a880c98f""},{""x"":0.3347,""y"":0.3359,""tSec"":10.7,""_id"":""69bf0c71b29661d4a880c990""},{""x"":0.3475,""y"":0.3044,""tSec"":10.75,""_id"":""69bf0c71b29661d4a880c991""},{""x"":0.366,""y"":0.2787,""tSec"":10.75,""_id"":""69bf0c71b29661d4a880c992""},{""x"":0.4149,""y"":0.2299,""tSec"":10.8,""_id"":""69bf0c71b29661d4a880c993""},{""x"":0.4476,""y"":0.2011,""tSec"":10.8,""_id"":""69bf0c71b29661d4a880c994""},{""x"":0.473,""y"":0.1776,""tSec"":10.85,""_id"":""69bf0c71b29661d4a880c995""},{""x"":0.4814,""y"":0.17,""tSec"":10.9,""_id"":""69bf0c71b29661d4a880c996""},{""x"":0.4885,""y"":0.1653,""tSec"":10.95,""_id"":""69bf0c71b29661d4a880c997""},{""x"":0.4978,""y"":0.1628,""tSec"":10.95,""_id"":""69bf0c71b29661d4a880c998""},{""x"":0.5051,""y"":0.1616,""tSec"":11,""_id"":""69bf0c71b29661d4a880c999""},{""x"":0.5144,""y"":0.1586,""tSec"":11,""_id"":""69bf0c71b29661d4a880c99a""},{""x"":0.5224,""y"":0.1545,""tSec"":11.05,""_id"":""69bf0c71b29661d4a880c99b""},{""x"":0.5287,""y"":0.1491,""tSec"":11.1,""_id"":""69bf0c71b29661d4a880c99c""},{""x"":0.5364,""y"":0.1419,""tSec"":11.15,""_id"":""69bf0c71b29661d4a880c99d""},{""x"":0.5434,""y"":0.1371,""tSec"":11.15,""_id"":""69bf0c71b29661d4a880c99e""},{""x"":0.5504,""y"":0.1318,""tSec"":11.2,""_id"":""69bf0c71b29661d4a880c99f""},{""x"":0.5597,""y"":0.1245,""tSec"":11.25,""_id"":""69bf0c71b29661d4a880c9a0""},{""x"":0.57,""y"":0.1189,""tSec"":11.3,""_id"":""69bf0c71b29661d4a880c9a1""},{""x"":0.5813,""y"":0.1144,""tSec"":11.35,""_id"":""69bf0c71b29661d4a880c9a2""},{""x"":0.5895,""y"":0.1119,""tSec"":11.4,""_id"":""69bf0c71b29661d4a880c9a3""},{""x"":0.5966,""y"":0.1107,""tSec"":11.4,""_id"":""69bf0c71b29661d4a880c9a4""},{""x"":0.6051,""y"":0.1086,""tSec"":11.5,""_id"":""69bf0c71b29661d4a880c9a5""},{""x"":0.613,""y"":0.1075,""tSec"":11.55,""_id"":""69bf0c71b29661d4a880c9a6""},{""x"":0.6247,""y"":0.1064,""tSec"":11.6,""_id"":""69bf0c71b29661d4a880c9a7""},{""x"":0.6346,""y"":0.1062,""tSec"":11.65,""_id"":""69bf0c71b29661d4a880c9a8""},{""x"":0.6457,""y"":0.108,""tSec"":11.7,""_id"":""69bf0c71b29661d4a880c9a9""},{""x"":0.6547,""y"":0.1102,""tSec"":11.75,""_id"":""69bf0c71b29661d4a880c9aa""},{""x"":0.6681,""y"":0.1142,""tSec"":11.75,""_id"":""69bf0c71b29661d4a880c9ab""},{""x"":0.6773,""y"":0.1176,""tSec"":11.8,""_id"":""69bf0c71b29661d4a880c9ac""},{""x"":0.6915,""y"":0.1275,""tSec"":11.85,""_id"":""69bf0c71b29661d4a880c9ad""},{""x"":0.7023,""y"":0.1402,""tSec"":11.85,""_id"":""69bf0c71b29661d4a880c9ae""},{""x"":0.7121,""y"":0.1513,""tSec"":11.9,""_id"":""69bf0c71b29661d4a880c9af""},{""x"":0.7178,""y"":0.1583,""tSec"":11.95,""_id"":""69bf0c71b29661d4a880c9b0""},{""x"":0.7247,""y"":0.1667,""tSec"":11.95,""_id"":""69bf0c71b29661d4a880c9b1""},{""x"":0.7294,""y"":0.1744,""tSec"":12,""_id"":""69bf0c71b29661d4a880c9b2""},{""x"":0.7322,""y"":0.1821,""tSec"":12.05,""_id"":""69bf0c71b29661d4a880c9b3""},{""x"":0.7356,""y"":0.1916,""tSec"":12.1,""_id"":""69bf0c71b29661d4a880c9b4""},{""x"":0.739,""y"":0.2003,""tSec"":12.15,""_id"":""69bf0c71b29661d4a880c9b5""},{""x"":0.7418,""y"":0.209,""tSec"":12.2,""_id"":""69bf0c71b29661d4a880c9b6""},{""x"":0.7459,""y"":0.2167,""tSec"":12.25,""_id"":""69bf0c71b29661d4a880c9b7""},{""x"":0.7503,""y"":0.2224,""tSec"":12.3,""_id"":""69bf0c71b29661d4a880c9b8""},{""x"":0.7546,""y"":0.2288,""tSec"":12.5,""_id"":""69bf0c71b29661d4a880c9b9""},{""x"":0.7475,""y"":0.2258,""tSec"":13.05,""_id"":""69bf0c71b29661d4a880c9ba""},{""x"":0.7405,""y"":0.2254,""tSec"":13.1,""_id"":""69bf0c71b29661d4a880c9bb""}],""shotMarkers"":[{""x"":0.7405,""y"":0.2254,""tSec"":14.3,""_id"":""69bf0c71b29661d4a880c9bc""}],""fingerprint"":""cf9239a5"",""_id"":""69bf0c71b29661d4a880c8fd""}",center,5.0,0.0,0.0,0.0,0.0,None,0.0,None,False,ok,67.1,0.8,67.1,0.0,0.0,0.0,0.0,0.0,0.0,,True,16,0.16,1,0.16,0.0,0.0,0.0,0.0,0.16,0.0,0.0,False,red_2,Kinnon,3.0,13.42,15,0.55,0.0,4.56,0.0,0.1,2.65,6.11,0.0,687,22.8,0.0,0.5,13.25,30.55,67.1,0.0,None,16
"{""totalSec"":163,""autoEndSec"":20,""delayEndSec"":23,""intervals"":[],""_id"":""69bf0c98b29661d4a880c9d9""}",0.0,"{""alliance"":""blue"",""startPosition"":""left"",""points"":[{""x"":0.34,""y"":0.67,""tSec"":14.6,""_id"":""69bf0c98b29661d4a880c9d7""},{""x"":0.3321,""y"":0.6817,""tSec"":14.6,""_id"":""69bf0c98b29661d4a880c9d8""}],""shotMarkers"":[],""fingerprint"":""e45a1ffa"",""_id"":""69bf0c98b29661d4a880c9d6""}",left,5.0,0.0,0.0,0.0,0.0,other,0.0,None,False,rough,0.0,0.0,0.0,0.0,0.0,0.0,0.0,0.0,0.0,Didn't move at all,False,16,0.0,0,0.0,0.0,0.0,0.0,0.0,0.0,0.0,0.0,False,blue_1,Kasandra,0.0,0.0,0,0.0,0.0,0.0,0.0,0.0,0.0,0.0,0.0,6000,0.0,0.0,0.0,0.0,0.0,0.0,0.0,None,0
"{""totalSec"":163,""autoEndSec"":20,""delayEndSec"":23,""intervals"":[],""_id"":""69bf0e08b29661d4a880c9e8""}",0.0,"{""alliance"":""red"",""startPosition"":""left"",""points"":[{""x"":0.69,""y"":0.33,""tSec"":7.2,""_id"":""69bf0e08b29661d4a880c9e6""},{""x"":0.693,""y"":0.3581,""tSec"":7.2,""_id"":""69bf0e08b29661d4a880c9e7""}],""shotMarkers"":[],""fingerprint"":""5af54aae"",""_id"":""69bf0e08b29661d4a880c9e5""}",left,5.0,0.0,0.0,0.0,0.0,None,0.0,heavy,False,good,0.0,0.0,0.0,0.0,0.0,0.0,0.0,0.0,0.0,,False,17,0.0,0,0.0,0.0,0.0,0.0,0.0,0.0,0.0,0.0,False,red_3,Bradley,0.0,0.0,0,0.0,0.0,0.0,0.0,0.0,0.0,0.0,0.0,3759,0.0,0.0,0.0,0.0,0.0,0.0,0.0,None,0
"{""totalSec"":163,""autoEndSec"":20,""delayEndSec"":23,""intervals"":[{""action"":""shoot"",""startSec"":11.35,""endSec"":12.1,""durationSec"":0.75,""_id"":""69bf0e17b29661d4a880ca04""},{""action"":""shoot"",""startSec"":14.15,""endSec"":15.07,""durationSec"":0.92,""_id"":""69bf0e17b29661d4a880ca05""},{""action"":""shoot"",""startSec"":15.35,""endSec"":17.26,""durationSec"":1.91,""_id"":""69bf0e17b29661d4a880ca06""},{""action"":""shoot"",""startSec"":17.65,""endSec"":19.05,""durationSec"":1.4,""_id"":""69bf0e17b29661d4a880ca07""},{""action"":""shoot"",""startSec"":19.6,""endSec"":20.05,""durationSec"":0.45,""_id"":""69bf0e17b29661d4a880ca08""},{""action"":""pass"",""startSec"":27.3,""endSec"":29.36,""durationSec"":2.06,""_id"":""69bf0e17b29661d4a880ca09""},{""action"":""pass"",""startSec"":29.6,""endSec"":29.95,""durationSec"":0.35,""_id"":""69bf0e17b29661d4a880ca0a""},{""action"":""pass"",""startSec"":37.3,""endSec"":40.55,""durationSec"":3.25,""_id"":""69bf0e17b29661d4a880ca0b""},{""action"":""shoot"",""startSec"":40.9,""endSec"":41.05,""durationSec"":0.15,""_id"":""69bf0e17b29661d4a880ca0c""},{""action"":""shoot"",""startSec"":44.45,""endSec"":49.08,""durationSec"":4.63,""_id"":""69bf0e17b29661d4a880ca0d""},{""action"":""pass"",""startSec"":49.65,""endSec"":59,""durationSec"":9.35,""_id"":""69bf0e17b29661d4a880ca0e""},{""action"":""shoot"",""startSec"":59.55,""endSec"":60.2,""durationSec"":0.65,""_id"":""69bf0e17b29661d4a880ca0f""},{""action"":""pass"",""startSec"":62.85,""endSec"":72.8,""durationSec"":9.95,""_id"":""69bf0e17b29661d4a880ca10""},{""action"":""shoot"",""startSec"":74.7,""endSec"":75.35,""durationSec"":0.65,""_id"":""69bf0e17b29661d4a880ca11""},{""action"":""shoot"",""startSec"":76.8,""endSec"":77.42,""durationSec"":0.62,""_id"":""69bf0e17b29661d4a880ca12""},{""action"":""shoot"",""startSec"":78.1,""endSec"":78.75,""durationSec"":0.65,""_id"":""69bf0e17b29661d4a880ca13""},{""action"":""pass"",""startSec"":80.15,""endSec"":89.17,""durationSec"":9.02,""_id"":""69bf0e17b29661d4a880ca14""},{""action"":""shoot"",""startSec"":91.6,""endSec"":92.25,""durationSec"":0.65,""_id"":""69bf0e17b29661d4a880ca15""},{""action"":""pass"",""startSec"":112.9,""endSec"":119,""durationSec"":6.1,""_id"":""69bf0e17b29661d4a880ca16""},{""action"":""pass"",""startSec"":119.55,""endSec"":120.95,""durationSec"":1.4,""_id"":""69bf0e17b29661d4a880ca17""},{""action"":""pass"",""startSec"":121.25,""endSec"":125.31,""durationSec"":4.06,""_id"":""69bf0e17b29661d4a880ca18""},{""action"":""shoot"",""startSec"":125.9,""endSec"":131,""durationSec"":5.1,""_id"":""69bf0e17b29661d4a880ca19""},{""action"":""pass"",""startSec"":131.35,""endSec"":138.21,""durationSec"":6.86,""_id"":""69bf0e17b29661d4a880ca1a""},{""action"":""shoot"",""startSec"":138.85,""endSec"":147.95,""durationSec"":9.1,""_id"":""69bf0e17b29661d4a880ca1b""},{""action"":""pass"",""startSec"":148.75,""endSec"":158.01,""durationSec"":9.26,""_id"":""69bf0e17b29661d4a880ca1c""},{""action"":""shoot"",""startSec"":158.6,""endSec"":163,""durationSec"":4.4,""_id"":""69bf0e17b29661d4a880ca1d""}],""_id"":""69bf0e17b29661d4a880ca03""}",26.9,"{""alliance"":""red"",""startPosition"":""right"",""points"":[{""x"":0.69,""y"":0.67,""tSec"":8.8,""_id"":""69bf0e17b29661d4a880c9ef""},{""x"":0.7014,""y"":0.6734,""tSec"":9.5,""_id"":""69bf0e17b29661d4a880c9f0""},{""x"":0.6905,""y"":0.6596,""tSec"":9.6,""_id"":""69bf0e17b29661d4a880c9f1""},{""x"":0.6869,""y"":0.6522,""tSec"":9.6,""_id"":""69bf0e17b29661d4a880c9f2""},{""x"":0.6819,""y"":0.636,""tSec"":9.6,""_id"":""69bf0e17b29661d4a880c9f3""},{""x"":0.679,""y"":0.6255,""tSec"":9.65,""_id"":""69bf0e17b29661d4a880c9f4""},{""x"":0.6756,""y"":0.6052,""tSec"":9.65,""_id"":""69bf0e17b29661d4a880c9f5""},{""x"":0.6736,""y"":0.5951,""tSec"":9.65,""_id"":""69bf0e17b29661d4a880c9f6""},{""x"":0.6718,""y"":0.5873,""tSec"":9.7,""_id"":""69bf0e17b29661d4a880c9f7""},{""x"":0.6685,""y"":0.5758,""tSec"":9.7,""_id"":""69bf0e17b29661d4a880c9f8""},{""x"":0.6651,""y"":0.5649,""tSec"":9.75,""_id"":""69bf0e17b29661d4a880c9f9""},{""x"":0.6593,""y"":0.5502,""tSec"":9.75,""_id"":""69bf0e17b29661d4a880c9fa""},{""x"":0.654,""y"":0.5389,""tSec"":9.8,""_id"":""69bf0e17b29661d4a880c9fb""},{""x"":0.6511,""y"":0.5309,""tSec"":9.85,""_id"":""69bf0e17b29661d4a880c9fc""},{""x"":0.6485,""y"":0.5232,""tSec"":9.9,""_id"":""69bf0e17b29661d4a880c9fd""},{""x"":0.6436,""y"":0.5157,""tSec"":9.95,""_id"":""69bf0e17b29661d4a880c9fe""},{""x"":0.633,""y"":0.5091,""tSec"":10,""_id"":""69bf0e17b29661d4a880c9ff""},{""x"":0.6233,""y"":0.5026,""tSec"":10,""_id"":""69bf0e17b29661d4a880ca00""},{""x"":0.6175,""y"":0.497,""tSec"":10.05,""_id"":""69bf0e17b29661d4a880ca01""},{""x"":0.613,""y"":0.4906,""tSec"":10.1,""_id"":""69bf0e17b29661d4a880ca02""}],""shotMarkers"":[],""fingerprint"":""3b4b26e2"",""_id"":""69bf0e17b29661d4a880c9ee""}",right,5.0,0.0,0.0,0.0,1.0,None,1.0,None,False,ok,160.15,308.3,160.15,0.0,0.0,0.0,0.0,0.0,0.0,,True,17,61.66,11,6.1,0.0,14.47,6.51,18.45,9.02,13.21,0.0,False,red_1,Mmasi,8.25,32.03,15,0.75,5.38,13.5,4.78,1.92,1.3,5.1,0.05,4470,67.5,23.9,9.6,6.5,25.5,133.25,0.25,None,26
"{""totalSec"":163,""autoEndSec"":20,""delayEndSec"":23,""intervals"":[{""action"":""shoot"",""startSec"":15.5,""endSec"":15.55,""durationSec"":0.05,""_id"":""69bf0e27b29661d4a880ca23""},{""action"":""shoot"",""startSec"":16.45,""endSec"":16.9,""durationSec"":0.45,""_id"":""69bf0e27b29661d4a880ca24""},{""action"":""shoot"",""startSec"":17.1,""endSec"":17.75,""durationSec"":0.65,""_id"":""69bf0e27b29661d4a880ca25""},{""action"":""shoot"",""startSec"":61.01,""endSec"":61.61,""durationSec"":0.6,""_id"":""69bf0e27b29661d4a880ca26""},{""action"":""shoot"",""startSec"":61.81,""endSec"":62.49,""durationSec"":0.68,""_id"":""69bf0e27b29661d4a880ca27""},{""action"":""shoot"",""startSec"":63.21,""endSec"":64.32,""durationSec"":1.11,""_id"":""69bf0e27b29661d4a880ca28""}],""_id"":""69bf0e27b29661d4a880ca22""}",5.75,{},,5.0,0.0,0.0,0.0,0.0,None,0.0,None,False,ok,17.7,0.0,17.7,0.0,0.0,0.0,0.0,0.0,0.0,,True,17,0.0,0,0.0,0.0,0.0,0.0,0.0,0.0,0.0,0.0,False,red_2,Kinnon,0.95,3.54,6,0.625,1.15,0.0,0.0,2.39,0.0,0.0,0.0,4964,0.0,0.0,11.95,0.0,0.0,11.95,0.0,None,6
"{""totalSec"":163,""autoEndSec"":20,""delayEndSec"":23,""intervals"":[{""action"":""shoot"",""startSec"":30.5,""endSec"":33.5,""durationSec"":3,""_id"":""69bf0e49b29661d4a880ca36""},{""action"":""shoot"",""startSec"":62.48,""endSec"":64.03,""durationSec"":1.55,""_id"":""69bf0e49b29661d4a880ca37""},{""action"":""shoot"",""startSec"":86.97,""endSec"":89.07,""durationSec"":2.1,""_id"":""69bf0e49b29661d4a880ca38""},{""action"":""shoot"",""startSec"":118.22,""endSec"":118.93,""durationSec"":0.71,""_id"":""69bf0e49b29661d4a880ca39""},{""action"":""shoot"",""startSec"":142.8,""endSec"":144.5,""durationSec"":1.7,""_id"":""69bf0e49b29661d4a880ca3a""},{""action"":""shoot"",""startSec"":151.5,""endSec"":151.95,""durationSec"":0.45,""_id"":""69bf0e49b29661d4a880ca3b""}],""_id"":""69bf0e49b29661d4a880ca35""}",0.0,"{""alliance"":""blue"",""startPosition"":""right"",""points"":[{""x"":0.34,""y"":0.33,""tSec"":8.05,""_id"":""69bf0e49b29661d4a880ca33""},{""x"":0.3597,""y"":0.3119,""tSec"":8.05,""_id"":""69bf0e49b29661d4a880ca34""}],""shotMarkers"":[],""fingerprint"":""2ec4ed4d"",""_id"":""69bf0e49b29661d4a880ca32""}",right,5.0,0.0,0.0,0.0,0.0,None,0.0,None,False,ok,47.55,0.0,47.55,0.0,0.0,0.0,0.0,0.0,0.0,,True,17,0.0,0,0.0,0.0,0.0,0.0,0.0,0.0,0.0,0.0,False,blue_2,Awishkar,24.58,9.51,6,1.625,0.0,2.15,3.0,1.55,2.1,0.71,0.0,7230,10.75,15.0,7.75,10.5,3.55,47.55,0.0,None,6
"{""totalSec"":163,""autoEndSec"":20,""delayEndSec"":23,""intervals"":[{""action"":""shoot"",""startSec"":47.65,""endSec"":48.36,""durationSec"":0.71,""_id"":""69bf0e6db29661d4a880ca4a""},{""action"":""shoot"",""startSec"":57.95,""endSec"":59.46,""durationSec"":1.51,""_id"":""69bf0e6db29661d4a880ca4b""},{""action"":""shoot"",""startSec"":88.55,""endSec"":91.7,""durationSec"":3.15,""_id"":""69bf0e6db29661d4a880ca4c""},{""action"":""shoot"",""startSec"":104.55,""endSec"":106.42,""durationSec"":1.87,""_id"":""69bf0e6db29661d4a880ca4d""},{""action"":""shoot"",""startSec"":135,""endSec"":137.86,""durationSec"":2.86,""_id"":""69bf0e6db29661d4a880ca4e""},{""action"":""shoot"",""startSec"":149.05,""endSec"":151.6,""durationSec"":2.55,""_id"":""69bf0e6db29661d4a880ca4f""}],""_id"":""69bf0e6db29661d4a880ca49""}",0.0,"{""alliance"":""blue"",""startPosition"":""left"",""points"":[{""x"":0.34,""y"":0.67,""tSec"":9.05,""_id"":""69bf0e6db29661d4a880ca47""},{""x"":0.3459,""y"":0.66,""tSec"":9.05,""_id"":""69bf0e6db29661d4a880ca48""}],""shotMarkers"":[],""fingerprint"":""35973a44"",""_id"":""69bf0e6db29661d4a880ca46""}",left,5.0,0.0,0.0,0.0,0.0,None,0.0,None,False,ok,63.25,0.0,63.25,0.0,0.0,0.0,0.0,0.0,0.0,Robot missed a portion of their shots,True,16,0.0,0,0.0,0.0,0.0,0.0,0.0,0.0,0.0,0.0,False,blue_3,Wesley,16.0,12.65,6,2.21,0.0,5.41,0.71,1.51,4.1,0.92,0.0,5669,27.05,3.55,7.55,20.5,4.6,63.25,0.0,None,6
"{""totalSec"":163,""autoEndSec"":20,""delayEndSec"":23,""intervals"":[],""_id"":""69bf0e6db29661d4a880ca5b""}",0.0,"{""alliance"":""blue"",""startPosition"":""left"",""points"":[{""x"":0.34,""y"":0.67,""tSec"":10.9,""_id"":""69bf0e6db29661d4a880ca52""},{""x"":0.3497,""y"":0.694,""tSec"":10.9,""_id"":""69bf0e6db29661d4a880ca53""},{""x"":0.364,""y"":0.6959,""tSec"":10.95,""_id"":""69bf0e6db29661d4a880ca54""},{""x"":0.3733,""y"":0.6962,""tSec"":11,""_id"":""69bf0e6db29661d4a880ca55""},{""x"":0.3813,""y"":0.6962,""tSec"":11.05,""_id"":""69bf0e6db29661d4a880ca56""},{""x"":0.3891,""y"":0.6953,""tSec"":11.1,""_id"":""69bf0e6db29661d4a880ca57""},{""x"":0.3962,""y"":0.6942,""tSec"":11.2,""_id"":""69bf0e6db29661d4a880ca58""},{""x"":0.4032,""y"":0.6941,""tSec"":11.3,""_id"":""69bf0e6db29661d4a880ca59""},{""x"":0.4102,""y"":0.6913,""tSec"":11.45,""_id"":""69bf0e6db29661d4a880ca5a""}],""shotMarkers"":[],""fingerprint"":""b008219b"",""_id"":""69bf0e6db29661d4a880ca51""}",left,5.0,0.0,0.0,0.0,0.0,None,0.0,None,False,rough,0.0,0.0,0.0,0.0,0.0,0.0,0.0,0.0,0.0,Robot moved around and pushed fuel to human shooters. ,False,17,0.0,0,0.0,0.0,0.0,0.0,0.0,0.0,0.0,0.0,False,blue_3,Wesley,0.0,0.0,0,0.0,0.0,0.0,0.0,0.0,0.0,0.0,0.0,9505,0.0,0.0,0.0,0.0,0.0,0.0,0.0,None,0
"{""totalSec"":163,""autoEndSec"":20,""delayEndSec"":23,""intervals"":[{""action"":""shoot"",""startSec"":27.9,""endSec"":31,""durationSec"":3.1,""_id"":""69bf0e7eb29661d4a880ca66""}],""_id"":""69bf0e7eb29661d4a880ca65""}",0.0,"{""alliance"":""blue"",""startPosition"":""center"",""points"":[{""x"":0.34,""y"":0.5,""tSec"":12.55,""_id"":""69bf0e7eb29661d4a880ca62""},{""x"":0.3374,""y"":0.5176,""tSec"":12.55,""_id"":""69bf0e7eb29661d4a880ca63""},{""x"":0.3371,""y"":0.5254,""tSec"":12.65,""_id"":""69bf0e7eb29661d4a880ca64""}],""shotMarkers"":[],""fingerprint"":""6040e5d3"",""_id"":""69bf0e7eb29661d4a880ca61""}",center,5.0,0.0,0.0,0.0,0.0,None,0.0,None,True,rough,15.5,0.0,15.5,0.0,0.0,0.0,0.0,0.0,0.0,Pushed balls most of the time,True,17,0.0,0,0.0,0.0,0.0,0.0,0.0,0.0,0.0,0.0,False,blue_1,Kasandra,0.0,3.1,1,3.1,0.0,0.0,3.1,0.0,0.0,0.0,0.0,597,0.0,15.5,0.0,0.0,0.0,15.5,0.0,None,1
"{""totalSec"":163,""autoEndSec"":20,""delayEndSec"":23,""intervals"":[{""action"":""shoot"",""startSec"":62.25,""endSec"":62.96,""durationSec"":0.71,""_id"":""69bf105fb29661d4a880ca8e""},{""action"":""shoot"",""startSec"":65.7,""endSec"":66.37,""durationSec"":0.67,""_id"":""69bf105fb29661d4a880ca8f""},{""action"":""shoot"",""startSec"":67.85,""endSec"":69.2,""durationSec"":1.35,""_id"":""69bf105fb29661d4a880ca90""},{""action"":""shoot"",""startSec"":70.7,""endSec"":72.3,""durationSec"":1.6,""_id"":""69bf105fb29661d4a880ca91""},{""action"":""pass"",""startSec"":95.15,""endSec"":97.97,""durationSec"":2.82,""_id"":""69bf105fb29661d4a880ca92""},{""action"":""pass"",""startSec"":116.75,""endSec"":119.16,""durationSec"":2.41,""_id"":""69bf105fb29661d4a880ca93""},{""action"":""pass"",""startSec"":128.7,""endSec"":130.47,""durationSec"":1.77,""_id"":""69bf105fb29661d4a880ca94""},{""action"":""pass"",""startSec"":131.45,""endSec"":132.15,""durationSec"":0.7,""_id"":""69bf105fb29661d4a880ca95""},{""action"":""pass"",""startSec"":144.35,""endSec"":144.76,""durationSec"":0.41,""_id"":""69bf105fb29661d4a880ca96""},{""action"":""pass"",""startSec"":145.35,""endSec"":146,""durationSec"":0.65,""_id"":""69bf105fb29661d4a880ca97""},{""action"":""pass"",""startSec"":148.05,""endSec"":148.7,""durationSec"":0.65,""_id"":""69bf105fb29661d4a880ca98""}],""_id"":""69bf105fb29661d4a880ca8d""}",0.0,"{""alliance"":""red"",""startPosition"":""center"",""points"":[{""x"":0.69,""y"":0.5,""tSec"":10.15,""_id"":""69bf105fb29661d4a880ca6c""},{""x"":0.6891,""y"":0.511,""tSec"":10.15,""_id"":""69bf105fb29661d4a880ca6d""},{""x"":0.7902,""y"":0.3702,""tSec"":10.3,""_id"":""69bf105fb29661d4a880ca6e""},{""x"":0.8116,""y"":0.3314,""tSec"":10.3,""_id"":""69bf105fb29661d4a880ca6f""},{""x"":0.821,""y"":0.3048,""tSec"":10.3,""_id"":""69bf105fb29661d4a880ca70""},{""x"":0.8298,""y"":0.2559,""tSec"":10.35,""_id"":""69bf105fb29661d4a880ca71""},{""x"":0.8316,""y"":0.2309,""tSec"":10.35,""_id"":""69bf105fb29661d4a880ca72""},{""x"":0.8288,""y"":0.2127,""tSec"":10.4,""_id"":""69bf105fb29661d4a880ca73""},{""x"":0.8254,""y"":0.201,""tSec"":10.4,""_id"":""69bf105fb29661d4a880ca74""},{""x"":0.8196,""y"":0.1862,""tSec"":10.45,""_id"":""69bf105fb29661d4a880ca75""},{""x"":0.8127,""y"":0.1711,""tSec"":10.45,""_id"":""69bf105fb29661d4a880ca76""},{""x"":0.8081,""y"":0.1635,""tSec"":10.45,""_id"":""69bf105fb29661d4a880ca77""},{""x"":0.7983,""y"":0.1493,""tSec"":10.5,""_id"":""69bf105fb29661d4a880ca78""},{""x"":0.7864,""y"":0.1371,""tSec"":10.55,""_id"":""69bf105fb29661d4a880ca79""},{""x"":0.7796,""y"":0.1328,""tSec"":10.55,""_id"":""69bf105fb29661d4a880ca7a""},{""x"":0.7666,""y"":0.1275,""tSec"":10.55,""_id"":""69bf105fb29661d4a880ca7b""},{""x"":0.7574,""y"":0.1259,""tSec"":10.6,""_id"":""69bf105fb29661d4a880ca7c""},{""x"":0.7424,""y"":0.1238,""tSec"":10.6,""_id"":""69bf105fb29661d4a880ca7d""},{""x"":0.7345,""y"":0.1216,""tSec"":10.6,""_id"":""69bf105fb29661d4a880ca7e""},{""x"":0.7221,""y"":0.1166,""tSec"":10.65,""_id"":""69bf105fb29661d4a880ca7f""},{""x"":0.7107,""y"":0.1093,""tSec"":10.65,""_id"":""69bf105fb29661d4a880ca80""},{""x"":0.7039,""y"":0.1027,""tSec"":10.7,""_id"":""69bf105fb29661d4a880ca81""},{""x"":0.6984,""y"":0.0962,""tSec"":10.75,""_id"":""69bf105fb29661d4a880ca82""},{""x"":0.6924,""y"":0.0907,""tSec"":10.85,""_id"":""69bf105fb29661d4a880ca83""},{""x"":0.6848,""y"":0.0881,""tSec"":10.95,""_id"":""69bf105fb29661d4a880ca84""},{""x"":0.6778,""y"":0.0849,""tSec"":11.05,""_id"":""69bf105fb29661d4a880ca85""},{""x"":0.6708,""y"":0.0826,""tSec"":11.15,""_id"":""69bf105fb29661d4a880ca86""},{""x"":0.6638,""y"":0.0786,""tSec"":11.95,""_id"":""69bf105fb29661d4a880ca87""},{""x"":0.6599,""y"":0.0724,""tSec"":12.05,""_id"":""69bf105fb29661d4a880ca88""},{""x"":0.6541,""y"":0.0678,""tSec"":12.15,""_id"":""69bf105fb29661d4a880ca89""},{""x"":0.6457,""y"":0.0663,""tSec"":12.3,""_id"":""69bf105fb29661d4a880ca8a""},{""x"":0.6386,""y"":0.0614,""tSec"":12.35,""_id"":""69bf105fb29661d4a880ca8b""},{""x"":0.6286,""y"":0.0569,""tSec"":12.4,""_id"":""69bf105fb29661d4a880ca8c""}],""shotMarkers"":[],""fingerprint"":""3a56a77a"",""_id"":""69bf105fb29661d4a880ca6b""}",center,5.0,0.0,0.0,0.0,0.0,None,0.0,None,False,ok,21.65,47.05,21.65,0.0,0.0,0.0,0.0,0.0,0.0,,True,18,9.41,7,0.7,0.0,1.71,0.0,0.0,2.82,4.88,0.0,False,red_2,Kinnon,2.85,4.33,4,1.03,0.0,0.0,0.0,4.33,0.0,0.0,0.0,980,0.0,0.0,21.65,0.0,0.0,21.65,0.0,None,11
"{""totalSec"":163,""autoEndSec"":20,""delayEndSec"":23,""intervals"":[{""action"":""shoot"",""startSec"":10.3,""endSec"":10.4,""durationSec"":0.1,""_id"":""69bf106eb29661d4a880cb14""},{""action"":""shoot"",""startSec"":12.25,""endSec"":14.85,""durationSec"":2.6,""_id"":""69bf106eb29661d4a880cb15""},{""action"":""pass"",""startSec"":26.3,""endSec"":30.3,""durationSec"":4,""_id"":""69bf106eb29661d4a880cb16""},{""action"":""shoot"",""startSec"":30.5,""endSec"":31.2,""durationSec"":0.7,""_id"":""69bf106eb29661d4a880cb17""},{""action"":""shoot"",""startSec"":32.9,""endSec"":33.55,""durationSec"":0.65,""_id"":""69bf106eb29661d4a880cb18""},{""action"":""shoot"",""startSec"":35.05,""endSec"":35.7,""durationSec"":0.65,""_id"":""69bf106eb29661d4a880cb19""},{""action"":""pass"",""startSec"":37.75,""endSec"":40.95,""durationSec"":3.2,""_id"":""69bf106eb29661d4a880cb1a""},{""action"":""shoot"",""startSec"":41.6,""endSec"":42.21,""durationSec"":0.61,""_id"":""69bf106eb29661d4a880cb1b""},{""action"":""pass"",""startSec"":53.4,""endSec"":56.1,""durationSec"":2.7,""_id"":""69bf106eb29661d4a880cb1c""},{""action"":""shoot"",""startSec"":63.1,""endSec"":63.72,""durationSec"":0.62,""_id"":""69bf106eb29661d4a880cb1d""},{""action"":""shoot"",""startSec"":64.25,""endSec"":64.65,""durationSec"":0.4,""_id"":""69bf106eb29661d4a880cb1e""},{""action"":""shoot"",""startSec"":64.75,""endSec"":65,""durationSec"":0.25,""_id"":""69bf106eb29661d4a880cb1f""},{""action"":""shoot"",""startSec"":65.1,""endSec"":65.8,""durationSec"":0.7,""_id"":""69bf106eb29661d4a880cb20""},{""action"":""shoot"",""startSec"":65.9,""endSec"":66.15,""durationSec"":0.25,""_id"":""69bf106eb29661d4a880cb21""},{""action"":""shoot"",""startSec"":66.25,""endSec"":67.2,""durationSec"":0.95,""_id"":""69bf106eb29661d4a880cb22""},{""action"":""shoot"",""startSec"":67.95,""endSec"":68.46,""durationSec"":0.51,""_id"":""69bf106eb29661d4a880cb23""},{""action"":""pass"",""startSec"":70.45,""endSec"":72.6,""durationSec"":2.15,""_id"":""69bf106eb29661d4a880cb24""},{""action"":""shoot"",""startSec"":73.9,""endSec"":75.95,""durationSec"":2.05,""_id"":""69bf106eb29661d4a880cb25""},{""action"":""pass"",""startSec"":76.8,""endSec"":82.82,""durationSec"":6.02,""_id"":""69bf106eb29661d4a880cb26""},{""action"":""shoot"",""startSec"":83.35,""endSec"":83.53,""durationSec"":0.18,""_id"":""69bf106eb29661d4a880cb27""},{""action"":""shoot"",""startSec"":85.15,""endSec"":87.05,""durationSec"":1.9,""_id"":""69bf106eb29661d4a880cb28""},{""action"":""pass"",""startSec"":88.3,""endSec"":102.55,""durationSec"":14.25,""_id"":""69bf106eb29661d4a880cb29""},{""action"":""shoot"",""startSec"":105.55,""endSec"":106.17,""durationSec"":0.62,""_id"":""69bf106eb29661d4a880cb2a""},{""action"":""shoot"",""startSec"":107.05,""endSec"":107.35,""durationSec"":0.3,""_id"":""69bf106eb29661d4a880cb2b""},{""action"":""shoot"",""startSec"":107.8,""endSec"":115.36,""durationSec"":7.56,""_id"":""69bf106eb29661d4a880cb2c""},{""action"":""pass"",""startSec"":116.55,""endSec"":127.05,""durationSec"":10.5,""_id"":""69bf106eb29661d4a880cb2d""},{""action"":""shoot"",""startSec"":129.05,""endSec"":134.45,""durationSec"":5.4,""_id"":""69bf106eb29661d4a880cb2e""},{""action"":""pass"",""startSec"":135.2,""endSec"":140.41,""durationSec"":5.21,""_id"":""69bf106eb29661d4a880cb2f""},{""action"":""shoot"",""startSec"":140.9,""endSec"":146.85,""durationSec"":5.95,""_id"":""69bf106eb29661d4a880cb30""},{""action"":""pass"",""startSec"":147.4,""endSec"":148.35,""durationSec"":0.95,""_id"":""69bf106eb29661d4a880cb31""},{""action"":""shoot"",""startSec"":148.6,""endSec"":153.9,""durationSec"":5.3,""_id"":""69bf106eb29661d4a880cb32""},{""action"":""pass"",""startSec"":154.7,""endSec"":157.15,""durationSec"":2.45,""_id"":""69bf106eb29661d4a880cb33""},{""action"":""shoot"",""startSec"":157.5,""endSec"":161.72,""durationSec"":4.22,""_id"":""69bf106eb29661d4a880cb34""},{""action"":""pass"",""startSec"":161.7,""endSec"":163,""durationSec"":1.3,""_id"":""69bf106eb29661d4a880cb35""}],""_id"":""69bf106eb29661d4a880cb13""}",13.5,"{""alliance"":""red"",""startPosition"":""right"",""points"":[{""x"":0.69,""y"":0.67,""tSec"":4.6,""_id"":""69bf106eb29661d4a880ca9f""},{""x"":0.7044,""y"":0.6582,""tSec"":4.6,""_id"":""69bf106eb29661d4a880caa0""},{""x"":0.697,""y"":0.6568,""tSec"":4.7,""_id"":""69bf106eb29661d4a880caa1""},{""x"":0.6893,""y"":0.6537,""tSec"":4.75,""_id"":""69bf106eb29661d4a880caa2""},{""x"":0.6799,""y"":0.6496,""tSec"":4.8,""_id"":""69bf106eb29661d4a880caa3""},{""x"":0.6534,""y"":0.6386,""tSec"":4.8,""_id"":""69bf106eb29661d4a880caa4""},{""x"":0.6234,""y"":0.6229,""tSec"":4.85,""_id"":""69bf106eb29661d4a880caa5""},{""x"":0.5532,""y"":0.5877,""tSec"":4.9,""_id"":""69bf106eb29661d4a880caa6""},{""x"":0.4818,""y"":0.5587,""tSec"":4.95,""_id"":""69bf106eb29661d4a880caa7""},{""x"":0.4426,""y"":0.5447,""tSec"":4.95,""_id"":""69bf106eb29661d4a880caa8""},{""x"":0.3873,""y"":0.5316,""tSec"":5,""_id"":""69bf106eb29661d4a880caa9""},{""x"":0.3561,""y"":0.5339,""tSec"":5.05,""_id"":""69bf106eb29661d4a880caaa""},{""x"":0.3402,""y"":0.5417,""tSec"":5.05,""_id"":""69bf106eb29661d4a880caab""},{""x"":0.3168,""y"":0.5637,""tSec"":5.1,""_id"":""69bf106eb29661d4a880caac""},{""x"":0.2879,""y"":0.592,""tSec"":5.15,""_id"":""69bf106eb29661d4a880caad""},{""x"":0.2699,""y"":0.6059,""tSec"":5.2,""_id"":""69bf106eb29661d4a880caae""},{""x"":0.2616,""y"":0.6114,""tSec"":5.25,""_id"":""69bf106eb29661d4a880caaf""},{""x"":0.2522,""y"":0.6159,""tSec"":5.25,""_id"":""69bf106eb29661d4a880cab0""},{""x"":0.241,""y"":0.6202,""tSec"":5.3,""_id"":""69bf106eb29661d4a880cab1""},{""x"":0.2274,""y"":0.6246,""tSec"":5.3,""_id"":""69bf106eb29661d4a880cab2""},{""x"":0.2182,""y"":0.6261,""tSec"":5.35,""_id"":""69bf106eb29661d4a880cab3""},{""x"":0.2102,""y"":0.6234,""tSec"":5.45,""_id"":""69bf106eb29661d4a880cab4""},{""x"":0.2008,""y"":0.6135,""tSec"":5.5,""_id"":""69bf106eb29661d4a880cab5""},{""x"":0.1966,""y"":0.6075,""tSec"":5.5,""_id"":""69bf106eb29661d4a880cab6""},{""x"":0.1899,""y"":0.5992,""tSec"":5.5,""_id"":""69bf106eb29661d4a880cab7""},{""x"":0.183,""y"":0.5915,""tSec"":5.55,""_id"":""69bf106eb29661d4a880cab8""},{""x"":0.1745,""y"":0.5839,""tSec"":5.55,""_id"":""69bf106eb29661d4a880cab9""},{""x"":0.1674,""y"":0.584,""tSec"":5.6,""_id"":""69bf106eb29661d4a880caba""},{""x"":0.1626,""y"":0.5945,""tSec"":5.65,""_id"":""69bf106eb29661d4a880cabb""},{""x"":0.1606,""y"":0.6024,""tSec"":5.65,""_id"":""69bf106eb29661d4a880cabc""},{""x"":0.158,""y"":0.6091,""tSec"":5.75,""_id"":""69bf106eb29661d4a880cabd""},{""x"":0.1524,""y"":0.6032,""tSec"":5.85,""_id"":""69bf106eb29661d4a880cabe""},{""x"":0.1494,""y"":0.5968,""tSec"":5.9,""_id"":""69bf106eb29661d4a880cabf""},{""x"":0.1505,""y"":0.5893,""tSec"":6.45,""_id"":""69bf106eb29661d4a880cac0""},{""x"":0.1507,""y"":0.5809,""tSec"":6.55,""_id"":""69bf106eb29661d4a880cac1""},{""x"":0.1515,""y"":0.5722,""tSec"":6.6,""_id"":""69bf106eb29661d4a880cac2""},{""x"":0.1516,""y"":0.5625,""tSec"":6.65,""_id"":""69bf106eb29661d4a880cac3""},{""x"":0.1516,""y"":0.5548,""tSec"":6.65,""_id"":""69bf106eb29661d4a880cac4""},{""x"":0.1516,""y"":0.5471,""tSec"":6.7,""_id"":""69bf106eb29661d4a880cac5""},{""x"":0.1523,""y"":0.5376,""tSec"":6.8,""_id"":""69bf106eb29661d4a880cac6""},{""x"":0.1593,""y"":0.5298,""tSec"":6.85,""_id"":""69bf106eb29661d4a880cac7""},{""x"":0.1747,""y"":0.5136,""tSec"":6.85,""_id"":""69bf106eb29661d4a880cac8""},{""x"":0.1835,""y"":0.5059,""tSec"":6.9,""_id"":""69bf106eb29661d4a880cac9""},{""x"":0.1976,""y"":0.4945,""tSec"":6.9,""_id"":""69bf106eb29661d4a880caca""},{""x"":0.21,""y"":0.4855,""tSec"":6.9,""_id"":""69bf106eb29661d4a880cacb""},{""x"":0.2161,""y"":0.4816,""tSec"":6.9,""_id"":""69bf106eb29661d4a880cacc""},{""x"":0.2253,""y"":0.4783,""tSec"":6.95,""_id"":""69bf106eb29661d4a880cacd""},{""x"":0.244,""y"":0.4798,""tSec"":7,""_id"":""69bf106eb29661d4a880cace""},{""x"":0.2639,""y"":0.4867,""tSec"":7,""_id"":""69bf106eb29661d4a880cacf""},{""x"":0.2723,""y"":0.4913,""tSec"":7.05,""_id"":""69bf106eb29661d4a880cad0""},{""x"":0.2857,""y"":0.5023,""tSec"":7.05,""_id"":""69bf106eb29661d4a880cad1""},{""x"":0.2934,""y"":0.5093,""tSec"":7.05,""_id"":""69bf106eb29661d4a880cad2""},{""x"":0.3058,""y"":0.5188,""tSec"":7.1,""_id"":""69bf106eb29661d4a880cad3""},{""x"":0.3188,""y"":0.5275,""tSec"":7.1,""_id"":""69bf106eb29661d4a880cad4""},{""x"":0.3311,""y"":0.5334,""tSec"":7.15,""_id"":""69bf106eb29661d4a880cad5""},{""x"":0.3417,""y"":0.536,""tSec"":7.15,""_id"":""69bf106eb29661d4a880cad6""},{""x"":0.3507,""y"":0.5363,""tSec"":7.2,""_id"":""69bf106eb29661d4a880cad7""},{""x"":0.361,""y"":0.5353,""tSec"":7.2,""_id"":""69bf106eb29661d4a880cad8""},{""x"":0.373,""y"":0.5343,""tSec"":7.2,""_id"":""69bf106eb29661d4a880cad9""},{""x"":0.3844,""y"":0.5323,""tSec"":7.25,""_id"":""69bf106eb29661d4a880cada""},{""x"":0.3934,""y"":0.532,""tSec"":7.25,""_id"":""69bf106eb29661d4a880cadb""},{""x"":0.4029,""y"":0.531,""tSec"":7.3,""_id"":""69bf106eb29661d4a880cadc""},{""x"":0.4148,""y"":0.529,""tSec"":7.3,""_id"":""69bf106eb29661d4a880cadd""},{""x"":0.4262,""y"":0.5259,""tSec"":7.35,""_id"":""69bf106eb29661d4a880cade""},{""x"":0.4383,""y"":0.5218,""tSec"":7.35,""_id"":""69bf106eb29661d4a880cadf""},{""x"":0.4527,""y"":0.5164,""tSec"":7.4,""_id"":""69bf106eb29661d4a880cae0""},{""x"":0.4675,""y"":0.513,""tSec"":7.4,""_id"":""69bf106eb29661d4a880cae1""},{""x"":0.4762,""y"":0.5116,""tSec"":7.4,""_id"":""69bf106eb29661d4a880cae2""},{""x"":0.4956,""y"":0.5105,""tSec"":7.45,""_id"":""69bf106eb29661d4a880cae3""},{""x"":0.5171,""y"":0.5132,""tSec"":7.45,""_id"":""69bf106eb29661d4a880cae4""},{""x"":0.5427,""y"":0.5183,""tSec"":7.5,""_id"":""69bf106eb29661d4a880cae5""},{""x"":0.5665,""y"":0.5227,""tSec"":7.5,""_id"":""69bf106eb29661d4a880cae6""},{""x"":0.5877,""y"":0.528,""tSec"":7.5,""_id"":""69bf106eb29661d4a880cae7""},{""x"":0.6041,""y"":0.5315,""tSec"":7.55,""_id"":""69bf106eb29661d4a880cae8""},{""x"":0.6152,""y"":0.5348,""tSec"":7.55,""_id"":""69bf106eb29661d4a880cae9""},{""x"":0.6258,""y"":0.5381,""tSec"":7.6,""_id"":""69bf106eb29661d4a880caea""},{""x"":0.6347,""y"":0.5404,""tSec"":7.6,""_id"":""69bf106eb29661d4a880caeb""},{""x"":0.6426,""y"":0.5425,""tSec"":7.65,""_id"":""69bf106eb29661d4a880caec""},{""x"":0.6497,""y"":0.5447,""tSec"":7.65,""_id"":""69bf106eb29661d4a880caed""},{""x"":0.6567,""y"":0.5469,""tSec"":7.7,""_id"":""69bf106eb29661d4a880caee""},{""x"":0.6637,""y"":0.549,""tSec"":7.7,""_id"":""69bf106eb29661d4a880caef""},{""x"":0.6707,""y"":0.5502,""tSec"":7.7,""_id"":""69bf106eb29661d4a880caf0""},{""x"":0.6814,""y"":0.5533,""tSec"":7.75,""_id"":""69bf106eb29661d4a880caf1""},{""x"":0.6928,""y"":0.5574,""tSec"":7.8,""_id"":""69bf106eb29661d4a880caf2""},{""x"":0.6994,""y"":0.5599,""tSec"":7.85,""_id"":""69bf106eb29661d4a880caf3""},{""x"":0.7064,""y"":0.563,""tSec"":7.85,""_id"":""69bf106eb29661d4a880caf4""},{""x"":0.7141,""y"":0.5671,""tSec"":7.9,""_id"":""69bf106eb29661d4a880caf5""},{""x"":0.7219,""y"":0.5705,""tSec"":7.9,""_id"":""69bf106eb29661d4a880caf6""},{""x"":0.7313,""y"":0.5738,""tSec"":7.95,""_id"":""69bf106eb29661d4a880caf7""},{""x"":0.7393,""y"":0.5771,""tSec"":7.95,""_id"":""69bf106eb29661d4a880caf8""},{""x"":0.751,""y"":0.5794,""tSec"":8,""_id"":""69bf106eb29661d4a880caf9""},{""x"":0.7609,""y"":0.5815,""tSec"":8.05,""_id"":""69bf106eb29661d4a880cafa""},{""x"":0.7697,""y"":0.5837,""tSec"":8.05,""_id"":""69bf106eb29661d4a880cafb""},{""x"":0.7784,""y"":0.5859,""tSec"":8.05,""_id"":""69bf106eb29661d4a880cafc""},{""x"":0.7879,""y"":0.589,""tSec"":8.1,""_id"":""69bf106eb29661d4a880cafd""},{""x"":0.7983,""y"":0.5913,""tSec"":8.1,""_id"":""69bf106eb29661d4a880cafe""},{""x"":0.8072,""y"":0.5934,""tSec"":8.15,""_id"":""69bf106eb29661d4a880caff""},{""x"":0.8213,""y"":0.5975,""tSec"":8.2,""_id"":""69bf106eb29661d4a880cb00""},{""x"":0.8283,""y"":0.5999,""tSec"":8.2,""_id"":""69bf106eb29661d4a880cb01""},{""x"":0.8368,""y"":0.6002,""tSec"":8.25,""_id"":""69bf106eb29661d4a880cb02""},{""x"":0.8439,""y"":0.6002,""tSec"":8.8,""_id"":""69bf106eb29661d4a880cb03""},{""x"":0.8464,""y"":0.5936,""tSec"":8.95,""_id"":""69bf106eb29661d4a880cb04""},{""x"":0.8467,""y"":0.5852,""tSec"":9.05,""_id"":""69bf106eb29661d4a880cb05""},{""x"":0.8467,""y"":0.5737,""tSec"":9.15,""_id"":""69bf106eb29661d4a880cb06""},{""x"":0.8467,""y"":0.5666,""tSec"":9.2,""_id"":""69bf106eb29661d4a880cb07""},{""x"":0.8451,""y"":0.5581,""tSec"":9.25,""_id"":""69bf106eb29661d4a880cb08""},{""x"":0.8442,""y"":0.5494,""tSec"":9.35,""_id"":""69bf106eb29661d4a880cb09""},{""x"":0.8441,""y"":0.5417,""tSec"":9.45,""_id"":""69bf106eb29661d4a880cb0a""},{""x"":0.8418,""y"":0.5208,""tSec"":9.5,""_id"":""69bf106eb29661d4a880cb0b""},{""x"":0.84,""y"":0.5087,""tSec"":9.5,""_id"":""69bf106eb29661d4a880cb0c""},{""x"":0.8374,""y"":0.4977,""tSec"":9.5,""_id"":""69bf106eb29661d4a880cb0d""},{""x"":0.8287,""y"":0.4687,""tSec"":9.55,""_id"":""69bf106eb29661d4a880cb0e""},{""x"":0.82,""y"":0.4462,""tSec"":9.55,""_id"":""69bf106eb29661d4a880cb0f""},{""x"":0.8113,""y"":0.4282,""tSec"":9.6,""_id"":""69bf106eb29661d4a880cb10""},{""x"":0.8049,""y"":0.4166,""tSec"":9.6,""_id"":""69bf106eb29661d4a880cb11""},{""x"":0.7987,""y"":0.4085,""tSec"":9.65,""_id"":""69bf106eb29661d4a880cb12""}],""shotMarkers"":[],""fingerprint"":""e89583af"",""_id"":""69bf106eb29661d4a880ca9e""}",right,5.0,1.0,0.0,0.0,0.0,None,1.0,None,True,great,212.35,263.65,212.35,0.0,0.0,0.0,0.0,0.0,0.0,,True,18,52.73,11,3.2,0.0,9.91,7.2,6.05,19.07,10.5,0.0,False,red_1,Mmasi,2.275,42.47,23,0.65,2.7,16.92,2.61,5.73,2.08,12.43,0.0,3476,84.6,13.05,28.65,10.4,62.15,198.85,0.0,None,34
"{""totalSec"":163,""autoEndSec"":20,""delayEndSec"":23,""intervals"":[{""action"":""shoot"",""startSec"":35.4,""endSec"":35.47,""durationSec"":0.07,""_id"":""69bf107fb29661d4a880cb7e""},{""action"":""shoot"",""startSec"":135.9,""endSec"":136.32,""durationSec"":0.42,""_id"":""69bf107fb29661d4a880cb7f""},{""action"":""shoot"",""startSec"":156.55,""endSec"":156.58,""durationSec"":0.03,""_id"":""69bf107fb29661d4a880cb80""},{""action"":""shoot"",""startSec"":159.35,""endSec"":162.9,""durationSec"":3.55,""_id"":""69bf107fb29661d4a880cb81""}],""_id"":""69bf107fb29661d4a880cb7d""}",0.0,"{""alliance"":""red"",""startPosition"":""center"",""points"":[{""x"":0.69,""y"":0.5,""tSec"":1.7,""_id"":""69bf107fb29661d4a880cb3e""},{""x"":0.68,""y"":0.5053,""tSec"":1.7,""_id"":""69bf107fb29661d4a880cb3f""},{""x"":0.6972,""y"":0.4897,""tSec"":1.85,""_id"":""69bf107fb29661d4a880cb40""},{""x"":0.7199,""y"":0.4783,""tSec"":1.85,""_id"":""69bf107fb29661d4a880cb41""},{""x"":0.7334,""y"":0.4721,""tSec"":1.85,""_id"":""69bf107fb29661d4a880cb42""},{""x"":0.7457,""y"":0.4676,""tSec"":1.9,""_id"":""69bf107fb29661d4a880cb43""},{""x"":0.7648,""y"":0.4642,""tSec"":1.9,""_id"":""69bf107fb29661d4a880cb44""},{""x"":0.7794,""y"":0.4628,""tSec"":1.95,""_id"":""69bf107fb29661d4a880cb45""},{""x"":0.7911,""y"":0.4646,""tSec"":2,""_id"":""69bf107fb29661d4a880cb46""},{""x"":0.7994,""y"":0.4705,""tSec"":2.2,""_id"":""69bf107fb29661d4a880cb47""},{""x"":0.8157,""y"":0.4712,""tSec"":2.25,""_id"":""69bf107fb29661d4a880cb48""},{""x"":0.8269,""y"":0.4703,""tSec"":2.25,""_id"":""69bf107fb29661d4a880cb49""},{""x"":0.8359,""y"":0.4684,""tSec"":2.25,""_id"":""69bf107fb29661d4a880cb4a""},{""x"":0.8423,""y"":0.4652,""tSec"":2.4,""_id"":""69bf107fb29661d4a880cb4b""},{""x"":0.85,""y"":0.4639,""tSec"":2.5,""_id"":""69bf107fb29661d4a880cb4c""},{""x"":0.8432,""y"":0.4923,""tSec"":3.85,""_id"":""69bf107fb29661d4a880cb4d""},{""x"":0.8394,""y"":0.4729,""tSec"":3.95,""_id"":""69bf107fb29661d4a880cb4e""},{""x"":0.842,""y"":0.4467,""tSec"":4,""_id"":""69bf107fb29661d4a880cb4f""},{""x"":0.8476,""y"":0.4169,""tSec"":4,""_id"":""69bf107fb29661d4a880cb50""},{""x"":0.8506,""y"":0.3894,""tSec"":4.05,""_id"":""69bf107fb29661d4a880cb51""},{""x"":0.8517,""y"":0.3747,""tSec"":4.05,""_id"":""69bf107fb29661d4a880cb52""},{""x"":0.8527,""y"":0.3548,""tSec"":4.05,""_id"":""69bf107fb29661d4a880cb53""},{""x"":0.8528,""y"":0.3391,""tSec"":4.05,""_id"":""69bf107fb29661d4a880cb54""},{""x"":0.8528,""y"":0.3229,""tSec"":4.1,""_id"":""69bf107fb29661d4a880cb55""},{""x"":0.8536,""y"":0.3038,""tSec"":4.15,""_id"":""69bf107fb29661d4a880cb56""},{""x"":0.856,""y"":0.2806,""tSec"":4.15,""_id"":""69bf107fb29661d4a880cb57""},{""x"":0.8586,""y"":0.2663,""tSec"":4.15,""_id"":""69bf107fb29661d4a880cb58""},{""x"":0.8612,""y"":0.2542,""tSec"":4.15,""_id"":""69bf107fb29661d4a880cb59""},{""x"":0.8645,""y"":0.2431,""tSec"":4.2,""_id"":""69bf107fb29661d4a880cb5a""},{""x"":0.8749,""y"":0.2208,""tSec"":4.2,""_id"":""69bf107fb29661d4a880cb5b""},{""x"":0.8884,""y"":0.2,""tSec"":4.25,""_id"":""69bf107fb29661d4a880cb5c""},{""x"":0.8954,""y"":0.1899,""tSec"":4.25,""_id"":""69bf107fb29661d4a880cb5d""},{""x"":0.9001,""y"":0.182,""tSec"":4.25,""_id"":""69bf107fb29661d4a880cb5e""},{""x"":0.9075,""y"":0.1687,""tSec"":4.3,""_id"":""69bf107fb29661d4a880cb5f""},{""x"":0.9107,""y"":0.1614,""tSec"":4.3,""_id"":""69bf107fb29661d4a880cb60""},{""x"":0.9141,""y"":0.1509,""tSec"":4.3,""_id"":""69bf107fb29661d4a880cb61""},{""x"":0.9161,""y"":0.1402,""tSec"":4.35,""_id"":""69bf107fb29661d4a880cb62""},{""x"":0.9164,""y"":0.1322,""tSec"":4.35,""_id"":""69bf107fb29661d4a880cb63""},{""x"":0.9156,""y"":0.1245,""tSec"":4.4,""_id"":""69bf107fb29661d4a880cb64""},{""x"":0.9155,""y"":0.116,""tSec"":4.45,""_id"":""69bf107fb29661d4a880cb65""},{""x"":0.9155,""y"":0.1074,""tSec"":4.55,""_id"":""69bf107fb29661d4a880cb66""},{""x"":0.9232,""y"":0.0987,""tSec"":4.6,""_id"":""69bf107fb29661d4a880cb67""},{""x"":0.9294,""y"":0.0939,""tSec"":4.6,""_id"":""69bf107fb29661d4a880cb68""},{""x"":0.9356,""y"":0.0894,""tSec"":4.65,""_id"":""69bf107fb29661d4a880cb69""},{""x"":0.9417,""y"":0.0832,""tSec"":4.7,""_id"":""69bf107fb29661d4a880cb6a""},{""x"":0.9347,""y"":0.0815,""tSec"":5.5,""_id"":""69bf107fb29661d4a880cb6b""},{""x"":0.924,""y"":0.0813,""tSec"":5.6,""_id"":""69bf107fb29661d4a880cb6c""},{""x"":0.9157,""y"":0.0813,""tSec"":5.6,""_id"":""69bf107fb29661d4a880cb6d""},{""x"":0.9033,""y"":0.0813,""tSec"":5.65,""_id"":""69bf107fb29661d4a880cb6e""},{""x"":0.8857,""y"":0.0813,""tSec"":5.7,""_id"":""69bf107fb29661d4a880cb6f""},{""x"":0.8713,""y"":0.0813,""tSec"":5.7,""_id"":""69bf107fb29661d4a880cb70""},{""x"":0.8627,""y"":0.0803,""tSec"":5.75,""_id"":""69bf107fb29661d4a880cb71""},{""x"":0.8548,""y"":0.0773,""tSec"":5.8,""_id"":""69bf107fb29661d4a880cb72""},{""x"":0.8469,""y"":0.0732,""tSec"":5.9,""_id"":""69bf107fb29661d4a880cb73""},{""x"":0.8399,""y"":0.0717,""tSec"":5.95,""_id"":""69bf107fb29661d4a880cb74""},{""x"":0.8321,""y"":0.0715,""tSec"":6,""_id"":""69bf107fb29661d4a880cb75""},{""x"":0.825,""y"":0.0715,""tSec"":6.05,""_id"":""69bf107fb29661d4a880cb76""},{""x"":0.815,""y"":0.0734,""tSec"":6.1,""_id"":""69bf107fb29661d4a880cb77""},{""x"":0.8068,""y"":0.0737,""tSec"":6.15,""_id"":""69bf107fb29661d4a880cb78""},{""x"":0.7975,""y"":0.0747,""tSec"":6.2,""_id"":""69bf107fb29661d4a880cb79""},{""x"":0.7902,""y"":0.0757,""tSec"":6.25,""_id"":""69bf107fb29661d4a880cb7a""}],""shotMarkers"":[{""x"":0.85,""y"":0.4639,""tSec"":3.45,""_id"":""69bf107fb29661d4a880cb7b""},{""x"":0.7902,""y"":0.0757,""tSec"":7.05,""_id"":""69bf107fb29661d4a880cb7c""}],""fingerprint"":""49b87eb1"",""_id"":""69bf107fb29661d4a880cb3d""}",center,5.0,0.0,0.0,0.0,0.0,None,0.0,None,False,ok,20.35,0.0,20.35,0.0,0.0,0.0,0.0,0.0,0.0,,True,18,0.0,0,0.0,0.0,0.0,0.0,0.0,0.0,0.0,0.0,False,red_3,Bradley,20.65,4.07,4,0.245,0.0,4.0,0.07,0.0,0.0,0.0,0.0,2710,20.0,0.35,0.0,0.0,0.0,20.35,0.0,None,4
"{""totalSec"":163,""autoEndSec"":20,""delayEndSec"":23,""intervals"":[],""_id"":""69bf10b2b29661d4a880cb88""}",0.0,{},,5.0,0.0,0.0,0.0,0.0,stuck,0.0,some,False,rough,0.0,0.0,0.0,0.0,0.0,0.0,0.0,0.0,0.0,"Defense bot, wasn't great at defending...",False,18,0.0,0,0.0,0.0,0.0,0.0,0.0,0.0,0.0,0.0,False,blue_2,Awishkar,0.0,0.0,0,0.0,0.0,0.0,0.0,0.0,0.0,0.0,0.0,4501,0.0,0.0,0.0,0.0,0.0,0.0,0.0,None,0
"{""totalSec"":163,""autoEndSec"":20,""delayEndSec"":23,""intervals"":[{""action"":""shoot"",""startSec"":52.5,""endSec"":53.34,""durationSec"":0.84,""_id"":""69bf10d3b29661d4a880cb96""},{""action"":""shoot"",""startSec"":106.75,""endSec"":106.81,""durationSec"":0.06,""_id"":""69bf10d3b29661d4a880cb97""},{""action"":""shoot"",""startSec"":137.55,""endSec"":138.28,""durationSec"":0.73,""_id"":""69bf10d3b29661d4a880cb98""},{""action"":""shoot"",""startSec"":140.1,""endSec"":142.15,""durationSec"":2.05,""_id"":""69bf10d3b29661d4a880cb99""}],""_id"":""69bf10d3b29661d4a880cb95""}",0.0,"{""alliance"":""blue"",""startPosition"":""center"",""points"":[{""x"":0.34,""y"":0.5,""tSec"":1.25,""_id"":""69bf10d3b29661d4a880cb93""},{""x"":0.3443,""y"":0.5214,""tSec"":1.25,""_id"":""69bf10d3b29661d4a880cb94""}],""shotMarkers"":[],""fingerprint"":""9dfc58d9"",""_id"":""69bf10d3b29661d4a880cb92""}",center,5.0,0.0,0.0,0.0,0.0,None,0.0,None,False,rough,18.4,0.0,18.4,0.0,0.0,0.0,0.0,0.0,0.0,,True,18,0.0,0,0.0,0.0,0.0,0.0,0.0,0.0,0.0,0.0,False,blue_1,Kasandra,30.8,3.68,4,0.785,0.0,2.78,0.0,0.84,0.0,0.06,0.0,8898,13.9,0.0,4.2,0.0,0.3,18.4,0.0,None,4
"{""totalSec"":163,""autoEndSec"":20,""delayEndSec"":23,""intervals"":[],""_id"":""69bf10fcb29661d4a880cba0""}",0.0,{},right,5.0,0.0,0.0,0.0,1.0,None,1.0,None,False,good,0.0,0.0,0.0,0.0,0.0,0.0,0.0,0.0,0.0,Intake and/or shooter was broken,False,18,0.0,0,0.0,0.0,0.0,0.0,0.0,0.0,0.0,0.0,False,blue_3,Wesley,0.0,0.0,0,0.0,0.0,0.0,0.0,0.0,0.0,0.0,0.0,2584,0.0,0.0,0.0,0.0,0.0,0.0,0.0,None,0
"{""totalSec"":163,""autoEndSec"":20,""delayEndSec"":23,""intervals"":[],""_id"":""69bf1247b29661d4a880cbae""}",0.0,"{""alliance"":""red"",""startPosition"":""center"",""points"":[{""x"":0.69,""y"":0.5,""tSec"":9.65,""_id"":""69bf1247b29661d4a880cbac""},{""x"":0.673,""y"":0.4795,""tSec"":9.65,""_id"":""69bf1247b29661d4a880cbad""}],""shotMarkers"":[],""fingerprint"":""4de0c52d"",""_id"":""69bf1247b29661d4a880cbab""}",center,5.0,0.0,0.0,0.0,0.0,None,0.0,None,False,ok,0.0,0.0,0.0,0.0,0.0,0.0,0.0,0.0,0.0,,False,19,0.0,0,0.0,0.0,0.0,0.0,0.0,0.0,0.0,0.0,False,red_2,Kinnon,0.0,0.0,0,0.0,0.0,0.0,0.0,0.0,0.0,0.0,0.0,9696,0.0,0.0,0.0,0.0,0.0,0.0,0.0,None,0
"{""totalSec"":163,""autoEndSec"":20,""delayEndSec"":23,""intervals"":[],""_id"":""69bf1256b29661d4a880cbc1""}",0.0,"{""alliance"":""red"",""startPosition"":""right"",""points"":[{""x"":0.69,""y"":0.67,""tSec"":5.75,""_id"":""69bf1256b29661d4a880cbbe""},{""x"":0.6891,""y"":0.702,""tSec"":5.75,""_id"":""69bf1256b29661d4a880cbbf""}],""shotMarkers"":[{""x"":0.6891,""y"":0.702,""tSec"":6.15,""_id"":""69bf1256b29661d4a880cbc0""}],""fingerprint"":""4200307f"",""_id"":""69bf1256b29661d4a880cbbd""}",right,5.0,0.0,0.0,0.0,0.0,None,0.0,heavy,False,great,0.0,0.0,0.0,0.0,0.0,0.0,0.0,0.0,0.0,,False,19,0.0,0,0.0,0.0,0.0,0.0,0.0,0.0,0.0,0.0,False,red_3,Bradley,0.0,0.0,0,0.0,0.0,0.0,0.0,0.0,0.0,0.0,0.0,4999,0.0,0.0,0.0,0.0,0.0,0.0,0.0,None,0
"{""totalSec"":163,""autoEndSec"":20,""delayEndSec"":23,""intervals"":[{""action"":""shoot"",""startSec"":6,""endSec"":6.4,""durationSec"":0.4,""_id"":""69bf1267b29661d4a880cbc7""},{""action"":""shoot"",""startSec"":7,""endSec"":7.66,""durationSec"":0.66,""_id"":""69bf1267b29661d4a880cbc8""},{""action"":""pass"",""startSec"":11.05,""endSec"":11.1,""durationSec"":0.05,""_id"":""69bf1267b29661d4a880cbc9""},{""action"":""shoot"",""startSec"":13.65,""endSec"":14.31,""durationSec"":0.66,""_id"":""69bf1267b29661d4a880cbca""},{""action"":""shoot"",""startSec"":16.1,""endSec"":17.15,""durationSec"":1.05,""_id"":""69bf1267b29661d4a880cbcb""},{""action"":""shoot"",""startSec"":17.35,""endSec"":19.65,""durationSec"":2.3,""_id"":""69bf1267b29661d4a880cbcc""},{""action"":""shoot"",""startSec"":39.6,""endSec"":40,""durationSec"":0.4,""_id"":""69bf1267b29661d4a880cbcd""},{""action"":""pass"",""startSec"":40.45,""endSec"":54.85,""durationSec"":14.4,""_id"":""69bf1267b29661d4a880cbce""},{""action"":""pass"",""startSec"":55.4,""endSec"":56.3,""durationSec"":0.9,""_id"":""69bf1267b29661d4a880cbcf""},{""action"":""shoot"",""startSec"":154.77,""endSec"":163,""durationSec"":8.23,""_id"":""69bf1267b29661d4a880cbd0""}],""_id"":""69bf1267b29661d4a880cbc6""}",25.35,{},center,5.0,1.0,0.0,0.0,1.0,stuck,2.0,None,False,ok,68.5,76.75,68.5,0.0,0.0,0.0,0.0,0.0,0.0,Mechanical fail?,True,19,15.35,3,0.9,0.05,0.0,10.05,5.25,0.0,0.0,0.0,False,red_1,Mmasi,4.55,13.7,7,0.66,5.07,8.23,0.4,0.0,0.0,0.0,0.0,6904,41.15,2.0,0.0,0.0,0.0,43.15,0.0,None,10
"{""totalSec"":163,""autoEndSec"":20,""delayEndSec"":23,""intervals"":[],""_id"":""69bf1289b29661d4a880cbda""}",0.0,{},,5.0,0.0,0.0,0.0,0.0,None,0.0,heavy,False,good,0.0,0.0,0.0,0.0,0.0,0.0,0.0,0.0,0.0,,False,19,0.0,0,0.0,0.0,0.0,0.0,0.0,0.0,0.0,0.0,False,blue_2,Awishkar,0.0,0.0,0,0.0,0.0,0.0,0.0,0.0,0.0,0.0,0.0,11096,0.0,0.0,0.0,0.0,0.0,0.0,0.0,None,0
"{""totalSec"":163,""autoEndSec"":20,""delayEndSec"":23,""intervals"":[{""action"":""shoot"",""startSec"":32,""endSec"":33.6,""durationSec"":1.6,""_id"":""69bf12c2b29661d4a880cc47""},{""action"":""shoot"",""startSec"":57.54,""endSec"":58.49,""durationSec"":0.95,""_id"":""69bf12c2b29661d4a880cc48""},{""action"":""shoot"",""startSec"":59.14,""endSec"":59.67,""durationSec"":0.53,""_id"":""69bf12c2b29661d4a880cc49""},{""action"":""shoot"",""startSec"":67.09,""endSec"":67.79,""durationSec"":0.7,""_id"":""69bf12c2b29661d4a880cc4a""},{""action"":""shoot"",""startSec"":68.64,""endSec"":69.34,""durationSec"":0.7,""_id"":""69bf12c2b29661d4a880cc4b""},{""action"":""shoot"",""startSec"":72.99,""endSec"":73.61,""durationSec"":0.62,""_id"":""69bf12c2b29661d4a880cc4c""},{""action"":""shoot"",""startSec"":114.39,""endSec"":115.04,""durationSec"":0.65,""_id"":""69bf12c2b29661d4a880cc4d""},{""action"":""shoot"",""startSec"":115.79,""endSec"":115.89,""durationSec"":0.1,""_id"":""69bf12c2b29661d4a880cc4e""},{""action"":""shoot"",""startSec"":116.89,""endSec"":117.8,""durationSec"":0.91,""_id"":""69bf12c2b29661d4a880cc4f""},{""action"":""shoot"",""startSec"":120.54,""endSec"":122.79,""durationSec"":2.25,""_id"":""69bf12c2b29661d4a880cc50""},{""action"":""shoot"",""startSec"":162.19,""endSec"":163,""durationSec"":0.81,""_id"":""69bf12c2b29661d4a880cc51""}],""_id"":""69bf12c2b29661d4a880cc46""}",0.0,"{""alliance"":""blue"",""startPosition"":""center"",""points"":[{""x"":0.34,""y"":0.5,""tSec"":1.4,""_id"":""69bf12c2b29661d4a880cbea""},{""x"":0.3428,""y"":0.5347,""tSec"":1.4,""_id"":""69bf12c2b29661d4a880cbeb""},{""x"":0.3516,""y"":0.5417,""tSec"":4.65,""_id"":""69bf12c2b29661d4a880cbec""},{""x"":0.3519,""y"":0.515,""tSec"":4.7,""_id"":""69bf12c2b29661d4a880cbed""},{""x"":0.3519,""y"":0.5034,""tSec"":4.75,""_id"":""69bf12c2b29661d4a880cbee""},{""x"":0.3527,""y"":0.4935,""tSec"":4.75,""_id"":""69bf12c2b29661d4a880cbef""},{""x"":0.3612,""y"":0.4743,""tSec"":4.75,""_id"":""69bf12c2b29661d4a880cbf0""},{""x"":0.386,""y"":0.4389,""tSec"":4.8,""_id"":""69bf12c2b29661d4a880cbf1""},{""x"":0.3981,""y"":0.4233,""tSec"":4.8,""_id"":""69bf12c2b29661d4a880cbf2""},{""x"":0.4065,""y"":0.4129,""tSec"":4.8,""_id"":""69bf12c2b29661d4a880cbf3""},{""x"":0.4183,""y"":0.3993,""tSec"":4.8,""_id"":""69bf12c2b29661d4a880cbf4""},{""x"":0.4289,""y"":0.3817,""tSec"":4.9,""_id"":""69bf12c2b29661d4a880cbf5""},{""x"":0.4409,""y"":0.3559,""tSec"":4.9,""_id"":""69bf12c2b29661d4a880cbf6""},{""x"":0.4545,""y"":0.3349,""tSec"":4.95,""_id"":""69bf12c2b29661d4a880cbf7""},{""x"":0.4654,""y"":0.3229,""tSec"":4.95,""_id"":""69bf12c2b29661d4a880cbf8""},{""x"":0.4812,""y"":0.311,""tSec"":5,""_id"":""69bf12c2b29661d4a880cbf9""},{""x"":0.4955,""y"":0.3049,""tSec"":5.05,""_id"":""69bf12c2b29661d4a880cbfa""},{""x"":0.5148,""y"":0.2985,""tSec"":5.05,""_id"":""69bf12c2b29661d4a880cbfb""},{""x"":0.5431,""y"":0.2892,""tSec"":5.1,""_id"":""69bf12c2b29661d4a880cbfc""},{""x"":0.568,""y"":0.2815,""tSec"":5.1,""_id"":""69bf12c2b29661d4a880cbfd""},{""x"":0.5986,""y"":0.2749,""tSec"":5.15,""_id"":""69bf12c2b29661d4a880cbfe""},{""x"":0.61,""y"":0.2722,""tSec"":5.15,""_id"":""69bf12c2b29661d4a880cbff""},{""x"":0.6236,""y"":0.27,""tSec"":5.2,""_id"":""69bf12c2b29661d4a880cc00""},{""x"":0.6328,""y"":0.2697,""tSec"":5.2,""_id"":""69bf12c2b29661d4a880cc01""},{""x"":0.6409,""y"":0.2697,""tSec"":5.25,""_id"":""69bf12c2b29661d4a880cc02""},{""x"":0.6427,""y"":0.2791,""tSec"":5.4,""_id"":""69bf12c2b29661d4a880cc03""},{""x"":0.6444,""y"":0.286,""tSec"":5.45,""_id"":""69bf12c2b29661d4a880cc04""},{""x"":0.6477,""y"":0.2952,""tSec"":5.5,""_id"":""69bf12c2b29661d4a880cc05""},{""x"":0.6503,""y"":0.3021,""tSec"":5.5,""_id"":""69bf12c2b29661d4a880cc06""},{""x"":0.6545,""y"":0.3085,""tSec"":5.55,""_id"":""69bf12c2b29661d4a880cc07""},{""x"":0.658,""y"":0.315,""tSec"":5.6,""_id"":""69bf12c2b29661d4a880cc08""},{""x"":0.66,""y"":0.3224,""tSec"":5.7,""_id"":""69bf12c2b29661d4a880cc09""},{""x"":0.6533,""y"":0.3271,""tSec"":5.9,""_id"":""69bf12c2b29661d4a880cc0a""},{""x"":0.6464,""y"":0.3296,""tSec"":6.05,""_id"":""69bf12c2b29661d4a880cc0b""},{""x"":0.6394,""y"":0.3317,""tSec"":6.2,""_id"":""69bf12c2b29661d4a880cc0c""},{""x"":0.6317,""y"":0.332,""tSec"":6.4,""_id"":""69bf12c2b29661d4a880cc0d""},{""x"":0.6284,""y"":0.3206,""tSec"":9.15,""_id"":""69bf12c2b29661d4a880cc0e""},{""x"":0.6158,""y"":0.3145,""tSec"":9.2,""_id"":""69bf12c2b29661d4a880cc0f""},{""x"":0.6052,""y"":0.3016,""tSec"":9.25,""_id"":""69bf12c2b29661d4a880cc10""},{""x"":0.5977,""y"":0.2895,""tSec"":9.25,""_id"":""69bf12c2b29661d4a880cc11""},{""x"":0.5807,""y"":0.2635,""tSec"":9.3,""_id"":""69bf12c2b29661d4a880cc12""},{""x"":0.558,""y"":0.2377,""tSec"":9.3,""_id"":""69bf12c2b29661d4a880cc13""},{""x"":0.5284,""y"":0.2157,""tSec"":9.3,""_id"":""69bf12c2b29661d4a880cc14""},{""x"":0.4919,""y"":0.2046,""tSec"":9.35,""_id"":""69bf12c2b29661d4a880cc15""},{""x"":0.4423,""y"":0.2061,""tSec"":9.35,""_id"":""69bf12c2b29661d4a880cc16""},{""x"":0.3689,""y"":0.228,""tSec"":9.4,""_id"":""69bf12c2b29661d4a880cc17""},{""x"":0.3279,""y"":0.2476,""tSec"":9.4,""_id"":""69bf12c2b29661d4a880cc18""},{""x"":0.3054,""y"":0.2613,""tSec"":9.45,""_id"":""69bf12c2b29661d4a880cc19""},{""x"":0.2957,""y"":0.2725,""tSec"":9.45,""_id"":""69bf12c2b29661d4a880cc1a""},{""x"":0.2946,""y"":0.2936,""tSec"":9.5,""_id"":""69bf12c2b29661d4a880cc1b""},{""x"":0.2814,""y"":0.3094,""tSec"":13.3,""_id"":""69bf12c2b29661d4a880cc1c""},{""x"":0.286,""y"":0.2952,""tSec"":13.35,""_id"":""69bf12c2b29661d4a880cc1d""},{""x"":0.2942,""y"":0.2775,""tSec"":13.35,""_id"":""69bf12c2b29661d4a880cc1e""},{""x"":0.3067,""y"":0.2573,""tSec"":13.35,""_id"":""69bf12c2b29661d4a880cc1f""},{""x"":0.325,""y"":0.2332,""tSec"":13.35,""_id"":""69bf12c2b29661d4a880cc20""},{""x"":0.3801,""y"":0.1821,""tSec"":13.35,""_id"":""69bf12c2b29661d4a880cc21""},{""x"":0.4174,""y"":0.1552,""tSec"":13.4,""_id"":""69bf12c2b29661d4a880cc22""},{""x"":0.4725,""y"":0.1226,""tSec"":13.4,""_id"":""69bf12c2b29661d4a880cc23""},{""x"":0.5143,""y"":0.1036,""tSec"":13.45,""_id"":""69bf12c2b29661d4a880cc24""},{""x"":0.5424,""y"":0.0957,""tSec"":13.45,""_id"":""69bf12c2b29661d4a880cc25""},{""x"":0.5772,""y"":0.0984,""tSec"":13.5,""_id"":""69bf12c2b29661d4a880cc26""},{""x"":0.5997,""y"":0.1054,""tSec"":13.5,""_id"":""69bf12c2b29661d4a880cc27""},{""x"":0.614,""y"":0.1147,""tSec"":13.55,""_id"":""69bf12c2b29661d4a880cc28""},{""x"":0.624,""y"":0.1282,""tSec"":13.55,""_id"":""69bf12c2b29661d4a880cc29""},{""x"":0.6322,""y"":0.143,""tSec"":13.6,""_id"":""69bf12c2b29661d4a880cc2a""},{""x"":0.6408,""y"":0.158,""tSec"":13.6,""_id"":""69bf12c2b29661d4a880cc2b""},{""x"":0.648,""y"":0.176,""tSec"":13.65,""_id"":""69bf12c2b29661d4a880cc2c""},{""x"":0.6512,""y"":0.1951,""tSec"":13.65,""_id"":""69bf12c2b29661d4a880cc2d""},{""x"":0.6523,""y"":0.2087,""tSec"":13.7,""_id"":""69bf12c2b29661d4a880cc2e""},{""x"":0.6524,""y"":0.2179,""tSec"":13.7,""_id"":""69bf12c2b29661d4a880cc2f""},{""x"":0.6501,""y"":0.2256,""tSec"":13.8,""_id"":""69bf12c2b29661d4a880cc30""},{""x"":0.656,""y"":0.2578,""tSec"":16.15,""_id"":""69bf12c2b29661d4a880cc31""},{""x"":0.6483,""y"":0.2645,""tSec"":16.2,""_id"":""69bf12c2b29661d4a880cc32""},{""x"":0.6405,""y"":0.2663,""tSec"":16.2,""_id"":""69bf12c2b29661d4a880cc33""},{""x"":0.628,""y"":0.2579,""tSec"":16.25,""_id"":""69bf12c2b29661d4a880cc34""},{""x"":0.6196,""y"":0.2503,""tSec"":16.25,""_id"":""69bf12c2b29661d4a880cc35""},{""x"":0.5933,""y"":0.2305,""tSec"":16.3,""_id"":""69bf12c2b29661d4a880cc36""},{""x"":0.548,""y"":0.2102,""tSec"":16.3,""_id"":""69bf12c2b29661d4a880cc37""},{""x"":0.4874,""y"":0.1878,""tSec"":16.35,""_id"":""69bf12c2b29661d4a880cc38""},{""x"":0.4525,""y"":0.172,""tSec"":16.35,""_id"":""69bf12c2b29661d4a880cc39""},{""x"":0.4214,""y"":0.1568,""tSec"":16.35,""_id"":""69bf12c2b29661d4a880cc3a""},{""x"":0.3779,""y"":0.1304,""tSec"":16.4,""_id"":""69bf12c2b29661d4a880cc3b""},{""x"":0.3489,""y"":0.1131,""tSec"":16.4,""_id"":""69bf12c2b29661d4a880cc3c""},{""x"":0.3377,""y"":0.1081,""tSec"":16.4,""_id"":""69bf12c2b29661d4a880cc3d""},{""x"":0.3357,""y"":0.1473,""tSec"":16.45,""_id"":""69bf12c2b29661d4a880cc3e""},{""x"":0.3361,""y"":0.1689,""tSec"":16.5,""_id"":""69bf12c2b29661d4a880cc3f""},{""x"":0.3347,""y"":0.1905,""tSec"":16.5,""_id"":""69bf12c2b29661d4a880cc40""},{""x"":0.3299,""y"":0.2138,""tSec"":16.5,""_id"":""69bf12c2b29661d4a880cc41""},{""x"":0.3171,""y"":0.2668,""tSec"":16.5,""_id"":""69bf12c2b29661d4a880cc42""},{""x"":0.3056,""y"":0.3298,""tSec"":16.55,""_id"":""69bf12c2b29661d4a880cc43""},{""x"":0.305,""y"":0.3894,""tSec"":16.55,""_id"":""69bf12c2b29661d4a880cc44""},{""x"":0.3171,""y"":0.4325,""tSec"":16.6,""_id"":""69bf12c2b29661d4a880cc45""}],""shotMarkers"":[],""fingerprint"":""a84077d3"",""_id"":""69bf12c2b29661d4a880cbe9""}",center,5.0,0.0,0.0,0.0,1.0,None,1.0,None,True,great,49.1,0.0,49.1,0.0,0.0,0.0,0.0,0.0,0.0,Held a lot and was very accurate ( it wasn't shown in the scouting),True,19,0.0,0,0.0,0.0,0.0,0.0,0.0,0.0,0.0,0.0,False,blue_1,Kasandra,4.0,9.82,11,0.7,0.0,0.81,1.6,3.5,0.0,3.91,0.0,9408,4.05,8.0,17.5,0.0,19.55,49.099999999999994,0.0,None,11
"{""totalSec"":163,""autoEndSec"":20,""delayEndSec"":23,""intervals"":[{""action"":""pass"",""startSec"":48.1,""endSec"":50.3,""durationSec"":2.2,""_id"":""69bf130374f07645123a308d""},{""action"":""pass"",""startSec"":52.9,""endSec"":53.75,""durationSec"":0.85,""_id"":""69bf130374f07645123a308e""},{""action"":""pass"",""startSec"":57.55,""endSec"":60.2,""durationSec"":2.65,""_id"":""69bf130374f07645123a308f""},{""action"":""shoot"",""startSec"":66.45,""endSec"":68.8,""durationSec"":2.35,""_id"":""69bf130374f07645123a3090""},{""action"":""shoot"",""startSec"":73.7,""endSec"":74.65,""durationSec"":0.95,""_id"":""69bf130374f07645123a3091""}],""_id"":""69bf130374f07645123a308c""}",0.0,"{""alliance"":""blue"",""startPosition"":""left"",""points"":[{""x"":0.34,""y"":0.67,""tSec"":2.45,""_id"":""69bf130374f07645123a3014""},{""x"":0.3451,""y"":0.6591,""tSec"":2.45,""_id"":""69bf130374f07645123a3015""},{""x"":0.3527,""y"":0.6521,""tSec"":6,""_id"":""69bf130374f07645123a3016""},{""x"":0.3735,""y"":0.6616,""tSec"":6.1,""_id"":""69bf130374f07645123a3017""},{""x"":0.3805,""y"":0.6656,""tSec"":6.1,""_id"":""69bf130374f07645123a3018""},{""x"":0.3906,""y"":0.6727,""tSec"":6.15,""_id"":""69bf130374f07645123a3019""},{""x"":0.401,""y"":0.6811,""tSec"":6.15,""_id"":""69bf130374f07645123a301a""},{""x"":0.4069,""y"":0.6868,""tSec"":6.2,""_id"":""69bf130374f07645123a301b""},{""x"":0.4168,""y"":0.696,""tSec"":6.2,""_id"":""69bf130374f07645123a301c""},{""x"":0.4241,""y"":0.7037,""tSec"":6.25,""_id"":""69bf130374f07645123a301d""},{""x"":0.4303,""y"":0.7094,""tSec"":6.25,""_id"":""69bf130374f07645123a301e""},{""x"":0.4373,""y"":0.7149,""tSec"":6.3,""_id"":""69bf130374f07645123a301f""},{""x"":0.4457,""y"":0.7211,""tSec"":6.3,""_id"":""69bf130374f07645123a3020""},{""x"":0.4689,""y"":0.7352,""tSec"":6.35,""_id"":""69bf130374f07645123a3021""},{""x"":0.4817,""y"":0.7444,""tSec"":6.4,""_id"":""69bf130374f07645123a3022""},{""x"":0.4879,""y"":0.7484,""tSec"":6.4,""_id"":""69bf130374f07645123a3023""},{""x"":0.4978,""y"":0.7554,""tSec"":6.4,""_id"":""69bf130374f07645123a3024""},{""x"":0.5082,""y"":0.7629,""tSec"":6.45,""_id"":""69bf130374f07645123a3025""},{""x"":0.514,""y"":0.7676,""tSec"":6.45,""_id"":""69bf130374f07645123a3026""},{""x"":0.5262,""y"":0.7767,""tSec"":6.45,""_id"":""69bf130374f07645123a3027""},{""x"":0.5492,""y"":0.7947,""tSec"":6.5,""_id"":""69bf130374f07645123a3028""},{""x"":0.5772,""y"":0.812,""tSec"":6.55,""_id"":""69bf130374f07645123a3029""},{""x"":0.589,""y"":0.8179,""tSec"":6.55,""_id"":""69bf130374f07645123a302a""},{""x"":0.6287,""y"":0.829,""tSec"":6.6,""_id"":""69bf130374f07645123a302b""},{""x"":0.6473,""y"":0.8323,""tSec"":6.65,""_id"":""69bf130374f07645123a302c""},{""x"":0.6718,""y"":0.8345,""tSec"":6.65,""_id"":""69bf130374f07645123a302d""},{""x"":0.6885,""y"":0.8348,""tSec"":6.7,""_id"":""69bf130374f07645123a302e""},{""x"":0.705,""y"":0.8348,""tSec"":6.7,""_id"":""69bf130374f07645123a302f""},{""x"":0.714,""y"":0.8348,""tSec"":6.7,""_id"":""69bf130374f07645123a3030""},{""x"":0.7281,""y"":0.8348,""tSec"":6.75,""_id"":""69bf130374f07645123a3031""},{""x"":0.7489,""y"":0.8348,""tSec"":6.8,""_id"":""69bf130374f07645123a3032""},{""x"":0.7583,""y"":0.8348,""tSec"":6.8,""_id"":""69bf130374f07645123a3033""},{""x"":0.7656,""y"":0.8348,""tSec"":6.8,""_id"":""69bf130374f07645123a3034""},{""x"":0.7764,""y"":0.8339,""tSec"":6.8,""_id"":""69bf130374f07645123a3035""},{""x"":0.7915,""y"":0.8328,""tSec"":6.85,""_id"":""69bf130374f07645123a3036""},{""x"":0.7987,""y"":0.8327,""tSec"":6.9,""_id"":""69bf130374f07645123a3037""},{""x"":0.8172,""y"":0.8261,""tSec"":6.9,""_id"":""69bf130374f07645123a3038""},{""x"":0.824,""y"":0.8215,""tSec"":6.95,""_id"":""69bf130374f07645123a3039""},{""x"":0.8324,""y"":0.8153,""tSec"":7,""_id"":""69bf130374f07645123a303a""},{""x"":0.8381,""y"":0.8098,""tSec"":7,""_id"":""69bf130374f07645123a303b""},{""x"":0.8457,""y"":0.7987,""tSec"":7.05,""_id"":""69bf130374f07645123a303c""},{""x"":0.8512,""y"":0.786,""tSec"":7.1,""_id"":""69bf130374f07645123a303d""},{""x"":0.8557,""y"":0.7751,""tSec"":7.1,""_id"":""69bf130374f07645123a303e""},{""x"":0.8577,""y"":0.7681,""tSec"":7.15,""_id"":""69bf130374f07645123a303f""},{""x"":0.8595,""y"":0.7597,""tSec"":7.15,""_id"":""69bf130374f07645123a3040""},{""x"":0.8598,""y"":0.752,""tSec"":7.2,""_id"":""69bf130374f07645123a3041""},{""x"":0.8605,""y"":0.7436,""tSec"":7.2,""_id"":""69bf130374f07645123a3042""},{""x"":0.8614,""y"":0.7331,""tSec"":7.25,""_id"":""69bf130374f07645123a3043""},{""x"":0.8623,""y"":0.7233,""tSec"":7.3,""_id"":""69bf130374f07645123a3044""},{""x"":0.8624,""y"":0.7146,""tSec"":7.35,""_id"":""69bf130374f07645123a3045""},{""x"":0.8631,""y"":0.7069,""tSec"":7.35,""_id"":""69bf130374f07645123a3046""},{""x"":0.864,""y"":0.6985,""tSec"":7.4,""_id"":""69bf130374f07645123a3047""},{""x"":0.8649,""y"":0.6889,""tSec"":7.45,""_id"":""69bf130374f07645123a3048""},{""x"":0.865,""y"":0.6802,""tSec"":7.45,""_id"":""69bf130374f07645123a3049""},{""x"":0.865,""y"":0.6725,""tSec"":7.5,""_id"":""69bf130374f07645123a304a""},{""x"":0.865,""y"":0.6641,""tSec"":7.55,""_id"":""69bf130374f07645123a304b""},{""x"":0.865,""y"":0.6564,""tSec"":7.6,""_id"":""69bf130374f07645123a304c""},{""x"":0.865,""y"":0.6489,""tSec"":7.65,""_id"":""69bf130374f07645123a304d""},{""x"":0.865,""y"":0.6405,""tSec"":7.7,""_id"":""69bf130374f07645123a304e""},{""x"":0.8658,""y"":0.6309,""tSec"":7.75,""_id"":""69bf130374f07645123a304f""},{""x"":0.8666,""y"":0.6213,""tSec"":7.85,""_id"":""69bf130374f07645123a3050""},{""x"":0.8667,""y"":0.6135,""tSec"":7.9,""_id"":""69bf130374f07645123a3051""},{""x"":0.8667,""y"":0.6059,""tSec"":8,""_id"":""69bf130374f07645123a3052""},{""x"":0.8714,""y"":0.6136,""tSec"":8.35,""_id"":""69bf130374f07645123a3053""},{""x"":0.8719,""y"":0.6229,""tSec"":8.4,""_id"":""69bf130374f07645123a3054""},{""x"":0.872,""y"":0.6354,""tSec"":8.45,""_id"":""69bf130374f07645123a3055""},{""x"":0.872,""y"":0.6445,""tSec"":8.45,""_id"":""69bf130374f07645123a3056""},{""x"":0.8712,""y"":0.6531,""tSec"":8.5,""_id"":""69bf130374f07645123a3057""},{""x"":0.8695,""y"":0.6608,""tSec"":8.55,""_id"":""69bf130374f07645123a3058""},{""x"":0.8686,""y"":0.6684,""tSec"":8.6,""_id"":""69bf130374f07645123a3059""},{""x"":0.8669,""y"":0.6759,""tSec"":8.6,""_id"":""69bf130374f07645123a305a""},{""x"":0.8652,""y"":0.6862,""tSec"":8.65,""_id"":""69bf130374f07645123a305b""},{""x"":0.8642,""y"":0.696,""tSec"":8.7,""_id"":""69bf130374f07645123a305c""},{""x"":0.8618,""y"":0.7037,""tSec"":8.7,""_id"":""69bf130374f07645123a305d""},{""x"":0.8592,""y"":0.7122,""tSec"":8.75,""_id"":""69bf130374f07645123a305e""},{""x"":0.8566,""y"":0.7199,""tSec"":8.8,""_id"":""69bf130374f07645123a305f""},{""x"":0.854,""y"":0.7293,""tSec"":8.85,""_id"":""69bf130374f07645123a3060""},{""x"":0.8522,""y"":0.7362,""tSec"":8.85,""_id"":""69bf130374f07645123a3061""},{""x"":0.8489,""y"":0.7464,""tSec"":8.9,""_id"":""69bf130374f07645123a3062""},{""x"":0.8454,""y"":0.7534,""tSec"":8.9,""_id"":""69bf130374f07645123a3063""},{""x"":0.842,""y"":0.7598,""tSec"":8.95,""_id"":""69bf130374f07645123a3064""},{""x"":0.8369,""y"":0.7691,""tSec"":8.95,""_id"":""69bf130374f07645123a3065""},{""x"":0.8325,""y"":0.7759,""tSec"":9,""_id"":""69bf130374f07645123a3066""},{""x"":0.825,""y"":0.789,""tSec"":9,""_id"":""69bf130374f07645123a3067""},{""x"":0.8218,""y"":0.7953,""tSec"":9.05,""_id"":""69bf130374f07645123a3068""},{""x"":0.813,""y"":0.8074,""tSec"":9.05,""_id"":""69bf130374f07645123a3069""},{""x"":0.8043,""y"":0.8164,""tSec"":9.1,""_id"":""69bf130374f07645123a306a""},{""x"":0.7979,""y"":0.8212,""tSec"":9.1,""_id"":""69bf130374f07645123a306b""},{""x"":0.7818,""y"":0.8304,""tSec"":9.15,""_id"":""69bf130374f07645123a306c""},{""x"":0.7745,""y"":0.8343,""tSec"":9.15,""_id"":""69bf130374f07645123a306d""},{""x"":0.7606,""y"":0.8423,""tSec"":9.15,""_id"":""69bf130374f07645123a306e""},{""x"":0.7451,""y"":0.849,""tSec"":9.2,""_id"":""69bf130374f07645123a306f""},{""x"":0.7226,""y"":0.8564,""tSec"":9.25,""_id"":""69bf130374f07645123a3070""},{""x"":0.7122,""y"":0.8582,""tSec"":9.25,""_id"":""69bf130374f07645123a3071""},{""x"":0.6957,""y"":0.8585,""tSec"":9.25,""_id"":""69bf130374f07645123a3072""},{""x"":0.686,""y"":0.8575,""tSec"":9.25,""_id"":""69bf130374f07645123a3073""},{""x"":0.6702,""y"":0.8536,""tSec"":9.25,""_id"":""69bf130374f07645123a3074""},{""x"":0.6615,""y"":0.8503,""tSec"":9.3,""_id"":""69bf130374f07645123a3075""},{""x"":0.6474,""y"":0.8442,""tSec"":9.35,""_id"":""69bf130374f07645123a3076""},{""x"":0.6388,""y"":0.8397,""tSec"":9.35,""_id"":""69bf130374f07645123a3077""},{""x"":0.6247,""y"":0.8326,""tSec"":9.35,""_id"":""69bf130374f07645123a3078""},{""x"":0.6116,""y"":0.8261,""tSec"":9.4,""_id"":""69bf130374f07645123a3079""},{""x"":0.5993,""y"":0.8186,""tSec"":9.4,""_id"":""69bf130374f07645123a307a""},{""x"":0.5871,""y"":0.8111,""tSec"":9.4,""_id"":""69bf130374f07645123a307b""},{""x"":0.5749,""y"":0.8027,""tSec"":9.45,""_id"":""69bf130374f07645123a307c""},{""x"":0.5687,""y"":0.7979,""tSec"":9.45,""_id"":""69bf130374f07645123a307d""},{""x"":0.552,""y"":0.7821,""tSec"":9.5,""_id"":""69bf130374f07645123a307e""},{""x"":0.5453,""y"":0.7765,""tSec"":9.5,""_id"":""69bf130374f07645123a307f""},{""x"":0.5361,""y"":0.7702,""tSec"":9.55,""_id"":""69bf130374f07645123a3080""},{""x"":0.5266,""y"":0.7638,""tSec"":9.55,""_id"":""69bf130374f07645123a3081""},{""x"":0.5178,""y"":0.7573,""tSec"":9.6,""_id"":""69bf130374f07645123a3082""},{""x"":0.5013,""y"":0.7471,""tSec"":9.65,""_id"":""69bf130374f07645123a3083""},{""x"":0.4917,""y"":0.7411,""tSec"":9.65,""_id"":""69bf130374f07645123a3084""},{""x"":0.4844,""y"":0.7356,""tSec"":9.7,""_id"":""69bf130374f07645123a3085""},{""x"":0.4782,""y"":0.7302,""tSec"":9.7,""_id"":""69bf130374f07645123a3086""},{""x"":0.4698,""y"":0.724,""tSec"":9.75,""_id"":""69bf130374f07645123a3087""},{""x"":0.4619,""y"":0.7194,""tSec"":9.75,""_id"":""69bf130374f07645123a3088""},{""x"":0.4548,""y"":0.7161,""tSec"":9.8,""_id"":""69bf130374f07645123a3089""},{""x"":0.4478,""y"":0.7147,""tSec"":9.9,""_id"":""69bf130374f07645123a308a""}],""shotMarkers"":[{""x"":0.4478,""y"":0.7147,""tSec"":14.95,""_id"":""69bf130374f07645123a308b""}],""fingerprint"":""2b3e5332"",""_id"":""69bf130374f07645123a3013""}",left,5.0,0.0,0.0,0.0,1.0,None,1.0,None,False,good,16.5,28.5,16.5,0.0,0.0,0.0,0.0,0.0,0.0,Shooter was partially working through first half and then it broke down in the last half. Also got stuck during its auto,True,19,5.7,3,2.2,0.0,0.0,2.2,3.5,0.0,0.0,0.0,False,blue_3,Wesley,7.25,3.3,2,1.65,0.0,0.0,0.0,3.3,0.0,0.0,0.0,1197,0.0,0.0,16.5,0.0,0.0,16.5,0.0,None,5
"{""totalSec"":163,""autoEndSec"":20,""delayEndSec"":23,""intervals"":[{""action"":""shoot"",""startSec"":24.4,""endSec"":26.52,""durationSec"":2.12,""_id"":""69bf145974f07645123a30c2""},{""action"":""shoot"",""startSec"":48.95,""endSec"":49.65,""durationSec"":0.7,""_id"":""69bf145974f07645123a30c3""},{""action"":""shoot"",""startSec"":51.55,""endSec"":52.65,""durationSec"":1.1,""_id"":""69bf145974f07645123a30c4""},{""action"":""shoot"",""startSec"":80.7,""endSec"":80.8,""durationSec"":0.1,""_id"":""69bf145974f07645123a30c5""},{""action"":""shoot"",""startSec"":87.98,""endSec"":90.58,""durationSec"":2.6,""_id"":""69bf145974f07645123a30c6""},{""action"":""shoot"",""startSec"":90.8,""endSec"":91.46,""durationSec"":0.66,""_id"":""69bf145974f07645123a30c7""},{""action"":""shoot"",""startSec"":93.55,""endSec"":94.2,""durationSec"":0.65,""_id"":""69bf145974f07645123a30c8""},{""action"":""shoot"",""startSec"":123.63,""endSec"":123.73,""durationSec"":0.1,""_id"":""69bf145974f07645123a30c9""},{""action"":""shoot"",""startSec"":124.63,""endSec"":126.63,""durationSec"":2,""_id"":""69bf145974f07645123a30ca""},{""action"":""shoot"",""startSec"":127.68,""endSec"":128.88,""durationSec"":1.2,""_id"":""69bf145974f07645123a30cb""}],""_id"":""69bf145974f07645123a30c1""}",0.0,"{""alliance"":""red"",""startPosition"":""center"",""points"":[{""x"":0.69,""y"":0.5,""tSec"":0.95,""_id"":""69bf145974f07645123a309e""},{""x"":0.6938,""y"":0.5282,""tSec"":0.95,""_id"":""69bf145974f07645123a309f""},{""x"":0.6743,""y"":0.5353,""tSec"":1.05,""_id"":""69bf145974f07645123a30a0""},{""x"":0.6666,""y"":0.5391,""tSec"":1.05,""_id"":""69bf145974f07645123a30a1""},{""x"":0.6511,""y"":0.551,""tSec"":1.1,""_id"":""69bf145974f07645123a30a2""},{""x"":0.6408,""y"":0.5581,""tSec"":1.15,""_id"":""69bf145974f07645123a30a3""},{""x"":0.6303,""y"":0.5647,""tSec"":1.2,""_id"":""69bf145974f07645123a30a4""},{""x"":0.6191,""y"":0.5731,""tSec"":1.2,""_id"":""69bf145974f07645123a30a5""},{""x"":0.6085,""y"":0.5837,""tSec"":1.3,""_id"":""69bf145974f07645123a30a6""},{""x"":0.605,""y"":0.5907,""tSec"":1.4,""_id"":""69bf145974f07645123a30a7""},{""x"":0.6068,""y"":0.5991,""tSec"":1.5,""_id"":""69bf145974f07645123a30a8""},{""x"":0.6148,""y"":0.6058,""tSec"":1.55,""_id"":""69bf145974f07645123a30a9""},{""x"":0.6211,""y"":0.6095,""tSec"":1.55,""_id"":""69bf145974f07645123a30aa""},{""x"":0.6364,""y"":0.6157,""tSec"":1.6,""_id"":""69bf145974f07645123a30ab""},{""x"":0.6551,""y"":0.6231,""tSec"":1.65,""_id"":""69bf145974f07645123a30ac""},{""x"":0.6657,""y"":0.6259,""tSec"":1.65,""_id"":""69bf145974f07645123a30ad""},{""x"":0.6808,""y"":0.6291,""tSec"":1.7,""_id"":""69bf145974f07645123a30ae""},{""x"":0.688,""y"":0.6295,""tSec"":1.8,""_id"":""69bf145974f07645123a30af""},{""x"":0.6958,""y"":0.6295,""tSec"":1.9,""_id"":""69bf145974f07645123a30b0""},{""x"":0.7036,""y"":0.6285,""tSec"":2,""_id"":""69bf145974f07645123a30b1""},{""x"":0.7107,""y"":0.6284,""tSec"":2.1,""_id"":""69bf145974f07645123a30b2""},{""x"":0.7192,""y"":0.6284,""tSec"":2.2,""_id"":""69bf145974f07645123a30b3""},{""x"":0.7264,""y"":0.6284,""tSec"":2.35,""_id"":""69bf145974f07645123a30b4""},{""x"":0.7334,""y"":0.6256,""tSec"":3.65,""_id"":""69bf145974f07645123a30b5""},{""x"":0.7388,""y"":0.6204,""tSec"":4.5,""_id"":""69bf145974f07645123a30b6""},{""x"":0.7418,""y"":0.6132,""tSec"":4.65,""_id"":""69bf145974f07645123a30b7""},{""x"":0.7459,""y"":0.6047,""tSec"":4.7,""_id"":""69bf145974f07645123a30b8""},{""x"":0.7472,""y"":0.597,""tSec"":4.7,""_id"":""69bf145974f07645123a30b9""},{""x"":0.7474,""y"":0.5884,""tSec"":4.75,""_id"":""69bf145974f07645123a30ba""},{""x"":0.7474,""y"":0.5807,""tSec"":4.75,""_id"":""69bf145974f07645123a30bb""},{""x"":0.7482,""y"":0.5684,""tSec"":4.8,""_id"":""69bf145974f07645123a30bc""},{""x"":0.7483,""y"":0.5592,""tSec"":4.85,""_id"":""69bf145974f07645123a30bd""},{""x"":0.7483,""y"":0.5515,""tSec"":4.9,""_id"":""69bf145974f07645123a30be""},{""x"":0.7483,""y"":0.5438,""tSec"":5,""_id"":""69bf145974f07645123a30bf""},{""x"":0.7498,""y"":0.5362,""tSec"":5.1,""_id"":""69bf145974f07645123a30c0""}],""shotMarkers"":[],""fingerprint"":""b854e9ad"",""_id"":""69bf145974f07645123a309d""}",center,5.0,0.0,0.0,0.0,0.0,None,0.0,None,False,ok,56.15,0.0,56.15,0.0,0.0,0.0,0.0,0.0,0.0,,True,20,0.0,0,0.0,0.0,0.0,0.0,0.0,0.0,0.0,0.0,False,red_2,Kinnon,3.05,11.23,10,0.9,0.0,0.0,2.82,1.1,4.01,3.3,0.0,6072,0.0,14.1,5.5,20.05,16.5,56.150000000000006,0.0,None,10
"{""totalSec"":163,""autoEndSec"":20,""delayEndSec"":23,""intervals"":[{""action"":""shoot"",""startSec"":10.8,""endSec"":11.52,""durationSec"":0.72,""_id"":""69bf146774f07645123a314f""},{""action"":""shoot"",""startSec"":14.45,""endSec"":15.1,""durationSec"":0.65,""_id"":""69bf146774f07645123a3150""},{""action"":""shoot"",""startSec"":16.85,""endSec"":17.4,""durationSec"":0.55,""_id"":""69bf146774f07645123a3151""},{""action"":""pass"",""startSec"":23.35,""endSec"":29.22,""durationSec"":5.87,""_id"":""69bf146774f07645123a3152""},{""action"":""shoot"",""startSec"":29.8,""endSec"":33.5,""durationSec"":3.7,""_id"":""69bf146774f07645123a3153""},{""action"":""shoot"",""startSec"":34.15,""endSec"":39.52,""durationSec"":5.37,""_id"":""69bf146774f07645123a3154""},{""action"":""pass"",""startSec"":40.4,""endSec"":47.97,""durationSec"":7.57,""_id"":""69bf146774f07645123a3155""},{""action"":""shoot"",""startSec"":49.4,""endSec"":57.65,""durationSec"":8.25,""_id"":""69bf146774f07645123a3156""},{""action"":""pass"",""startSec"":58.25,""endSec"":63.7,""durationSec"":5.45,""_id"":""69bf146774f07645123a3157""},{""action"":""shoot"",""startSec"":82.1,""endSec"":89.75,""durationSec"":7.65,""_id"":""69bf146774f07645123a3158""},{""action"":""shoot"",""startSec"":91.5,""endSec"":94.51,""durationSec"":3.01,""_id"":""69bf146774f07645123a3159""},{""action"":""shoot"",""startSec"":99.05,""endSec"":99.2,""durationSec"":0.15,""_id"":""69bf146774f07645123a315a""},{""action"":""shoot"",""startSec"":110.55,""endSec"":115.15,""durationSec"":4.6,""_id"":""69bf146774f07645123a315b""},{""action"":""pass"",""startSec"":121.85,""endSec"":124.55,""durationSec"":2.7,""_id"":""69bf146774f07645123a315c""},{""action"":""pass"",""startSec"":129.6,""endSec"":133.95,""durationSec"":4.35,""_id"":""69bf146774f07645123a315d""},{""action"":""shoot"",""startSec"":134.4,""endSec"":138.9,""durationSec"":4.5,""_id"":""69bf146774f07645123a315e""},{""action"":""pass"",""startSec"":139.25,""endSec"":152.6,""durationSec"":13.35,""_id"":""69bf146774f07645123a315f""}],""_id"":""69bf146774f07645123a314e""}",9.6,"{""alliance"":""red"",""startPosition"":""right"",""points"":[{""x"":0.69,""y"":0.67,""tSec"":1.35,""_id"":""69bf146774f07645123a30d2""},{""x"":0.6976,""y"":0.6821,""tSec"":1.35,""_id"":""69bf146774f07645123a30d3""},{""x"":0.6908,""y"":0.6902,""tSec"":1.55,""_id"":""69bf146774f07645123a30d4""},{""x"":0.6838,""y"":0.693,""tSec"":1.65,""_id"":""69bf146774f07645123a30d5""},{""x"":0.6761,""y"":0.6934,""tSec"":1.75,""_id"":""69bf146774f07645123a30d6""},{""x"":0.6683,""y"":0.6953,""tSec"":1.85,""_id"":""69bf146774f07645123a30d7""},{""x"":0.6613,""y"":0.6965,""tSec"":1.95,""_id"":""69bf146774f07645123a30d8""},{""x"":0.6543,""y"":0.6985,""tSec"":2.05,""_id"":""69bf146774f07645123a30d9""},{""x"":0.6466,""y"":0.7026,""tSec"":2.15,""_id"":""69bf146774f07645123a30da""},{""x"":0.6395,""y"":0.705,""tSec"":2.2,""_id"":""69bf146774f07645123a30db""},{""x"":0.6287,""y"":0.7062,""tSec"":2.25,""_id"":""69bf146774f07645123a30dc""},{""x"":0.6212,""y"":0.7064,""tSec"":2.3,""_id"":""69bf146774f07645123a30dd""},{""x"":0.6142,""y"":0.7064,""tSec"":2.35,""_id"":""69bf146774f07645123a30de""},{""x"":0.6072,""y"":0.7036,""tSec"":2.5,""_id"":""69bf146774f07645123a30df""},{""x"":0.601,""y"":0.6994,""tSec"":2.6,""_id"":""69bf146774f07645123a30e0""},{""x"":0.5911,""y"":0.697,""tSec"":2.6,""_id"":""69bf146774f07645123a30e1""},{""x"":0.5799,""y"":0.6958,""tSec"":2.65,""_id"":""69bf146774f07645123a30e2""},{""x"":0.5693,""y"":0.6956,""tSec"":2.7,""_id"":""69bf146774f07645123a30e3""},{""x"":0.5573,""y"":0.6937,""tSec"":2.7,""_id"":""69bf146774f07645123a30e4""},{""x"":0.5375,""y"":0.6916,""tSec"":2.75,""_id"":""69bf146774f07645123a30e5""},{""x"":0.5229,""y"":0.6875,""tSec"":2.75,""_id"":""69bf146774f07645123a30e6""},{""x"":0.5073,""y"":0.6842,""tSec"":2.8,""_id"":""69bf146774f07645123a30e7""},{""x"":0.4986,""y"":0.6818,""tSec"":2.8,""_id"":""69bf146774f07645123a30e8""},{""x"":0.4852,""y"":0.6787,""tSec"":2.8,""_id"":""69bf146774f07645123a30e9""},{""x"":0.4745,""y"":0.6764,""tSec"":2.85,""_id"":""69bf146774f07645123a30ea""},{""x"":0.4639,""y"":0.6742,""tSec"":2.85,""_id"":""69bf146774f07645123a30eb""},{""x"":0.455,""y"":0.6721,""tSec"":2.9,""_id"":""69bf146774f07645123a30ec""},{""x"":0.4471,""y"":0.668,""tSec"":2.9,""_id"":""69bf146774f07645123a30ed""},{""x"":0.4408,""y"":0.6608,""tSec"":2.9,""_id"":""69bf146774f07645123a30ee""},{""x"":0.4469,""y"":0.6533,""tSec"":3.45,""_id"":""69bf146774f07645123a30ef""},{""x"":0.4362,""y"":0.6524,""tSec"":3.55,""_id"":""69bf146774f07645123a30f0""},{""x"":0.4264,""y"":0.6523,""tSec"":3.55,""_id"":""69bf146774f07645123a30f1""},{""x"":0.4176,""y"":0.6494,""tSec"":3.6,""_id"":""69bf146774f07645123a30f2""},{""x"":0.4089,""y"":0.6453,""tSec"":3.65,""_id"":""69bf146774f07645123a30f3""},{""x"":0.4002,""y"":0.6361,""tSec"":3.65,""_id"":""69bf146774f07645123a30f4""},{""x"":0.3938,""y"":0.6275,""tSec"":3.7,""_id"":""69bf146774f07645123a30f5""},{""x"":0.3883,""y"":0.6206,""tSec"":3.7,""_id"":""69bf146774f07645123a30f6""},{""x"":0.3831,""y"":0.6141,""tSec"":3.75,""_id"":""69bf146774f07645123a30f7""},{""x"":0.3763,""y"":0.6067,""tSec"":3.75,""_id"":""69bf146774f07645123a30f8""},{""x"":0.3709,""y"":0.6001,""tSec"":3.8,""_id"":""69bf146774f07645123a30f9""},{""x"":0.3665,""y"":0.5936,""tSec"":3.85,""_id"":""69bf146774f07645123a30fa""},{""x"":0.3629,""y"":0.5861,""tSec"":3.85,""_id"":""69bf146774f07645123a30fb""},{""x"":0.3602,""y"":0.5776,""tSec"":3.9,""_id"":""69bf146774f07645123a30fc""},{""x"":0.3575,""y"":0.5699,""tSec"":3.95,""_id"":""69bf146774f07645123a30fd""},{""x"":0.3557,""y"":0.5614,""tSec"":4,""_id"":""69bf146774f07645123a30fe""},{""x"":0.3554,""y"":0.5537,""tSec"":4,""_id"":""69bf146774f07645123a30ff""},{""x"":0.3554,""y"":0.5431,""tSec"":4.05,""_id"":""69bf146774f07645123a3100""},{""x"":0.3546,""y"":0.5333,""tSec"":4.1,""_id"":""69bf146774f07645123a3101""},{""x"":0.3538,""y"":0.5245,""tSec"":4.15,""_id"":""69bf146774f07645123a3102""},{""x"":0.349,""y"":0.5187,""tSec"":4.4,""_id"":""69bf146774f07645123a3103""},{""x"":0.3424,""y"":0.5152,""tSec"":4.8,""_id"":""69bf146774f07645123a3104""},{""x"":0.3377,""y"":0.5099,""tSec"":5,""_id"":""69bf146774f07645123a3105""},{""x"":0.331,""y"":0.5065,""tSec"":5.1,""_id"":""69bf146774f07645123a3106""},{""x"":0.3226,""y"":0.5061,""tSec"":5.35,""_id"":""69bf146774f07645123a3107""},{""x"":0.3147,""y"":0.506,""tSec"":5.4,""_id"":""69bf146774f07645123a3108""},{""x"":0.2991,""y"":0.506,""tSec"":5.45,""_id"":""69bf146774f07645123a3109""},{""x"":0.2904,""y"":0.506,""tSec"":5.5,""_id"":""69bf146774f07645123a310a""},{""x"":0.2747,""y"":0.5088,""tSec"":5.5,""_id"":""69bf146774f07645123a310b""},{""x"":0.2591,""y"":0.5149,""tSec"":5.5,""_id"":""69bf146774f07645123a310c""},{""x"":0.2442,""y"":0.5242,""tSec"":5.55,""_id"":""69bf146774f07645123a310d""},{""x"":0.2301,""y"":0.5396,""tSec"":5.55,""_id"":""69bf146774f07645123a310e""},{""x"":0.2162,""y"":0.5653,""tSec"":5.6,""_id"":""69bf146774f07645123a310f""},{""x"":0.2053,""y"":0.5979,""tSec"":5.6,""_id"":""69bf146774f07645123a3110""},{""x"":0.1986,""y"":0.6324,""tSec"":5.65,""_id"":""69bf146774f07645123a3111""},{""x"":0.1971,""y"":0.6622,""tSec"":5.65,""_id"":""69bf146774f07645123a3112""},{""x"":0.2069,""y"":0.7058,""tSec"":5.7,""_id"":""69bf146774f07645123a3113""},{""x"":0.2196,""y"":0.7254,""tSec"":5.75,""_id"":""69bf146774f07645123a3114""},{""x"":0.2425,""y"":0.7373,""tSec"":5.75,""_id"":""69bf146774f07645123a3115""},{""x"":0.266,""y"":0.7397,""tSec"":5.8,""_id"":""69bf146774f07645123a3116""},{""x"":0.2825,""y"":0.7409,""tSec"":5.8,""_id"":""69bf146774f07645123a3117""},{""x"":0.2968,""y"":0.7411,""tSec"":5.85,""_id"":""69bf146774f07645123a3118""},{""x"":0.3077,""y"":0.743,""tSec"":5.85,""_id"":""69bf146774f07645123a3119""},{""x"":0.3183,""y"":0.7451,""tSec"":5.9,""_id"":""69bf146774f07645123a311a""},{""x"":0.3364,""y"":0.7473,""tSec"":5.95,""_id"":""69bf146774f07645123a311b""},{""x"":0.3546,""y"":0.7513,""tSec"":5.95,""_id"":""69bf146774f07645123a311c""},{""x"":0.3645,""y"":0.7538,""tSec"":6,""_id"":""69bf146774f07645123a311d""},{""x"":0.3803,""y"":0.7588,""tSec"":6,""_id"":""69bf146774f07645123a311e""},{""x"":0.4105,""y"":0.7709,""tSec"":6.05,""_id"":""69bf146774f07645123a311f""},{""x"":0.4325,""y"":0.778,""tSec"":6.05,""_id"":""69bf146774f07645123a3120""},{""x"":0.4613,""y"":0.7856,""tSec"":6.1,""_id"":""69bf146774f07645123a3121""},{""x"":0.4778,""y"":0.7894,""tSec"":6.1,""_id"":""69bf146774f07645123a3122""},{""x"":0.4905,""y"":0.7917,""tSec"":6.15,""_id"":""69bf146774f07645123a3123""},{""x"":0.5011,""y"":0.7929,""tSec"":6.15,""_id"":""69bf146774f07645123a3124""},{""x"":0.5101,""y"":0.7931,""tSec"":6.2,""_id"":""69bf146774f07645123a3125""},{""x"":0.5181,""y"":0.7931,""tSec"":6.2,""_id"":""69bf146774f07645123a3126""},{""x"":0.5282,""y"":0.795,""tSec"":6.25,""_id"":""69bf146774f07645123a3127""},{""x"":0.5418,""y"":0.7971,""tSec"":6.25,""_id"":""69bf146774f07645123a3128""},{""x"":0.5618,""y"":0.7993,""tSec"":6.3,""_id"":""69bf146774f07645123a3129""},{""x"":0.5764,""y"":0.7996,""tSec"":6.3,""_id"":""69bf146774f07645123a312a""},{""x"":0.592,""y"":0.8006,""tSec"":6.35,""_id"":""69bf146774f07645123a312b""},{""x"":0.5999,""y"":0.8007,""tSec"":6.35,""_id"":""69bf146774f07645123a312c""},{""x"":0.6155,""y"":0.8007,""tSec"":6.35,""_id"":""69bf146774f07645123a312d""},{""x"":0.6265,""y"":0.8007,""tSec"":6.4,""_id"":""69bf146774f07645123a312e""},{""x"":0.6356,""y"":0.8007,""tSec"":6.45,""_id"":""69bf146774f07645123a312f""},{""x"":0.6435,""y"":0.7988,""tSec"":6.5,""_id"":""69bf146774f07645123a3130""},{""x"":0.6544,""y"":0.7957,""tSec"":6.55,""_id"":""69bf146774f07645123a3131""},{""x"":0.6627,""y"":0.7944,""tSec"":6.55,""_id"":""69bf146774f07645123a3132""},{""x"":0.6728,""y"":0.7933,""tSec"":6.6,""_id"":""69bf146774f07645123a3133""},{""x"":0.6909,""y"":0.7931,""tSec"":6.6,""_id"":""69bf146774f07645123a3134""},{""x"":0.7023,""y"":0.7931,""tSec"":6.65,""_id"":""69bf146774f07645123a3135""},{""x"":0.7129,""y"":0.795,""tSec"":6.65,""_id"":""69bf146774f07645123a3136""},{""x"":0.7279,""y"":0.7953,""tSec"":6.7,""_id"":""69bf146774f07645123a3137""},{""x"":0.7435,""y"":0.7953,""tSec"":6.75,""_id"":""69bf146774f07645123a3138""},{""x"":0.7515,""y"":0.7953,""tSec"":6.75,""_id"":""69bf146774f07645123a3139""},{""x"":0.7586,""y"":0.7953,""tSec"":6.75,""_id"":""69bf146774f07645123a313a""},{""x"":0.7725,""y"":0.7953,""tSec"":6.8,""_id"":""69bf146774f07645123a313b""},{""x"":0.781,""y"":0.7953,""tSec"":6.8,""_id"":""69bf146774f07645123a313c""},{""x"":0.7967,""y"":0.7953,""tSec"":6.8,""_id"":""69bf146774f07645123a313d""},{""x"":0.8116,""y"":0.7953,""tSec"":6.85,""_id"":""69bf146774f07645123a313e""},{""x"":0.8241,""y"":0.7953,""tSec"":6.85,""_id"":""69bf146774f07645123a313f""},{""x"":0.8347,""y"":0.7934,""tSec"":6.9,""_id"":""69bf146774f07645123a3140""},{""x"":0.8437,""y"":0.7922,""tSec"":6.9,""_id"":""69bf146774f07645123a3141""},{""x"":0.8517,""y"":0.7911,""tSec"":6.9,""_id"":""69bf146774f07645123a3142""},{""x"":0.8618,""y"":0.7881,""tSec"":6.95,""_id"":""69bf146774f07645123a3143""},{""x"":0.8692,""y"":0.7868,""tSec"":7,""_id"":""69bf146774f07645123a3144""},{""x"":0.8762,""y"":0.7857,""tSec"":7.1,""_id"":""69bf146774f07645123a3145""},{""x"":0.8847,""y"":0.7855,""tSec"":7.2,""_id"":""69bf146774f07645123a3146""},{""x"":0.8949,""y"":0.7855,""tSec"":7.25,""_id"":""69bf146774f07645123a3147""},{""x"":0.9023,""y"":0.7855,""tSec"":7.35,""_id"":""69bf146774f07645123a3148""},{""x"":0.9093,""y"":0.7855,""tSec"":7.4,""_id"":""69bf146774f07645123a3149""},{""x"":0.917,""y"":0.7855,""tSec"":7.5,""_id"":""69bf146774f07645123a314a""},{""x"":0.9241,""y"":0.7845,""tSec"":7.95,""_id"":""69bf146774f07645123a314b""},{""x"":0.9311,""y"":0.7835,""tSec"":9.85,""_id"":""69bf146774f07645123a314c""},{""x"":0.9373,""y"":0.7729,""tSec"":10.2,""_id"":""69bf146774f07645123a314d""}],""shotMarkers"":[],""fingerprint"":""f47c688b"",""_id"":""69bf146774f07645123a30d1""}",right,5.0,0.0,0.0,0.0,1.0,stuck,1.0,some,False,ok,195.75,196.45,195.75,0.0,0.0,0.0,0.0,0.0,0.0,,True,20,39.29,6,5.66,0.0,14.3,13.44,5.45,0.0,6.1,0.0,False,red_1,Mmasi,10.45,39.15,11,3.7,1.92,4.5,10.17,7.15,10.81,4.6,0.0,294,22.5,50.85,35.75,54.05,23.0,186.14999999999998,0.0,None,17
"{""totalSec"":163,""autoEndSec"":20,""delayEndSec"":23,""intervals"":[{""action"":""shoot"",""startSec"":29.2,""endSec"":29.3,""durationSec"":0.1,""_id"":""69bf148674f07645123a31af""},{""action"":""shoot"",""startSec"":30.7,""endSec"":33.1,""durationSec"":2.4,""_id"":""69bf148674f07645123a31b0""},{""action"":""shoot"",""startSec"":37.95,""endSec"":39.05,""durationSec"":1.1,""_id"":""69bf148674f07645123a31b1""},{""action"":""shoot"",""startSec"":95.7,""endSec"":95.91,""durationSec"":0.21,""_id"":""69bf148674f07645123a31b2""},{""action"":""shoot"",""startSec"":97.2,""endSec"":97.66,""durationSec"":0.46,""_id"":""69bf148674f07645123a31b3""},{""action"":""shoot"",""startSec"":100.15,""endSec"":101.4,""durationSec"":1.25,""_id"":""69bf148674f07645123a31b4""},{""action"":""shoot"",""startSec"":103.5,""endSec"":106.23,""durationSec"":2.73,""_id"":""69bf148674f07645123a31b5""},{""action"":""shoot"",""startSec"":111.7,""endSec"":113.9,""durationSec"":2.2,""_id"":""69bf148674f07645123a31b6""},{""action"":""shoot"",""startSec"":139.15,""endSec"":139.25,""durationSec"":0.1,""_id"":""69bf148674f07645123a31b7""},{""action"":""shoot"",""startSec"":139.6,""endSec"":139.7,""durationSec"":0.1,""_id"":""69bf148674f07645123a31b8""},{""action"":""shoot"",""startSec"":140.4,""endSec"":140.6,""durationSec"":0.2,""_id"":""69bf148674f07645123a31b9""},{""action"":""shoot"",""startSec"":141.45,""endSec"":142.5,""durationSec"":1.05,""_id"":""69bf148674f07645123a31ba""},{""action"":""shoot"",""startSec"":145.85,""endSec"":158.3,""durationSec"":12.45,""_id"":""69bf148674f07645123a31bb""}],""_id"":""69bf148674f07645123a31ae""}",0.0,"{""alliance"":""red"",""startPosition"":""left"",""points"":[{""x"":0.69,""y"":0.33,""tSec"":11.75,""_id"":""69bf148674f07645123a3167""},{""x"":0.6807,""y"":0.3428,""tSec"":11.75,""_id"":""69bf148674f07645123a3168""},{""x"":0.6696,""y"":0.2881,""tSec"":11.85,""_id"":""69bf148674f07645123a3169""},{""x"":0.6668,""y"":0.272,""tSec"":11.85,""_id"":""69bf148674f07645123a316a""},{""x"":0.6702,""y"":0.1022,""tSec"":11.95,""_id"":""69bf148674f07645123a316b""},{""x"":0.6691,""y"":0.0657,""tSec"":11.95,""_id"":""69bf148674f07645123a316c""},{""x"":0.6674,""y"":0.047,""tSec"":11.95,""_id"":""69bf148674f07645123a316d""},{""x"":0.6626,""y"":0.02,""tSec"":12,""_id"":""69bf148674f07645123a316e""},{""x"":0.6567,""y"":0.0243,""tSec"":12.1,""_id"":""69bf148674f07645123a316f""},{""x"":0.6553,""y"":0.0315,""tSec"":12.2,""_id"":""69bf148674f07645123a3170""},{""x"":0.6474,""y"":0.0362,""tSec"":12.3,""_id"":""69bf148674f07645123a3171""},{""x"":0.6365,""y"":0.0387,""tSec"":12.35,""_id"":""69bf148674f07645123a3172""},{""x"":0.613,""y"":0.039,""tSec"":12.4,""_id"":""69bf148674f07645123a3173""},{""x"":0.6024,""y"":0.039,""tSec"":12.4,""_id"":""69bf148674f07645123a3174""},{""x"":0.5935,""y"":0.039,""tSec"":12.4,""_id"":""69bf148674f07645123a3175""},{""x"":0.5779,""y"":0.039,""tSec"":12.5,""_id"":""69bf148674f07645123a3176""},{""x"":0.563,""y"":0.04,""tSec"":12.5,""_id"":""69bf148674f07645123a3177""},{""x"":0.552,""y"":0.042,""tSec"":12.55,""_id"":""69bf148674f07645123a3178""},{""x"":0.5407,""y"":0.0441,""tSec"":12.55,""_id"":""69bf148674f07645123a3179""},{""x"":0.5218,""y"":0.0491,""tSec"":12.6,""_id"":""69bf148674f07645123a317a""},{""x"":0.5126,""y"":0.0526,""tSec"":12.6,""_id"":""69bf148674f07645123a317b""},{""x"":0.4939,""y"":0.0607,""tSec"":12.65,""_id"":""69bf148674f07645123a317c""},{""x"":0.4709,""y"":0.0702,""tSec"":12.65,""_id"":""69bf148674f07645123a317d""},{""x"":0.4566,""y"":0.0751,""tSec"":12.65,""_id"":""69bf148674f07645123a317e""},{""x"":0.4442,""y"":0.0796,""tSec"":12.65,""_id"":""69bf148674f07645123a317f""},{""x"":0.4189,""y"":0.0877,""tSec"":12.7,""_id"":""69bf148674f07645123a3180""},{""x"":0.4044,""y"":0.0925,""tSec"":12.7,""_id"":""69bf148674f07645123a3181""},{""x"":0.3828,""y"":0.0998,""tSec"":12.7,""_id"":""69bf148674f07645123a3182""},{""x"":0.3717,""y"":0.1035,""tSec"":12.75,""_id"":""69bf148674f07645123a3183""},{""x"":0.3581,""y"":0.1068,""tSec"":12.75,""_id"":""69bf148674f07645123a3184""},{""x"":0.3427,""y"":0.1091,""tSec"":12.8,""_id"":""69bf148674f07645123a3185""},{""x"":0.3332,""y"":0.1094,""tSec"":12.85,""_id"":""69bf148674f07645123a3186""},{""x"":0.3259,""y"":0.1113,""tSec"":12.85,""_id"":""69bf148674f07645123a3187""},{""x"":0.3174,""y"":0.1144,""tSec"":12.85,""_id"":""69bf148674f07645123a3188""},{""x"":0.3033,""y"":0.1205,""tSec"":12.9,""_id"":""69bf148674f07645123a3189""},{""x"":0.2932,""y"":0.1241,""tSec"":12.9,""_id"":""69bf148674f07645123a318a""},{""x"":0.282,""y"":0.1274,""tSec"":13,""_id"":""69bf148674f07645123a318b""},{""x"":0.273,""y"":0.1316,""tSec"":13,""_id"":""69bf148674f07645123a318c""},{""x"":0.265,""y"":0.1341,""tSec"":13.1,""_id"":""69bf148674f07645123a318d""},{""x"":0.2572,""y"":0.1352,""tSec"":13.15,""_id"":""69bf148674f07645123a318e""},{""x"":0.2517,""y"":0.1402,""tSec"":13.25,""_id"":""69bf148674f07645123a318f""},{""x"":0.244,""y"":0.1427,""tSec"":13.3,""_id"":""69bf148674f07645123a3190""},{""x"":0.2363,""y"":0.1439,""tSec"":13.35,""_id"":""69bf148674f07645123a3191""},{""x"":0.2292,""y"":0.146,""tSec"":13.45,""_id"":""69bf148674f07645123a3192""},{""x"":0.2222,""y"":0.15,""tSec"":13.5,""_id"":""69bf148674f07645123a3193""},{""x"":0.216,""y"":0.1534,""tSec"":13.55,""_id"":""69bf148674f07645123a3194""},{""x"":0.2106,""y"":0.1596,""tSec"":13.6,""_id"":""69bf148674f07645123a3195""},{""x"":0.2085,""y"":0.1708,""tSec"":13.7,""_id"":""69bf148674f07645123a3196""},{""x"":0.2074,""y"":0.1797,""tSec"":13.7,""_id"":""69bf148674f07645123a3197""},{""x"":0.205,""y"":0.1874,""tSec"":13.75,""_id"":""69bf148674f07645123a3198""},{""x"":0.2024,""y"":0.196,""tSec"":13.8,""_id"":""69bf148674f07645123a3199""},{""x"":0.2013,""y"":0.2047,""tSec"":13.85,""_id"":""69bf148674f07645123a319a""},{""x"":0.2012,""y"":0.2133,""tSec"":13.9,""_id"":""69bf148674f07645123a319b""},{""x"":0.2012,""y"":0.223,""tSec"":13.9,""_id"":""69bf148674f07645123a319c""},{""x"":0.2012,""y"":0.2308,""tSec"":13.95,""_id"":""69bf148674f07645123a319d""},{""x"":0.2012,""y"":0.2384,""tSec"":14,""_id"":""69bf148674f07645123a319e""},{""x"":0.2012,""y"":0.2469,""tSec"":14.05,""_id"":""69bf148674f07645123a319f""},{""x"":0.2012,""y"":0.2546,""tSec"":14.15,""_id"":""69bf148674f07645123a31a0""},{""x"":0.2004,""y"":0.2632,""tSec"":14.25,""_id"":""69bf148674f07645123a31a1""},{""x"":0.2003,""y"":0.2728,""tSec"":14.3,""_id"":""69bf148674f07645123a31a2""},{""x"":0.2003,""y"":0.2816,""tSec"":14.4,""_id"":""69bf148674f07645123a31a3""},{""x"":0.198,""y"":0.2893,""tSec"":14.45,""_id"":""69bf148674f07645123a31a4""},{""x"":0.194,""y"":0.296,""tSec"":14.55,""_id"":""69bf148674f07645123a31a5""},{""x"":0.1896,""y"":0.3025,""tSec"":14.6,""_id"":""69bf148674f07645123a31a6""},{""x"":0.1853,""y"":0.31,""tSec"":14.65,""_id"":""69bf148674f07645123a31a7""},{""x"":0.1832,""y"":0.3175,""tSec"":14.7,""_id"":""69bf148674f07645123a31a8""},{""x"":0.1814,""y"":0.3251,""tSec"":14.8,""_id"":""69bf148674f07645123a31a9""},{""x"":0.1812,""y"":0.3327,""tSec"":14.95,""_id"":""69bf148674f07645123a31aa""},{""x"":0.1812,""y"":0.3403,""tSec"":15.1,""_id"":""69bf148674f07645123a31ab""},{""x"":0.1812,""y"":0.3479,""tSec"":15.15,""_id"":""69bf148674f07645123a31ac""}],""shotMarkers"":[{""x"":0.1812,""y"":0.3479,""tSec"":25.15,""_id"":""69bf148674f07645123a31ad""}],""fingerprint"":""e07dac4d"",""_id"":""69bf148674f07645123a3166""}",left,5.0,0.0,0.0,0.0,0.0,None,0.0,None,False,rough,121.75,0.0,121.75,0.0,0.0,0.0,0.0,0.0,0.0,,True,20,0.0,0,0.0,0.0,0.0,0.0,0.0,0.0,0.0,0.0,False,red_3,Bradley,3.15,24.35,13,1.05,0.0,13.9,3.6,0.0,3.92,2.93,0.0,1159,69.5,18.0,0.0,19.6,14.65,121.75,0.0,None,13
"{""totalSec"":163,""autoEndSec"":20,""delayEndSec"":23,""intervals"":[{""action"":""shoot"",""startSec"":25.1,""endSec"":28.8,""durationSec"":3.7,""_id"":""69bf14a474f07645123a31cd""},{""action"":""shoot"",""startSec"":59.65,""endSec"":60.9,""durationSec"":1.25,""_id"":""69bf14a474f07645123a31ce""},{""action"":""shoot"",""startSec"":61.2,""endSec"":64.9,""durationSec"":3.7,""_id"":""69bf14a474f07645123a31cf""},{""action"":""shoot"",""startSec"":111.6,""endSec"":117.4,""durationSec"":5.8,""_id"":""69bf14a474f07645123a31d0""},{""action"":""shoot"",""startSec"":147.45,""endSec"":150.26,""durationSec"":2.81,""_id"":""69bf14a474f07645123a31d1""},{""action"":""shoot"",""startSec"":160,""endSec"":163,""durationSec"":3,""_id"":""69bf14a474f07645123a31d2""}],""_id"":""69bf14a474f07645123a31cc""}",0.0,"{""alliance"":""blue"",""startPosition"":""left"",""points"":[{""x"":0.34,""y"":0.67,""tSec"":1.8,""_id"":""69bf14a474f07645123a31c3""},{""x"":0.3521,""y"":0.6629,""tSec"":1.85,""_id"":""69bf14a474f07645123a31c4""},{""x"":0.3589,""y"":0.6695,""tSec"":12.55,""_id"":""69bf14a474f07645123a31c5""},{""x"":0.3512,""y"":0.6703,""tSec"":12.7,""_id"":""69bf14a474f07645123a31c6""},{""x"":0.3434,""y"":0.6676,""tSec"":12.8,""_id"":""69bf14a474f07645123a31c7""},{""x"":0.3317,""y"":0.6635,""tSec"":12.85,""_id"":""69bf14a474f07645123a31c8""},{""x"":0.3249,""y"":0.6602,""tSec"":12.9,""_id"":""69bf14a474f07645123a31c9""},{""x"":0.3172,""y"":0.6598,""tSec"":12.95,""_id"":""69bf14a474f07645123a31ca""},{""x"":0.3095,""y"":0.6597,""tSec"":13.1,""_id"":""69bf14a474f07645123a31cb""}],""shotMarkers"":[],""fingerprint"":""057923b2"",""_id"":""69bf14a474f07645123a31c2""}",left,5.0,0.0,0.0,0.0,0.0,None,0.0,None,False,rough,101.3,0.0,101.3,0.0,0.0,0.0,0.0,0.0,0.0,It seems like their shooter was having some issue,True,20,0.0,0,0.0,0.0,0.0,0.0,0.0,0.0,0.0,0.0,False,blue_3,Wesley,34.55,20.26,6,3.35,0.0,5.81,3.7,4.95,0.0,5.8,0.0,1661,29.05,18.5,24.75,0.0,29.0,101.3,0.0,None,6
"{""totalSec"":163,""autoEndSec"":20,""delayEndSec"":23,""intervals"":[{""action"":""shoot"",""startSec"":11.5,""endSec"":12.76,""durationSec"":1.26,""_id"":""69bf14bc74f07645123a321b""},{""action"":""shoot"",""startSec"":55.9,""endSec"":62.15,""durationSec"":6.25,""_id"":""69bf14bc74f07645123a321c""},{""action"":""shoot"",""startSec"":75.6,""endSec"":76.35,""durationSec"":0.75,""_id"":""69bf14bc74f07645123a321d""},{""action"":""shoot"",""startSec"":104.25,""endSec"":104.86,""durationSec"":0.61,""_id"":""69bf14bc74f07645123a321e""},{""action"":""shoot"",""startSec"":107.35,""endSec"":107.57,""durationSec"":0.22,""_id"":""69bf14bc74f07645123a321f""},{""action"":""shoot"",""startSec"":111.1,""endSec"":111.75,""durationSec"":0.65,""_id"":""69bf14bc74f07645123a3220""},{""action"":""shoot"",""startSec"":126.05,""endSec"":126.7,""durationSec"":0.65,""_id"":""69bf14bc74f07645123a3221""},{""action"":""shoot"",""startSec"":128.15,""endSec"":128.82,""durationSec"":0.67,""_id"":""69bf14bc74f07645123a3222""},{""action"":""shoot"",""startSec"":130.65,""endSec"":131.3,""durationSec"":0.65,""_id"":""69bf14bc74f07645123a3223""},{""action"":""shoot"",""startSec"":144.9,""endSec"":145.55,""durationSec"":0.65,""_id"":""69bf14bc74f07645123a3224""},{""action"":""shoot"",""startSec"":146.9,""endSec"":150.2,""durationSec"":3.3,""_id"":""69bf14bc74f07645123a3225""}],""_id"":""69bf14bc74f07645123a321a""}",6.3,"{""alliance"":""blue"",""startPosition"":""right"",""points"":[{""x"":0.34,""y"":0.33,""tSec"":1.65,""_id"":""69bf14bc74f07645123a31d8""},{""x"":0.3397,""y"":0.3412,""tSec"":1.65,""_id"":""69bf14bc74f07645123a31d9""},{""x"":0.352,""y"":0.3482,""tSec"":2.15,""_id"":""69bf14bc74f07645123a31da""},{""x"":0.3535,""y"":0.3396,""tSec"":2.25,""_id"":""69bf14bc74f07645123a31db""},{""x"":0.3575,""y"":0.3187,""tSec"":2.3,""_id"":""69bf14bc74f07645123a31dc""},{""x"":0.3602,""y"":0.3077,""tSec"":2.3,""_id"":""69bf14bc74f07645123a31dd""},{""x"":0.3644,""y"":0.2903,""tSec"":2.3,""_id"":""69bf14bc74f07645123a31de""},{""x"":0.368,""y"":0.2788,""tSec"":2.35,""_id"":""69bf14bc74f07645123a31df""},{""x"":0.3699,""y"":0.2708,""tSec"":2.4,""_id"":""69bf14bc74f07645123a31e0""},{""x"":0.3725,""y"":0.2603,""tSec"":2.5,""_id"":""69bf14bc74f07645123a31e1""},{""x"":0.3781,""y"":0.2477,""tSec"":2.55,""_id"":""69bf14bc74f07645123a31e2""},{""x"":0.3887,""y"":0.2283,""tSec"":2.55,""_id"":""69bf14bc74f07645123a31e3""},{""x"":0.4015,""y"":0.208,""tSec"":2.6,""_id"":""69bf14bc74f07645123a31e4""},{""x"":0.4107,""y"":0.1961,""tSec"":2.6,""_id"":""69bf14bc74f07645123a31e5""},{""x"":0.4333,""y"":0.173,""tSec"":2.6,""_id"":""69bf14bc74f07645123a31e6""},{""x"":0.4682,""y"":0.1475,""tSec"":2.65,""_id"":""69bf14bc74f07645123a31e7""},{""x"":0.5061,""y"":0.1217,""tSec"":2.65,""_id"":""69bf14bc74f07645123a31e8""},{""x"":0.5391,""y"":0.1035,""tSec"":2.7,""_id"":""69bf14bc74f07645123a31e9""},{""x"":0.5629,""y"":0.0957,""tSec"":2.7,""_id"":""69bf14bc74f07645123a31ea""},{""x"":0.5819,""y"":0.0938,""tSec"":2.75,""_id"":""69bf14bc74f07645123a31eb""},{""x"":0.5918,""y"":0.0945,""tSec"":2.75,""_id"":""69bf14bc74f07645123a31ec""},{""x"":0.6076,""y"":0.0983,""tSec"":2.75,""_id"":""69bf14bc74f07645123a31ed""},{""x"":0.6226,""y"":0.1025,""tSec"":2.8,""_id"":""69bf14bc74f07645123a31ee""},{""x"":0.6304,""y"":0.1059,""tSec"":2.8,""_id"":""69bf14bc74f07645123a31ef""},{""x"":0.6375,""y"":0.1101,""tSec"":2.8,""_id"":""69bf14bc74f07645123a31f0""},{""x"":0.6514,""y"":0.121,""tSec"":2.85,""_id"":""69bf14bc74f07645123a31f1""},{""x"":0.6592,""y"":0.128,""tSec"":2.85,""_id"":""69bf14bc74f07645123a31f2""},{""x"":0.6716,""y"":0.143,""tSec"":2.85,""_id"":""69bf14bc74f07645123a31f3""},{""x"":0.6815,""y"":0.1618,""tSec"":2.9,""_id"":""69bf14bc74f07645123a31f4""},{""x"":0.6866,""y"":0.1745,""tSec"":2.9,""_id"":""69bf14bc74f07645123a31f5""},{""x"":0.6903,""y"":0.1864,""tSec"":2.9,""_id"":""69bf14bc74f07645123a31f6""},{""x"":0.6976,""y"":0.2105,""tSec"":2.95,""_id"":""69bf14bc74f07645123a31f7""},{""x"":0.7031,""y"":0.2257,""tSec"":2.95,""_id"":""69bf14bc74f07645123a31f8""},{""x"":0.7122,""y"":0.2503,""tSec"":2.95,""_id"":""69bf14bc74f07645123a31f9""},{""x"":0.7202,""y"":0.2692,""tSec"":3,""_id"":""69bf14bc74f07645123a31fa""},{""x"":0.7235,""y"":0.2772,""tSec"":3,""_id"":""69bf14bc74f07645123a31fb""},{""x"":0.7284,""y"":0.2886,""tSec"":3.05,""_id"":""69bf14bc74f07645123a31fc""},{""x"":0.7229,""y"":0.2833,""tSec"":3.3,""_id"":""69bf14bc74f07645123a31fd""},{""x"":0.7153,""y"":0.2789,""tSec"":4.6,""_id"":""69bf14bc74f07645123a31fe""},{""x"":0.7052,""y"":0.2736,""tSec"":4.7,""_id"":""69bf14bc74f07645123a31ff""},{""x"":0.6841,""y"":0.2674,""tSec"":4.75,""_id"":""69bf14bc74f07645123a3200""},{""x"":0.6692,""y"":0.2628,""tSec"":4.75,""_id"":""69bf14bc74f07645123a3201""},{""x"":0.6552,""y"":0.2585,""tSec"":4.75,""_id"":""69bf14bc74f07645123a3202""},{""x"":0.6397,""y"":0.2542,""tSec"":4.75,""_id"":""69bf14bc74f07645123a3203""},{""x"":0.611,""y"":0.247,""tSec"":4.8,""_id"":""69bf14bc74f07645123a3204""},{""x"":0.5754,""y"":0.2415,""tSec"":4.8,""_id"":""69bf14bc74f07645123a3205""},{""x"":0.5405,""y"":0.237,""tSec"":4.85,""_id"":""69bf14bc74f07645123a3206""},{""x"":0.5133,""y"":0.2365,""tSec"":4.85,""_id"":""69bf14bc74f07645123a3207""},{""x"":0.4939,""y"":0.2392,""tSec"":4.9,""_id"":""69bf14bc74f07645123a3208""},{""x"":0.4862,""y"":0.233,""tSec"":5,""_id"":""69bf14bc74f07645123a3209""},{""x"":0.4807,""y"":0.2256,""tSec"":5.05,""_id"":""69bf14bc74f07645123a320a""},{""x"":0.4655,""y"":0.2162,""tSec"":5.05,""_id"":""69bf14bc74f07645123a320b""},{""x"":0.4537,""y"":0.2122,""tSec"":5.1,""_id"":""69bf14bc74f07645123a320c""},{""x"":0.4269,""y"":0.206,""tSec"":5.1,""_id"":""69bf14bc74f07645123a320d""},{""x"":0.4092,""y"":0.2025,""tSec"":5.1,""_id"":""69bf14bc74f07645123a320e""},{""x"":0.3765,""y"":0.1945,""tSec"":5.15,""_id"":""69bf14bc74f07645123a320f""},{""x"":0.3449,""y"":0.1907,""tSec"":5.15,""_id"":""69bf14bc74f07645123a3210""},{""x"":0.3273,""y"":0.1912,""tSec"":5.15,""_id"":""69bf14bc74f07645123a3211""},{""x"":0.306,""y"":0.1988,""tSec"":5.2,""_id"":""69bf14bc74f07645123a3212""},{""x"":0.2912,""y"":0.2064,""tSec"":5.2,""_id"":""69bf14bc74f07645123a3213""},{""x"":0.281,""y"":0.2129,""tSec"":5.25,""_id"":""69bf14bc74f07645123a3214""},{""x"":0.2721,""y"":0.2203,""tSec"":5.25,""_id"":""69bf14bc74f07645123a3215""},{""x"":0.2649,""y"":0.2287,""tSec"":5.3,""_id"":""69bf14bc74f07645123a3216""},{""x"":0.2579,""y"":0.2401,""tSec"":5.3,""_id"":""69bf14bc74f07645123a3217""},{""x"":0.2524,""y"":0.2482,""tSec"":5.35,""_id"":""69bf14bc74f07645123a3218""},{""x"":0.2495,""y"":0.2548,""tSec"":5.4,""_id"":""69bf14bc74f07645123a3219""}],""shotMarkers"":[],""fingerprint"":""0a86ad6e"",""_id"":""69bf14bc74f07645123a31d7""}",right,5.0,0.0,0.0,0.0,0.0,None,0.0,None,False,good,78.3,0.0,78.3,0.0,0.0,0.0,0.0,0.0,0.0,,True,20,0.0,0,0.0,0.0,0.0,0.0,0.0,0.0,0.0,0.0,False,blue_1,Kasandra,9.0,15.66,11,0.65,1.26,3.95,0.0,7.0,0.61,2.84,0.0,5137,19.75,0.0,35.0,3.05,14.2,72.0,0.0,None,11
"{""totalSec"":163,""autoEndSec"":20,""delayEndSec"":23,""intervals"":[{""action"":""shoot"",""startSec"":11.8,""endSec"":12.35,""durationSec"":0.55,""_id"":""69bf18c424a0f4fafcac92a1""},{""action"":""shoot"",""startSec"":27.6,""endSec"":30.65,""durationSec"":3.05,""_id"":""69bf18c424a0f4fafcac92a2""},{""action"":""pass"",""startSec"":34.75,""endSec"":36.03,""durationSec"":1.28,""_id"":""69bf18c424a0f4fafcac92a3""},{""action"":""shoot"",""startSec"":36.2,""endSec"":37.9,""durationSec"":1.7,""_id"":""69bf18c424a0f4fafcac92a4""},{""action"":""shoot"",""startSec"":39.6,""endSec"":39.72,""durationSec"":0.12,""_id"":""69bf18c424a0f4fafcac92a5""},{""action"":""pass"",""startSec"":54.85,""endSec"":61.66,""durationSec"":6.81,""_id"":""69bf18c424a0f4fafcac92a6""},{""action"":""shoot"",""startSec"":62.6,""endSec"":63.87,""durationSec"":1.27,""_id"":""69bf18c424a0f4fafcac92a7""},{""action"":""pass"",""startSec"":66.8,""endSec"":70.95,""durationSec"":4.15,""_id"":""69bf18c424a0f4fafcac92a8""},{""action"":""shoot"",""startSec"":71.35,""endSec"":76.8,""durationSec"":5.45,""_id"":""69bf18c424a0f4fafcac92a9""},{""action"":""pass"",""startSec"":77.25,""endSec"":79.8,""durationSec"":2.55,""_id"":""69bf18c424a0f4fafcac92aa""},{""action"":""shoot"",""startSec"":82.8,""endSec"":86.35,""durationSec"":3.55,""_id"":""69bf18c424a0f4fafcac92ab""},{""action"":""pass"",""startSec"":86.75,""endSec"":100.9,""durationSec"":14.15,""_id"":""69bf18c424a0f4fafcac92ac""},{""action"":""pass"",""startSec"":102.3,""endSec"":110.25,""durationSec"":7.95,""_id"":""69bf18c424a0f4fafcac92ad""},{""action"":""shoot"",""startSec"":111.05,""endSec"":117.22,""durationSec"":6.17,""_id"":""69bf18c424a0f4fafcac92ae""},{""action"":""shoot"",""startSec"":122.45,""endSec"":126.9,""durationSec"":4.45,""_id"":""69bf18c424a0f4fafcac92af""},{""action"":""shoot"",""startSec"":132.3,""endSec"":139.2,""durationSec"":6.9,""_id"":""69bf18c424a0f4fafcac92b0""},{""action"":""shoot"",""startSec"":149,""endSec"":149.85,""durationSec"":0.85,""_id"":""69bf18c424a0f4fafcac92b1""},{""action"":""shoot"",""startSec"":157.05,""endSec"":157.7,""durationSec"":0.65,""_id"":""69bf18c424a0f4fafcac92b2""},{""action"":""shoot"",""startSec"":159.35,""endSec"":160.05,""durationSec"":0.7,""_id"":""69bf18c424a0f4fafcac92b3""}],""_id"":""69bf18c424a0f4fafcac92a0""}",2.75,"{""alliance"":""red"",""startPosition"":""right"",""points"":[{""x"":0.69,""y"":0.67,""tSec"":1.95,""_id"":""69bf18c424a0f4fafcac91e2""},{""x"":0.6654,""y"":0.6925,""tSec"":1.95,""_id"":""69bf18c424a0f4fafcac91e3""},{""x"":0.6578,""y"":0.6923,""tSec"":2.15,""_id"":""69bf18c424a0f4fafcac91e4""},{""x"":0.6508,""y"":0.6905,""tSec"":2.25,""_id"":""69bf18c424a0f4fafcac91e5""},{""x"":0.6431,""y"":0.6893,""tSec"":2.35,""_id"":""69bf18c424a0f4fafcac91e6""},{""x"":0.636,""y"":0.6891,""tSec"":2.4,""_id"":""69bf18c424a0f4fafcac91e7""},{""x"":0.629,""y"":0.6891,""tSec"":2.45,""_id"":""69bf18c424a0f4fafcac91e8""},{""x"":0.6205,""y"":0.6891,""tSec"":2.5,""_id"":""69bf18c424a0f4fafcac91e9""},{""x"":0.6126,""y"":0.6881,""tSec"":2.55,""_id"":""69bf18c424a0f4fafcac91ea""},{""x"":0.6055,""y"":0.688,""tSec"":2.6,""_id"":""69bf18c424a0f4fafcac91eb""},{""x"":0.5939,""y"":0.6861,""tSec"":2.65,""_id"":""69bf18c424a0f4fafcac91ec""},{""x"":0.5833,""y"":0.6858,""tSec"":2.7,""_id"":""69bf18c424a0f4fafcac91ed""},{""x"":0.5744,""y"":0.6858,""tSec"":2.7,""_id"":""69bf18c424a0f4fafcac91ee""},{""x"":0.5664,""y"":0.6858,""tSec"":2.75,""_id"":""69bf18c424a0f4fafcac91ef""},{""x"":0.5555,""y"":0.6858,""tSec"":2.8,""_id"":""69bf18c424a0f4fafcac91f0""},{""x"":0.5457,""y"":0.6858,""tSec"":2.85,""_id"":""69bf18c424a0f4fafcac91f1""},{""x"":0.5385,""y"":0.6858,""tSec"":2.9,""_id"":""69bf18c424a0f4fafcac91f2""},{""x"":0.5299,""y"":0.6858,""tSec"":2.95,""_id"":""69bf18c424a0f4fafcac91f3""},{""x"":0.522,""y"":0.6858,""tSec"":3,""_id"":""69bf18c424a0f4fafcac91f4""},{""x"":0.5026,""y"":0.6868,""tSec"":3.1,""_id"":""69bf18c424a0f4fafcac91f5""},{""x"":0.4949,""y"":0.6869,""tSec"":3.1,""_id"":""69bf18c424a0f4fafcac91f6""},{""x"":0.4856,""y"":0.6869,""tSec"":3.15,""_id"":""69bf18c424a0f4fafcac91f7""},{""x"":0.4784,""y"":0.6869,""tSec"":3.2,""_id"":""69bf18c424a0f4fafcac91f8""},{""x"":0.4675,""y"":0.6888,""tSec"":3.25,""_id"":""69bf18c424a0f4fafcac91f9""},{""x"":0.4585,""y"":0.6891,""tSec"":3.3,""_id"":""69bf18c424a0f4fafcac91fa""},{""x"":0.4506,""y"":0.6891,""tSec"":3.3,""_id"":""69bf18c424a0f4fafcac91fb""},{""x"":0.4427,""y"":0.691,""tSec"":3.35,""_id"":""69bf18c424a0f4fafcac91fc""},{""x"":0.4349,""y"":0.6941,""tSec"":3.4,""_id"":""69bf18c424a0f4fafcac91fd""},{""x"":0.4271,""y"":0.6982,""tSec"":3.45,""_id"":""69bf18c424a0f4fafcac91fe""},{""x"":0.4177,""y"":0.7044,""tSec"":3.45,""_id"":""69bf18c424a0f4fafcac91ff""},{""x"":0.4096,""y"":0.71,""tSec"":3.5,""_id"":""69bf18c424a0f4fafcac9200""},{""x"":0.3956,""y"":0.7173,""tSec"":3.5,""_id"":""69bf18c424a0f4fafcac9201""},{""x"":0.3886,""y"":0.7201,""tSec"":3.5,""_id"":""69bf18c424a0f4fafcac9202""},{""x"":0.374,""y"":0.7252,""tSec"":3.55,""_id"":""69bf18c424a0f4fafcac9203""},{""x"":0.3653,""y"":0.7278,""tSec"":3.55,""_id"":""69bf18c424a0f4fafcac9204""},{""x"":0.3574,""y"":0.729,""tSec"":3.55,""_id"":""69bf18c424a0f4fafcac9205""},{""x"":0.3418,""y"":0.7292,""tSec"":3.55,""_id"":""69bf18c424a0f4fafcac9206""},{""x"":0.3315,""y"":0.7292,""tSec"":3.6,""_id"":""69bf18c424a0f4fafcac9207""},{""x"":0.3165,""y"":0.7292,""tSec"":3.6,""_id"":""69bf18c424a0f4fafcac9208""},{""x"":0.3094,""y"":0.7292,""tSec"":3.65,""_id"":""69bf18c424a0f4fafcac9209""},{""x"":0.3016,""y"":0.7292,""tSec"":3.65,""_id"":""69bf18c424a0f4fafcac920a""},{""x"":0.2907,""y"":0.7292,""tSec"":3.75,""_id"":""69bf18c424a0f4fafcac920b""},{""x"":0.2817,""y"":0.7292,""tSec"":3.8,""_id"":""69bf18c424a0f4fafcac920c""},{""x"":0.273,""y"":0.732,""tSec"":3.85,""_id"":""69bf18c424a0f4fafcac920d""},{""x"":0.2658,""y"":0.7353,""tSec"":3.95,""_id"":""69bf18c424a0f4fafcac920e""},{""x"":0.2581,""y"":0.7385,""tSec"":4,""_id"":""69bf18c424a0f4fafcac920f""},{""x"":0.2518,""y"":0.7446,""tSec"":4.1,""_id"":""69bf18c424a0f4fafcac9210""},{""x"":0.2426,""y"":0.7492,""tSec"":4.15,""_id"":""69bf18c424a0f4fafcac9211""},{""x"":0.2345,""y"":0.7497,""tSec"":4.2,""_id"":""69bf18c424a0f4fafcac9212""},{""x"":0.2267,""y"":0.7488,""tSec"":4.2,""_id"":""69bf18c424a0f4fafcac9213""},{""x"":0.2196,""y"":0.7458,""tSec"":4.3,""_id"":""69bf18c424a0f4fafcac9214""},{""x"":0.2126,""y"":0.7445,""tSec"":4.35,""_id"":""69bf18c424a0f4fafcac9215""},{""x"":0.2049,""y"":0.7443,""tSec"":4.4,""_id"":""69bf18c424a0f4fafcac9216""},{""x"":0.1956,""y"":0.7443,""tSec"":4.4,""_id"":""69bf18c424a0f4fafcac9217""},{""x"":0.1875,""y"":0.7434,""tSec"":4.45,""_id"":""69bf18c424a0f4fafcac9218""},{""x"":0.1812,""y"":0.7385,""tSec"":4.5,""_id"":""69bf18c424a0f4fafcac9219""},{""x"":0.1789,""y"":0.7313,""tSec"":4.55,""_id"":""69bf18c424a0f4fafcac921a""},{""x"":0.1786,""y"":0.7237,""tSec"":4.55,""_id"":""69bf18c424a0f4fafcac921b""},{""x"":0.1786,""y"":0.7114,""tSec"":4.6,""_id"":""69bf18c424a0f4fafcac921c""},{""x"":0.1786,""y"":0.7042,""tSec"":4.65,""_id"":""69bf18c424a0f4fafcac921d""},{""x"":0.1786,""y"":0.6966,""tSec"":4.7,""_id"":""69bf18c424a0f4fafcac921e""},{""x"":0.1786,""y"":0.689,""tSec"":4.75,""_id"":""69bf18c424a0f4fafcac921f""},{""x"":0.177,""y"":0.6814,""tSec"":4.8,""_id"":""69bf18c424a0f4fafcac9220""},{""x"":0.1761,""y"":0.6738,""tSec"":4.85,""_id"":""69bf18c424a0f4fafcac9221""},{""x"":0.1744,""y"":0.6663,""tSec"":4.85,""_id"":""69bf18c424a0f4fafcac9222""},{""x"":0.1734,""y"":0.653,""tSec"":4.9,""_id"":""69bf18c424a0f4fafcac9223""},{""x"":0.1726,""y"":0.6418,""tSec"":4.9,""_id"":""69bf18c424a0f4fafcac9224""},{""x"":0.1717,""y"":0.6339,""tSec"":4.95,""_id"":""69bf18c424a0f4fafcac9225""},{""x"":0.1685,""y"":0.6262,""tSec"":5.05,""_id"":""69bf18c424a0f4fafcac9226""},{""x"":0.1644,""y"":0.6196,""tSec"":5.1,""_id"":""69bf18c424a0f4fafcac9227""},{""x"":0.1615,""y"":0.6131,""tSec"":5.1,""_id"":""69bf18c424a0f4fafcac9228""},{""x"":0.1574,""y"":0.6027,""tSec"":5.2,""_id"":""69bf18c424a0f4fafcac9229""},{""x"":0.1546,""y"":0.5957,""tSec"":5.2,""_id"":""69bf18c424a0f4fafcac922a""},{""x"":0.1512,""y"":0.5892,""tSec"":5.25,""_id"":""69bf18c424a0f4fafcac922b""},{""x"":0.1477,""y"":0.5827,""tSec"":5.3,""_id"":""69bf18c424a0f4fafcac922c""},{""x"":0.1442,""y"":0.5743,""tSec"":5.35,""_id"":""69bf18c424a0f4fafcac922d""},{""x"":0.1415,""y"":0.5676,""tSec"":5.35,""_id"":""69bf18c424a0f4fafcac922e""},{""x"":0.1381,""y"":0.5592,""tSec"":5.4,""_id"":""69bf18c424a0f4fafcac922f""},{""x"":0.1354,""y"":0.5524,""tSec"":5.45,""_id"":""69bf18c424a0f4fafcac9230""},{""x"":0.1328,""y"":0.5421,""tSec"":5.5,""_id"":""69bf18c424a0f4fafcac9231""},{""x"":0.131,""y"":0.5342,""tSec"":5.55,""_id"":""69bf18c424a0f4fafcac9232""},{""x"":0.1292,""y"":0.5256,""tSec"":5.6,""_id"":""69bf18c424a0f4fafcac9233""},{""x"":0.1266,""y"":0.516,""tSec"":5.65,""_id"":""69bf18c424a0f4fafcac9234""},{""x"":0.124,""y"":0.5091,""tSec"":5.7,""_id"":""69bf18c424a0f4fafcac9235""},{""x"":0.1207,""y"":0.4987,""tSec"":5.75,""_id"":""69bf18c424a0f4fafcac9236""},{""x"":0.1188,""y"":0.4917,""tSec"":5.75,""_id"":""69bf18c424a0f4fafcac9237""},{""x"":0.1162,""y"":0.4833,""tSec"":5.8,""_id"":""69bf18c424a0f4fafcac9238""},{""x"":0.1144,""y"":0.4737,""tSec"":5.85,""_id"":""69bf18c424a0f4fafcac9239""},{""x"":0.1133,""y"":0.4659,""tSec"":5.95,""_id"":""69bf18c424a0f4fafcac923a""},{""x"":0.1125,""y"":0.4573,""tSec"":6.05,""_id"":""69bf18c424a0f4fafcac923b""},{""x"":0.1124,""y"":0.4496,""tSec"":6.1,""_id"":""69bf18c424a0f4fafcac923c""},{""x"":0.1124,""y"":0.4411,""tSec"":6.2,""_id"":""69bf18c424a0f4fafcac923d""},{""x"":0.1116,""y"":0.4334,""tSec"":6.3,""_id"":""69bf18c424a0f4fafcac923e""},{""x"":0.1115,""y"":0.4248,""tSec"":6.35,""_id"":""69bf18c424a0f4fafcac923f""},{""x"":0.1115,""y"":0.4162,""tSec"":6.45,""_id"":""69bf18c424a0f4fafcac9240""},{""x"":0.1138,""y"":0.4085,""tSec"":6.55,""_id"":""69bf18c424a0f4fafcac9241""},{""x"":0.1179,""y"":0.4018,""tSec"":6.65,""_id"":""69bf18c424a0f4fafcac9242""},{""x"":0.1215,""y"":0.3953,""tSec"":6.85,""_id"":""69bf18c424a0f4fafcac9243""},{""x"":0.1242,""y"":0.3878,""tSec"":7,""_id"":""69bf18c424a0f4fafcac9244""},{""x"":0.1275,""y"":0.3812,""tSec"":7.25,""_id"":""69bf18c424a0f4fafcac9245""},{""x"":0.1333,""y"":0.3757,""tSec"":7.3,""_id"":""69bf18c424a0f4fafcac9246""},{""x"":0.1402,""y"":0.3711,""tSec"":7.4,""_id"":""69bf18c424a0f4fafcac9247""},{""x"":0.1472,""y"":0.3687,""tSec"":7.45,""_id"":""69bf18c424a0f4fafcac9248""},{""x"":0.1549,""y"":0.3665,""tSec"":7.5,""_id"":""69bf18c424a0f4fafcac9249""},{""x"":0.1627,""y"":0.3634,""tSec"":7.5,""_id"":""69bf18c424a0f4fafcac924a""},{""x"":0.1705,""y"":0.3601,""tSec"":7.6,""_id"":""69bf18c424a0f4fafcac924b""},{""x"":0.1783,""y"":0.3597,""tSec"":7.65,""_id"":""69bf18c424a0f4fafcac924c""},{""x"":0.1916,""y"":0.3654,""tSec"":7.7,""_id"":""69bf18c424a0f4fafcac924d""},{""x"":0.1978,""y"":0.369,""tSec"":7.7,""_id"":""69bf18c424a0f4fafcac924e""},{""x"":0.2092,""y"":0.3761,""tSec"":7.7,""_id"":""69bf18c424a0f4fafcac924f""},{""x"":0.2221,""y"":0.3845,""tSec"":7.75,""_id"":""69bf18c424a0f4fafcac9250""},{""x"":0.2298,""y"":0.3894,""tSec"":7.75,""_id"":""69bf18c424a0f4fafcac9251""},{""x"":0.243,""y"":0.3976,""tSec"":7.75,""_id"":""69bf18c424a0f4fafcac9252""},{""x"":0.2537,""y"":0.4043,""tSec"":7.8,""_id"":""69bf18c424a0f4fafcac9253""},{""x"":0.2765,""y"":0.4165,""tSec"":7.85,""_id"":""69bf18c424a0f4fafcac9254""},{""x"":0.2945,""y"":0.4304,""tSec"":7.9,""_id"":""69bf18c424a0f4fafcac9255""},{""x"":0.3044,""y"":0.4445,""tSec"":7.95,""_id"":""69bf18c424a0f4fafcac9256""},{""x"":0.3117,""y"":0.4586,""tSec"":8,""_id"":""69bf18c424a0f4fafcac9257""},{""x"":0.3165,""y"":0.4688,""tSec"":8,""_id"":""69bf18c424a0f4fafcac9258""},{""x"":0.3216,""y"":0.4824,""tSec"":8.05,""_id"":""69bf18c424a0f4fafcac9259""},{""x"":0.3237,""y"":0.5032,""tSec"":8.1,""_id"":""69bf18c424a0f4fafcac925a""},{""x"":0.3225,""y"":0.5124,""tSec"":8.15,""_id"":""69bf18c424a0f4fafcac925b""},{""x"":0.32,""y"":0.5267,""tSec"":8.2,""_id"":""69bf18c424a0f4fafcac925c""},{""x"":0.3197,""y"":0.5342,""tSec"":8.2,""_id"":""69bf18c424a0f4fafcac925d""},{""x"":0.3205,""y"":0.5418,""tSec"":8.2,""_id"":""69bf18c424a0f4fafcac925e""},{""x"":0.3229,""y"":0.5532,""tSec"":8.25,""_id"":""69bf18c424a0f4fafcac925f""},{""x"":0.3239,""y"":0.5602,""tSec"":8.3,""_id"":""69bf18c424a0f4fafcac9260""},{""x"":0.324,""y"":0.5678,""tSec"":8.3,""_id"":""69bf18c424a0f4fafcac9261""},{""x"":0.324,""y"":0.5754,""tSec"":8.4,""_id"":""69bf18c424a0f4fafcac9262""},{""x"":0.3256,""y"":0.583,""tSec"":8.45,""_id"":""69bf18c424a0f4fafcac9263""},{""x"":0.3281,""y"":0.5915,""tSec"":8.55,""_id"":""69bf18c424a0f4fafcac9264""},{""x"":0.3314,""y"":0.6021,""tSec"":8.55,""_id"":""69bf18c424a0f4fafcac9265""},{""x"":0.3341,""y"":0.6091,""tSec"":8.6,""_id"":""69bf18c424a0f4fafcac9266""},{""x"":0.3359,""y"":0.6166,""tSec"":8.65,""_id"":""69bf18c424a0f4fafcac9267""},{""x"":0.3362,""y"":0.6242,""tSec"":8.75,""_id"":""69bf18c424a0f4fafcac9268""},{""x"":0.3401,""y"":0.6356,""tSec"":8.85,""_id"":""69bf18c424a0f4fafcac9269""},{""x"":0.3443,""y"":0.6512,""tSec"":8.9,""_id"":""69bf18c424a0f4fafcac926a""},{""x"":0.3479,""y"":0.6636,""tSec"":8.95,""_id"":""69bf18c424a0f4fafcac926b""},{""x"":0.353,""y"":0.6765,""tSec"":8.95,""_id"":""69bf18c424a0f4fafcac926c""},{""x"":0.3582,""y"":0.6904,""tSec"":9,""_id"":""69bf18c424a0f4fafcac926d""},{""x"":0.3611,""y"":0.6969,""tSec"":9.05,""_id"":""69bf18c424a0f4fafcac926e""},{""x"":0.3637,""y"":0.7072,""tSec"":9.05,""_id"":""69bf18c424a0f4fafcac926f""},{""x"":0.3671,""y"":0.7189,""tSec"":9.1,""_id"":""69bf18c424a0f4fafcac9270""},{""x"":0.3706,""y"":0.727,""tSec"":9.1,""_id"":""69bf18c424a0f4fafcac9271""},{""x"":0.3748,""y"":0.7375,""tSec"":9.15,""_id"":""69bf18c424a0f4fafcac9272""},{""x"":0.3784,""y"":0.7464,""tSec"":9.15,""_id"":""69bf18c424a0f4fafcac9273""},{""x"":0.3827,""y"":0.7589,""tSec"":9.2,""_id"":""69bf18c424a0f4fafcac9274""},{""x"":0.3847,""y"":0.7681,""tSec"":9.25,""_id"":""69bf18c424a0f4fafcac9275""},{""x"":0.3873,""y"":0.7758,""tSec"":9.25,""_id"":""69bf18c424a0f4fafcac9276""},{""x"":0.3899,""y"":0.7843,""tSec"":9.3,""_id"":""69bf18c424a0f4fafcac9277""},{""x"":0.3932,""y"":0.792,""tSec"":9.35,""_id"":""69bf18c424a0f4fafcac9278""},{""x"":0.3975,""y"":0.7997,""tSec"":9.4,""_id"":""69bf18c424a0f4fafcac9279""},{""x"":0.4011,""y"":0.8063,""tSec"":9.45,""_id"":""69bf18c424a0f4fafcac927a""},{""x"":0.4115,""y"":0.8176,""tSec"":9.55,""_id"":""69bf18c424a0f4fafcac927b""},{""x"":0.4173,""y"":0.8227,""tSec"":9.55,""_id"":""69bf18c424a0f4fafcac927c""},{""x"":0.425,""y"":0.8272,""tSec"":9.6,""_id"":""69bf18c424a0f4fafcac927d""},{""x"":0.4335,""y"":0.8305,""tSec"":9.6,""_id"":""69bf18c424a0f4fafcac927e""},{""x"":0.4437,""y"":0.8329,""tSec"":9.65,""_id"":""69bf18c424a0f4fafcac927f""},{""x"":0.4511,""y"":0.8332,""tSec"":9.65,""_id"":""69bf18c424a0f4fafcac9280""},{""x"":0.4581,""y"":0.8332,""tSec"":9.7,""_id"":""69bf18c424a0f4fafcac9281""},{""x"":0.4689,""y"":0.8294,""tSec"":9.75,""_id"":""69bf18c424a0f4fafcac9282""},{""x"":0.4787,""y"":0.8251,""tSec"":9.8,""_id"":""69bf18c424a0f4fafcac9283""},{""x"":0.4882,""y"":0.8189,""tSec"":9.8,""_id"":""69bf18c424a0f4fafcac9284""},{""x"":0.4986,""y"":0.8153,""tSec"":9.85,""_id"":""69bf18c424a0f4fafcac9285""},{""x"":0.5075,""y"":0.812,""tSec"":9.9,""_id"":""69bf18c424a0f4fafcac9286""},{""x"":0.5162,""y"":0.8087,""tSec"":9.95,""_id"":""69bf18c424a0f4fafcac9287""},{""x"":0.5234,""y"":0.8083,""tSec"":9.95,""_id"":""69bf18c424a0f4fafcac9288""},{""x"":0.5319,""y"":0.8083,""tSec"":10,""_id"":""69bf18c424a0f4fafcac9289""},{""x"":0.5406,""y"":0.8083,""tSec"":10.05,""_id"":""69bf18c424a0f4fafcac928a""},{""x"":0.5478,""y"":0.8083,""tSec"":10.05,""_id"":""69bf18c424a0f4fafcac928b""},{""x"":0.5563,""y"":0.8073,""tSec"":10.1,""_id"":""69bf18c424a0f4fafcac928c""},{""x"":0.5627,""y"":0.8034,""tSec"":10.2,""_id"":""69bf18c424a0f4fafcac928d""},{""x"":0.5711,""y"":0.8001,""tSec"":10.25,""_id"":""69bf18c424a0f4fafcac928e""},{""x"":0.5837,""y"":0.7977,""tSec"":10.35,""_id"":""69bf18c424a0f4fafcac928f""},{""x"":0.5913,""y"":0.7956,""tSec"":10.35,""_id"":""69bf18c424a0f4fafcac9290""},{""x"":0.5983,""y"":0.7944,""tSec"":10.4,""_id"":""69bf18c424a0f4fafcac9291""},{""x"":0.6053,""y"":0.7933,""tSec"":10.5,""_id"":""69bf18c424a0f4fafcac9292""},{""x"":0.613,""y"":0.7922,""tSec"":10.55,""_id"":""69bf18c424a0f4fafcac9293""},{""x"":0.6209,""y"":0.7911,""tSec"":10.6,""_id"":""69bf18c424a0f4fafcac9294""},{""x"":0.6295,""y"":0.7891,""tSec"":10.65,""_id"":""69bf18c424a0f4fafcac9295""},{""x"":0.6389,""y"":0.7859,""tSec"":10.65,""_id"":""69bf18c424a0f4fafcac9296""},{""x"":0.6539,""y"":0.7751,""tSec"":10.7,""_id"":""69bf18c424a0f4fafcac9297""},{""x"":0.6672,""y"":0.7643,""tSec"":10.7,""_id"":""69bf18c424a0f4fafcac9298""},{""x"":0.6857,""y"":0.7486,""tSec"":10.75,""_id"":""69bf18c424a0f4fafcac9299""},{""x"":0.707,""y"":0.7343,""tSec"":10.8,""_id"":""69bf18c424a0f4fafcac929a""},{""x"":0.7234,""y"":0.7259,""tSec"":10.8,""_id"":""69bf18c424a0f4fafcac929b""},{""x"":0.7376,""y"":0.7192,""tSec"":10.8,""_id"":""69bf18c424a0f4fafcac929c""},{""x"":0.7493,""y"":0.7127,""tSec"":10.85,""_id"":""69bf18c424a0f4fafcac929d""},{""x"":0.7561,""y"":0.7081,""tSec"":10.85,""_id"":""69bf18c424a0f4fafcac929e""},{""x"":0.7638,""y"":0.7066,""tSec"":11.25,""_id"":""69bf18c424a0f4fafcac929f""}],""shotMarkers"":[],""fingerprint"":""82b988b8"",""_id"":""69bf18c424a0f4fafcac91e1""}",right,5.0,0.0,0.0,0.0,0.0,None,0.0,None,False,good,177.05,184.45,177.05,0.0,0.0,0.0,0.0,0.0,0.0,Good bpa,True,21,36.89,6,5.48,0.0,0.0,1.28,11.71,19.15,4.75,0.0,False,red_1,Mmasi,10.625,35.41,13,1.7,0.55,8.4,4.87,6.72,3.55,11.32,0.0,4123,42.0,24.35,33.6,17.75,56.6,174.3,0.0,None,19
"{""totalSec"":163,""autoEndSec"":20,""delayEndSec"":23,""intervals"":[],""_id"":""69bf1b4924a0f4fafcac92d7""}",0.0,"{""alliance"":""blue"",""startPosition"":""center"",""points"":[{""x"":0.34,""y"":0.5,""tSec"":0.95,""_id"":""69bf1b4924a0f4fafcac92be""},{""x"":0.3528,""y"":0.5044,""tSec"":0.95,""_id"":""69bf1b4924a0f4fafcac92bf""},{""x"":0.3528,""y"":0.5172,""tSec"":7.1,""_id"":""69bf1b4924a0f4fafcac92c0""},{""x"":0.3466,""y"":0.5121,""tSec"":7.2,""_id"":""69bf1b4924a0f4fafcac92c1""},{""x"":0.3329,""y"":0.5049,""tSec"":7.25,""_id"":""69bf1b4924a0f4fafcac92c2""},{""x"":0.3221,""y"":0.5031,""tSec"":7.25,""_id"":""69bf1b4924a0f4fafcac92c3""},{""x"":0.313,""y"":0.5028,""tSec"":7.3,""_id"":""69bf1b4924a0f4fafcac92c4""},{""x"":0.3013,""y"":0.5038,""tSec"":7.3,""_id"":""69bf1b4924a0f4fafcac92c5""},{""x"":0.2907,""y"":0.5049,""tSec"":7.35,""_id"":""69bf1b4924a0f4fafcac92c6""},{""x"":0.2801,""y"":0.505,""tSec"":7.4,""_id"":""69bf1b4924a0f4fafcac92c7""},{""x"":0.2697,""y"":0.505,""tSec"":7.4,""_id"":""69bf1b4924a0f4fafcac92c8""},{""x"":0.2616,""y"":0.505,""tSec"":7.45,""_id"":""69bf1b4924a0f4fafcac92c9""},{""x"":0.2514,""y"":0.506,""tSec"":7.5,""_id"":""69bf1b4924a0f4fafcac92ca""},{""x"":0.2409,""y"":0.5061,""tSec"":7.5,""_id"":""69bf1b4924a0f4fafcac92cb""},{""x"":0.2336,""y"":0.5061,""tSec"":7.55,""_id"":""69bf1b4924a0f4fafcac92cc""},{""x"":0.2266,""y"":0.5061,""tSec"":7.55,""_id"":""69bf1b4924a0f4fafcac92cd""},{""x"":0.2173,""y"":0.5061,""tSec"":7.6,""_id"":""69bf1b4924a0f4fafcac92ce""},{""x"":0.207,""y"":0.5061,""tSec"":7.65,""_id"":""69bf1b4924a0f4fafcac92cf""},{""x"":0.1965,""y"":0.507,""tSec"":7.65,""_id"":""69bf1b4924a0f4fafcac92d0""},{""x"":0.1853,""y"":0.5071,""tSec"":7.7,""_id"":""69bf1b4924a0f4fafcac92d1""},{""x"":0.1778,""y"":0.5071,""tSec"":7.75,""_id"":""69bf1b4924a0f4fafcac92d2""},{""x"":0.1701,""y"":0.5053,""tSec"":7.8,""_id"":""69bf1b4924a0f4fafcac92d3""},{""x"":0.1615,""y"":0.5022,""tSec"":7.85,""_id"":""69bf1b4924a0f4fafcac92d4""},{""x"":0.1543,""y"":0.4999,""tSec"":7.9,""_id"":""69bf1b4924a0f4fafcac92d5""}],""shotMarkers"":[{""x"":0.1543,""y"":0.4999,""tSec"":8.7,""_id"":""69bf1b4924a0f4fafcac92d6""}],""fingerprint"":""45085b21"",""_id"":""69bf1b4924a0f4fafcac92bd""}",center,5.0,0.0,0.0,0.0,0.0,None,0.0,None,False,rough,0.0,0.0,0.0,0.0,0.0,0.0,0.0,0.0,0.0,Robot is moving REALLY slow,False,22,0.0,0,0.0,0.0,0.0,0.0,0.0,0.0,0.0,0.0,False,blue_3,Wesley,0.0,0.0,0,0.0,0.0,0.0,0.0,0.0,0.0,0.0,0.0,3408,0.0,0.0,0.0,0.0,0.0,0.0,0.0,None,0
"{""totalSec"":163,""autoEndSec"":20,""delayEndSec"":23,""intervals"":[{""action"":""shoot"",""startSec"":29.3,""endSec"":31.36,""durationSec"":2.06,""_id"":""69bf1b5e24a0f4fafcac9312""},{""action"":""shoot"",""startSec"":36,""endSec"":36.16,""durationSec"":0.16,""_id"":""69bf1b5e24a0f4fafcac9313""},{""action"":""shoot"",""startSec"":43.5,""endSec"":46,""durationSec"":2.5,""_id"":""69bf1b5e24a0f4fafcac9314""},{""action"":""shoot"",""startSec"":51.2,""endSec"":51.91,""durationSec"":0.71,""_id"":""69bf1b5e24a0f4fafcac9315""},{""action"":""shoot"",""startSec"":54.35,""endSec"":55.15,""durationSec"":0.8,""_id"":""69bf1b5e24a0f4fafcac9316""},{""action"":""shoot"",""startSec"":60.3,""endSec"":60.96,""durationSec"":0.66,""_id"":""69bf1b5e24a0f4fafcac9317""},{""action"":""shoot"",""startSec"":71.4,""endSec"":71.7,""durationSec"":0.3,""_id"":""69bf1b5e24a0f4fafcac9318""},{""action"":""shoot"",""startSec"":82.3,""endSec"":82.45,""durationSec"":0.15,""_id"":""69bf1b5e24a0f4fafcac9319""},{""action"":""shoot"",""startSec"":84.55,""endSec"":85.2,""durationSec"":0.65,""_id"":""69bf1b5e24a0f4fafcac931a""},{""action"":""shoot"",""startSec"":87.2,""endSec"":87.86,""durationSec"":0.66,""_id"":""69bf1b5e24a0f4fafcac931b""},{""action"":""shoot"",""startSec"":96.3,""endSec"":98,""durationSec"":1.7,""_id"":""69bf1b5e24a0f4fafcac931c""},{""action"":""shoot"",""startSec"":106.2,""endSec"":106.98,""durationSec"":0.78,""_id"":""69bf1b5e24a0f4fafcac931d""},{""action"":""shoot"",""startSec"":109.55,""endSec"":111.35,""durationSec"":1.8,""_id"":""69bf1b5e24a0f4fafcac931e""},{""action"":""shoot"",""startSec"":137.6,""endSec"":139.35,""durationSec"":1.75,""_id"":""69bf1b5e24a0f4fafcac931f""},{""action"":""shoot"",""startSec"":144.7,""endSec"":145.36,""durationSec"":0.66,""_id"":""69bf1b5e24a0f4fafcac9320""},{""action"":""shoot"",""startSec"":147.25,""endSec"":148.35,""durationSec"":1.1,""_id"":""69bf1b5e24a0f4fafcac9321""},{""action"":""shoot"",""startSec"":158.95,""endSec"":159.02,""durationSec"":0.07,""_id"":""69bf1b5e24a0f4fafcac9322""}],""_id"":""69bf1b5e24a0f4fafcac9311""}",0.0,"{""alliance"":""blue"",""startPosition"":""left"",""points"":[{""x"":0.34,""y"":0.67,""tSec"":1.5,""_id"":""69bf1b5e24a0f4fafcac92e0""},{""x"":0.3604,""y"":0.6667,""tSec"":1.5,""_id"":""69bf1b5e24a0f4fafcac92e1""},{""x"":0.3767,""y"":0.6709,""tSec"":6.4,""_id"":""69bf1b5e24a0f4fafcac92e2""},{""x"":0.4154,""y"":0.6837,""tSec"":6.5,""_id"":""69bf1b5e24a0f4fafcac92e3""},{""x"":0.4324,""y"":0.6881,""tSec"":6.5,""_id"":""69bf1b5e24a0f4fafcac92e4""},{""x"":0.4474,""y"":0.6914,""tSec"":6.5,""_id"":""69bf1b5e24a0f4fafcac92e5""},{""x"":0.46,""y"":0.6938,""tSec"":6.5,""_id"":""69bf1b5e24a0f4fafcac92e6""},{""x"":0.4822,""y"":0.6959,""tSec"":6.55,""_id"":""69bf1b5e24a0f4fafcac92e7""},{""x"":0.4933,""y"":0.6971,""tSec"":6.55,""_id"":""69bf1b5e24a0f4fafcac92e8""},{""x"":0.5099,""y"":0.6992,""tSec"":6.6,""_id"":""69bf1b5e24a0f4fafcac92e9""},{""x"":0.5264,""y"":0.7013,""tSec"":6.6,""_id"":""69bf1b5e24a0f4fafcac92ea""},{""x"":0.5422,""y"":0.7025,""tSec"":6.65,""_id"":""69bf1b5e24a0f4fafcac92eb""},{""x"":0.5557,""y"":0.7027,""tSec"":6.65,""_id"":""69bf1b5e24a0f4fafcac92ec""},{""x"":0.5649,""y"":0.7027,""tSec"":6.7,""_id"":""69bf1b5e24a0f4fafcac92ed""},{""x"":0.5729,""y"":0.7045,""tSec"":6.75,""_id"":""69bf1b5e24a0f4fafcac92ee""},{""x"":0.5777,""y"":0.7115,""tSec"":6.85,""_id"":""69bf1b5e24a0f4fafcac92ef""},{""x"":0.586,""y"":0.7151,""tSec"":6.85,""_id"":""69bf1b5e24a0f4fafcac92f0""},{""x"":0.5969,""y"":0.7193,""tSec"":6.9,""_id"":""69bf1b5e24a0f4fafcac92f1""},{""x"":0.609,""y"":0.7245,""tSec"":6.95,""_id"":""69bf1b5e24a0f4fafcac92f2""},{""x"":0.6227,""y"":0.728,""tSec"":6.95,""_id"":""69bf1b5e24a0f4fafcac92f3""},{""x"":0.6312,""y"":0.7293,""tSec"":7,""_id"":""69bf1b5e24a0f4fafcac92f4""},{""x"":0.6215,""y"":0.7314,""tSec"":9.9,""_id"":""69bf1b5e24a0f4fafcac92f5""},{""x"":0.6081,""y"":0.7449,""tSec"":9.95,""_id"":""69bf1b5e24a0f4fafcac92f6""},{""x"":0.5996,""y"":0.755,""tSec"":9.95,""_id"":""69bf1b5e24a0f4fafcac92f7""},{""x"":0.584,""y"":0.777,""tSec"":10,""_id"":""69bf1b5e24a0f4fafcac92f8""},{""x"":0.576,""y"":0.7901,""tSec"":10,""_id"":""69bf1b5e24a0f4fafcac92f9""},{""x"":0.5643,""y"":0.8105,""tSec"":10,""_id"":""69bf1b5e24a0f4fafcac92fa""},{""x"":0.5575,""y"":0.8205,""tSec"":10,""_id"":""69bf1b5e24a0f4fafcac92fb""},{""x"":0.5445,""y"":0.8378,""tSec"":10.05,""_id"":""69bf1b5e24a0f4fafcac92fc""},{""x"":0.5146,""y"":0.8626,""tSec"":10.1,""_id"":""69bf1b5e24a0f4fafcac92fd""},{""x"":0.4995,""y"":0.8712,""tSec"":10.1,""_id"":""69bf1b5e24a0f4fafcac92fe""},{""x"":0.4754,""y"":0.8818,""tSec"":10.1,""_id"":""69bf1b5e24a0f4fafcac92ff""},{""x"":0.4541,""y"":0.8906,""tSec"":10.15,""_id"":""69bf1b5e24a0f4fafcac9300""},{""x"":0.4385,""y"":0.8964,""tSec"":10.15,""_id"":""69bf1b5e24a0f4fafcac9301""},{""x"":0.4275,""y"":0.9009,""tSec"":10.2,""_id"":""69bf1b5e24a0f4fafcac9302""},{""x"":0.4154,""y"":0.9042,""tSec"":10.2,""_id"":""69bf1b5e24a0f4fafcac9303""},{""x"":0.4086,""y"":0.9065,""tSec"":10.25,""_id"":""69bf1b5e24a0f4fafcac9304""},{""x"":0.3986,""y"":0.9039,""tSec"":10.3,""_id"":""69bf1b5e24a0f4fafcac9305""},{""x"":0.392,""y"":0.898,""tSec"":10.3,""_id"":""69bf1b5e24a0f4fafcac9306""},{""x"":0.3828,""y"":0.8897,""tSec"":10.35,""_id"":""69bf1b5e24a0f4fafcac9307""},{""x"":0.3709,""y"":0.8812,""tSec"":10.35,""_id"":""69bf1b5e24a0f4fafcac9308""},{""x"":0.3641,""y"":0.8772,""tSec"":10.35,""_id"":""69bf1b5e24a0f4fafcac9309""},{""x"":0.3526,""y"":0.873,""tSec"":10.4,""_id"":""69bf1b5e24a0f4fafcac930a""},{""x"":0.3398,""y"":0.8706,""tSec"":10.4,""_id"":""69bf1b5e24a0f4fafcac930b""},{""x"":0.3244,""y"":0.8703,""tSec"":10.45,""_id"":""69bf1b5e24a0f4fafcac930c""},{""x"":0.3164,""y"":0.8703,""tSec"":10.45,""_id"":""69bf1b5e24a0f4fafcac930d""},{""x"":0.3063,""y"":0.8721,""tSec"":10.45,""_id"":""69bf1b5e24a0f4fafcac930e""},{""x"":0.2989,""y"":0.8743,""tSec"":10.5,""_id"":""69bf1b5e24a0f4fafcac930f""},{""x"":0.2942,""y"":0.8688,""tSec"":10.55,""_id"":""69bf1b5e24a0f4fafcac9310""}],""shotMarkers"":[],""fingerprint"":""6f308228"",""_id"":""69bf1b5e24a0f4fafcac92df""}",left,5.0,0.0,0.0,0.0,0.0,None,0.0,None,False,good,82.55,0.0,82.55,0.0,0.0,0.0,0.0,0.0,0.0,,True,21,0.0,0,0.0,0.0,0.0,0.0,0.0,0.0,0.0,0.0,False,blue_1,Kasandra,7.3,16.51,17,0.71,0.0,3.58,4.72,2.47,3.16,2.58,0.0,4415,17.9,23.6,12.35,15.8,12.9,82.55000000000001,0.0,None,17
"{""totalSec"":163,""autoEndSec"":20,""delayEndSec"":23,""intervals"":[{""action"":""shoot"",""startSec"":1,""endSec"":1.7,""durationSec"":0.7,""_id"":""69bf1b5e24a0f4fafcac9325""},{""action"":""shoot"",""startSec"":53.6,""endSec"":54.6,""durationSec"":1,""_id"":""69bf1b5e24a0f4fafcac9326""},{""action"":""shoot"",""startSec"":56,""endSec"":56.1,""durationSec"":0.1,""_id"":""69bf1b5e24a0f4fafcac9327""},{""action"":""shoot"",""startSec"":60.1,""endSec"":60.2,""durationSec"":0.1,""_id"":""69bf1b5e24a0f4fafcac9328""},{""action"":""shoot"",""startSec"":82.55,""endSec"":82.67,""durationSec"":0.12,""_id"":""69bf1b5e24a0f4fafcac9329""},{""action"":""shoot"",""startSec"":83.05,""endSec"":83.15,""durationSec"":0.1,""_id"":""69bf1b5e24a0f4fafcac932a""},{""action"":""shoot"",""startSec"":84.85,""endSec"":84.91,""durationSec"":0.06,""_id"":""69bf1b5e24a0f4fafcac932b""},{""action"":""shoot"",""startSec"":86.25,""endSec"":86.35,""durationSec"":0.1,""_id"":""69bf1b5e24a0f4fafcac932c""},{""action"":""shoot"",""startSec"":86.65,""endSec"":86.75,""durationSec"":0.1,""_id"":""69bf1b5e24a0f4fafcac932d""},{""action"":""shoot"",""startSec"":88,""endSec"":88.15,""durationSec"":0.15,""_id"":""69bf1b5e24a0f4fafcac932e""},{""action"":""shoot"",""startSec"":91.4,""endSec"":91.5,""durationSec"":0.1,""_id"":""69bf1b5e24a0f4fafcac932f""},{""action"":""shoot"",""startSec"":92.95,""endSec"":93.1,""durationSec"":0.15,""_id"":""69bf1b5e24a0f4fafcac9330""},{""action"":""shoot"",""startSec"":96.8,""endSec"":96.95,""durationSec"":0.15,""_id"":""69bf1b5e24a0f4fafcac9331""},{""action"":""shoot"",""startSec"":98.7,""endSec"":98.82,""durationSec"":0.12,""_id"":""69bf1b5e24a0f4fafcac9332""},{""action"":""shoot"",""startSec"":101,""endSec"":101.15,""durationSec"":0.15,""_id"":""69bf1b5e24a0f4fafcac9333""},{""action"":""shoot"",""startSec"":104.85,""endSec"":104.95,""durationSec"":0.1,""_id"":""69bf1b5e24a0f4fafcac9334""},{""action"":""shoot"",""startSec"":119.75,""endSec"":119.82,""durationSec"":0.07,""_id"":""69bf1b5e24a0f4fafcac9335""},{""action"":""shoot"",""startSec"":134.1,""endSec"":134.2,""durationSec"":0.1,""_id"":""69bf1b5e24a0f4fafcac9336""},{""action"":""shoot"",""startSec"":135.65,""endSec"":135.75,""durationSec"":0.1,""_id"":""69bf1b5e24a0f4fafcac9337""},{""action"":""shoot"",""startSec"":137.25,""endSec"":137.33,""durationSec"":0.08,""_id"":""69bf1b5e24a0f4fafcac9338""},{""action"":""shoot"",""startSec"":142.95,""endSec"":143.05,""durationSec"":0.1,""_id"":""69bf1b5e24a0f4fafcac9339""},{""action"":""shoot"",""startSec"":148.95,""endSec"":149.05,""durationSec"":0.1,""_id"":""69bf1b5e24a0f4fafcac933a""},{""action"":""shoot"",""startSec"":157.85,""endSec"":157.95,""durationSec"":0.1,""_id"":""69bf1b5e24a0f4fafcac933b""},{""action"":""shoot"",""startSec"":159.2,""endSec"":159.3,""durationSec"":0.1,""_id"":""69bf1b5e24a0f4fafcac933c""}],""_id"":""69bf1b5e24a0f4fafcac9324""}",3.5,{},,5.0,0.0,0.0,0.0,0.0,None,0.0,None,False,ok,20.25,0.0,20.25,0.0,0.0,0.0,0.0,0.0,0.0,Shooting one at a time,True,22,0.0,0,0.0,0.0,0.0,0.0,0.0,0.0,0.0,0.0,False,blue_1,Kasandra,2.4,4.05,24,0.1,0.7,0.68,0.0,1.2,1.4,0.07,0.0,4964,3.4,0.0,6.0,7.0,0.35,16.75,0.0,None,24
"{""totalSec"":163,""autoEndSec"":20,""delayEndSec"":23,""intervals"":[],""_id"":""69bf1b5e24a0f4fafcac9341""}",0.0,{},,5.0,0.0,0.0,0.0,0.0,None,0.0,None,False,ok,0.0,0.0,0.0,0.0,0.0,0.0,0.0,0.0,0.0,,False,23,0.0,0,0.0,0.0,0.0,0.0,0.0,0.0,0.0,0.0,False,blue_1,Kasandra,0.0,0.0,0,0.0,0.0,0.0,0.0,0.0,0.0,0.0,0.0,4501,0.0,0.0,0.0,0.0,0.0,0.0,0.0,None,0
"{""totalSec"":163,""autoEndSec"":20,""delayEndSec"":23,""intervals"":[{""action"":""shoot"",""startSec"":37.3,""endSec"":37.85,""durationSec"":0.55,""_id"":""69bf1b6324a0f4fafcac934b""},{""action"":""shoot"",""startSec"":38.24,""endSec"":38.94,""durationSec"":0.7,""_id"":""69bf1b6324a0f4fafcac934c""},{""action"":""shoot"",""startSec"":86.57,""endSec"":87.23,""durationSec"":0.66,""_id"":""69bf1b6324a0f4fafcac934d""},{""action"":""shoot"",""startSec"":90.17,""endSec"":90.57,""durationSec"":0.4,""_id"":""69bf1b6324a0f4fafcac934e""},{""action"":""shoot"",""startSec"":90.82,""endSec"":91.62,""durationSec"":0.8,""_id"":""69bf1b6324a0f4fafcac934f""},{""action"":""shoot"",""startSec"":93.12,""endSec"":93.99,""durationSec"":0.87,""_id"":""69bf1b6324a0f4fafcac9350""},{""action"":""shoot"",""startSec"":94.72,""endSec"":96.62,""durationSec"":1.9,""_id"":""69bf1b6324a0f4fafcac9351""},{""action"":""shoot"",""startSec"":107.92,""endSec"":108.82,""durationSec"":0.9,""_id"":""69bf1b6324a0f4fafcac9352""},{""action"":""shoot"",""startSec"":134.02,""endSec"":135.02,""durationSec"":1,""_id"":""69bf1b6324a0f4fafcac9353""},{""action"":""shoot"",""startSec"":138.97,""endSec"":140.94,""durationSec"":1.97,""_id"":""69bf1b6324a0f4fafcac9354""}],""_id"":""69bf1b6324a0f4fafcac934a""}",0.0,"{""alliance"":""blue"",""startPosition"":""right"",""points"":[{""x"":0.34,""y"":0.33,""tSec"":6.3,""_id"":""69bf1b6324a0f4fafcac9348""},{""x"":0.3459,""y"":0.3232,""tSec"":6.4,""_id"":""69bf1b6324a0f4fafcac9349""}],""shotMarkers"":[],""fingerprint"":""3056a2e3"",""_id"":""69bf1b6324a0f4fafcac9347""}",right,5.0,0.0,0.0,0.0,0.0,None,0.0,None,False,ok,48.75,0.0,48.75,0.0,0.0,0.0,0.0,0.0,0.0,"Attempted to go under trench multiple times, was unable to successfully go under",True,21,0.0,0,0.0,0.0,0.0,0.0,0.0,0.0,0.0,0.0,False,blue_2,Awishkar,3.6,9.75,10,0.835,0.0,2.97,1.25,0.0,4.63,0.9,0.0,7042,14.85,6.25,0.0,23.15,4.5,48.75,0.0,Failed,10
"{""totalSec"":163,""autoEndSec"":20,""delayEndSec"":23,""intervals"":[{""action"":""pass"",""startSec"":6.4,""endSec"":6.5,""durationSec"":0.1,""_id"":""69bf1ba224a0f4fafcac9366""}],""_id"":""69bf1ba224a0f4fafcac9365""}",0.0,{},,5.0,0.0,0.0,0.0,0.0,None,0.0,some,False,rough,0.0,0.5,0.0,0.0,0.0,0.0,0.0,0.0,0.0,"Slow drive, not great def",True,4,0.1,1,0.1,0.1,0.0,0.0,0.0,0.0,0.0,0.0,False,red_1,Nathan J,0.0,0.0,0,0.0,0.0,0.0,0.0,0.0,0.0,0.0,0.0,1759,0.0,0.0,0.0,0.0,0.0,0.0,0.0,None,1
"{""totalSec"":163,""autoEndSec"":20,""delayEndSec"":23,""intervals"":[{""action"":""pass"",""startSec"":54.75,""endSec"":55.05,""durationSec"":0.3,""_id"":""69bf1bcc24a0f4fafcac936f""},{""action"":""pass"",""startSec"":55.95,""endSec"":56.65,""durationSec"":0.7,""_id"":""69bf1bcc24a0f4fafcac9370""},{""action"":""pass"",""startSec"":57.2,""endSec"":59.2,""durationSec"":2,""_id"":""69bf1bcc24a0f4fafcac9371""},{""action"":""pass"",""startSec"":61.95,""endSec"":63.15,""durationSec"":1.2,""_id"":""69bf1bcc24a0f4fafcac9372""},{""action"":""pass"",""startSec"":72.6,""endSec"":72.66,""durationSec"":0.06,""_id"":""69bf1bcc24a0f4fafcac9373""},{""action"":""pass"",""startSec"":73.55,""endSec"":75.8,""durationSec"":2.25,""_id"":""69bf1bcc24a0f4fafcac9374""}],""_id"":""69bf1bcc24a0f4fafcac936e""}",0.0,{},,5.0,0.0,0.0,0.0,0.0,None,0.0,None,False,ok,0.0,32.55,0.0,0.0,0.0,1.0,0.0,0.0,1.0,,True,21,6.51,6,0.95,0.0,0.0,0.0,6.51,0.0,0.0,0.0,False,red_3,Bradley,0.0,0.0,0,0.0,0.0,0.0,0.0,0.0,0.0,0.0,0.0,1836,0.0,0.0,0.0,0.0,0.0,0.0,0.0,None,6
"{""totalSec"":163,""autoEndSec"":20,""delayEndSec"":23,""intervals"":[],""_id"":""69bf1bcc24a0f4fafcac9376""}",0.0,{},,5.0,0.0,0.0,0.0,0.0,None,0.0,None,False,ok,0.0,0.0,0.0,0.0,0.0,0.0,0.0,0.0,0.0,,False,22,0.0,0,0.0,0.0,0.0,0.0,0.0,0.0,0.0,0.0,False,red_3,Bradley,0.0,0.0,0,0.0,0.0,0.0,0.0,0.0,0.0,0.0,0.0,4470,0.0,0.0,0.0,0.0,0.0,0.0,0.0,None,0
"{""totalSec"":163,""autoEndSec"":20,""delayEndSec"":23,""intervals"":[{""action"":""shoot"",""startSec"":26.15,""endSec"":29,""durationSec"":2.85,""_id"":""69bf1bd124a0f4fafcac937c""},{""action"":""shoot"",""startSec"":29.75,""endSec"":33.96,""durationSec"":4.21,""_id"":""69bf1bd124a0f4fafcac937d""},{""action"":""shoot"",""startSec"":34.85,""endSec"":39.67,""durationSec"":4.82,""_id"":""69bf1bd124a0f4fafcac937e""},{""action"":""shoot"",""startSec"":99.69,""endSec"":100.69,""durationSec"":1,""_id"":""69bf1bd124a0f4fafcac937f""},{""action"":""shoot"",""startSec"":101.74,""endSec"":102.59,""durationSec"":0.85,""_id"":""69bf1bd124a0f4fafcac9380""},{""action"":""shoot"",""startSec"":103.29,""endSec"":105.79,""durationSec"":2.5,""_id"":""69bf1bd124a0f4fafcac9381""},{""action"":""shoot"",""startSec"":108.09,""endSec"":108.99,""durationSec"":0.9,""_id"":""69bf1bd124a0f4fafcac9382""}],""_id"":""69bf1bd124a0f4fafcac937b""}",0.0,{},,5.0,0.0,0.0,0.0,0.0,None,0.0,None,False,ok,85.65,0.0,85.65,0.0,0.0,0.0,0.0,0.0,0.0,,True,21,0.0,0,0.0,0.0,0.0,0.0,0.0,0.0,0.0,0.0,False,red_2,Kinnon,4.2,17.13,7,2.5,0.0,0.0,11.88,0.0,4.06,1.19,0.0,4,0.0,59.4,0.0,20.3,5.95,85.65,0.0,None,7
"{""totalSec"":163,""autoEndSec"":20,""delayEndSec"":23,""intervals"":[],""_id"":""69bf1bef24a0f4fafcac9389""}",0.0,{},,5.0,0.0,0.0,0.0,0.0,None,0.0,None,False,ok,0.0,0.0,0.0,0.0,0.0,0.0,0.0,0.0,0.0,,False,20,0.0,0,0.0,0.0,0.0,0.0,0.0,0.0,0.0,0.0,False,blue_2,Awishkar,0.0,0.0,0,0.0,0.0,0.0,0.0,0.0,0.0,0.0,0.0,5857,0.0,0.0,0.0,0.0,0.0,0.0,0.0,None,0
"{""totalSec"":163,""autoEndSec"":20,""delayEndSec"":23,""intervals"":[{""action"":""shoot"",""startSec"":127.47,""endSec"":130.67,""durationSec"":3.2,""_id"":""69bf1c0a24a0f4fafcac9390""},{""action"":""shoot"",""startSec"":146.92,""endSec"":150.12,""durationSec"":3.2,""_id"":""69bf1c0a24a0f4fafcac9391""},{""action"":""shoot"",""startSec"":160.07,""endSec"":161.87,""durationSec"":1.8,""_id"":""69bf1c0a24a0f4fafcac9392""}],""_id"":""69bf1c0a24a0f4fafcac938f""}",0.0,{},center,5.0,0.0,0.0,0.0,0.0,None,0.0,heavy,False,great,41.0,0.0,41.0,0.0,0.0,0.0,0.0,0.0,0.0,Missed the first 3/4 the of the match due to charging issues,True,23,0.0,0,0.0,0.0,0.0,0.0,0.0,0.0,0.0,0.0,False,blue_3,Wesley,16.3,8.2,3,3.2,0.0,5.0,0.0,0.0,0.0,3.2,0.0,4201,25.0,0.0,0.0,0.0,16.0,41.0,0.0,None,3
"{""totalSec"":163,""autoEndSec"":20,""delayEndSec"":23,""intervals"":[{""action"":""shoot"",""startSec"":32.85,""endSec"":33.21,""durationSec"":0.36,""_id"":""69bf1ddc24a0f4fafcac93ae""},{""action"":""shoot"",""startSec"":33.4,""endSec"":34.4,""durationSec"":1,""_id"":""69bf1ddc24a0f4fafcac93af""},{""action"":""shoot"",""startSec"":88.2,""endSec"":88.45,""durationSec"":0.25,""_id"":""69bf1ddc24a0f4fafcac93b0""},{""action"":""shoot"",""startSec"":89.45,""endSec"":89.95,""durationSec"":0.5,""_id"":""69bf1ddc24a0f4fafcac93b1""},{""action"":""shoot"",""startSec"":113.75,""endSec"":113.95,""durationSec"":0.2,""_id"":""69bf1ddc24a0f4fafcac93b2""},{""action"":""shoot"",""startSec"":114.45,""endSec"":114.9,""durationSec"":0.45,""_id"":""69bf1ddc24a0f4fafcac93b3""}],""_id"":""69bf1ddc24a0f4fafcac93ad""}",0.0,"{""alliance"":""red"",""startPosition"":""center"",""points"":[{""x"":0.69,""y"":0.5,""tSec"":6.6,""_id"":""69bf1ddc24a0f4fafcac93a3""},{""x"":0.6922,""y"":0.5301,""tSec"":6.6,""_id"":""69bf1ddc24a0f4fafcac93a4""},{""x"":0.6879,""y"":0.5394,""tSec"":6.95,""_id"":""69bf1ddc24a0f4fafcac93a5""},{""x"":0.6781,""y"":0.5548,""tSec"":7,""_id"":""69bf1ddc24a0f4fafcac93a6""},{""x"":0.6678,""y"":0.5671,""tSec"":7.05,""_id"":""69bf1ddc24a0f4fafcac93a7""},{""x"":0.6558,""y"":0.5782,""tSec"":7.1,""_id"":""69bf1ddc24a0f4fafcac93a8""},{""x"":0.6482,""y"":0.5881,""tSec"":7.15,""_id"":""69bf1ddc24a0f4fafcac93a9""},{""x"":0.6442,""y"":0.594,""tSec"":7.15,""_id"":""69bf1ddc24a0f4fafcac93aa""},{""x"":0.6392,""y"":0.6014,""tSec"":7.2,""_id"":""69bf1ddc24a0f4fafcac93ab""},{""x"":0.634,""y"":0.607,""tSec"":7.3,""_id"":""69bf1ddc24a0f4fafcac93ac""}],""shotMarkers"":[],""fingerprint"":""2ee1dff2"",""_id"":""69bf1ddc24a0f4fafcac93a2""}",center,5.0,0.0,0.0,0.0,0.0,None,0.0,None,False,ok,13.8,0.0,13.8,0.0,0.0,0.0,0.0,0.0,0.0,,True,24,0.0,0,0.0,0.0,0.0,0.0,0.0,0.0,0.0,0.0,False,red_2,Kinnon,1.25,2.76,6,0.405,0.0,0.0,1.36,0.0,0.75,0.65,0.0,5669,0.0,6.8,0.0,3.75,3.25,13.8,0.0,None,6
"{""totalSec"":163,""autoEndSec"":20,""delayEndSec"":23,""intervals"":[{""action"":""shoot"",""startSec"":18.11,""endSec"":18.5,""durationSec"":0.39,""_id"":""69bf1ddd24a0f4fafcac93ba""},{""action"":""pass"",""startSec"":78.41,""endSec"":79.89,""durationSec"":1.48,""_id"":""69bf1ddd24a0f4fafcac93bb""},{""action"":""pass"",""startSec"":80.91,""endSec"":81.81,""durationSec"":0.9,""_id"":""69bf1ddd24a0f4fafcac93bc""},{""action"":""shoot"",""startSec"":88.81,""endSec"":90.11,""durationSec"":1.3,""_id"":""69bf1ddd24a0f4fafcac93bd""},{""action"":""shoot"",""startSec"":92.31,""endSec"":93.76,""durationSec"":1.45,""_id"":""69bf1ddd24a0f4fafcac93be""},{""action"":""pass"",""startSec"":94.66,""endSec"":102.76,""durationSec"":8.1,""_id"":""69bf1ddd24a0f4fafcac93bf""},{""action"":""shoot"",""startSec"":113.11,""endSec"":128.01,""durationSec"":14.9,""_id"":""69bf1ddd24a0f4fafcac93c0""},{""action"":""shoot"",""startSec"":149.21,""endSec"":149.37,""durationSec"":0.16,""_id"":""69bf1ddd24a0f4fafcac93c1""},{""action"":""shoot"",""startSec"":156.41,""endSec"":156.73,""durationSec"":0.32,""_id"":""69bf1ddd24a0f4fafcac93c2""},{""action"":""shoot"",""startSec"":158.11,""endSec"":159.11,""durationSec"":1,""_id"":""69bf1ddd24a0f4fafcac93c3""}],""_id"":""69bf1ddd24a0f4fafcac93b9""}",1.95,{},right,5.0,0.0,0.0,0.0,0.0,None,0.0,some,False,ok,97.6,52.4,97.6,0.0,0.0,0.0,0.0,0.0,0.0,,True,24,10.48,3,1.48,0.0,0.0,0.0,0.0,10.48,0.0,0.0,False,red_1,Mmasi,14.0,19.52,7,1.0,0.39,1.48,0.0,0.0,2.75,14.9,0.0,5124,7.4,0.0,0.0,13.75,74.5,95.65,0.0,None,10
"{""totalSec"":163,""autoEndSec"":20,""delayEndSec"":23,""intervals"":[],""_id"":""69bf1dee24a0f4fafcac93cf""}",0.0,{},,5.0,0.0,0.0,0.0,0.0,None,0.0,heavy,False,rough,0.0,0.0,0.0,0.0,0.0,0.0,0.0,0.0,0.0,Slow swerve,False,24,0.0,0,0.0,0.0,0.0,0.0,0.0,0.0,0.0,0.0,False,red_3,Bradley,0.0,0.0,0,0.0,0.0,0.0,0.0,0.0,0.0,0.0,0.0,11096,0.0,0.0,0.0,0.0,0.0,0.0,0.0,None,0
"{""totalSec"":163,""autoEndSec"":20,""delayEndSec"":23,""intervals"":[{""action"":""shoot"",""startSec"":29.3,""endSec"":31.52,""durationSec"":2.22,""_id"":""69bf1e1f24a0f4fafcac93e3""}],""_id"":""69bf1e1f24a0f4fafcac93e2""}",0.0,"{""alliance"":""blue"",""startPosition"":""center"",""points"":[{""x"":0.34,""y"":0.5,""tSec"":8.05,""_id"":""69bf1e1f24a0f4fafcac93d6""},{""x"":0.3443,""y"":0.4911,""tSec"":8.05,""_id"":""69bf1e1f24a0f4fafcac93d7""},{""x"":0.3441,""y"":0.4834,""tSec"":9.2,""_id"":""69bf1e1f24a0f4fafcac93d8""},{""x"":0.3364,""y"":0.4797,""tSec"":9.25,""_id"":""69bf1e1f24a0f4fafcac93d9""},{""x"":0.3294,""y"":0.4802,""tSec"":9.3,""_id"":""69bf1e1f24a0f4fafcac93da""},{""x"":0.3209,""y"":0.4831,""tSec"":9.3,""_id"":""69bf1e1f24a0f4fafcac93db""},{""x"":0.3129,""y"":0.4844,""tSec"":9.35,""_id"":""69bf1e1f24a0f4fafcac93dc""},{""x"":0.3059,""y"":0.4846,""tSec"":9.4,""_id"":""69bf1e1f24a0f4fafcac93dd""},{""x"":0.2981,""y"":0.4846,""tSec"":9.5,""_id"":""69bf1e1f24a0f4fafcac93de""},{""x"":0.288,""y"":0.4846,""tSec"":9.6,""_id"":""69bf1e1f24a0f4fafcac93df""},{""x"":0.2814,""y"":0.4798,""tSec"":9.65,""_id"":""69bf1e1f24a0f4fafcac93e0""},{""x"":0.2737,""y"":0.4783,""tSec"":9.7,""_id"":""69bf1e1f24a0f4fafcac93e1""}],""shotMarkers"":[],""fingerprint"":""3c1d41a0"",""_id"":""69bf1e1f24a0f4fafcac93d5""}",center,5.0,0.0,0.0,0.0,0.0,None,0.0,heavy,False,great,11.1,0.0,11.1,0.0,0.0,0.0,0.0,0.0,0.0,Amazing defense,True,24,0.0,0,0.0,0.0,0.0,0.0,0.0,0.0,0.0,0.0,False,blue_2,Awishkar,0.0,2.22,1,2.22,0.0,0.0,2.22,0.0,0.0,0.0,0.0,4999,0.0,11.1,0.0,0.0,0.0,11.1,0.0,None,1
"{""totalSec"":163,""autoEndSec"":20,""delayEndSec"":23,""intervals"":[{""action"":""shoot"",""startSec"":81,""endSec"":82.32,""durationSec"":1.32,""_id"":""69bf1e3524a0f4fafcac94ba""},{""action"":""shoot"",""startSec"":139.45,""endSec"":139.81,""durationSec"":0.36,""_id"":""69bf1e3524a0f4fafcac94bb""}],""_id"":""69bf1e3524a0f4fafcac94b9""}",0.0,"{""alliance"":""blue"",""startPosition"":""left"",""points"":[{""x"":0.34,""y"":0.67,""tSec"":1.2,""_id"":""69bf1e3524a0f4fafcac93ea""},{""x"":0.3397,""y"":0.6629,""tSec"":1.2,""_id"":""69bf1e3524a0f4fafcac93eb""},{""x"":0.3413,""y"":0.6714,""tSec"":6.05,""_id"":""69bf1e3524a0f4fafcac93ec""},{""x"":0.3384,""y"":0.6848,""tSec"":6.15,""_id"":""69bf1e3524a0f4fafcac93ed""},{""x"":0.3365,""y"":0.7072,""tSec"":6.15,""_id"":""69bf1e3524a0f4fafcac93ee""},{""x"":0.3355,""y"":0.7222,""tSec"":6.2,""_id"":""69bf1e3524a0f4fafcac93ef""},{""x"":0.3338,""y"":0.7485,""tSec"":6.2,""_id"":""69bf1e3524a0f4fafcac93f0""},{""x"":0.3329,""y"":0.78,""tSec"":6.2,""_id"":""69bf1e3524a0f4fafcac93f1""},{""x"":0.3312,""y"":0.8103,""tSec"":6.25,""_id"":""69bf1e3524a0f4fafcac93f2""},{""x"":0.331,""y"":0.8385,""tSec"":6.25,""_id"":""69bf1e3524a0f4fafcac93f3""},{""x"":0.331,""y"":0.8599,""tSec"":6.3,""_id"":""69bf1e3524a0f4fafcac93f4""},{""x"":0.331,""y"":0.8794,""tSec"":6.3,""_id"":""69bf1e3524a0f4fafcac93f5""},{""x"":0.3318,""y"":0.8893,""tSec"":6.3,""_id"":""69bf1e3524a0f4fafcac93f6""},{""x"":0.3327,""y"":0.8981,""tSec"":6.3,""_id"":""69bf1e3524a0f4fafcac93f7""},{""x"":0.3351,""y"":0.9124,""tSec"":6.35,""_id"":""69bf1e3524a0f4fafcac93f8""},{""x"":0.3369,""y"":0.9198,""tSec"":6.35,""_id"":""69bf1e3524a0f4fafcac93f9""},{""x"":0.3432,""y"":0.9368,""tSec"":6.4,""_id"":""69bf1e3524a0f4fafcac93fa""},{""x"":0.3463,""y"":0.9445,""tSec"":6.4,""_id"":""69bf1e3524a0f4fafcac93fb""},{""x"":0.3574,""y"":0.9595,""tSec"":6.45,""_id"":""69bf1e3524a0f4fafcac93fc""},{""x"":0.3641,""y"":0.9651,""tSec"":6.45,""_id"":""69bf1e3524a0f4fafcac93fd""},{""x"":0.3787,""y"":0.9706,""tSec"":6.5,""_id"":""69bf1e3524a0f4fafcac93fe""},{""x"":0.3989,""y"":0.9731,""tSec"":6.5,""_id"":""69bf1e3524a0f4fafcac93ff""},{""x"":0.4204,""y"":0.9734,""tSec"":6.5,""_id"":""69bf1e3524a0f4fafcac9400""},{""x"":0.4406,""y"":0.9716,""tSec"":6.55,""_id"":""69bf1e3524a0f4fafcac9401""},{""x"":0.4607,""y"":0.9694,""tSec"":6.55,""_id"":""69bf1e3524a0f4fafcac9402""},{""x"":0.47,""y"":0.9683,""tSec"":6.55,""_id"":""69bf1e3524a0f4fafcac9403""},{""x"":0.478,""y"":0.9662,""tSec"":6.6,""_id"":""69bf1e3524a0f4fafcac9404""},{""x"":0.4928,""y"":0.9631,""tSec"":6.6,""_id"":""69bf1e3524a0f4fafcac9405""},{""x"":0.5076,""y"":0.9608,""tSec"":6.65,""_id"":""69bf1e3524a0f4fafcac9406""},{""x"":0.5155,""y"":0.9597,""tSec"":6.65,""_id"":""69bf1e3524a0f4fafcac9407""},{""x"":0.5271,""y"":0.9586,""tSec"":6.65,""_id"":""69bf1e3524a0f4fafcac9408""},{""x"":0.5385,""y"":0.9575,""tSec"":6.7,""_id"":""69bf1e3524a0f4fafcac9409""},{""x"":0.5499,""y"":0.9573,""tSec"":6.7,""_id"":""69bf1e3524a0f4fafcac940a""},{""x"":0.5604,""y"":0.9573,""tSec"":6.75,""_id"":""69bf1e3524a0f4fafcac940b""},{""x"":0.5709,""y"":0.9564,""tSec"":6.75,""_id"":""69bf1e3524a0f4fafcac940c""},{""x"":0.5814,""y"":0.9553,""tSec"":6.8,""_id"":""69bf1e3524a0f4fafcac940d""},{""x"":0.5957,""y"":0.9533,""tSec"":6.8,""_id"":""69bf1e3524a0f4fafcac940e""},{""x"":0.6111,""y"":0.9502,""tSec"":6.85,""_id"":""69bf1e3524a0f4fafcac940f""},{""x"":0.6191,""y"":0.948,""tSec"":6.85,""_id"":""69bf1e3524a0f4fafcac9410""},{""x"":0.6331,""y"":0.943,""tSec"":6.9,""_id"":""69bf1e3524a0f4fafcac9411""},{""x"":0.6409,""y"":0.9396,""tSec"":6.9,""_id"":""69bf1e3524a0f4fafcac9412""},{""x"":0.6549,""y"":0.9325,""tSec"":6.9,""_id"":""69bf1e3524a0f4fafcac9413""},{""x"":0.6634,""y"":0.9278,""tSec"":6.95,""_id"":""69bf1e3524a0f4fafcac9414""},{""x"":0.6775,""y"":0.9216,""tSec"":6.95,""_id"":""69bf1e3524a0f4fafcac9415""},{""x"":0.6853,""y"":0.9181,""tSec"":6.95,""_id"":""69bf1e3524a0f4fafcac9416""},{""x"":0.6985,""y"":0.9119,""tSec"":7,""_id"":""69bf1e3524a0f4fafcac9417""},{""x"":0.707,""y"":0.9084,""tSec"":7,""_id"":""69bf1e3524a0f4fafcac9418""},{""x"":0.7226,""y"":0.9014,""tSec"":7,""_id"":""69bf1e3524a0f4fafcac9419""},{""x"":0.7421,""y"":0.8882,""tSec"":7.05,""_id"":""69bf1e3524a0f4fafcac941a""},{""x"":0.7491,""y"":0.8819,""tSec"":7.05,""_id"":""69bf1e3524a0f4fafcac941b""},{""x"":0.7591,""y"":0.8707,""tSec"":7.1,""_id"":""69bf1e3524a0f4fafcac941c""},{""x"":0.7641,""y"":0.8637,""tSec"":7.1,""_id"":""69bf1e3524a0f4fafcac941d""},{""x"":0.7686,""y"":0.8553,""tSec"":7.1,""_id"":""69bf1e3524a0f4fafcac941e""},{""x"":0.7775,""y"":0.8307,""tSec"":7.15,""_id"":""69bf1e3524a0f4fafcac941f""},{""x"":0.7816,""y"":0.8126,""tSec"":7.15,""_id"":""69bf1e3524a0f4fafcac9420""},{""x"":0.7837,""y"":0.7962,""tSec"":7.2,""_id"":""69bf1e3524a0f4fafcac9421""},{""x"":0.7847,""y"":0.7867,""tSec"":7.2,""_id"":""69bf1e3524a0f4fafcac9422""},{""x"":0.7856,""y"":0.779,""tSec"":7.2,""_id"":""69bf1e3524a0f4fafcac9423""},{""x"":0.7873,""y"":0.7648,""tSec"":7.25,""_id"":""69bf1e3524a0f4fafcac9424""},{""x"":0.7875,""y"":0.7564,""tSec"":7.25,""_id"":""69bf1e3524a0f4fafcac9425""},{""x"":0.7882,""y"":0.7432,""tSec"":7.25,""_id"":""69bf1e3524a0f4fafcac9426""},{""x"":0.7891,""y"":0.7293,""tSec"":7.3,""_id"":""69bf1e3524a0f4fafcac9427""},{""x"":0.7892,""y"":0.721,""tSec"":7.3,""_id"":""69bf1e3524a0f4fafcac9428""},{""x"":0.7884,""y"":0.7039,""tSec"":7.35,""_id"":""69bf1e3524a0f4fafcac9429""},{""x"":0.7868,""y"":0.6867,""tSec"":7.35,""_id"":""69bf1e3524a0f4fafcac942a""},{""x"":0.7866,""y"":0.679,""tSec"":7.4,""_id"":""69bf1e3524a0f4fafcac942b""},{""x"":0.7858,""y"":0.6686,""tSec"":7.4,""_id"":""69bf1e3524a0f4fafcac942c""},{""x"":0.7842,""y"":0.6542,""tSec"":7.45,""_id"":""69bf1e3524a0f4fafcac942d""},{""x"":0.7832,""y"":0.6421,""tSec"":7.45,""_id"":""69bf1e3524a0f4fafcac942e""},{""x"":0.7831,""y"":0.6339,""tSec"":7.5,""_id"":""69bf1e3524a0f4fafcac942f""},{""x"":0.7831,""y"":0.6254,""tSec"":7.55,""_id"":""69bf1e3524a0f4fafcac9430""},{""x"":0.7831,""y"":0.6338,""tSec"":7.7,""_id"":""69bf1e3524a0f4fafcac9431""},{""x"":0.7846,""y"":0.6443,""tSec"":7.8,""_id"":""69bf1e3524a0f4fafcac9432""},{""x"":0.7856,""y"":0.6522,""tSec"":7.8,""_id"":""69bf1e3524a0f4fafcac9433""},{""x"":0.7865,""y"":0.6626,""tSec"":7.85,""_id"":""69bf1e3524a0f4fafcac9434""},{""x"":0.7866,""y"":0.6752,""tSec"":7.9,""_id"":""69bf1e3524a0f4fafcac9435""},{""x"":0.7866,""y"":0.6823,""tSec"":7.9,""_id"":""69bf1e3524a0f4fafcac9436""},{""x"":0.7866,""y"":0.6927,""tSec"":7.9,""_id"":""69bf1e3524a0f4fafcac9437""},{""x"":0.7866,""y"":0.7043,""tSec"":7.95,""_id"":""69bf1e3524a0f4fafcac9438""},{""x"":0.7858,""y"":0.7114,""tSec"":7.95,""_id"":""69bf1e3524a0f4fafcac9439""},{""x"":0.7842,""y"":0.7302,""tSec"":8,""_id"":""69bf1e3524a0f4fafcac943a""},{""x"":0.7824,""y"":0.7381,""tSec"":8,""_id"":""69bf1e3524a0f4fafcac943b""},{""x"":0.7807,""y"":0.7476,""tSec"":8,""_id"":""69bf1e3524a0f4fafcac943c""},{""x"":0.7782,""y"":0.7601,""tSec"":8.05,""_id"":""69bf1e3524a0f4fafcac943d""},{""x"":0.7756,""y"":0.7729,""tSec"":8.1,""_id"":""69bf1e3524a0f4fafcac943e""},{""x"":0.773,""y"":0.7858,""tSec"":8.1,""_id"":""69bf1e3524a0f4fafcac943f""},{""x"":0.7704,""y"":0.7958,""tSec"":8.15,""_id"":""69bf1e3524a0f4fafcac9440""},{""x"":0.7678,""y"":0.8046,""tSec"":8.2,""_id"":""69bf1e3524a0f4fafcac9441""},{""x"":0.7652,""y"":0.8132,""tSec"":8.25,""_id"":""69bf1e3524a0f4fafcac9442""},{""x"":0.7634,""y"":0.8238,""tSec"":8.3,""_id"":""69bf1e3524a0f4fafcac9443""},{""x"":0.7601,""y"":0.8316,""tSec"":8.35,""_id"":""69bf1e3524a0f4fafcac9444""},{""x"":0.7574,""y"":0.8382,""tSec"":8.35,""_id"":""69bf1e3524a0f4fafcac9445""},{""x"":0.754,""y"":0.8457,""tSec"":8.45,""_id"":""69bf1e3524a0f4fafcac9446""},{""x"":0.7497,""y"":0.8522,""tSec"":8.5,""_id"":""69bf1e3524a0f4fafcac9447""},{""x"":0.7446,""y"":0.8587,""tSec"":8.55,""_id"":""69bf1e3524a0f4fafcac9448""},{""x"":0.7394,""y"":0.8661,""tSec"":8.65,""_id"":""69bf1e3524a0f4fafcac9449""},{""x"":0.7357,""y"":0.8726,""tSec"":8.7,""_id"":""69bf1e3524a0f4fafcac944a""},{""x"":0.7314,""y"":0.88,""tSec"":8.8,""_id"":""69bf1e3524a0f4fafcac944b""},{""x"":0.7271,""y"":0.8866,""tSec"":8.85,""_id"":""69bf1e3524a0f4fafcac944c""},{""x"":0.722,""y"":0.894,""tSec"":8.9,""_id"":""69bf1e3524a0f4fafcac944d""},{""x"":0.7167,""y"":0.9015,""tSec"":9,""_id"":""69bf1e3524a0f4fafcac944e""},{""x"":0.7084,""y"":0.9081,""tSec"":9.05,""_id"":""69bf1e3524a0f4fafcac944f""},{""x"":0.7013,""y"":0.9127,""tSec"":9.1,""_id"":""69bf1e3524a0f4fafcac9450""},{""x"":0.6928,""y"":0.9179,""tSec"":9.15,""_id"":""69bf1e3524a0f4fafcac9451""},{""x"":0.6849,""y"":0.9223,""tSec"":9.15,""_id"":""69bf1e3524a0f4fafcac9452""},{""x"":0.6771,""y"":0.9257,""tSec"":9.2,""_id"":""69bf1e3524a0f4fafcac9453""},{""x"":0.6692,""y"":0.929,""tSec"":9.25,""_id"":""69bf1e3524a0f4fafcac9454""},{""x"":0.6614,""y"":0.9322,""tSec"":9.25,""_id"":""69bf1e3524a0f4fafcac9455""},{""x"":0.6528,""y"":0.9354,""tSec"":9.3,""_id"":""69bf1e3524a0f4fafcac9456""},{""x"":0.6433,""y"":0.9387,""tSec"":9.35,""_id"":""69bf1e3524a0f4fafcac9457""},{""x"":0.6329,""y"":0.9447,""tSec"":9.35,""_id"":""69bf1e3524a0f4fafcac9458""},{""x"":0.6217,""y"":0.9502,""tSec"":9.4,""_id"":""69bf1e3524a0f4fafcac9459""},{""x"":0.6112,""y"":0.9546,""tSec"":9.45,""_id"":""69bf1e3524a0f4fafcac945a""},{""x"":0.6007,""y"":0.9579,""tSec"":9.45,""_id"":""69bf1e3524a0f4fafcac945b""},{""x"":0.5903,""y"":0.9621,""tSec"":9.5,""_id"":""69bf1e3524a0f4fafcac945c""},{""x"":0.579,""y"":0.9654,""tSec"":9.55,""_id"":""69bf1e3524a0f4fafcac945d""},{""x"":0.5685,""y"":0.9687,""tSec"":9.55,""_id"":""69bf1e3524a0f4fafcac945e""},{""x"":0.5588,""y"":0.972,""tSec"":9.6,""_id"":""69bf1e3524a0f4fafcac945f""},{""x"":0.5492,""y"":0.9742,""tSec"":9.65,""_id"":""69bf1e3524a0f4fafcac9460""},{""x"":0.5365,""y"":0.9745,""tSec"":9.7,""_id"":""69bf1e3524a0f4fafcac9461""},{""x"":0.5281,""y"":0.9745,""tSec"":9.7,""_id"":""69bf1e3524a0f4fafcac9462""},{""x"":0.521,""y"":0.9745,""tSec"":9.75,""_id"":""69bf1e3524a0f4fafcac9463""},{""x"":0.5125,""y"":0.9745,""tSec"":9.8,""_id"":""69bf1e3524a0f4fafcac9464""},{""x"":0.5054,""y"":0.9745,""tSec"":9.85,""_id"":""69bf1e3524a0f4fafcac9465""},{""x"":0.4945,""y"":0.9745,""tSec"":9.9,""_id"":""69bf1e3524a0f4fafcac9466""},{""x"":0.4871,""y"":0.9745,""tSec"":9.9,""_id"":""69bf1e3524a0f4fafcac9467""},{""x"":0.477,""y"":0.9745,""tSec"":10,""_id"":""69bf1e3524a0f4fafcac9468""},{""x"":0.4696,""y"":0.9745,""tSec"":10.05,""_id"":""69bf1e3524a0f4fafcac9469""},{""x"":0.4604,""y"":0.9735,""tSec"":10.1,""_id"":""69bf1e3524a0f4fafcac946a""},{""x"":0.4531,""y"":0.9716,""tSec"":10.15,""_id"":""69bf1e3524a0f4fafcac946b""},{""x"":0.4446,""y"":0.9694,""tSec"":10.2,""_id"":""69bf1e3524a0f4fafcac946c""},{""x"":0.4374,""y"":0.9673,""tSec"":10.25,""_id"":""69bf1e3524a0f4fafcac946d""},{""x"":0.4297,""y"":0.9642,""tSec"":10.3,""_id"":""69bf1e3524a0f4fafcac946e""},{""x"":0.4218,""y"":0.9601,""tSec"":10.35,""_id"":""69bf1e3524a0f4fafcac946f""},{""x"":0.4155,""y"":0.9558,""tSec"":10.4,""_id"":""69bf1e3524a0f4fafcac9470""},{""x"":0.4086,""y"":0.9515,""tSec"":10.45,""_id"":""69bf1e3524a0f4fafcac9471""},{""x"":0.4002,""y"":0.9462,""tSec"":10.5,""_id"":""69bf1e3524a0f4fafcac9472""},{""x"":0.3938,""y"":0.9418,""tSec"":10.55,""_id"":""69bf1e3524a0f4fafcac9473""},{""x"":0.3868,""y"":0.9356,""tSec"":10.6,""_id"":""69bf1e3524a0f4fafcac9474""},{""x"":0.3806,""y"":0.9301,""tSec"":10.65,""_id"":""69bf1e3524a0f4fafcac9475""},{""x"":0.3737,""y"":0.9229,""tSec"":10.7,""_id"":""69bf1e3524a0f4fafcac9476""},{""x"":0.3675,""y"":0.9163,""tSec"":10.75,""_id"":""69bf1e3524a0f4fafcac9477""},{""x"":0.3622,""y"":0.9099,""tSec"":10.8,""_id"":""69bf1e3524a0f4fafcac9478""},{""x"":0.357,""y"":0.9006,""tSec"":10.8,""_id"":""69bf1e3524a0f4fafcac9479""},{""x"":0.3533,""y"":0.8909,""tSec"":10.85,""_id"":""69bf1e3524a0f4fafcac947a""},{""x"":0.3498,""y"":0.8784,""tSec"":10.85,""_id"":""69bf1e3524a0f4fafcac947b""},{""x"":0.3471,""y"":0.8703,""tSec"":10.9,""_id"":""69bf1e3524a0f4fafcac947c""},{""x"":0.3437,""y"":0.8609,""tSec"":10.95,""_id"":""69bf1e3524a0f4fafcac947d""},{""x"":0.341,""y"":0.8531,""tSec"":10.95,""_id"":""69bf1e3524a0f4fafcac947e""},{""x"":0.3368,""y"":0.8408,""tSec"":11,""_id"":""69bf1e3524a0f4fafcac947f""},{""x"":0.3333,""y"":0.8317,""tSec"":11,""_id"":""69bf1e3524a0f4fafcac9480""},{""x"":0.3305,""y"":0.824,""tSec"":11.05,""_id"":""69bf1e3524a0f4fafcac9481""},{""x"":0.3272,""y"":0.8146,""tSec"":11.05,""_id"":""69bf1e3524a0f4fafcac9482""},{""x"":0.3252,""y"":0.8078,""tSec"":11.1,""_id"":""69bf1e3524a0f4fafcac9483""},{""x"":0.3226,""y"":0.7985,""tSec"":11.1,""_id"":""69bf1e3524a0f4fafcac9484""},{""x"":0.32,""y"":0.7917,""tSec"":11.15,""_id"":""69bf1e3524a0f4fafcac9485""},{""x"":0.3259,""y"":0.8013,""tSec"":11.3,""_id"":""69bf1e3524a0f4fafcac9486""},{""x"":0.3335,""y"":0.8214,""tSec"":11.3,""_id"":""69bf1e3524a0f4fafcac9487""},{""x"":0.339,""y"":0.8455,""tSec"":11.35,""_id"":""69bf1e3524a0f4fafcac9488""},{""x"":0.3412,""y"":0.8626,""tSec"":11.35,""_id"":""69bf1e3524a0f4fafcac9489""},{""x"":0.3422,""y"":0.8722,""tSec"":11.4,""_id"":""69bf1e3524a0f4fafcac948a""},{""x"":0.3439,""y"":0.8866,""tSec"":11.4,""_id"":""69bf1e3524a0f4fafcac948b""},{""x"":0.3456,""y"":0.8997,""tSec"":11.45,""_id"":""69bf1e3524a0f4fafcac948c""},{""x"":0.3458,""y"":0.9097,""tSec"":11.45,""_id"":""69bf1e3524a0f4fafcac948d""},{""x"":0.3466,""y"":0.9195,""tSec"":11.5,""_id"":""69bf1e3524a0f4fafcac948e""},{""x"":0.349,""y"":0.9282,""tSec"":11.55,""_id"":""69bf1e3524a0f4fafcac948f""},{""x"":0.3523,""y"":0.9349,""tSec"":11.55,""_id"":""69bf1e3524a0f4fafcac9490""},{""x"":0.3558,""y"":0.9414,""tSec"":11.55,""_id"":""69bf1e3524a0f4fafcac9491""},{""x"":0.3608,""y"":0.9478,""tSec"":11.6,""_id"":""69bf1e3524a0f4fafcac9492""},{""x"":0.366,""y"":0.9543,""tSec"":11.6,""_id"":""69bf1e3524a0f4fafcac9493""},{""x"":0.3728,""y"":0.9598,""tSec"":11.65,""_id"":""69bf1e3524a0f4fafcac9494""},{""x"":0.3827,""y"":0.9642,""tSec"":11.65,""_id"":""69bf1e3524a0f4fafcac9495""},{""x"":0.3932,""y"":0.9676,""tSec"":11.7,""_id"":""69bf1e3524a0f4fafcac9496""},{""x"":0.4067,""y"":0.9699,""tSec"":11.75,""_id"":""69bf1e3524a0f4fafcac9497""},{""x"":0.419,""y"":0.9702,""tSec"":11.75,""_id"":""69bf1e3524a0f4fafcac9498""},{""x"":0.4305,""y"":0.9702,""tSec"":11.8,""_id"":""69bf1e3524a0f4fafcac9499""},{""x"":0.4456,""y"":0.9684,""tSec"":11.85,""_id"":""69bf1e3524a0f4fafcac949a""},{""x"":0.4528,""y"":0.9672,""tSec"":11.85,""_id"":""69bf1e3524a0f4fafcac949b""},{""x"":0.4629,""y"":0.9651,""tSec"":11.85,""_id"":""69bf1e3524a0f4fafcac949c""},{""x"":0.4794,""y"":0.9602,""tSec"":11.9,""_id"":""69bf1e3524a0f4fafcac949d""},{""x"":0.4922,""y"":0.9558,""tSec"":11.95,""_id"":""69bf1e3524a0f4fafcac949e""},{""x"":0.4999,""y"":0.9533,""tSec"":11.95,""_id"":""69bf1e3524a0f4fafcac949f""},{""x"":0.5153,""y"":0.9474,""tSec"":12,""_id"":""69bf1e3524a0f4fafcac94a0""},{""x"":0.5271,""y"":0.9419,""tSec"":12,""_id"":""69bf1e3524a0f4fafcac94a1""},{""x"":0.5377,""y"":0.9357,""tSec"":12.05,""_id"":""69bf1e3524a0f4fafcac94a2""},{""x"":0.5513,""y"":0.9264,""tSec"":12.05,""_id"":""69bf1e3524a0f4fafcac94a3""},{""x"":0.5583,""y"":0.9195,""tSec"":12.1,""_id"":""69bf1e3524a0f4fafcac94a4""},{""x"":0.5653,""y"":0.9083,""tSec"":12.1,""_id"":""69bf1e3524a0f4fafcac94a5""},{""x"":0.57,""y"":0.8956,""tSec"":12.1,""_id"":""69bf1e3524a0f4fafcac94a6""},{""x"":0.5751,""y"":0.8771,""tSec"":12.1,""_id"":""69bf1e3524a0f4fafcac94a7""},{""x"":0.5772,""y"":0.8692,""tSec"":12.15,""_id"":""69bf1e3524a0f4fafcac94a8""},{""x"":0.5805,""y"":0.856,""tSec"":12.15,""_id"":""69bf1e3524a0f4fafcac94a9""},{""x"":0.5825,""y"":0.8487,""tSec"":12.15,""_id"":""69bf1e3524a0f4fafcac94aa""},{""x"":0.5843,""y"":0.8365,""tSec"":12.2,""_id"":""69bf1e3524a0f4fafcac94ab""},{""x"":0.586,""y"":0.8237,""tSec"":12.2,""_id"":""69bf1e3524a0f4fafcac94ac""},{""x"":0.5878,""y"":0.8117,""tSec"":12.25,""_id"":""69bf1e3524a0f4fafcac94ad""},{""x"":0.5888,""y"":0.8009,""tSec"":12.25,""_id"":""69bf1e3524a0f4fafcac94ae""},{""x"":0.5889,""y"":0.7892,""tSec"":12.3,""_id"":""69bf1e3524a0f4fafcac94af""},{""x"":0.5889,""y"":0.7735,""tSec"":12.3,""_id"":""69bf1e3524a0f4fafcac94b0""},{""x"":0.5889,""y"":0.7594,""tSec"":12.35,""_id"":""69bf1e3524a0f4fafcac94b1""},{""x"":0.5889,""y"":0.7464,""tSec"":12.4,""_id"":""69bf1e3524a0f4fafcac94b2""},{""x"":0.5881,""y"":0.7335,""tSec"":12.4,""_id"":""69bf1e3524a0f4fafcac94b3""},{""x"":0.5872,""y"":0.7215,""tSec"":12.45,""_id"":""69bf1e3524a0f4fafcac94b4""},{""x"":0.5871,""y"":0.7116,""tSec"":12.5,""_id"":""69bf1e3524a0f4fafcac94b5""},{""x"":0.5871,""y"":0.7038,""tSec"":12.5,""_id"":""69bf1e3524a0f4fafcac94b6""},{""x"":0.5871,""y"":0.6953,""tSec"":12.55,""_id"":""69bf1e3524a0f4fafcac94b7""},{""x"":0.5871,""y"":0.6876,""tSec"":12.65,""_id"":""69bf1e3524a0f4fafcac94b8""}],""shotMarkers"":[],""fingerprint"":""5d1a222e"",""_id"":""69bf1e3524a0f4fafcac93e9""}",left,5.0,0.0,0.0,0.0,0.0,None,0.0,None,False,good,8.4,0.0,8.4,0.0,0.0,0.0,0.0,0.0,0.0,"Movement seems jagged, almost rough. Could be an issue with drivetrain",True,24,0.0,0,0.0,0.0,0.0,0.0,0.0,0.0,0.0,0.0,False,blue_3,Wesley,58.45,1.68,2,0.84,0.0,0.36,0.0,0.0,1.32,0.0,0.0,5089,1.8,0.0,0.0,6.6,0.0,8.4,0.0,None,2
"{""totalSec"":163,""autoEndSec"":20,""delayEndSec"":23,""intervals"":[{""action"":""shoot"",""startSec"":9.7,""endSec"":11.35,""durationSec"":1.65,""_id"":""69bf1e4524a0f4fafcac94f8""},{""action"":""shoot"",""startSec"":46.72,""endSec"":47.17,""durationSec"":0.45,""_id"":""69bf1e4524a0f4fafcac94f9""},{""action"":""shoot"",""startSec"":48.22,""endSec"":51.33,""durationSec"":3.11,""_id"":""69bf1e4524a0f4fafcac94fa""},{""action"":""shoot"",""startSec"":53.97,""endSec"":54.92,""durationSec"":0.95,""_id"":""69bf1e4524a0f4fafcac94fb""},{""action"":""shoot"",""startSec"":69.12,""endSec"":73.12,""durationSec"":4,""_id"":""69bf1e4524a0f4fafcac94fc""},{""action"":""shoot"",""startSec"":100.92,""endSec"":101.02,""durationSec"":0.1,""_id"":""69bf1e4524a0f4fafcac94fd""},{""action"":""shoot"",""startSec"":101.22,""endSec"":101.94,""durationSec"":0.72,""_id"":""69bf1e4524a0f4fafcac94fe""},{""action"":""shoot"",""startSec"":103.52,""endSec"":107.57,""durationSec"":4.05,""_id"":""69bf1e4524a0f4fafcac94ff""},{""action"":""shoot"",""startSec"":109.37,""endSec"":110.02,""durationSec"":0.65,""_id"":""69bf1e4524a0f4fafcac9500""},{""action"":""shoot"",""startSec"":112.52,""endSec"":116.2,""durationSec"":3.68,""_id"":""69bf1e4524a0f4fafcac9501""},{""action"":""shoot"",""startSec"":118.72,""endSec"":119.37,""durationSec"":0.65,""_id"":""69bf1e4524a0f4fafcac9502""},{""action"":""shoot"",""startSec"":120.57,""endSec"":121.22,""durationSec"":0.65,""_id"":""69bf1e4524a0f4fafcac9503""},{""action"":""shoot"",""startSec"":123.22,""endSec"":123.92,""durationSec"":0.7,""_id"":""69bf1e4524a0f4fafcac9504""},{""action"":""shoot"",""startSec"":130.15,""endSec"":132.75,""durationSec"":2.6,""_id"":""69bf1e4524a0f4fafcac9505""},{""action"":""shoot"",""startSec"":134.9,""endSec"":135.55,""durationSec"":0.65,""_id"":""69bf1e4524a0f4fafcac9506""},{""action"":""shoot"",""startSec"":136.95,""endSec"":138.85,""durationSec"":1.9,""_id"":""69bf1e4524a0f4fafcac9507""},{""action"":""shoot"",""startSec"":140.53,""endSec"":141.19,""durationSec"":0.66,""_id"":""69bf1e4524a0f4fafcac9508""},{""action"":""shoot"",""startSec"":146.35,""endSec"":147.25,""durationSec"":0.9,""_id"":""69bf1e4524a0f4fafcac9509""},{""action"":""shoot"",""startSec"":147.6,""endSec"":151.6,""durationSec"":4,""_id"":""69bf1e4524a0f4fafcac950a""},{""action"":""shoot"",""startSec"":153.9,""endSec"":154.05,""durationSec"":0.15,""_id"":""69bf1e4524a0f4fafcac950b""},{""action"":""shoot"",""startSec"":154.65,""endSec"":155.97,""durationSec"":1.32,""_id"":""69bf1e4524a0f4fafcac950c""}],""_id"":""69bf1e4524a0f4fafcac94f7""}",8.25,"{""alliance"":""blue"",""startPosition"":""right"",""points"":[{""x"":0.34,""y"":0.33,""tSec"":3.05,""_id"":""69bf1e4524a0f4fafcac94c1""},{""x"":0.3497,""y"":0.3554,""tSec"":3.05,""_id"":""69bf1e4524a0f4fafcac94c2""},{""x"":0.3486,""y"":0.348,""tSec"":4.1,""_id"":""69bf1e4524a0f4fafcac94c3""},{""x"":0.3531,""y"":0.3425,""tSec"":4.15,""_id"":""69bf1e4524a0f4fafcac94c4""},{""x"":0.3597,""y"":0.3361,""tSec"":4.15,""_id"":""69bf1e4524a0f4fafcac94c5""},{""x"":0.3728,""y"":0.3269,""tSec"":4.2,""_id"":""69bf1e4524a0f4fafcac94c6""},{""x"":0.379,""y"":0.3229,""tSec"":4.2,""_id"":""69bf1e4524a0f4fafcac94c7""},{""x"":0.3973,""y"":0.3148,""tSec"":4.25,""_id"":""69bf1e4524a0f4fafcac94c8""},{""x"":0.4079,""y"":0.312,""tSec"":4.25,""_id"":""69bf1e4524a0f4fafcac94c9""},{""x"":0.423,""y"":0.3079,""tSec"":4.25,""_id"":""69bf1e4524a0f4fafcac94ca""},{""x"":0.4317,""y"":0.3064,""tSec"":4.3,""_id"":""69bf1e4524a0f4fafcac94cb""},{""x"":0.4489,""y"":0.3053,""tSec"":4.3,""_id"":""69bf1e4524a0f4fafcac94cc""},{""x"":0.4594,""y"":0.3051,""tSec"":4.3,""_id"":""69bf1e4524a0f4fafcac94cd""},{""x"":0.4759,""y"":0.3061,""tSec"":4.35,""_id"":""69bf1e4524a0f4fafcac94ce""},{""x"":0.5025,""y"":0.3081,""tSec"":4.35,""_id"":""69bf1e4524a0f4fafcac94cf""},{""x"":0.5187,""y"":0.3084,""tSec"":4.4,""_id"":""69bf1e4524a0f4fafcac94d0""},{""x"":0.5275,""y"":0.3093,""tSec"":4.4,""_id"":""69bf1e4524a0f4fafcac94d1""},{""x"":0.5417,""y"":0.3113,""tSec"":4.4,""_id"":""69bf1e4524a0f4fafcac94d2""},{""x"":0.5556,""y"":0.3134,""tSec"":4.45,""_id"":""69bf1e4524a0f4fafcac94d3""},{""x"":0.5672,""y"":0.3156,""tSec"":4.45,""_id"":""69bf1e4524a0f4fafcac94d4""},{""x"":0.5748,""y"":0.3168,""tSec"":4.45,""_id"":""69bf1e4524a0f4fafcac94d5""},{""x"":0.5864,""y"":0.3198,""tSec"":4.5,""_id"":""69bf1e4524a0f4fafcac94d6""},{""x"":0.5992,""y"":0.3258,""tSec"":4.55,""_id"":""69bf1e4524a0f4fafcac94d7""},{""x"":0.6069,""y"":0.3303,""tSec"":4.55,""_id"":""69bf1e4524a0f4fafcac94d8""},{""x"":0.6132,""y"":0.3365,""tSec"":4.6,""_id"":""69bf1e4524a0f4fafcac94d9""},{""x"":0.627,""y"":0.3562,""tSec"":4.6,""_id"":""69bf1e4524a0f4fafcac94da""},{""x"":0.634,""y"":0.369,""tSec"":4.65,""_id"":""69bf1e4524a0f4fafcac94db""},{""x"":0.6433,""y"":0.3875,""tSec"":4.65,""_id"":""69bf1e4524a0f4fafcac94dc""},{""x"":0.6475,""y"":0.3973,""tSec"":4.65,""_id"":""69bf1e4524a0f4fafcac94dd""},{""x"":0.6518,""y"":0.4117,""tSec"":4.7,""_id"":""69bf1e4524a0f4fafcac94de""},{""x"":0.6531,""y"":0.4191,""tSec"":4.7,""_id"":""69bf1e4524a0f4fafcac94df""},{""x"":0.6525,""y"":0.4275,""tSec"":4.7,""_id"":""69bf1e4524a0f4fafcac94e0""},{""x"":0.6501,""y"":0.4352,""tSec"":4.75,""_id"":""69bf1e4524a0f4fafcac94e1""},{""x"":0.6468,""y"":0.4427,""tSec"":4.75,""_id"":""69bf1e4524a0f4fafcac94e2""},{""x"":0.6318,""y"":0.4096,""tSec"":5.3,""_id"":""69bf1e4524a0f4fafcac94e3""},{""x"":0.6262,""y"":0.4009,""tSec"":5.35,""_id"":""69bf1e4524a0f4fafcac94e4""},{""x"":0.6033,""y"":0.3771,""tSec"":5.4,""_id"":""69bf1e4524a0f4fafcac94e5""},{""x"":0.5883,""y"":0.3629,""tSec"":5.4,""_id"":""69bf1e4524a0f4fafcac94e6""},{""x"":0.5742,""y"":0.3499,""tSec"":5.4,""_id"":""69bf1e4524a0f4fafcac94e7""},{""x"":0.5595,""y"":0.337,""tSec"":5.4,""_id"":""69bf1e4524a0f4fafcac94e8""},{""x"":0.5455,""y"":0.3241,""tSec"":5.45,""_id"":""69bf1e4524a0f4fafcac94e9""},{""x"":0.5116,""y"":0.296,""tSec"":5.5,""_id"":""69bf1e4524a0f4fafcac94ea""},{""x"":0.4968,""y"":0.2861,""tSec"":5.5,""_id"":""69bf1e4524a0f4fafcac94eb""},{""x"":0.4705,""y"":0.2745,""tSec"":5.5,""_id"":""69bf1e4524a0f4fafcac94ec""},{""x"":0.4436,""y"":0.2675,""tSec"":5.55,""_id"":""69bf1e4524a0f4fafcac94ed""},{""x"":0.4296,""y"":0.2647,""tSec"":5.55,""_id"":""69bf1e4524a0f4fafcac94ee""},{""x"":0.4187,""y"":0.2625,""tSec"":5.55,""_id"":""69bf1e4524a0f4fafcac94ef""},{""x"":0.4029,""y"":0.2585,""tSec"":5.6,""_id"":""69bf1e4524a0f4fafcac94f0""},{""x"":0.3956,""y"":0.257,""tSec"":5.6,""_id"":""69bf1e4524a0f4fafcac94f1""},{""x"":0.3855,""y"":0.2549,""tSec"":5.6,""_id"":""69bf1e4524a0f4fafcac94f2""},{""x"":0.3759,""y"":0.2528,""tSec"":5.65,""_id"":""69bf1e4524a0f4fafcac94f3""},{""x"":0.3663,""y"":0.2525,""tSec"":5.65,""_id"":""69bf1e4524a0f4fafcac94f4""},{""x"":0.3582,""y"":0.2563,""tSec"":5.7,""_id"":""69bf1e4524a0f4fafcac94f5""},{""x"":0.3572,""y"":0.2662,""tSec"":5.7,""_id"":""69bf1e4524a0f4fafcac94f6""}],""shotMarkers"":[],""fingerprint"":""3bd15010"",""_id"":""69bf1e4524a0f4fafcac94c0""}",right,5.0,0.0,0.0,0.0,0.0,None,0.0,None,True,great,167.7,0.0,167.7,0.0,0.0,0.0,0.0,0.0,0.0,"Good driving, holds a lot, and has accurate shots",True,24,0.0,0,0.0,0.0,0.0,0.0,0.0,0.0,0.0,0.0,False,blue_1,Kasandra,4.165,33.54,21,0.9,1.65,9.58,2.73,5.78,2.8,11.0,0.0,3476,47.9,13.65,28.9,14.0,55.0,159.45,0.0,None,21
"{""totalSec"":163,""autoEndSec"":20,""delayEndSec"":23,""intervals"":[],""_id"":""69bf203f24a0f4fafcac9513""}",0.0,{},,5.0,0.0,0.0,0.0,0.0,None,0.0,None,False,rough,0.0,0.0,0.0,0.0,0.0,0.0,0.0,0.0,0.0,,False,25,0.0,0,0.0,0.0,0.0,0.0,0.0,0.0,0.0,0.0,False,red_3,Bradley,0.0,0.0,0,0.0,0.0,0.0,0.0,0.0,0.0,0.0,0.0,8898,0.0,0.0,0.0,0.0,0.0,0.0,0.0,None,0
"{""totalSec"":163,""autoEndSec"":20,""delayEndSec"":23,""intervals"":[],""_id"":""69bf206524a0f4fafcac951d""}",0.0,{},,5.0,0.0,0.0,0.0,0.0,None,0.0,None,False,ok,0.0,0.0,0.0,0.0,0.0,0.0,0.0,0.0,0.0,,False,25,0.0,0,0.0,0.0,0.0,0.0,0.0,0.0,0.0,0.0,False,blue_2,Awishkar,0.0,0.0,0,0.0,0.0,0.0,0.0,0.0,0.0,0.0,0.0,9696,0.0,0.0,0.0,0.0,0.0,0.0,0.0,None,0
"{""totalSec"":163,""autoEndSec"":20,""delayEndSec"":23,""intervals"":[{""action"":""pass"",""startSec"":31.2,""endSec"":34.75,""durationSec"":3.55,""_id"":""69bf206c24a0f4fafcac9564""},{""action"":""shoot"",""startSec"":35.4,""endSec"":40.15,""durationSec"":4.75,""_id"":""69bf206c24a0f4fafcac9565""},{""action"":""pass"",""startSec"":40.35,""endSec"":41.52,""durationSec"":1.17,""_id"":""69bf206c24a0f4fafcac9566""},{""action"":""pass"",""startSec"":41.85,""endSec"":45.2,""durationSec"":3.35,""_id"":""69bf206c24a0f4fafcac9567""},{""action"":""shoot"",""startSec"":45.35,""endSec"":51.62,""durationSec"":6.27,""_id"":""69bf206c24a0f4fafcac9568""},{""action"":""pass"",""startSec"":52.05,""endSec"":57.22,""durationSec"":5.17,""_id"":""69bf206c24a0f4fafcac9569""},{""action"":""shoot"",""startSec"":57.65,""endSec"":61.85,""durationSec"":4.2,""_id"":""69bf206c24a0f4fafcac956a""},{""action"":""pass"",""startSec"":61.85,""endSec"":73.83,""durationSec"":11.98,""_id"":""69bf206c24a0f4fafcac956b""},{""action"":""shoot"",""startSec"":82.6,""endSec"":89.46,""durationSec"":6.86,""_id"":""69bf206c24a0f4fafcac956c""},{""action"":""pass"",""startSec"":93,""endSec"":93.1,""durationSec"":0.1,""_id"":""69bf206c24a0f4fafcac956d""},{""action"":""shoot"",""startSec"":93.4,""endSec"":93.6,""durationSec"":0.2,""_id"":""69bf206c24a0f4fafcac956e""},{""action"":""shoot"",""startSec"":95.2,""endSec"":98.3,""durationSec"":3.1,""_id"":""69bf206c24a0f4fafcac956f""},{""action"":""pass"",""startSec"":99.8,""endSec"":102.35,""durationSec"":2.55,""_id"":""69bf206c24a0f4fafcac9570""},{""action"":""shoot"",""startSec"":102.5,""endSec"":107.8,""durationSec"":5.3,""_id"":""69bf206c24a0f4fafcac9571""},{""action"":""shoot"",""startSec"":108.5,""endSec"":110.45,""durationSec"":1.95,""_id"":""69bf206c24a0f4fafcac9572""},{""action"":""pass"",""startSec"":114.5,""endSec"":131.7,""durationSec"":17.2,""_id"":""69bf206c24a0f4fafcac9573""},{""action"":""shoot"",""startSec"":132.5,""endSec"":138.2,""durationSec"":5.7,""_id"":""69bf206c24a0f4fafcac9574""},{""action"":""pass"",""startSec"":139.6,""endSec"":140.95,""durationSec"":1.35,""_id"":""69bf206c24a0f4fafcac9575""},{""action"":""pass"",""startSec"":141.6,""endSec"":145.81,""durationSec"":4.21,""_id"":""69bf206c24a0f4fafcac9576""},{""action"":""shoot"",""startSec"":145.95,""endSec"":152.6,""durationSec"":6.65,""_id"":""69bf206c24a0f4fafcac9577""},{""action"":""pass"",""startSec"":153.3,""endSec"":161.21,""durationSec"":7.91,""_id"":""69bf206c24a0f4fafcac9578""},{""action"":""shoot"",""startSec"":161.45,""endSec"":163,""durationSec"":1.55,""_id"":""69bf206c24a0f4fafcac9579""}],""_id"":""69bf206c24a0f4fafcac9563""}",0.0,"{""alliance"":""red"",""startPosition"":""right"",""points"":[{""x"":0.69,""y"":0.67,""tSec"":2.55,""_id"":""69bf206c24a0f4fafcac9523""},{""x"":0.6746,""y"":0.6725,""tSec"":2.55,""_id"":""69bf206c24a0f4fafcac9524""},{""x"":0.6635,""y"":0.6613,""tSec"":10.4,""_id"":""69bf206c24a0f4fafcac9525""},{""x"":0.6561,""y"":0.66,""tSec"":10.55,""_id"":""69bf206c24a0f4fafcac9526""},{""x"":0.6483,""y"":0.6608,""tSec"":10.65,""_id"":""69bf206c24a0f4fafcac9527""},{""x"":0.6397,""y"":0.6609,""tSec"":10.7,""_id"":""69bf206c24a0f4fafcac9528""},{""x"":0.631,""y"":0.6591,""tSec"":10.75,""_id"":""69bf206c24a0f4fafcac9529""},{""x"":0.6238,""y"":0.6579,""tSec"":10.8,""_id"":""69bf206c24a0f4fafcac952a""},{""x"":0.6161,""y"":0.6548,""tSec"":10.85,""_id"":""69bf206c24a0f4fafcac952b""},{""x"":0.6082,""y"":0.6544,""tSec"":10.95,""_id"":""69bf206c24a0f4fafcac952c""},{""x"":0.6012,""y"":0.6544,""tSec"":11.25,""_id"":""69bf206c24a0f4fafcac952d""},{""x"":0.5942,""y"":0.6544,""tSec"":11.8,""_id"":""69bf206c24a0f4fafcac952e""},{""x"":0.5865,""y"":0.6544,""tSec"":11.95,""_id"":""69bf206c24a0f4fafcac952f""},{""x"":0.5786,""y"":0.6544,""tSec"":12.15,""_id"":""69bf206c24a0f4fafcac9530""},{""x"":0.5716,""y"":0.6544,""tSec"":12.25,""_id"":""69bf206c24a0f4fafcac9531""},{""x"":0.5646,""y"":0.6544,""tSec"":12.55,""_id"":""69bf206c24a0f4fafcac9532""},{""x"":0.5576,""y"":0.6544,""tSec"":12.7,""_id"":""69bf206c24a0f4fafcac9533""},{""x"":0.5499,""y"":0.6544,""tSec"":12.9,""_id"":""69bf206c24a0f4fafcac9534""},{""x"":0.5428,""y"":0.6544,""tSec"":13.05,""_id"":""69bf206c24a0f4fafcac9535""},{""x"":0.5358,""y"":0.6534,""tSec"":13.2,""_id"":""69bf206c24a0f4fafcac9536""},{""x"":0.5288,""y"":0.6515,""tSec"":13.4,""_id"":""69bf206c24a0f4fafcac9537""},{""x"":0.5218,""y"":0.6493,""tSec"":13.6,""_id"":""69bf206c24a0f4fafcac9538""},{""x"":0.5141,""y"":0.649,""tSec"":13.8,""_id"":""69bf206c24a0f4fafcac9539""},{""x"":0.5063,""y"":0.649,""tSec"":13.9,""_id"":""69bf206c24a0f4fafcac953a""},{""x"":0.4985,""y"":0.65,""tSec"":14,""_id"":""69bf206c24a0f4fafcac953b""},{""x"":0.4914,""y"":0.6501,""tSec"":14.1,""_id"":""69bf206c24a0f4fafcac953c""},{""x"":0.4844,""y"":0.6501,""tSec"":14.2,""_id"":""69bf206c24a0f4fafcac953d""},{""x"":0.4767,""y"":0.6511,""tSec"":14.3,""_id"":""69bf206c24a0f4fafcac953e""},{""x"":0.4696,""y"":0.654,""tSec"":14.35,""_id"":""69bf206c24a0f4fafcac953f""},{""x"":0.4611,""y"":0.6573,""tSec"":14.4,""_id"":""69bf206c24a0f4fafcac9540""},{""x"":0.4516,""y"":0.6577,""tSec"":14.4,""_id"":""69bf206c24a0f4fafcac9541""},{""x"":0.4436,""y"":0.6587,""tSec"":14.45,""_id"":""69bf206c24a0f4fafcac9542""},{""x"":0.4335,""y"":0.6597,""tSec"":14.5,""_id"":""69bf206c24a0f4fafcac9543""},{""x"":0.4253,""y"":0.6608,""tSec"":14.55,""_id"":""69bf206c24a0f4fafcac9544""},{""x"":0.4182,""y"":0.6619,""tSec"":14.6,""_id"":""69bf206c24a0f4fafcac9545""},{""x"":0.4105,""y"":0.663,""tSec"":14.65,""_id"":""69bf206c24a0f4fafcac9546""},{""x"":0.4027,""y"":0.6631,""tSec"":14.7,""_id"":""69bf206c24a0f4fafcac9547""},{""x"":0.3956,""y"":0.6631,""tSec"":14.75,""_id"":""69bf206c24a0f4fafcac9548""},{""x"":0.3886,""y"":0.6631,""tSec"":14.85,""_id"":""69bf206c24a0f4fafcac9549""},{""x"":0.3793,""y"":0.6621,""tSec"":14.9,""_id"":""69bf206c24a0f4fafcac954a""},{""x"":0.3713,""y"":0.6592,""tSec"":14.95,""_id"":""69bf206c24a0f4fafcac954b""},{""x"":0.365,""y"":0.6559,""tSec"":15,""_id"":""69bf206c24a0f4fafcac954c""},{""x"":0.358,""y"":0.6508,""tSec"":15.05,""_id"":""69bf206c24a0f4fafcac954d""},{""x"":0.3503,""y"":0.6482,""tSec"":15.15,""_id"":""69bf206c24a0f4fafcac954e""},{""x"":0.3433,""y"":0.6461,""tSec"":15.3,""_id"":""69bf206c24a0f4fafcac954f""},{""x"":0.3363,""y"":0.6439,""tSec"":15.35,""_id"":""69bf206c24a0f4fafcac9550""},{""x"":0.3271,""y"":0.6427,""tSec"":15.45,""_id"":""69bf206c24a0f4fafcac9551""},{""x"":0.3183,""y"":0.6416,""tSec"":15.5,""_id"":""69bf206c24a0f4fafcac9552""},{""x"":0.3111,""y"":0.6405,""tSec"":15.55,""_id"":""69bf206c24a0f4fafcac9553""},{""x"":0.3034,""y"":0.6375,""tSec"":15.65,""_id"":""69bf206c24a0f4fafcac9554""},{""x"":0.2955,""y"":0.6334,""tSec"":15.75,""_id"":""69bf206c24a0f4fafcac9555""},{""x"":0.2885,""y"":0.6319,""tSec"":15.8,""_id"":""69bf206c24a0f4fafcac9556""},{""x"":0.2792,""y"":0.6298,""tSec"":15.85,""_id"":""69bf206c24a0f4fafcac9557""},{""x"":0.2711,""y"":0.6286,""tSec"":15.9,""_id"":""69bf206c24a0f4fafcac9558""},{""x"":0.2641,""y"":0.6256,""tSec"":15.95,""_id"":""69bf206c24a0f4fafcac9559""},{""x"":0.2579,""y"":0.6223,""tSec"":16.05,""_id"":""69bf206c24a0f4fafcac955a""},{""x"":0.2524,""y"":0.6172,""tSec"":16.2,""_id"":""69bf206c24a0f4fafcac955b""},{""x"":0.2457,""y"":0.6118,""tSec"":16.3,""_id"":""69bf206c24a0f4fafcac955c""},{""x"":0.2402,""y"":0.6073,""tSec"":16.4,""_id"":""69bf206c24a0f4fafcac955d""},{""x"":0.2342,""y"":0.603,""tSec"":16.45,""_id"":""69bf206c24a0f4fafcac955e""},{""x"":0.2274,""y"":0.6005,""tSec"":16.55,""_id"":""69bf206c24a0f4fafcac955f""},{""x"":0.2212,""y"":0.5965,""tSec"":16.85,""_id"":""69bf206c24a0f4fafcac9560""},{""x"":0.2151,""y"":0.5922,""tSec"":17.15,""_id"":""69bf206c24a0f4fafcac9561""},{""x"":0.2082,""y"":0.5888,""tSec"":18.3,""_id"":""69bf206c24a0f4fafcac9562""}],""shotMarkers"":[],""fingerprint"":""4e20bd77"",""_id"":""69bf206c24a0f4fafcac9522""}",right,5.0,0.0,0.0,0.0,0.0,None,0.0,None,False,good,232.65,292.7,232.65,0.0,0.0,0.0,0.0,0.0,0.0,Amazing bpa,True,25,58.54,11,3.55,0.0,13.47,8.07,17.15,2.65,17.2,0.0,False,red_1,Mmasi,11.55,46.53,11,4.75,0.0,13.4,9.9,5.32,13.16,4.75,0.0,9408,67.0,49.5,26.6,65.8,23.75,232.64999999999998,0.0,None,22
"{""totalSec"":163,""autoEndSec"":20,""delayEndSec"":23,""intervals"":[{""action"":""shoot"",""startSec"":49.09,""endSec"":53.74,""durationSec"":4.65,""_id"":""69bf206e24a0f4fafcac9587""}],""_id"":""69bf206e24a0f4fafcac9586""}",0.0,"{""alliance"":""red"",""startPosition"":""center"",""points"":[{""x"":0.69,""y"":0.5,""tSec"":1.25,""_id"":""69bf206e24a0f4fafcac957e""},{""x"":0.6608,""y"":0.5138,""tSec"":1.25,""_id"":""69bf206e24a0f4fafcac957f""},{""x"":0.6626,""y"":0.5069,""tSec"":1.75,""_id"":""69bf206e24a0f4fafcac9580""},{""x"":0.6674,""y"":0.5004,""tSec"":1.95,""_id"":""69bf206e24a0f4fafcac9581""},{""x"":0.668,""y"":0.4929,""tSec"":2.5,""_id"":""69bf206e24a0f4fafcac9582""},{""x"":0.6619,""y"":0.4891,""tSec"":2.85,""_id"":""69bf206e24a0f4fafcac9583""},{""x"":0.6543,""y"":0.4887,""tSec"":3.15,""_id"":""69bf206e24a0f4fafcac9584""}],""shotMarkers"":[{""x"":0.6543,""y"":0.4887,""tSec"":6.2,""_id"":""69bf206e24a0f4fafcac9585""}],""fingerprint"":""8b78be98"",""_id"":""69bf206e24a0f4fafcac957d""}",center,5.0,0.0,0.0,0.0,0.0,None,0.0,None,False,ok,23.25,0.0,23.25,0.0,0.0,0.0,0.0,0.0,0.0,,True,25,0.0,0,0.0,0.0,0.0,0.0,0.0,0.0,0.0,0.0,True,red_2,Kinnon,0.0,4.65,1,4.65,0.0,0.0,1.41,3.24,0.0,0.0,0.0,867,0.0,7.05,16.2,0.0,0.0,23.25,0.0,None,1
"{""totalSec"":163,""autoEndSec"":20,""delayEndSec"":23,""intervals"":[{""action"":""shoot"",""startSec"":10.75,""endSec"":11.45,""durationSec"":0.7,""_id"":""69bf20c724a0f4fafcac95d4""},{""action"":""shoot"",""startSec"":14.45,""endSec"":15,""durationSec"":0.55,""_id"":""69bf20c724a0f4fafcac95d5""},{""action"":""pass"",""startSec"":20.35,""endSec"":20.45,""durationSec"":0.1,""_id"":""69bf20c724a0f4fafcac95d6""},{""action"":""shoot"",""startSec"":31,""endSec"":33.25,""durationSec"":2.25,""_id"":""69bf20c724a0f4fafcac95d7""},{""action"":""shoot"",""startSec"":38.1,""endSec"":39.8,""durationSec"":1.7,""_id"":""69bf20c724a0f4fafcac95d8""},{""action"":""shoot"",""startSec"":42.15,""endSec"":42.3,""durationSec"":0.15,""_id"":""69bf20c724a0f4fafcac95d9""},{""action"":""shoot"",""startSec"":48.45,""endSec"":49.15,""durationSec"":0.7,""_id"":""69bf20c724a0f4fafcac95da""},{""action"":""shoot"",""startSec"":53.45,""endSec"":54.2,""durationSec"":0.75,""_id"":""69bf20c724a0f4fafcac95db""},{""action"":""shoot"",""startSec"":95.35,""endSec"":95.5,""durationSec"":0.15,""_id"":""69bf20c724a0f4fafcac95dc""},{""action"":""shoot"",""startSec"":96,""endSec"":97.36,""durationSec"":1.36,""_id"":""69bf20c724a0f4fafcac95dd""},{""action"":""shoot"",""startSec"":102.15,""endSec"":104,""durationSec"":1.85,""_id"":""69bf20c724a0f4fafcac95de""},{""action"":""shoot"",""startSec"":110.3,""endSec"":113.16,""durationSec"":2.86,""_id"":""69bf20c724a0f4fafcac95df""},{""action"":""shoot"",""startSec"":116.9,""endSec"":117.55,""durationSec"":0.65,""_id"":""69bf20c724a0f4fafcac95e0""},{""action"":""shoot"",""startSec"":119.15,""endSec"":119.77,""durationSec"":0.62,""_id"":""69bf20c724a0f4fafcac95e1""},{""action"":""shoot"",""startSec"":131.5,""endSec"":134.05,""durationSec"":2.55,""_id"":""69bf20c724a0f4fafcac95e2""},{""action"":""shoot"",""startSec"":137.45,""endSec"":140.8,""durationSec"":3.35,""_id"":""69bf20c724a0f4fafcac95e3""},{""action"":""shoot"",""startSec"":145.15,""endSec"":146.9,""durationSec"":1.75,""_id"":""69bf20c724a0f4fafcac95e4""}],""_id"":""69bf20c724a0f4fafcac95d3""}",6.25,"{""alliance"":""blue"",""startPosition"":""left"",""points"":[{""x"":0.34,""y"":0.67,""tSec"":1.45,""_id"":""69bf20c724a0f4fafcac959a""},{""x"":0.3436,""y"":0.677,""tSec"":1.45,""_id"":""69bf20c724a0f4fafcac959b""},{""x"":0.3647,""y"":0.6854,""tSec"":3.55,""_id"":""69bf20c724a0f4fafcac959c""},{""x"":0.3795,""y"":0.6921,""tSec"":3.65,""_id"":""69bf20c724a0f4fafcac959d""},{""x"":0.3889,""y"":0.6967,""tSec"":3.65,""_id"":""69bf20c724a0f4fafcac959e""},{""x"":0.4054,""y"":0.7048,""tSec"":3.7,""_id"":""69bf20c724a0f4fafcac959f""},{""x"":0.4143,""y"":0.7096,""tSec"":3.7,""_id"":""69bf20c724a0f4fafcac95a0""},{""x"":0.4276,""y"":0.7158,""tSec"":3.7,""_id"":""69bf20c724a0f4fafcac95a1""},{""x"":0.4399,""y"":0.7203,""tSec"":3.75,""_id"":""69bf20c724a0f4fafcac95a2""},{""x"":0.4529,""y"":0.7246,""tSec"":3.8,""_id"":""69bf20c724a0f4fafcac95a3""},{""x"":0.4691,""y"":0.7308,""tSec"":3.8,""_id"":""69bf20c724a0f4fafcac95a4""},{""x"":0.4802,""y"":0.7344,""tSec"":3.85,""_id"":""69bf20c724a0f4fafcac95a5""},{""x"":0.4923,""y"":0.7377,""tSec"":3.85,""_id"":""69bf20c724a0f4fafcac95a6""},{""x"":0.4999,""y"":0.74,""tSec"":3.9,""_id"":""69bf20c724a0f4fafcac95a7""},{""x"":0.5069,""y"":0.7431,""tSec"":3.9,""_id"":""69bf20c724a0f4fafcac95a8""},{""x"":0.5131,""y"":0.7482,""tSec"":4,""_id"":""69bf20c724a0f4fafcac95a9""},{""x"":0.5192,""y"":0.7526,""tSec"":4.05,""_id"":""69bf20c724a0f4fafcac95aa""},{""x"":0.5276,""y"":0.7559,""tSec"":4.1,""_id"":""69bf20c724a0f4fafcac95ab""},{""x"":0.5417,""y"":0.7592,""tSec"":4.1,""_id"":""69bf20c724a0f4fafcac95ac""},{""x"":0.5517,""y"":0.7605,""tSec"":4.15,""_id"":""69bf20c724a0f4fafcac95ad""},{""x"":0.5614,""y"":0.7616,""tSec"":4.15,""_id"":""69bf20c724a0f4fafcac95ae""},{""x"":0.5702,""y"":0.7618,""tSec"":4.15,""_id"":""69bf20c724a0f4fafcac95af""},{""x"":0.5859,""y"":0.7618,""tSec"":4.2,""_id"":""69bf20c724a0f4fafcac95b0""},{""x"":0.5931,""y"":0.7618,""tSec"":4.25,""_id"":""69bf20c724a0f4fafcac95b1""},{""x"":0.6031,""y"":0.7599,""tSec"":4.25,""_id"":""69bf20c724a0f4fafcac95b2""},{""x"":0.6159,""y"":0.7588,""tSec"":4.3,""_id"":""69bf20c724a0f4fafcac95b3""},{""x"":0.6258,""y"":0.7577,""tSec"":4.3,""_id"":""69bf20c724a0f4fafcac95b4""},{""x"":0.6355,""y"":0.7566,""tSec"":4.35,""_id"":""69bf20c724a0f4fafcac95b5""},{""x"":0.6435,""y"":0.7536,""tSec"":4.45,""_id"":""69bf20c724a0f4fafcac95b6""},{""x"":0.6498,""y"":0.7504,""tSec"":4.5,""_id"":""69bf20c724a0f4fafcac95b7""},{""x"":0.656,""y"":0.7453,""tSec"":4.65,""_id"":""69bf20c724a0f4fafcac95b8""},{""x"":0.6582,""y"":0.7361,""tSec"":4.75,""_id"":""69bf20c724a0f4fafcac95b9""},{""x"":0.6608,""y"":0.7294,""tSec"":4.75,""_id"":""69bf20c724a0f4fafcac95ba""},{""x"":0.6641,""y"":0.721,""tSec"":4.8,""_id"":""69bf20c724a0f4fafcac95bb""},{""x"":0.6668,""y"":0.7143,""tSec"":4.85,""_id"":""69bf20c724a0f4fafcac95bc""},{""x"":0.6687,""y"":0.7059,""tSec"":4.9,""_id"":""69bf20c724a0f4fafcac95bd""},{""x"":0.6713,""y"":0.6965,""tSec"":4.95,""_id"":""69bf20c724a0f4fafcac95be""},{""x"":0.6739,""y"":0.6878,""tSec"":5,""_id"":""69bf20c724a0f4fafcac95bf""},{""x"":0.675,""y"":0.6792,""tSec"":5.1,""_id"":""69bf20c724a0f4fafcac95c0""},{""x"":0.672,""y"":0.7074,""tSec"":9.9,""_id"":""69bf20c724a0f4fafcac95c1""},{""x"":0.6624,""y"":0.7298,""tSec"":10,""_id"":""69bf20c724a0f4fafcac95c2""},{""x"":0.6567,""y"":0.7447,""tSec"":10,""_id"":""69bf20c724a0f4fafcac95c3""},{""x"":0.6468,""y"":0.7758,""tSec"":10,""_id"":""69bf20c724a0f4fafcac95c4""},{""x"":0.6349,""y"":0.8107,""tSec"":10.05,""_id"":""69bf20c724a0f4fafcac95c5""},{""x"":0.6281,""y"":0.8281,""tSec"":10.05,""_id"":""69bf20c724a0f4fafcac95c6""},{""x"":0.6135,""y"":0.8511,""tSec"":10.05,""_id"":""69bf20c724a0f4fafcac95c7""},{""x"":0.5704,""y"":0.8793,""tSec"":10.1,""_id"":""69bf20c724a0f4fafcac95c8""},{""x"":0.5153,""y"":0.8979,""tSec"":10.1,""_id"":""69bf20c724a0f4fafcac95c9""},{""x"":0.488,""y"":0.9019,""tSec"":10.15,""_id"":""69bf20c724a0f4fafcac95ca""},{""x"":0.4418,""y"":0.8968,""tSec"":10.15,""_id"":""69bf20c724a0f4fafcac95cb""},{""x"":0.4187,""y"":0.8886,""tSec"":10.2,""_id"":""69bf20c724a0f4fafcac95cc""},{""x"":0.4074,""y"":0.8829,""tSec"":10.2,""_id"":""69bf20c724a0f4fafcac95cd""},{""x"":0.3823,""y"":0.8756,""tSec"":10.2,""_id"":""69bf20c724a0f4fafcac95ce""},{""x"":0.3648,""y"":0.8719,""tSec"":10.25,""_id"":""69bf20c724a0f4fafcac95cf""},{""x"":0.3351,""y"":0.8667,""tSec"":10.25,""_id"":""69bf20c724a0f4fafcac95d0""},{""x"":0.3223,""y"":0.8641,""tSec"":10.25,""_id"":""69bf20c724a0f4fafcac95d1""},{""x"":0.3108,""y"":0.861,""tSec"":10.3,""_id"":""69bf20c724a0f4fafcac95d2""}],""shotMarkers"":[],""fingerprint"":""1b41aacf"",""_id"":""69bf20c724a0f4fafcac9599""}",left,5.0,0.0,0.0,0.0,1.0,mechanism,1.0,None,False,good,109.7,0.5,109.7,0.0,0.0,0.0,0.0,0.0,0.0,,True,25,0.1,1,0.1,0.0,0.0,0.0,0.0,0.0,0.0,0.1,False,blue_1,Kasandra,6.3,21.94,16,1.055,1.25,6.15,4.8,0.75,3.36,5.63,0.0,2584,30.75,24.0,3.75,16.8,28.15,103.44999999999999,0.0,None,17
"{""totalSec"":163,""autoEndSec"":20,""delayEndSec"":23,""intervals"":[],""_id"":""69bf216c24a0f4fafcac96b1""}",0.0,"{""alliance"":""red"",""startPosition"":""right"",""points"":[{""x"":0.69,""y"":0.67,""tSec"":1,""_id"":""69bf216c24a0f4fafcac95eb""},{""x"":0.6746,""y"":0.6725,""tSec"":1,""_id"":""69bf216c24a0f4fafcac95ec""},{""x"":0.6674,""y"":0.6719,""tSec"":1.1,""_id"":""69bf216c24a0f4fafcac95ed""},{""x"":0.6596,""y"":0.6737,""tSec"":1.15,""_id"":""69bf216c24a0f4fafcac95ee""},{""x"":0.6479,""y"":0.6777,""tSec"":1.2,""_id"":""69bf216c24a0f4fafcac95ef""},{""x"":0.6266,""y"":0.6753,""tSec"":1.25,""_id"":""69bf216c24a0f4fafcac95f0""},{""x"":0.6141,""y"":0.6731,""tSec"":1.3,""_id"":""69bf216c24a0f4fafcac95f1""},{""x"":0.6034,""y"":0.6728,""tSec"":1.35,""_id"":""69bf216c24a0f4fafcac95f2""},{""x"":0.5913,""y"":0.6728,""tSec"":1.4,""_id"":""69bf216c24a0f4fafcac95f3""},{""x"":0.5814,""y"":0.6728,""tSec"":1.45,""_id"":""69bf216c24a0f4fafcac95f4""},{""x"":0.5726,""y"":0.6728,""tSec"":1.45,""_id"":""69bf216c24a0f4fafcac95f5""},{""x"":0.5616,""y"":0.6728,""tSec"":1.5,""_id"":""69bf216c24a0f4fafcac95f6""},{""x"":0.5518,""y"":0.6738,""tSec"":1.55,""_id"":""69bf216c24a0f4fafcac95f7""},{""x"":0.5438,""y"":0.6739,""tSec"":1.55,""_id"":""69bf216c24a0f4fafcac95f8""},{""x"":0.5336,""y"":0.6739,""tSec"":1.6,""_id"":""69bf216c24a0f4fafcac95f9""},{""x"":0.5263,""y"":0.6739,""tSec"":1.65,""_id"":""69bf216c24a0f4fafcac95fa""},{""x"":0.5139,""y"":0.6739,""tSec"":1.65,""_id"":""69bf216c24a0f4fafcac95fb""},{""x"":0.5062,""y"":0.6739,""tSec"":1.7,""_id"":""69bf216c24a0f4fafcac95fc""},{""x"":0.4962,""y"":0.6749,""tSec"":1.75,""_id"":""69bf216c24a0f4fafcac95fd""},{""x"":0.4873,""y"":0.6779,""tSec"":1.75,""_id"":""69bf216c24a0f4fafcac95fe""},{""x"":0.4778,""y"":0.682,""tSec"":1.8,""_id"":""69bf216c24a0f4fafcac95ff""},{""x"":0.4697,""y"":0.6853,""tSec"":1.85,""_id"":""69bf216c24a0f4fafcac9600""},{""x"":0.4611,""y"":0.6867,""tSec"":1.9,""_id"":""69bf216c24a0f4fafcac9601""},{""x"":0.4524,""y"":0.6869,""tSec"":1.9,""_id"":""69bf216c24a0f4fafcac9602""},{""x"":0.4437,""y"":0.6879,""tSec"":1.95,""_id"":""69bf216c24a0f4fafcac9603""},{""x"":0.4342,""y"":0.688,""tSec"":2,""_id"":""69bf216c24a0f4fafcac9604""},{""x"":0.4254,""y"":0.688,""tSec"":2,""_id"":""69bf216c24a0f4fafcac9605""},{""x"":0.4159,""y"":0.688,""tSec"":2.05,""_id"":""69bf216c24a0f4fafcac9606""},{""x"":0.4056,""y"":0.688,""tSec"":2.1,""_id"":""69bf216c24a0f4fafcac9607""},{""x"":0.3982,""y"":0.688,""tSec"":2.15,""_id"":""69bf216c24a0f4fafcac9608""},{""x"":0.3905,""y"":0.6899,""tSec"":2.2,""_id"":""69bf216c24a0f4fafcac9609""},{""x"":0.3834,""y"":0.693,""tSec"":2.25,""_id"":""69bf216c24a0f4fafcac960a""},{""x"":0.3749,""y"":0.6953,""tSec"":2.3,""_id"":""69bf216c24a0f4fafcac960b""},{""x"":0.3662,""y"":0.6975,""tSec"":2.4,""_id"":""69bf216c24a0f4fafcac960c""},{""x"":0.359,""y"":0.7015,""tSec"":2.45,""_id"":""69bf216c24a0f4fafcac960d""},{""x"":0.352,""y"":0.7048,""tSec"":2.55,""_id"":""69bf216c24a0f4fafcac960e""},{""x"":0.3443,""y"":0.7091,""tSec"":2.6,""_id"":""69bf216c24a0f4fafcac960f""},{""x"":0.3372,""y"":0.7124,""tSec"":2.7,""_id"":""69bf216c24a0f4fafcac9610""},{""x"":0.3302,""y"":0.7157,""tSec"":2.7,""_id"":""69bf216c24a0f4fafcac9611""},{""x"":0.3225,""y"":0.7171,""tSec"":2.75,""_id"":""69bf216c24a0f4fafcac9612""},{""x"":0.3155,""y"":0.7173,""tSec"":2.8,""_id"":""69bf216c24a0f4fafcac9613""},{""x"":0.3085,""y"":0.7163,""tSec"":2.85,""_id"":""69bf216c24a0f4fafcac9614""},{""x"":0.3008,""y"":0.7143,""tSec"":2.95,""_id"":""69bf216c24a0f4fafcac9615""},{""x"":0.2945,""y"":0.7112,""tSec"":3,""_id"":""69bf216c24a0f4fafcac9616""},{""x"":0.2875,""y"":0.706,""tSec"":3.05,""_id"":""69bf216c24a0f4fafcac9617""},{""x"":0.2791,""y"":0.7016,""tSec"":3.1,""_id"":""69bf216c24a0f4fafcac9618""},{""x"":0.2711,""y"":0.6954,""tSec"":3.15,""_id"":""69bf216c24a0f4fafcac9619""},{""x"":0.2656,""y"":0.6908,""tSec"":3.15,""_id"":""69bf216c24a0f4fafcac961a""},{""x"":0.258,""y"":0.6864,""tSec"":3.2,""_id"":""69bf216c24a0f4fafcac961b""},{""x"":0.2518,""y"":0.6821,""tSec"":3.25,""_id"":""69bf216c24a0f4fafcac961c""},{""x"":0.2441,""y"":0.6778,""tSec"":3.3,""_id"":""69bf216c24a0f4fafcac961d""},{""x"":0.2386,""y"":0.6734,""tSec"":3.3,""_id"":""69bf216c24a0f4fafcac961e""},{""x"":0.2325,""y"":0.6672,""tSec"":3.35,""_id"":""69bf216c24a0f4fafcac961f""},{""x"":0.2272,""y"":0.6607,""tSec"":3.4,""_id"":""69bf216c24a0f4fafcac9620""},{""x"":0.2227,""y"":0.6552,""tSec"":3.4,""_id"":""69bf216c24a0f4fafcac9621""},{""x"":0.2184,""y"":0.6488,""tSec"":3.45,""_id"":""69bf216c24a0f4fafcac9622""},{""x"":0.2148,""y"":0.6423,""tSec"":3.5,""_id"":""69bf216c24a0f4fafcac9623""},{""x"":0.2105,""y"":0.6358,""tSec"":3.55,""_id"":""69bf216c24a0f4fafcac9624""},{""x"":0.2054,""y"":0.6274,""tSec"":3.6,""_id"":""69bf216c24a0f4fafcac9625""},{""x"":0.2009,""y"":0.6178,""tSec"":3.65,""_id"":""69bf216c24a0f4fafcac9626""},{""x"":0.1981,""y"":0.6109,""tSec"":3.7,""_id"":""69bf216c24a0f4fafcac9627""},{""x"":0.1955,""y"":0.6034,""tSec"":3.75,""_id"":""69bf216c24a0f4fafcac9628""},{""x"":0.1929,""y"":0.5968,""tSec"":3.75,""_id"":""69bf216c24a0f4fafcac9629""},{""x"":0.1895,""y"":0.5893,""tSec"":3.8,""_id"":""69bf216c24a0f4fafcac962a""},{""x"":0.1853,""y"":0.5809,""tSec"":3.85,""_id"":""69bf216c24a0f4fafcac962b""},{""x"":0.1817,""y"":0.5741,""tSec"":3.9,""_id"":""69bf216c24a0f4fafcac962c""},{""x"":0.1774,""y"":0.5657,""tSec"":3.95,""_id"":""69bf216c24a0f4fafcac962d""},{""x"":0.1746,""y"":0.5589,""tSec"":4,""_id"":""69bf216c24a0f4fafcac962e""},{""x"":0.172,""y"":0.5486,""tSec"":4.05,""_id"":""69bf216c24a0f4fafcac962f""},{""x"":0.1686,""y"":0.5378,""tSec"":4.1,""_id"":""69bf216c24a0f4fafcac9630""},{""x"":0.1667,""y"":0.5289,""tSec"":4.15,""_id"":""69bf216c24a0f4fafcac9631""},{""x"":0.1634,""y"":0.5212,""tSec"":4.2,""_id"":""69bf216c24a0f4fafcac9632""},{""x"":0.1599,""y"":0.5145,""tSec"":4.25,""_id"":""69bf216c24a0f4fafcac9633""},{""x"":0.1549,""y"":0.507,""tSec"":4.35,""_id"":""69bf216c24a0f4fafcac9634""},{""x"":0.1504,""y"":0.4937,""tSec"":4.45,""_id"":""69bf216c24a0f4fafcac9635""},{""x"":0.1492,""y"":0.4864,""tSec"":4.5,""_id"":""69bf216c24a0f4fafcac9636""},{""x"":0.1474,""y"":0.4788,""tSec"":4.55,""_id"":""69bf216c24a0f4fafcac9637""},{""x"":0.1449,""y"":0.4722,""tSec"":4.65,""_id"":""69bf216c24a0f4fafcac9638""},{""x"":0.1408,""y"":0.4657,""tSec"":4.7,""_id"":""69bf216c24a0f4fafcac9639""},{""x"":0.138,""y"":0.4582,""tSec"":4.8,""_id"":""69bf216c24a0f4fafcac963a""},{""x"":0.1354,""y"":0.4506,""tSec"":4.85,""_id"":""69bf216c24a0f4fafcac963b""},{""x"":0.1343,""y"":0.4431,""tSec"":4.95,""_id"":""69bf216c24a0f4fafcac963c""},{""x"":0.1334,""y"":0.4355,""tSec"":5.1,""_id"":""69bf216c24a0f4fafcac963d""},{""x"":0.1333,""y"":0.427,""tSec"":5.2,""_id"":""69bf216c24a0f4fafcac963e""},{""x"":0.134,""y"":0.4193,""tSec"":5.3,""_id"":""69bf216c24a0f4fafcac963f""},{""x"":0.1395,""y"":0.4136,""tSec"":5.35,""_id"":""69bf216c24a0f4fafcac9640""},{""x"":0.1486,""y"":0.4081,""tSec"":5.35,""_id"":""69bf216c24a0f4fafcac9641""},{""x"":0.1573,""y"":0.4037,""tSec"":5.4,""_id"":""69bf216c24a0f4fafcac9642""},{""x"":0.1645,""y"":0.4003,""tSec"":5.45,""_id"":""69bf216c24a0f4fafcac9643""},{""x"":0.1693,""y"":0.3941,""tSec"":5.5,""_id"":""69bf216c24a0f4fafcac9644""},{""x"":0.1705,""y"":0.3867,""tSec"":5.65,""_id"":""69bf216c24a0f4fafcac9645""},{""x"":0.1723,""y"":0.3791,""tSec"":5.7,""_id"":""69bf216c24a0f4fafcac9646""},{""x"":0.1748,""y"":0.3697,""tSec"":5.8,""_id"":""69bf216c24a0f4fafcac9647""},{""x"":0.1766,""y"":0.3609,""tSec"":5.85,""_id"":""69bf216c24a0f4fafcac9648""},{""x"":0.1814,""y"":0.3541,""tSec"":5.9,""_id"":""69bf216c24a0f4fafcac9649""},{""x"":0.1912,""y"":0.3476,""tSec"":5.95,""_id"":""69bf216c24a0f4fafcac964a""},{""x"":0.1977,""y"":0.344,""tSec"":6,""_id"":""69bf216c24a0f4fafcac964b""},{""x"":0.2047,""y"":0.3397,""tSec"":6.05,""_id"":""69bf216c24a0f4fafcac964c""},{""x"":0.2131,""y"":0.3354,""tSec"":6.1,""_id"":""69bf216c24a0f4fafcac964d""},{""x"":0.2218,""y"":0.3301,""tSec"":6.15,""_id"":""69bf216c24a0f4fafcac964e""},{""x"":0.2274,""y"":0.3256,""tSec"":6.2,""_id"":""69bf216c24a0f4fafcac964f""},{""x"":0.2351,""y"":0.3232,""tSec"":6.25,""_id"":""69bf216c24a0f4fafcac9650""},{""x"":0.2428,""y"":0.3229,""tSec"":6.3,""_id"":""69bf216c24a0f4fafcac9651""},{""x"":0.2514,""y"":0.3219,""tSec"":6.4,""_id"":""69bf216c24a0f4fafcac9652""},{""x"":0.2586,""y"":0.3199,""tSec"":6.45,""_id"":""69bf216c24a0f4fafcac9653""},{""x"":0.2656,""y"":0.3187,""tSec"":6.55,""_id"":""69bf216c24a0f4fafcac9654""},{""x"":0.2733,""y"":0.3176,""tSec"":6.6,""_id"":""69bf216c24a0f4fafcac9655""},{""x"":0.2804,""y"":0.3165,""tSec"":6.7,""_id"":""69bf216c24a0f4fafcac9656""},{""x"":0.2881,""y"":0.3154,""tSec"":6.75,""_id"":""69bf216c24a0f4fafcac9657""},{""x"":0.2967,""y"":0.3153,""tSec"":6.8,""_id"":""69bf216c24a0f4fafcac9658""},{""x"":0.3046,""y"":0.3153,""tSec"":6.9,""_id"":""69bf216c24a0f4fafcac9659""},{""x"":0.3117,""y"":0.3172,""tSec"":6.95,""_id"":""69bf216c24a0f4fafcac965a""},{""x"":0.3195,""y"":0.3212,""tSec"":7.05,""_id"":""69bf216c24a0f4fafcac965b""},{""x"":0.3258,""y"":0.3265,""tSec"":7.1,""_id"":""69bf216c24a0f4fafcac965c""},{""x"":0.332,""y"":0.3319,""tSec"":7.2,""_id"":""69bf216c24a0f4fafcac965d""},{""x"":0.3381,""y"":0.3382,""tSec"":7.25,""_id"":""69bf216c24a0f4fafcac965e""},{""x"":0.3426,""y"":0.3437,""tSec"":7.3,""_id"":""69bf216c24a0f4fafcac965f""},{""x"":0.3477,""y"":0.3501,""tSec"":7.35,""_id"":""69bf216c24a0f4fafcac9660""},{""x"":0.3506,""y"":0.3566,""tSec"":7.4,""_id"":""69bf216c24a0f4fafcac9661""},{""x"":0.3533,""y"":0.3641,""tSec"":7.5,""_id"":""69bf216c24a0f4fafcac9662""},{""x"":0.3574,""y"":0.3746,""tSec"":7.5,""_id"":""69bf216c24a0f4fafcac9663""},{""x"":0.361,""y"":0.3825,""tSec"":7.55,""_id"":""69bf216c24a0f4fafcac9664""},{""x"":0.3645,""y"":0.3901,""tSec"":7.55,""_id"":""69bf216c24a0f4fafcac9665""},{""x"":0.368,""y"":0.3977,""tSec"":7.6,""_id"":""69bf216c24a0f4fafcac9666""},{""x"":0.3715,""y"":0.4062,""tSec"":7.6,""_id"":""69bf216c24a0f4fafcac9667""},{""x"":0.3772,""y"":0.4215,""tSec"":7.65,""_id"":""69bf216c24a0f4fafcac9668""},{""x"":0.3795,""y"":0.4291,""tSec"":7.65,""_id"":""69bf216c24a0f4fafcac9669""},{""x"":0.3813,""y"":0.4386,""tSec"":7.65,""_id"":""69bf216c24a0f4fafcac966a""},{""x"":0.3831,""y"":0.4474,""tSec"":7.7,""_id"":""69bf216c24a0f4fafcac966b""},{""x"":0.3833,""y"":0.4599,""tSec"":7.75,""_id"":""69bf216c24a0f4fafcac966c""},{""x"":0.3833,""y"":0.4719,""tSec"":7.8,""_id"":""69bf216c24a0f4fafcac966d""},{""x"":0.3833,""y"":0.4828,""tSec"":7.8,""_id"":""69bf216c24a0f4fafcac966e""},{""x"":0.3833,""y"":0.4936,""tSec"":7.85,""_id"":""69bf216c24a0f4fafcac966f""},{""x"":0.3833,""y"":0.5035,""tSec"":7.9,""_id"":""69bf216c24a0f4fafcac9670""},{""x"":0.3833,""y"":0.5124,""tSec"":7.95,""_id"":""69bf216c24a0f4fafcac9671""},{""x"":0.3833,""y"":0.522,""tSec"":8,""_id"":""69bf216c24a0f4fafcac9672""},{""x"":0.3833,""y"":0.5327,""tSec"":8.05,""_id"":""69bf216c24a0f4fafcac9673""},{""x"":0.3833,""y"":0.5397,""tSec"":8.1,""_id"":""69bf216c24a0f4fafcac9674""},{""x"":0.3833,""y"":0.5472,""tSec"":8.15,""_id"":""69bf216c24a0f4fafcac9675""},{""x"":0.3856,""y"":0.5548,""tSec"":8.2,""_id"":""69bf216c24a0f4fafcac9676""},{""x"":0.3889,""y"":0.5624,""tSec"":8.25,""_id"":""69bf216c24a0f4fafcac9677""},{""x"":0.3924,""y"":0.57,""tSec"":8.3,""_id"":""69bf216c24a0f4fafcac9678""},{""x"":0.3974,""y"":0.5823,""tSec"":8.4,""_id"":""69bf216c24a0f4fafcac9679""},{""x"":0.4003,""y"":0.5895,""tSec"":8.4,""_id"":""69bf216c24a0f4fafcac967a""},{""x"":0.4037,""y"":0.5961,""tSec"":8.45,""_id"":""69bf216c24a0f4fafcac967b""},{""x"":0.4072,""y"":0.6026,""tSec"":8.45,""_id"":""69bf216c24a0f4fafcac967c""},{""x"":0.4099,""y"":0.611,""tSec"":8.5,""_id"":""69bf216c24a0f4fafcac967d""},{""x"":0.414,""y"":0.6196,""tSec"":8.55,""_id"":""69bf216c24a0f4fafcac967e""},{""x"":0.4176,""y"":0.6273,""tSec"":8.6,""_id"":""69bf216c24a0f4fafcac967f""},{""x"":0.4219,""y"":0.634,""tSec"":8.6,""_id"":""69bf216c24a0f4fafcac9680""},{""x"":0.4247,""y"":0.6405,""tSec"":8.65,""_id"":""69bf216c24a0f4fafcac9681""},{""x"":0.4281,""y"":0.647,""tSec"":8.7,""_id"":""69bf216c24a0f4fafcac9682""},{""x"":0.4316,""y"":0.6535,""tSec"":8.7,""_id"":""69bf216c24a0f4fafcac9683""},{""x"":0.435,""y"":0.66,""tSec"":8.75,""_id"":""69bf216c24a0f4fafcac9684""},{""x"":0.4401,""y"":0.6665,""tSec"":8.85,""_id"":""69bf216c24a0f4fafcac9685""},{""x"":0.4445,""y"":0.672,""tSec"":8.9,""_id"":""69bf216c24a0f4fafcac9686""},{""x"":0.455,""y"":0.6794,""tSec"":8.95,""_id"":""69bf216c24a0f4fafcac9687""},{""x"":0.467,""y"":0.6889,""tSec"":9,""_id"":""69bf216c24a0f4fafcac9688""},{""x"":0.4754,""y"":0.6958,""tSec"":9,""_id"":""69bf216c24a0f4fafcac9689""},{""x"":0.4878,""y"":0.7051,""tSec"":9.05,""_id"":""69bf216c24a0f4fafcac968a""},{""x"":0.4962,""y"":0.711,""tSec"":9.05,""_id"":""69bf216c24a0f4fafcac968b""},{""x"":0.5034,""y"":0.7156,""tSec"":9.1,""_id"":""69bf216c24a0f4fafcac968c""},{""x"":0.5096,""y"":0.7199,""tSec"":9.1,""_id"":""69bf216c24a0f4fafcac968d""},{""x"":0.5165,""y"":0.7242,""tSec"":9.15,""_id"":""69bf216c24a0f4fafcac968e""},{""x"":0.5242,""y"":0.7276,""tSec"":9.15,""_id"":""69bf216c24a0f4fafcac968f""},{""x"":0.5328,""y"":0.73,""tSec"":9.2,""_id"":""69bf216c24a0f4fafcac9690""},{""x"":0.5492,""y"":0.7331,""tSec"":9.25,""_id"":""69bf216c24a0f4fafcac9691""},{""x"":0.5603,""y"":0.7344,""tSec"":9.25,""_id"":""69bf216c24a0f4fafcac9692""},{""x"":0.5824,""y"":0.7346,""tSec"":9.3,""_id"":""69bf216c24a0f4fafcac9693""},{""x"":0.5904,""y"":0.7327,""tSec"":9.3,""_id"":""69bf216c24a0f4fafcac9694""},{""x"":0.599,""y"":0.7287,""tSec"":9.3,""_id"":""69bf216c24a0f4fafcac9695""},{""x"":0.6054,""y"":0.7244,""tSec"":9.35,""_id"":""69bf216c24a0f4fafcac9696""},{""x"":0.6123,""y"":0.7182,""tSec"":9.4,""_id"":""69bf216c24a0f4fafcac9697""},{""x"":0.6208,""y"":0.7098,""tSec"":9.45,""_id"":""69bf216c24a0f4fafcac9698""},{""x"":0.6279,""y"":0.705,""tSec"":9.5,""_id"":""69bf216c24a0f4fafcac9699""},{""x"":0.6372,""y"":0.7044,""tSec"":9.55,""_id"":""69bf216c24a0f4fafcac969a""},{""x"":0.646,""y"":0.7043,""tSec"":9.6,""_id"":""69bf216c24a0f4fafcac969b""},{""x"":0.6532,""y"":0.7043,""tSec"":9.65,""_id"":""69bf216c24a0f4fafcac969c""},{""x"":0.6617,""y"":0.7043,""tSec"":9.7,""_id"":""69bf216c24a0f4fafcac969d""},{""x"":0.6681,""y"":0.7014,""tSec"":9.8,""_id"":""69bf216c24a0f4fafcac969e""},{""x"":0.6735,""y"":0.6963,""tSec"":9.85,""_id"":""69bf216c24a0f4fafcac969f""},{""x"":0.6803,""y"":0.6919,""tSec"":9.95,""_id"":""69bf216c24a0f4fafcac96a0""},{""x"":0.6865,""y"":0.6875,""tSec"":10.05,""_id"":""69bf216c24a0f4fafcac96a1""},{""x"":0.6934,""y"":0.6851,""tSec"":10.3,""_id"":""69bf216c24a0f4fafcac96a2""},{""x"":0.7003,""y"":0.6829,""tSec"":10.5,""_id"":""69bf216c24a0f4fafcac96a3""},{""x"":0.7073,""y"":0.6807,""tSec"":10.65,""_id"":""69bf216c24a0f4fafcac96a4""},{""x"":0.7135,""y"":0.6767,""tSec"":10.8,""_id"":""69bf216c24a0f4fafcac96a5""},{""x"":0.7196,""y"":0.6724,""tSec"":10.9,""_id"":""69bf216c24a0f4fafcac96a6""},{""x"":0.7218,""y"":0.6652,""tSec"":11.05,""_id"":""69bf216c24a0f4fafcac96a7""},{""x"":0.7236,""y"":0.6576,""tSec"":11.15,""_id"":""69bf216c24a0f4fafcac96a8""},{""x"":0.7276,""y"":0.65,""tSec"":11.3,""_id"":""69bf216c24a0f4fafcac96a9""},{""x"":0.7289,""y"":0.6424,""tSec"":11.4,""_id"":""69bf216c24a0f4fafcac96aa""},{""x"":0.7306,""y"":0.6348,""tSec"":11.55,""_id"":""69bf216c24a0f4fafcac96ab""},{""x"":0.7331,""y"":0.6282,""tSec"":11.8,""_id"":""69bf216c24a0f4fafcac96ac""},{""x"":0.7364,""y"":0.6217,""tSec"":12.3,""_id"":""69bf216c24a0f4fafcac96ad""},{""x"":0.7422,""y"":0.6171,""tSec"":12.85,""_id"":""69bf216c24a0f4fafcac96ae""},{""x"":0.7476,""y"":0.6118,""tSec"":13.85,""_id"":""69bf216c24a0f4fafcac96af""},{""x"":0.7505,""y"":0.6045,""tSec"":17,""_id"":""69bf216c24a0f4fafcac96b0""}],""shotMarkers"":[],""fingerprint"":""6416fe1c"",""_id"":""69bf216c24a0f4fafcac95ea""}",right,5.0,0.0,0.0,1.0,0.0,comms,1.0,None,False,ok,0.0,0.0,0.0,0.0,0.0,0.0,0.0,0.0,0.0,"Auto worked, but robot could not drive ",False,26,0.0,0,0.0,0.0,0.0,0.0,0.0,0.0,0.0,0.0,False,red_1,Mmasi,0.0,0.0,0,0.0,0.0,0.0,0.0,0.0,0.0,0.0,0.0,4123,0.0,0.0,0.0,0.0,0.0,0.0,0.0,None,0
"{""totalSec"":163,""autoEndSec"":20,""delayEndSec"":23,""intervals"":[{""action"":""shoot"",""startSec"":24.65,""endSec"":25.95,""durationSec"":1.3,""_id"":""69bf217924a0f4fafcac96b7""},{""action"":""shoot"",""startSec"":27.95,""endSec"":28.5,""durationSec"":0.55,""_id"":""69bf217924a0f4fafcac96b8""},{""action"":""shoot"",""startSec"":41.2,""endSec"":42.35,""durationSec"":1.15,""_id"":""69bf217924a0f4fafcac96b9""},{""action"":""shoot"",""startSec"":48.6,""endSec"":53.1,""durationSec"":4.5,""_id"":""69bf217924a0f4fafcac96ba""},{""action"":""shoot"",""startSec"":54.75,""endSec"":56.55,""durationSec"":1.8,""_id"":""69bf217924a0f4fafcac96bb""},{""action"":""shoot"",""startSec"":81.95,""endSec"":83.25,""durationSec"":1.3,""_id"":""69bf217924a0f4fafcac96bc""},{""action"":""shoot"",""startSec"":86.25,""endSec"":89.41,""durationSec"":3.16,""_id"":""69bf217924a0f4fafcac96bd""},{""action"":""shoot"",""startSec"":92.1,""endSec"":93.8,""durationSec"":1.7,""_id"":""69bf217924a0f4fafcac96be""},{""action"":""shoot"",""startSec"":129.85,""endSec"":130.36,""durationSec"":0.51,""_id"":""69bf217924a0f4fafcac96bf""},{""action"":""shoot"",""startSec"":132.1,""endSec"":132.22,""durationSec"":0.12,""_id"":""69bf217924a0f4fafcac96c0""},{""action"":""shoot"",""startSec"":133.55,""endSec"":136.5,""durationSec"":2.95,""_id"":""69bf217924a0f4fafcac96c1""},{""action"":""shoot"",""startSec"":138.8,""endSec"":139.15,""durationSec"":0.35,""_id"":""69bf217924a0f4fafcac96c2""},{""action"":""shoot"",""startSec"":139.85,""endSec"":140.2,""durationSec"":0.35,""_id"":""69bf217924a0f4fafcac96c3""},{""action"":""shoot"",""startSec"":140.55,""endSec"":140.71,""durationSec"":0.16,""_id"":""69bf217924a0f4fafcac96c4""},{""action"":""shoot"",""startSec"":140.95,""endSec"":141.05,""durationSec"":0.1,""_id"":""69bf217924a0f4fafcac96c5""},{""action"":""shoot"",""startSec"":141.2,""endSec"":141.3,""durationSec"":0.1,""_id"":""69bf217924a0f4fafcac96c6""},{""action"":""shoot"",""startSec"":141.45,""endSec"":141.51,""durationSec"":0.06,""_id"":""69bf217924a0f4fafcac96c7""},{""action"":""shoot"",""startSec"":141.7,""endSec"":141.8,""durationSec"":0.1,""_id"":""69bf217924a0f4fafcac96c8""},{""action"":""shoot"",""startSec"":142.05,""endSec"":142.15,""durationSec"":0.1,""_id"":""69bf217924a0f4fafcac96c9""},{""action"":""shoot"",""startSec"":142.45,""endSec"":142.55,""durationSec"":0.1,""_id"":""69bf217924a0f4fafcac96ca""},{""action"":""shoot"",""startSec"":142.8,""endSec"":142.9,""durationSec"":0.1,""_id"":""69bf217924a0f4fafcac96cb""},{""action"":""shoot"",""startSec"":143.15,""endSec"":143.2,""durationSec"":0.05,""_id"":""69bf217924a0f4fafcac96cc""},{""action"":""shoot"",""startSec"":143.5,""endSec"":143.6,""durationSec"":0.1,""_id"":""69bf217924a0f4fafcac96cd""},{""action"":""shoot"",""startSec"":143.8,""endSec"":143.9,""durationSec"":0.1,""_id"":""69bf217924a0f4fafcac96ce""},{""action"":""shoot"",""startSec"":144.15,""endSec"":144.22,""durationSec"":0.07,""_id"":""69bf217924a0f4fafcac96cf""},{""action"":""shoot"",""startSec"":144.5,""endSec"":144.57,""durationSec"":0.07,""_id"":""69bf217924a0f4fafcac96d0""},{""action"":""shoot"",""startSec"":144.8,""endSec"":144.88,""durationSec"":0.08,""_id"":""69bf217924a0f4fafcac96d1""},{""action"":""shoot"",""startSec"":145.05,""endSec"":145.13,""durationSec"":0.08,""_id"":""69bf217924a0f4fafcac96d2""},{""action"":""shoot"",""startSec"":145.4,""endSec"":145.46,""durationSec"":0.06,""_id"":""69bf217924a0f4fafcac96d3""},{""action"":""shoot"",""startSec"":145.8,""endSec"":145.9,""durationSec"":0.1,""_id"":""69bf217924a0f4fafcac96d4""},{""action"":""shoot"",""startSec"":146.1,""endSec"":146.16,""durationSec"":0.06,""_id"":""69bf217924a0f4fafcac96d5""},{""action"":""shoot"",""startSec"":146.35,""endSec"":146.42,""durationSec"":0.07,""_id"":""69bf217924a0f4fafcac96d6""},{""action"":""shoot"",""startSec"":146.6,""endSec"":146.7,""durationSec"":0.1,""_id"":""69bf217924a0f4fafcac96d7""},{""action"":""shoot"",""startSec"":146.8,""endSec"":146.9,""durationSec"":0.1,""_id"":""69bf217924a0f4fafcac96d8""},{""action"":""shoot"",""startSec"":147.05,""endSec"":147.1,""durationSec"":0.05,""_id"":""69bf217924a0f4fafcac96d9""},{""action"":""shoot"",""startSec"":147.25,""endSec"":147.5,""durationSec"":0.25,""_id"":""69bf217924a0f4fafcac96da""},{""action"":""shoot"",""startSec"":147.6,""endSec"":147.7,""durationSec"":0.1,""_id"":""69bf217924a0f4fafcac96db""},{""action"":""shoot"",""startSec"":147.8,""endSec"":147.91,""durationSec"":0.11,""_id"":""69bf217924a0f4fafcac96dc""},{""action"":""shoot"",""startSec"":148,""endSec"":148.1,""durationSec"":0.1,""_id"":""69bf217924a0f4fafcac96dd""},{""action"":""shoot"",""startSec"":148.2,""endSec"":148.45,""durationSec"":0.25,""_id"":""69bf217924a0f4fafcac96de""},{""action"":""shoot"",""startSec"":148.55,""endSec"":148.65,""durationSec"":0.1,""_id"":""69bf217924a0f4fafcac96df""}],""_id"":""69bf217924a0f4fafcac96b6""}",0.0,{},,5.0,0.0,0.0,0.0,0.0,None,0.0,None,False,ok,112.8,0.0,112.8,0.0,0.0,0.0,0.0,0.0,0.0,,True,26,0.0,0,0.0,0.0,0.0,0.0,0.0,0.0,0.0,0.0,False,red_2,Kinnon,0.35,22.56,41,0.1,0.0,6.47,4.9,4.4,6.16,0.63,0.0,1661,32.35,24.5,22.0,30.8,3.15,112.80000000000001,0.0,None,41
"{""totalSec"":163,""autoEndSec"":20,""delayEndSec"":23,""intervals"":[],""_id"":""69bf218524a0f4fafcac96e7""}",0.0,{},,5.0,0.0,0.0,0.0,0.0,None,0.0,None,False,ok,0.0,0.0,0.0,0.0,0.0,0.0,0.0,0.0,0.0,,False,26,0.0,0,0.0,0.0,0.0,0.0,0.0,0.0,0.0,0.0,False,red_3,Bradley,0.0,0.0,0,0.0,0.0,0.0,0.0,0.0,0.0,0.0,0.0,6220,0.0,0.0,0.0,0.0,0.0,0.0,0.0,None,0
"{""totalSec"":163,""autoEndSec"":20,""delayEndSec"":23,""intervals"":[{""action"":""shoot"",""startSec"":26.5,""endSec"":26.75,""durationSec"":0.25,""_id"":""69bf21ac24a0f4fafcac9745""},{""action"":""pass"",""startSec"":38.1,""endSec"":40.45,""durationSec"":2.35,""_id"":""69bf21ac24a0f4fafcac9746""},{""action"":""shoot"",""startSec"":64.38,""endSec"":68.38,""durationSec"":4,""_id"":""69bf21ac24a0f4fafcac9747""},{""action"":""shoot"",""startSec"":81.08,""endSec"":81.18,""durationSec"":0.1,""_id"":""69bf21ac24a0f4fafcac9748""},{""action"":""shoot"",""startSec"":83.68,""endSec"":84.38,""durationSec"":0.7,""_id"":""69bf21ac24a0f4fafcac9749""},{""action"":""pass"",""startSec"":101.38,""endSec"":104.13,""durationSec"":2.75,""_id"":""69bf21ac24a0f4fafcac974a""},{""action"":""shoot"",""startSec"":113.93,""endSec"":114.3,""durationSec"":0.37,""_id"":""69bf21ac24a0f4fafcac974b""},{""action"":""shoot"",""startSec"":117.93,""endSec"":120.65,""durationSec"":2.72,""_id"":""69bf21ac24a0f4fafcac974c""},{""action"":""shoot"",""startSec"":127.08,""endSec"":127.25,""durationSec"":0.17,""_id"":""69bf21ac24a0f4fafcac974d""},{""action"":""shoot"",""startSec"":128.78,""endSec"":130.78,""durationSec"":2,""_id"":""69bf21ac24a0f4fafcac974e""},{""action"":""shoot"",""startSec"":136.18,""endSec"":138.68,""durationSec"":2.5,""_id"":""69bf21ac24a0f4fafcac974f""},{""action"":""shoot"",""startSec"":139.68,""endSec"":141.83,""durationSec"":2.15,""_id"":""69bf21ac24a0f4fafcac9750""},{""action"":""shoot"",""startSec"":152.63,""endSec"":155.83,""durationSec"":3.2,""_id"":""69bf21ac24a0f4fafcac9751""},{""action"":""shoot"",""startSec"":162.83,""endSec"":163,""durationSec"":0.17,""_id"":""69bf21ac24a0f4fafcac9752""}],""_id"":""69bf21ac24a0f4fafcac9744""}",0.0,"{""alliance"":""blue"",""startPosition"":""center"",""points"":[{""x"":0.34,""y"":0.5,""tSec"":2.95,""_id"":""69bf21ac24a0f4fafcac96f3""},{""x"":0.3283,""y"":0.4845,""tSec"":2.95,""_id"":""69bf21ac24a0f4fafcac96f4""},{""x"":0.3207,""y"":0.4827,""tSec"":3.05,""_id"":""69bf21ac24a0f4fafcac96f5""},{""x"":0.2792,""y"":0.5477,""tSec"":3.15,""_id"":""69bf21ac24a0f4fafcac96f6""},{""x"":0.2696,""y"":0.5631,""tSec"":3.15,""_id"":""69bf21ac24a0f4fafcac96f7""},{""x"":0.2546,""y"":0.5895,""tSec"":3.2,""_id"":""69bf21ac24a0f4fafcac96f8""},{""x"":0.2483,""y"":0.6012,""tSec"":3.2,""_id"":""69bf21ac24a0f4fafcac96f9""},{""x"":0.2337,""y"":0.6262,""tSec"":3.25,""_id"":""69bf21ac24a0f4fafcac96fa""},{""x"":0.2158,""y"":0.6689,""tSec"":3.3,""_id"":""69bf21ac24a0f4fafcac96fb""},{""x"":0.193,""y"":0.7176,""tSec"":3.35,""_id"":""69bf21ac24a0f4fafcac96fc""},{""x"":0.1734,""y"":0.7499,""tSec"":3.4,""_id"":""69bf21ac24a0f4fafcac96fd""},{""x"":0.1496,""y"":0.7831,""tSec"":3.45,""_id"":""69bf21ac24a0f4fafcac96fe""},{""x"":0.1314,""y"":0.805,""tSec"":3.5,""_id"":""69bf21ac24a0f4fafcac96ff""},{""x"":0.1238,""y"":0.8161,""tSec"":3.5,""_id"":""69bf21ac24a0f4fafcac9700""},{""x"":0.1191,""y"":0.8241,""tSec"":3.55,""_id"":""69bf21ac24a0f4fafcac9701""},{""x"":0.1132,""y"":0.8307,""tSec"":3.6,""_id"":""69bf21ac24a0f4fafcac9702""},{""x"":0.1102,""y"":0.8372,""tSec"":3.65,""_id"":""69bf21ac24a0f4fafcac9703""},{""x"":0.1206,""y"":0.8389,""tSec"":3.85,""_id"":""69bf21ac24a0f4fafcac9704""},{""x"":0.1295,""y"":0.8363,""tSec"":3.9,""_id"":""69bf21ac24a0f4fafcac9705""},{""x"":0.1413,""y"":0.8331,""tSec"":3.9,""_id"":""69bf21ac24a0f4fafcac9706""},{""x"":0.1519,""y"":0.8308,""tSec"":3.9,""_id"":""69bf21ac24a0f4fafcac9707""},{""x"":0.1677,""y"":0.8249,""tSec"":3.95,""_id"":""69bf21ac24a0f4fafcac9708""},{""x"":0.1834,""y"":0.8157,""tSec"":4,""_id"":""69bf21ac24a0f4fafcac9709""},{""x"":0.2006,""y"":0.8023,""tSec"":4,""_id"":""69bf21ac24a0f4fafcac970a""},{""x"":0.2211,""y"":0.7894,""tSec"":4.05,""_id"":""69bf21ac24a0f4fafcac970b""},{""x"":0.2335,""y"":0.7831,""tSec"":4.05,""_id"":""69bf21ac24a0f4fafcac970c""},{""x"":0.2419,""y"":0.7785,""tSec"":4.1,""_id"":""69bf21ac24a0f4fafcac970d""},{""x"":0.2482,""y"":0.7752,""tSec"":4.1,""_id"":""69bf21ac24a0f4fafcac970e""},{""x"":0.2529,""y"":0.7672,""tSec"":4.15,""_id"":""69bf21ac24a0f4fafcac970f""},{""x"":0.2557,""y"":0.7596,""tSec"":4.2,""_id"":""69bf21ac24a0f4fafcac9710""},{""x"":0.2575,""y"":0.752,""tSec"":4.25,""_id"":""69bf21ac24a0f4fafcac9711""},{""x"":0.2608,""y"":0.7445,""tSec"":4.3,""_id"":""69bf21ac24a0f4fafcac9712""},{""x"":0.2651,""y"":0.738,""tSec"":4.35,""_id"":""69bf21ac24a0f4fafcac9713""},{""x"":0.2702,""y"":0.7305,""tSec"":4.45,""_id"":""69bf21ac24a0f4fafcac9714""},{""x"":0.2716,""y"":0.723,""tSec"":4.55,""_id"":""69bf21ac24a0f4fafcac9715""},{""x"":0.2718,""y"":0.7155,""tSec"":4.65,""_id"":""69bf21ac24a0f4fafcac9716""},{""x"":0.2656,""y"":0.7212,""tSec"":15.8,""_id"":""69bf21ac24a0f4fafcac9717""},{""x"":0.268,""y"":0.7115,""tSec"":15.9,""_id"":""69bf21ac24a0f4fafcac9718""},{""x"":0.2821,""y"":0.6791,""tSec"":15.95,""_id"":""69bf21ac24a0f4fafcac9719""},{""x"":0.2883,""y"":0.6611,""tSec"":15.95,""_id"":""69bf21ac24a0f4fafcac971a""},{""x"":0.2975,""y"":0.6192,""tSec"":15.95,""_id"":""69bf21ac24a0f4fafcac971b""},{""x"":0.2894,""y"":0.5414,""tSec"":16.05,""_id"":""69bf21ac24a0f4fafcac971c""},{""x"":0.2839,""y"":0.5141,""tSec"":16.05,""_id"":""69bf21ac24a0f4fafcac971d""},{""x"":0.2809,""y"":0.5013,""tSec"":16.05,""_id"":""69bf21ac24a0f4fafcac971e""},{""x"":0.2736,""y"":0.4724,""tSec"":16.1,""_id"":""69bf21ac24a0f4fafcac971f""},{""x"":0.2681,""y"":0.4509,""tSec"":16.1,""_id"":""69bf21ac24a0f4fafcac9720""},{""x"":0.2606,""y"":0.4248,""tSec"":16.15,""_id"":""69bf21ac24a0f4fafcac9721""},{""x"":0.2474,""y"":0.4017,""tSec"":16.2,""_id"":""69bf21ac24a0f4fafcac9722""},{""x"":0.2267,""y"":0.3763,""tSec"":16.25,""_id"":""69bf21ac24a0f4fafcac9723""},{""x"":0.2104,""y"":0.3591,""tSec"":16.25,""_id"":""69bf21ac24a0f4fafcac9724""},{""x"":0.187,""y"":0.3372,""tSec"":16.3,""_id"":""69bf21ac24a0f4fafcac9725""},{""x"":0.165,""y"":0.3175,""tSec"":16.3,""_id"":""69bf21ac24a0f4fafcac9726""},{""x"":0.1509,""y"":0.3038,""tSec"":16.35,""_id"":""69bf21ac24a0f4fafcac9727""},{""x"":0.1385,""y"":0.2927,""tSec"":16.35,""_id"":""69bf21ac24a0f4fafcac9728""},{""x"":0.127,""y"":0.2819,""tSec"":16.4,""_id"":""69bf21ac24a0f4fafcac9729""},{""x"":0.1202,""y"":0.2759,""tSec"":16.4,""_id"":""69bf21ac24a0f4fafcac972a""},{""x"":0.108,""y"":0.2667,""tSec"":16.45,""_id"":""69bf21ac24a0f4fafcac972b""},{""x"":0.0858,""y"":0.2552,""tSec"":16.45,""_id"":""69bf21ac24a0f4fafcac972c""},{""x"":0.0762,""y"":0.2519,""tSec"":16.45,""_id"":""69bf21ac24a0f4fafcac972d""},{""x"":0.0635,""y"":0.2496,""tSec"":16.5,""_id"":""69bf21ac24a0f4fafcac972e""},{""x"":0.0498,""y"":0.2484,""tSec"":16.55,""_id"":""69bf21ac24a0f4fafcac972f""},{""x"":0.0397,""y"":0.2463,""tSec"":16.6,""_id"":""69bf21ac24a0f4fafcac9730""},{""x"":0.0324,""y"":0.2452,""tSec"":16.7,""_id"":""69bf21ac24a0f4fafcac9731""},{""x"":0.0445,""y"":0.2478,""tSec"":16.8,""_id"":""69bf21ac24a0f4fafcac9732""},{""x"":0.0551,""y"":0.2519,""tSec"":16.8,""_id"":""69bf21ac24a0f4fafcac9733""},{""x"":0.0687,""y"":0.2581,""tSec"":16.85,""_id"":""69bf21ac24a0f4fafcac9734""},{""x"":0.0764,""y"":0.2617,""tSec"":16.85,""_id"":""69bf21ac24a0f4fafcac9735""},{""x"":0.1042,""y"":0.2763,""tSec"":16.85,""_id"":""69bf21ac24a0f4fafcac9736""},{""x"":0.1305,""y"":0.2856,""tSec"":16.9,""_id"":""69bf21ac24a0f4fafcac9737""},{""x"":0.159,""y"":0.2924,""tSec"":16.9,""_id"":""69bf21ac24a0f4fafcac9738""},{""x"":0.1977,""y"":0.2998,""tSec"":16.95,""_id"":""69bf21ac24a0f4fafcac9739""},{""x"":0.2192,""y"":0.3045,""tSec"":16.95,""_id"":""69bf21ac24a0f4fafcac973a""},{""x"":0.2279,""y"":0.307,""tSec"":17,""_id"":""69bf21ac24a0f4fafcac973b""},{""x"":0.2366,""y"":0.311,""tSec"":17,""_id"":""69bf21ac24a0f4fafcac973c""},{""x"":0.2469,""y"":0.3229,""tSec"":17.05,""_id"":""69bf21ac24a0f4fafcac973d""},{""x"":0.2527,""y"":0.3319,""tSec"":17.1,""_id"":""69bf21ac24a0f4fafcac973e""},{""x"":0.2565,""y"":0.3396,""tSec"":17.15,""_id"":""69bf21ac24a0f4fafcac973f""},{""x"":0.2615,""y"":0.3461,""tSec"":17.2,""_id"":""69bf21ac24a0f4fafcac9740""},{""x"":0.2698,""y"":0.3526,""tSec"":17.25,""_id"":""69bf21ac24a0f4fafcac9741""},{""x"":0.2769,""y"":0.3544,""tSec"":17.3,""_id"":""69bf21ac24a0f4fafcac9742""},{""x"":0.2846,""y"":0.3555,""tSec"":17.4,""_id"":""69bf21ac24a0f4fafcac9743""}],""shotMarkers"":[],""fingerprint"":""fda6be48"",""_id"":""69bf21ac24a0f4fafcac96f2""}",center,5.0,0.0,0.0,0.0,0.0,None,0.0,None,False,ok,91.65,25.5,91.65,0.0,0.0,0.0,0.0,0.0,0.0,,True,26,5.1,2,2.55,0.0,0.0,2.35,0.0,2.75,0.0,0.0,False,blue_2,Awishkar,9.15,18.33,12,1.35,0.0,8.02,0.25,4.0,0.8,5.26,0.0,2710,40.1,1.25,20.0,4.0,26.3,91.65,0.0,None,14
"{""totalSec"":163,""autoEndSec"":20,""delayEndSec"":23,""intervals"":[{""action"":""shoot"",""startSec"":30.92,""endSec"":32.02,""durationSec"":1.1,""_id"":""69bf21bb24a0f4fafcac976c""},{""action"":""shoot"",""startSec"":33.22,""endSec"":34.37,""durationSec"":1.15,""_id"":""69bf21bb24a0f4fafcac976d""},{""action"":""shoot"",""startSec"":35.37,""endSec"":36.27,""durationSec"":0.9,""_id"":""69bf21bb24a0f4fafcac976e""}],""_id"":""69bf21bb24a0f4fafcac976b""}",0.0,"{""alliance"":""blue"",""startPosition"":""left"",""points"":[{""x"":0.34,""y"":0.67,""tSec"":9.05,""_id"":""69bf21bb24a0f4fafcac9758""},{""x"":0.3558,""y"":0.6751,""tSec"":9.05,""_id"":""69bf21bb24a0f4fafcac9759""},{""x"":0.3562,""y"":0.6975,""tSec"":12.75,""_id"":""69bf21bb24a0f4fafcac975a""},{""x"":0.3578,""y"":0.7087,""tSec"":12.8,""_id"":""69bf21bb24a0f4fafcac975b""},{""x"":0.3603,""y"":0.7318,""tSec"":12.85,""_id"":""69bf21bb24a0f4fafcac975c""},{""x"":0.3614,""y"":0.7431,""tSec"":12.85,""_id"":""69bf21bb24a0f4fafcac975d""},{""x"":0.3638,""y"":0.7803,""tSec"":12.9,""_id"":""69bf21bb24a0f4fafcac975e""},{""x"":0.3649,""y"":0.8056,""tSec"":12.95,""_id"":""69bf21bb24a0f4fafcac975f""},{""x"":0.3658,""y"":0.8199,""tSec"":12.95,""_id"":""69bf21bb24a0f4fafcac9760""},{""x"":0.3659,""y"":0.8321,""tSec"":13,""_id"":""69bf21bb24a0f4fafcac9761""},{""x"":0.3659,""y"":0.8392,""tSec"":13,""_id"":""69bf21bb24a0f4fafcac9762""},{""x"":0.3643,""y"":0.8486,""tSec"":13.1,""_id"":""69bf21bb24a0f4fafcac9763""},{""x"":0.3618,""y"":0.8573,""tSec"":13.1,""_id"":""69bf21bb24a0f4fafcac9764""},{""x"":0.3592,""y"":0.8668,""tSec"":13.15,""_id"":""69bf21bb24a0f4fafcac9765""},{""x"":0.3581,""y"":0.8793,""tSec"":13.2,""_id"":""69bf21bb24a0f4fafcac9766""},{""x"":0.358,""y"":0.8921,""tSec"":13.2,""_id"":""69bf21bb24a0f4fafcac9767""},{""x"":0.358,""y"":0.9004,""tSec"":13.25,""_id"":""69bf21bb24a0f4fafcac9768""},{""x"":0.358,""y"":0.908,""tSec"":13.3,""_id"":""69bf21bb24a0f4fafcac9769""},{""x"":0.358,""y"":0.9164,""tSec"":13.4,""_id"":""69bf21bb24a0f4fafcac976a""}],""shotMarkers"":[],""fingerprint"":""7a446def"",""_id"":""69bf21bb24a0f4fafcac9757""}",left,5.0,0.0,0.0,0.0,0.0,None,0.0,None,False,rough,15.75,0.0,15.75,0.0,0.0,0.0,0.0,0.0,0.0,"Shoots slow, intake seems to be broken(?)",True,26,0.0,0,0.0,0.0,0.0,0.0,0.0,0.0,0.0,0.0,False,blue_3,Wesley,2.225,3.15,3,1.1,0.0,0.0,3.15,0.0,0.0,0.0,0.0,1759,0.0,15.75,0.0,0.0,0.0,15.75,0.0,None,3
"{""totalSec"":163,""autoEndSec"":20,""delayEndSec"":23,""intervals"":[{""action"":""shoot"",""startSec"":17.69,""endSec"":18.64,""durationSec"":0.95,""_id"":""69bf21ce24a0f4fafcac9774""},{""action"":""shoot"",""startSec"":31.74,""endSec"":32.44,""durationSec"":0.7,""_id"":""69bf21ce24a0f4fafcac9775""},{""action"":""shoot"",""startSec"":88.19,""endSec"":88.29,""durationSec"":0.1,""_id"":""69bf21ce24a0f4fafcac9776""},{""action"":""shoot"",""startSec"":100.74,""endSec"":100.84,""durationSec"":0.1,""_id"":""69bf21ce24a0f4fafcac9777""},{""action"":""shoot"",""startSec"":106.04,""endSec"":106.14,""durationSec"":0.1,""_id"":""69bf21ce24a0f4fafcac9778""},{""action"":""shoot"",""startSec"":106.29,""endSec"":106.59,""durationSec"":0.3,""_id"":""69bf21ce24a0f4fafcac9779""},{""action"":""shoot"",""startSec"":106.69,""endSec"":106.8,""durationSec"":0.11,""_id"":""69bf21ce24a0f4fafcac977a""},{""action"":""shoot"",""startSec"":106.89,""endSec"":107.14,""durationSec"":0.25,""_id"":""69bf21ce24a0f4fafcac977b""},{""action"":""shoot"",""startSec"":107.24,""endSec"":107.74,""durationSec"":0.5,""_id"":""69bf21ce24a0f4fafcac977c""},{""action"":""shoot"",""startSec"":151.04,""endSec"":151.15,""durationSec"":0.11,""_id"":""69bf21ce24a0f4fafcac977d""},{""action"":""shoot"",""startSec"":151.24,""endSec"":151.34,""durationSec"":0.1,""_id"":""69bf21ce24a0f4fafcac977e""},{""action"":""shoot"",""startSec"":151.44,""endSec"":151.54,""durationSec"":0.1,""_id"":""69bf21ce24a0f4fafcac977f""},{""action"":""shoot"",""startSec"":158.44,""endSec"":158.54,""durationSec"":0.1,""_id"":""69bf21ce24a0f4fafcac9780""}],""_id"":""69bf21ce24a0f4fafcac9773""}",4.75,{},right,5.0,0.0,0.0,0.0,0.0,None,0.0,None,False,rough,17.6,0.0,17.6,0.0,0.0,0.0,0.0,0.0,0.0,Only shots that actually made it where in auto and when they shot it would just barely go in the air ,True,26,0.0,0,0.0,0.0,0.0,0.0,0.0,0.0,0.0,0.0,False,blue_1,Kasandra,2.85,3.52,13,0.11,0.95,0.41,0.7,0.0,0.2,1.26,0.0,6072,2.05,3.5,0.0,1.0,6.3,12.850000000000001,0.0,None,13
"{""totalSec"":163,""autoEndSec"":20,""delayEndSec"":23,""intervals"":[{""action"":""shoot"",""startSec"":34.38,""endSec"":36.88,""durationSec"":2.5,""_id"":""69bf222d24a0f4fafcac985d""},{""action"":""pass"",""startSec"":43.43,""endSec"":44.9,""durationSec"":1.47,""_id"":""69bf222d24a0f4fafcac985e""},{""action"":""shoot"",""startSec"":45.33,""endSec"":45.53,""durationSec"":0.2,""_id"":""69bf222d24a0f4fafcac985f""},{""action"":""shoot"",""startSec"":46.73,""endSec"":47.53,""durationSec"":0.8,""_id"":""69bf222d24a0f4fafcac9860""},{""action"":""shoot"",""startSec"":90.08,""endSec"":91.78,""durationSec"":1.7,""_id"":""69bf222d24a0f4fafcac9861""},{""action"":""shoot"",""startSec"":92.38,""endSec"":92.41,""durationSec"":0.03,""_id"":""69bf222d24a0f4fafcac9862""},{""action"":""shoot"",""startSec"":95.78,""endSec"":97.33,""durationSec"":1.55,""_id"":""69bf222d24a0f4fafcac9863""},{""action"":""pass"",""startSec"":97.78,""endSec"":99.25,""durationSec"":1.47,""_id"":""69bf222d24a0f4fafcac9864""}],""_id"":""69bf222d24a0f4fafcac985c""}",0.0,"{""alliance"":""blue"",""startPosition"":""center"",""points"":[{""x"":0.34,""y"":0.5,""tSec"":2.45,""_id"":""69bf222d24a0f4fafcac9787""},{""x"":0.339,""y"":0.5224,""tSec"":2.45,""_id"":""69bf222d24a0f4fafcac9788""},{""x"":0.3526,""y"":0.5563,""tSec"":3.35,""_id"":""69bf222d24a0f4fafcac9789""},{""x"":0.3405,""y"":0.5584,""tSec"":3.45,""_id"":""69bf222d24a0f4fafcac978a""},{""x"":0.3329,""y"":0.5587,""tSec"":3.45,""_id"":""69bf222d24a0f4fafcac978b""},{""x"":0.3151,""y"":0.5615,""tSec"":3.5,""_id"":""69bf222d24a0f4fafcac978c""},{""x"":0.2977,""y"":0.5732,""tSec"":3.55,""_id"":""69bf222d24a0f4fafcac978d""},{""x"":0.2894,""y"":0.5831,""tSec"":3.55,""_id"":""69bf222d24a0f4fafcac978e""},{""x"":0.2785,""y"":0.5995,""tSec"":3.6,""_id"":""69bf222d24a0f4fafcac978f""},{""x"":0.2718,""y"":0.61,""tSec"":3.65,""_id"":""69bf222d24a0f4fafcac9790""},{""x"":0.2648,""y"":0.6254,""tSec"":3.7,""_id"":""69bf222d24a0f4fafcac9791""},{""x"":0.2602,""y"":0.6584,""tSec"":3.75,""_id"":""69bf222d24a0f4fafcac9792""},{""x"":0.2589,""y"":0.6719,""tSec"":3.75,""_id"":""69bf222d24a0f4fafcac9793""},{""x"":0.2556,""y"":0.6952,""tSec"":3.85,""_id"":""69bf222d24a0f4fafcac9794""},{""x"":0.2545,""y"":0.7066,""tSec"":3.85,""_id"":""69bf222d24a0f4fafcac9795""},{""x"":0.2536,""y"":0.7192,""tSec"":3.9,""_id"":""69bf222d24a0f4fafcac9796""},{""x"":0.2535,""y"":0.7264,""tSec"":3.9,""_id"":""69bf222d24a0f4fafcac9797""},{""x"":0.2535,""y"":0.7405,""tSec"":3.95,""_id"":""69bf222d24a0f4fafcac9798""},{""x"":0.2527,""y"":0.7497,""tSec"":4,""_id"":""69bf222d24a0f4fafcac9799""},{""x"":0.2526,""y"":0.7575,""tSec"":4,""_id"":""69bf222d24a0f4fafcac979a""},{""x"":0.2526,""y"":0.7651,""tSec"":4,""_id"":""69bf222d24a0f4fafcac979b""},{""x"":0.2526,""y"":0.7726,""tSec"":4.05,""_id"":""69bf222d24a0f4fafcac979c""},{""x"":0.2534,""y"":0.781,""tSec"":4.1,""_id"":""69bf222d24a0f4fafcac979d""},{""x"":0.255,""y"":0.7896,""tSec"":4.1,""_id"":""69bf222d24a0f4fafcac979e""},{""x"":0.256,""y"":0.7992,""tSec"":4.15,""_id"":""69bf222d24a0f4fafcac979f""},{""x"":0.2584,""y"":0.8079,""tSec"":4.2,""_id"":""69bf222d24a0f4fafcac97a0""},{""x"":0.2602,""y"":0.8164,""tSec"":4.2,""_id"":""69bf222d24a0f4fafcac97a1""},{""x"":0.2628,""y"":0.8241,""tSec"":4.25,""_id"":""69bf222d24a0f4fafcac97a2""},{""x"":0.2668,""y"":0.8307,""tSec"":4.3,""_id"":""69bf222d24a0f4fafcac97a3""},{""x"":0.2719,""y"":0.8372,""tSec"":4.35,""_id"":""69bf222d24a0f4fafcac97a4""},{""x"":0.2772,""y"":0.8427,""tSec"":4.4,""_id"":""69bf222d24a0f4fafcac97a5""},{""x"":0.2824,""y"":0.8481,""tSec"":4.4,""_id"":""69bf222d24a0f4fafcac97a6""},{""x"":0.2876,""y"":0.8544,""tSec"":4.45,""_id"":""69bf222d24a0f4fafcac97a7""},{""x"":0.2929,""y"":0.8627,""tSec"":4.5,""_id"":""69bf222d24a0f4fafcac97a8""},{""x"":0.2973,""y"":0.8684,""tSec"":4.55,""_id"":""69bf222d24a0f4fafcac97a9""},{""x"":0.3032,""y"":0.8757,""tSec"":4.65,""_id"":""69bf222d24a0f4fafcac97aa""},{""x"":0.3108,""y"":0.8775,""tSec"":4.7,""_id"":""69bf222d24a0f4fafcac97ab""},{""x"":0.3201,""y"":0.8778,""tSec"":4.75,""_id"":""69bf222d24a0f4fafcac97ac""},{""x"":0.3351,""y"":0.8788,""tSec"":4.85,""_id"":""69bf222d24a0f4fafcac97ad""},{""x"":0.3445,""y"":0.8789,""tSec"":4.9,""_id"":""69bf222d24a0f4fafcac97ae""},{""x"":0.3533,""y"":0.8799,""tSec"":4.9,""_id"":""69bf222d24a0f4fafcac97af""},{""x"":0.362,""y"":0.88,""tSec"":4.95,""_id"":""69bf222d24a0f4fafcac97b0""},{""x"":0.3761,""y"":0.8828,""tSec"":4.95,""_id"":""69bf222d24a0f4fafcac97b1""},{""x"":0.3855,""y"":0.8841,""tSec"":5,""_id"":""69bf222d24a0f4fafcac97b2""},{""x"":0.3958,""y"":0.8852,""tSec"":5,""_id"":""69bf222d24a0f4fafcac97b3""},{""x"":0.4101,""y"":0.8853,""tSec"":5.05,""_id"":""69bf222d24a0f4fafcac97b4""},{""x"":0.4179,""y"":0.8863,""tSec"":5.05,""_id"":""69bf222d24a0f4fafcac97b5""},{""x"":0.4311,""y"":0.8864,""tSec"":5.05,""_id"":""69bf222d24a0f4fafcac97b6""},{""x"":0.4388,""y"":0.8864,""tSec"":5.05,""_id"":""69bf222d24a0f4fafcac97b7""},{""x"":0.4536,""y"":0.8864,""tSec"":5.1,""_id"":""69bf222d24a0f4fafcac97b8""},{""x"":0.4622,""y"":0.8864,""tSec"":5.1,""_id"":""69bf222d24a0f4fafcac97b9""},{""x"":0.4694,""y"":0.8864,""tSec"":5.1,""_id"":""69bf222d24a0f4fafcac97ba""},{""x"":0.4833,""y"":0.8854,""tSec"":5.15,""_id"":""69bf222d24a0f4fafcac97bb""},{""x"":0.4918,""y"":0.8844,""tSec"":5.15,""_id"":""69bf222d24a0f4fafcac97bc""},{""x"":0.5067,""y"":0.8824,""tSec"":5.2,""_id"":""69bf222d24a0f4fafcac97bd""},{""x"":0.5269,""y"":0.8793,""tSec"":5.2,""_id"":""69bf222d24a0f4fafcac97be""},{""x"":0.5416,""y"":0.8761,""tSec"":5.25,""_id"":""69bf222d24a0f4fafcac97bf""},{""x"":0.5556,""y"":0.872,""tSec"":5.25,""_id"":""69bf222d24a0f4fafcac97c0""},{""x"":0.5626,""y"":0.8695,""tSec"":5.25,""_id"":""69bf222d24a0f4fafcac97c1""},{""x"":0.5788,""y"":0.8655,""tSec"":5.3,""_id"":""69bf222d24a0f4fafcac97c2""},{""x"":0.5861,""y"":0.8631,""tSec"":5.3,""_id"":""69bf222d24a0f4fafcac97c3""},{""x"":0.5969,""y"":0.86,""tSec"":5.35,""_id"":""69bf222d24a0f4fafcac97c4""},{""x"":0.6059,""y"":0.8577,""tSec"":5.35,""_id"":""69bf222d24a0f4fafcac97c5""},{""x"":0.6154,""y"":0.8546,""tSec"":5.4,""_id"":""69bf222d24a0f4fafcac97c6""},{""x"":0.6242,""y"":0.8523,""tSec"":5.4,""_id"":""69bf222d24a0f4fafcac97c7""},{""x"":0.6322,""y"":0.8492,""tSec"":5.4,""_id"":""69bf222d24a0f4fafcac97c8""},{""x"":0.6392,""y"":0.846,""tSec"":5.45,""_id"":""69bf222d24a0f4fafcac97c9""},{""x"":0.6462,""y"":0.8437,""tSec"":5.45,""_id"":""69bf222d24a0f4fafcac97ca""},{""x"":0.6563,""y"":0.8378,""tSec"":5.5,""_id"":""69bf222d24a0f4fafcac97cb""},{""x"":0.6698,""y"":0.8314,""tSec"":5.55,""_id"":""69bf222d24a0f4fafcac97cc""},{""x"":0.6768,""y"":0.8268,""tSec"":5.6,""_id"":""69bf222d24a0f4fafcac97cd""},{""x"":0.6852,""y"":0.8206,""tSec"":5.6,""_id"":""69bf222d24a0f4fafcac97ce""},{""x"":0.6901,""y"":0.8151,""tSec"":5.65,""_id"":""69bf222d24a0f4fafcac97cf""},{""x"":0.6953,""y"":0.806,""tSec"":5.65,""_id"":""69bf222d24a0f4fafcac97d0""},{""x"":0.699,""y"":0.7992,""tSec"":5.7,""_id"":""69bf222d24a0f4fafcac97d1""},{""x"":0.704,""y"":0.7928,""tSec"":5.7,""_id"":""69bf222d24a0f4fafcac97d2""},{""x"":0.7085,""y"":0.7863,""tSec"":5.75,""_id"":""69bf222d24a0f4fafcac97d3""},{""x"":0.7159,""y"":0.777,""tSec"":5.75,""_id"":""69bf222d24a0f4fafcac97d4""},{""x"":0.7221,""y"":0.7683,""tSec"":5.8,""_id"":""69bf222d24a0f4fafcac97d5""},{""x"":0.7275,""y"":0.7598,""tSec"":5.8,""_id"":""69bf222d24a0f4fafcac97d6""},{""x"":0.732,""y"":0.7512,""tSec"":5.8,""_id"":""69bf222d24a0f4fafcac97d7""},{""x"":0.7379,""y"":0.7388,""tSec"":5.85,""_id"":""69bf222d24a0f4fafcac97d8""},{""x"":0.7432,""y"":0.7288,""tSec"":5.9,""_id"":""69bf222d24a0f4fafcac97d9""},{""x"":0.7484,""y"":0.7182,""tSec"":5.9,""_id"":""69bf222d24a0f4fafcac97da""},{""x"":0.7544,""y"":0.7074,""tSec"":5.95,""_id"":""69bf222d24a0f4fafcac97db""},{""x"":0.7582,""y"":0.7004,""tSec"":5.95,""_id"":""69bf222d24a0f4fafcac97dc""},{""x"":0.7656,""y"":0.6854,""tSec"":6,""_id"":""69bf222d24a0f4fafcac97dd""},{""x"":0.7711,""y"":0.6741,""tSec"":6,""_id"":""69bf222d24a0f4fafcac97de""},{""x"":0.7748,""y"":0.6634,""tSec"":6.05,""_id"":""69bf222d24a0f4fafcac97df""},{""x"":0.7775,""y"":0.6564,""tSec"":6.05,""_id"":""69bf222d24a0f4fafcac97e0""},{""x"":0.7809,""y"":0.6461,""tSec"":6.05,""_id"":""69bf222d24a0f4fafcac97e1""},{""x"":0.7859,""y"":0.6306,""tSec"":6.1,""_id"":""69bf222d24a0f4fafcac97e2""},{""x"":0.7896,""y"":0.6213,""tSec"":6.1,""_id"":""69bf222d24a0f4fafcac97e3""},{""x"":0.7931,""y"":0.6116,""tSec"":6.15,""_id"":""69bf222d24a0f4fafcac97e4""},{""x"":0.7965,""y"":0.6029,""tSec"":6.15,""_id"":""69bf222d24a0f4fafcac97e5""},{""x"":0.8016,""y"":0.5905,""tSec"":6.2,""_id"":""69bf222d24a0f4fafcac97e6""},{""x"":0.8052,""y"":0.5824,""tSec"":6.2,""_id"":""69bf222d24a0f4fafcac97e7""},{""x"":0.8087,""y"":0.5757,""tSec"":6.25,""_id"":""69bf222d24a0f4fafcac97e8""},{""x"":0.8122,""y"":0.5673,""tSec"":6.3,""_id"":""69bf222d24a0f4fafcac97e9""},{""x"":0.8134,""y"":0.5569,""tSec"":6.35,""_id"":""69bf222d24a0f4fafcac97ea""},{""x"":0.8144,""y"":0.5481,""tSec"":6.4,""_id"":""69bf222d24a0f4fafcac97eb""},{""x"":0.8152,""y"":0.5556,""tSec"":6.85,""_id"":""69bf222d24a0f4fafcac97ec""},{""x"":0.8122,""y"":0.5621,""tSec"":6.9,""_id"":""69bf222d24a0f4fafcac97ed""},{""x"":0.8081,""y"":0.5686,""tSec"":7,""_id"":""69bf222d24a0f4fafcac97ee""},{""x"":0.8007,""y"":0.5741,""tSec"":7.05,""_id"":""69bf222d24a0f4fafcac97ef""},{""x"":0.7952,""y"":0.5804,""tSec"":7.1,""_id"":""69bf222d24a0f4fafcac97f0""},{""x"":0.7899,""y"":0.5888,""tSec"":7.15,""_id"":""69bf222d24a0f4fafcac97f1""},{""x"":0.7847,""y"":0.5964,""tSec"":7.15,""_id"":""69bf222d24a0f4fafcac97f2""},{""x"":0.7787,""y"":0.6039,""tSec"":7.2,""_id"":""69bf222d24a0f4fafcac97f3""},{""x"":0.7718,""y"":0.6105,""tSec"":7.25,""_id"":""69bf222d24a0f4fafcac97f4""},{""x"":0.7664,""y"":0.6151,""tSec"":7.25,""_id"":""69bf222d24a0f4fafcac97f5""},{""x"":0.7588,""y"":0.6213,""tSec"":7.3,""_id"":""69bf222d24a0f4fafcac97f6""},{""x"":0.7511,""y"":0.6276,""tSec"":7.35,""_id"":""69bf222d24a0f4fafcac97f7""},{""x"":0.744,""y"":0.6331,""tSec"":7.35,""_id"":""69bf222d24a0f4fafcac97f8""},{""x"":0.7385,""y"":0.6395,""tSec"":7.4,""_id"":""69bf222d24a0f4fafcac97f9""},{""x"":0.7325,""y"":0.6459,""tSec"":7.45,""_id"":""69bf222d24a0f4fafcac97fa""},{""x"":0.7272,""y"":0.6524,""tSec"":7.45,""_id"":""69bf222d24a0f4fafcac97fb""},{""x"":0.7212,""y"":0.6588,""tSec"":7.5,""_id"":""69bf222d24a0f4fafcac97fc""},{""x"":0.7143,""y"":0.6643,""tSec"":7.55,""_id"":""69bf222d24a0f4fafcac97fd""},{""x"":0.7073,""y"":0.6697,""tSec"":7.55,""_id"":""69bf222d24a0f4fafcac97fe""},{""x"":0.6989,""y"":0.6751,""tSec"":7.6,""_id"":""69bf222d24a0f4fafcac97ff""},{""x"":0.691,""y"":0.6795,""tSec"":7.65,""_id"":""69bf222d24a0f4fafcac9800""},{""x"":0.6847,""y"":0.6828,""tSec"":7.7,""_id"":""69bf222d24a0f4fafcac9801""},{""x"":0.6777,""y"":0.6861,""tSec"":7.75,""_id"":""69bf222d24a0f4fafcac9802""},{""x"":0.6708,""y"":0.6903,""tSec"":7.75,""_id"":""69bf222d24a0f4fafcac9803""},{""x"":0.6638,""y"":0.6946,""tSec"":7.8,""_id"":""69bf222d24a0f4fafcac9804""},{""x"":0.6554,""y"":0.6998,""tSec"":7.85,""_id"":""69bf222d24a0f4fafcac9805""},{""x"":0.6482,""y"":0.7042,""tSec"":7.9,""_id"":""69bf222d24a0f4fafcac9806""},{""x"":0.6389,""y"":0.7095,""tSec"":7.95,""_id"":""69bf222d24a0f4fafcac9807""},{""x"":0.6286,""y"":0.7139,""tSec"":8,""_id"":""69bf222d24a0f4fafcac9808""},{""x"":0.6204,""y"":0.7164,""tSec"":8.05,""_id"":""69bf222d24a0f4fafcac9809""},{""x"":0.6126,""y"":0.7185,""tSec"":8.1,""_id"":""69bf222d24a0f4fafcac980a""},{""x"":0.6055,""y"":0.7197,""tSec"":8.1,""_id"":""69bf222d24a0f4fafcac980b""},{""x"":0.5939,""y"":0.7217,""tSec"":8.2,""_id"":""69bf222d24a0f4fafcac980c""},{""x"":0.5856,""y"":0.7239,""tSec"":8.2,""_id"":""69bf222d24a0f4fafcac980d""},{""x"":0.5778,""y"":0.726,""tSec"":8.25,""_id"":""69bf222d24a0f4fafcac980e""},{""x"":0.5691,""y"":0.7282,""tSec"":8.25,""_id"":""69bf222d24a0f4fafcac980f""},{""x"":0.5604,""y"":0.7303,""tSec"":8.3,""_id"":""69bf222d24a0f4fafcac9810""},{""x"":0.5533,""y"":0.7315,""tSec"":8.35,""_id"":""69bf222d24a0f4fafcac9811""},{""x"":0.5463,""y"":0.7335,""tSec"":8.35,""_id"":""69bf222d24a0f4fafcac9812""},{""x"":0.5347,""y"":0.7367,""tSec"":8.4,""_id"":""69bf222d24a0f4fafcac9813""},{""x"":0.5271,""y"":0.7379,""tSec"":8.4,""_id"":""69bf222d24a0f4fafcac9814""},{""x"":0.5155,""y"":0.74,""tSec"":8.45,""_id"":""69bf222d24a0f4fafcac9815""},{""x"":0.498,""y"":0.7431,""tSec"":8.5,""_id"":""69bf222d24a0f4fafcac9816""},{""x"":0.489,""y"":0.7444,""tSec"":8.5,""_id"":""69bf222d24a0f4fafcac9817""},{""x"":0.4741,""y"":0.7464,""tSec"":8.5,""_id"":""69bf222d24a0f4fafcac9818""},{""x"":0.4585,""y"":0.7486,""tSec"":8.55,""_id"":""69bf222d24a0f4fafcac9819""},{""x"":0.4498,""y"":0.7489,""tSec"":8.55,""_id"":""69bf222d24a0f4fafcac981a""},{""x"":0.4426,""y"":0.7499,""tSec"":8.55,""_id"":""69bf222d24a0f4fafcac981b""},{""x"":0.4303,""y"":0.7518,""tSec"":8.6,""_id"":""69bf222d24a0f4fafcac981c""},{""x"":0.4127,""y"":0.7521,""tSec"":8.6,""_id"":""69bf222d24a0f4fafcac981d""},{""x"":0.4006,""y"":0.7521,""tSec"":8.65,""_id"":""69bf222d24a0f4fafcac981e""},{""x"":0.3907,""y"":0.7521,""tSec"":8.65,""_id"":""69bf222d24a0f4fafcac981f""},{""x"":0.3765,""y"":0.7503,""tSec"":8.7,""_id"":""69bf222d24a0f4fafcac9820""},{""x"":0.3664,""y"":0.7463,""tSec"":8.7,""_id"":""69bf222d24a0f4fafcac9821""},{""x"":0.3575,""y"":0.742,""tSec"":8.75,""_id"":""69bf222d24a0f4fafcac9822""},{""x"":0.348,""y"":0.7377,""tSec"":8.75,""_id"":""69bf222d24a0f4fafcac9823""},{""x"":0.3369,""y"":0.7324,""tSec"":8.8,""_id"":""69bf222d24a0f4fafcac9824""},{""x"":0.3279,""y"":0.727,""tSec"":8.85,""_id"":""69bf222d24a0f4fafcac9825""},{""x"":0.3215,""y"":0.7226,""tSec"":8.85,""_id"":""69bf222d24a0f4fafcac9826""},{""x"":0.3145,""y"":0.7183,""tSec"":8.9,""_id"":""69bf222d24a0f4fafcac9827""},{""x"":0.3022,""y"":0.7074,""tSec"":8.95,""_id"":""69bf222d24a0f4fafcac9828""},{""x"":0.2938,""y"":0.6975,""tSec"":9,""_id"":""69bf222d24a0f4fafcac9829""},{""x"":0.289,""y"":0.6917,""tSec"":9,""_id"":""69bf222d24a0f4fafcac982a""},{""x"":0.2815,""y"":0.6825,""tSec"":9.05,""_id"":""69bf222d24a0f4fafcac982b""},{""x"":0.276,""y"":0.6748,""tSec"":9.1,""_id"":""69bf222d24a0f4fafcac982c""},{""x"":0.2715,""y"":0.6663,""tSec"":9.1,""_id"":""69bf222d24a0f4fafcac982d""},{""x"":0.2687,""y"":0.6577,""tSec"":9.15,""_id"":""69bf222d24a0f4fafcac982e""},{""x"":0.2653,""y"":0.6481,""tSec"":9.2,""_id"":""69bf222d24a0f4fafcac982f""},{""x"":0.2649,""y"":0.6404,""tSec"":9.25,""_id"":""69bf222d24a0f4fafcac9830""},{""x"":0.2648,""y"":0.6319,""tSec"":9.35,""_id"":""69bf222d24a0f4fafcac9831""},{""x"":0.2717,""y"":0.6233,""tSec"":15.85,""_id"":""69bf222d24a0f4fafcac9832""},{""x"":0.2687,""y"":0.6308,""tSec"":15.9,""_id"":""69bf222d24a0f4fafcac9833""},{""x"":0.2669,""y"":0.6401,""tSec"":15.9,""_id"":""69bf222d24a0f4fafcac9834""},{""x"":0.2658,""y"":0.6507,""tSec"":15.9,""_id"":""69bf222d24a0f4fafcac9835""},{""x"":0.2641,""y"":0.6614,""tSec"":15.95,""_id"":""69bf222d24a0f4fafcac9836""},{""x"":0.2601,""y"":0.6845,""tSec"":15.95,""_id"":""69bf222d24a0f4fafcac9837""},{""x"":0.2551,""y"":0.7091,""tSec"":15.95,""_id"":""69bf222d24a0f4fafcac9838""},{""x"":0.2514,""y"":0.7224,""tSec"":16,""_id"":""69bf222d24a0f4fafcac9839""},{""x"":0.2402,""y"":0.7523,""tSec"":16.05,""_id"":""69bf222d24a0f4fafcac983a""},{""x"":0.222,""y"":0.7842,""tSec"":16.1,""_id"":""69bf222d24a0f4fafcac983b""},{""x"":0.1968,""y"":0.808,""tSec"":16.15,""_id"":""69bf222d24a0f4fafcac983c""},{""x"":0.1761,""y"":0.8032,""tSec"":16.2,""_id"":""69bf222d24a0f4fafcac983d""},{""x"":0.1645,""y"":0.7923,""tSec"":16.25,""_id"":""69bf222d24a0f4fafcac983e""},{""x"":0.1531,""y"":0.7768,""tSec"":16.25,""_id"":""69bf222d24a0f4fafcac983f""},{""x"":0.1425,""y"":0.757,""tSec"":16.3,""_id"":""69bf222d24a0f4fafcac9840""},{""x"":0.139,""y"":0.7442,""tSec"":16.35,""_id"":""69bf222d24a0f4fafcac9841""},{""x"":0.1309,""y"":0.7332,""tSec"":17.55,""_id"":""69bf222d24a0f4fafcac9842""},{""x"":0.1276,""y"":0.7243,""tSec"":17.65,""_id"":""69bf222d24a0f4fafcac9843""},{""x"":0.1265,""y"":0.7147,""tSec"":17.65,""_id"":""69bf222d24a0f4fafcac9844""},{""x"":0.1255,""y"":0.7032,""tSec"":17.65,""_id"":""69bf222d24a0f4fafcac9845""},{""x"":0.1247,""y"":0.6904,""tSec"":17.65,""_id"":""69bf222d24a0f4fafcac9846""},{""x"":0.1253,""y"":0.6606,""tSec"":17.7,""_id"":""69bf222d24a0f4fafcac9847""},{""x"":0.127,""y"":0.6409,""tSec"":17.7,""_id"":""69bf222d24a0f4fafcac9848""},{""x"":0.1295,""y"":0.6187,""tSec"":17.7,""_id"":""69bf222d24a0f4fafcac9849""},{""x"":0.1359,""y"":0.5583,""tSec"":17.75,""_id"":""69bf222d24a0f4fafcac984a""},{""x"":0.1405,""y"":0.518,""tSec"":17.8,""_id"":""69bf222d24a0f4fafcac984b""},{""x"":0.1441,""y"":0.4876,""tSec"":17.8,""_id"":""69bf222d24a0f4fafcac984c""},{""x"":0.1514,""y"":0.4519,""tSec"":17.85,""_id"":""69bf222d24a0f4fafcac984d""},{""x"":0.1554,""y"":0.4277,""tSec"":17.85,""_id"":""69bf222d24a0f4fafcac984e""},{""x"":0.1604,""y"":0.4078,""tSec"":17.9,""_id"":""69bf222d24a0f4fafcac984f""},{""x"":0.1649,""y"":0.3921,""tSec"":17.9,""_id"":""69bf222d24a0f4fafcac9850""},{""x"":0.1708,""y"":0.3742,""tSec"":17.95,""_id"":""69bf222d24a0f4fafcac9851""},{""x"":0.1746,""y"":0.3616,""tSec"":17.95,""_id"":""69bf222d24a0f4fafcac9852""},{""x"":0.1788,""y"":0.3479,""tSec"":18,""_id"":""69bf222d24a0f4fafcac9853""},{""x"":0.1886,""y"":0.3226,""tSec"":18,""_id"":""69bf222d24a0f4fafcac9854""},{""x"":0.1997,""y"":0.2978,""tSec"":18.05,""_id"":""69bf222d24a0f4fafcac9855""},{""x"":0.2148,""y"":0.2627,""tSec"":18.05,""_id"":""69bf222d24a0f4fafcac9856""},{""x"":0.2228,""y"":0.2424,""tSec"":18.1,""_id"":""69bf222d24a0f4fafcac9857""},{""x"":0.2345,""y"":0.2248,""tSec"":18.15,""_id"":""69bf222d24a0f4fafcac9858""},{""x"":0.2405,""y"":0.2208,""tSec"":18.15,""_id"":""69bf222d24a0f4fafcac9859""}],""shotMarkers"":[{""x"":0.2648,""y"":0.6319,""tSec"":12.3,""_id"":""69bf222d24a0f4fafcac985a""},{""x"":0.2405,""y"":0.2208,""tSec"":18.85,""_id"":""69bf222d24a0f4fafcac985b""}],""fingerprint"":""5da5443f"",""_id"":""69bf222d24a0f4fafcac9786""}",center,5.0,0.0,0.0,0.0,0.0,mechanism,0.0,None,False,good,33.9,14.7,33.9,0.0,0.0,0.0,0.0,0.0,0.0,,True,50,2.94,2,1.47,0.0,0.0,1.47,0.0,1.47,0.0,0.0,False,blue_1,Bella,3.4,6.78,6,1.175,0.0,0.0,3.5,0.0,3.28,0.0,0.0,8898,0.0,17.5,0.0,16.4,0.0,33.9,0.0,level3,8
"{""totalSec"":163,""autoEndSec"":20,""delayEndSec"":23,""intervals"":[{""action"":""shoot"",""startSec"":13.55,""endSec"":14.25,""durationSec"":0.7,""_id"":""69bf236324a0f4fafcac9908""},{""action"":""shoot"",""startSec"":15.95,""endSec"":16.31,""durationSec"":0.36,""_id"":""69bf236324a0f4fafcac9909""},{""action"":""shoot"",""startSec"":17.2,""endSec"":19.01,""durationSec"":1.81,""_id"":""69bf236324a0f4fafcac990a""},{""action"":""shoot"",""startSec"":27.6,""endSec"":36.75,""durationSec"":9.15,""_id"":""69bf236324a0f4fafcac990b""},{""action"":""pass"",""startSec"":38.9,""endSec"":47,""durationSec"":8.1,""_id"":""69bf236324a0f4fafcac990c""},{""action"":""shoot"",""startSec"":47.35,""endSec"":48.2,""durationSec"":0.85,""_id"":""69bf236324a0f4fafcac990d""},{""action"":""pass"",""startSec"":49.2,""endSec"":50.1,""durationSec"":0.9,""_id"":""69bf236324a0f4fafcac990e""},{""action"":""shoot"",""startSec"":51,""endSec"":52.31,""durationSec"":1.31,""_id"":""69bf236324a0f4fafcac990f""},{""action"":""pass"",""startSec"":53,""endSec"":58.35,""durationSec"":5.35,""_id"":""69bf236324a0f4fafcac9910""},{""action"":""pass"",""startSec"":59.6,""endSec"":59.9,""durationSec"":0.3,""_id"":""69bf236324a0f4fafcac9911""},{""action"":""shoot"",""startSec"":61.5,""endSec"":68.38,""durationSec"":6.88,""_id"":""69bf236324a0f4fafcac9912""},{""action"":""pass"",""startSec"":69,""endSec"":70.05,""durationSec"":1.05,""_id"":""69bf236324a0f4fafcac9913""},{""action"":""pass"",""startSec"":71.4,""endSec"":72.9,""durationSec"":1.5,""_id"":""69bf236324a0f4fafcac9914""},{""action"":""shoot"",""startSec"":73.35,""endSec"":75.78,""durationSec"":2.43,""_id"":""69bf236324a0f4fafcac9915""},{""action"":""shoot"",""startSec"":76.15,""endSec"":80.3,""durationSec"":4.15,""_id"":""69bf236324a0f4fafcac9916""},{""action"":""shoot"",""startSec"":82.4,""endSec"":84.95,""durationSec"":2.55,""_id"":""69bf236324a0f4fafcac9917""},{""action"":""shoot"",""startSec"":85.05,""endSec"":85.86,""durationSec"":0.81,""_id"":""69bf236324a0f4fafcac9918""},{""action"":""pass"",""startSec"":86.5,""endSec"":97.95,""durationSec"":11.45,""_id"":""69bf236324a0f4fafcac9919""},{""action"":""shoot"",""startSec"":98.4,""endSec"":101.13,""durationSec"":2.73,""_id"":""69bf236324a0f4fafcac991a""},{""action"":""pass"",""startSec"":106.8,""endSec"":111.35,""durationSec"":4.55,""_id"":""69bf236324a0f4fafcac991b""},{""action"":""shoot"",""startSec"":111.75,""endSec"":120.55,""durationSec"":8.8,""_id"":""69bf236324a0f4fafcac991c""},{""action"":""pass"",""startSec"":127.8,""endSec"":132.6,""durationSec"":4.8,""_id"":""69bf236324a0f4fafcac991d""},{""action"":""shoot"",""startSec"":132.85,""endSec"":137.8,""durationSec"":4.95,""_id"":""69bf236324a0f4fafcac991e""},{""action"":""pass"",""startSec"":138.2,""endSec"":144.75,""durationSec"":6.55,""_id"":""69bf236324a0f4fafcac991f""},{""action"":""shoot"",""startSec"":146.15,""endSec"":150.26,""durationSec"":4.11,""_id"":""69bf236324a0f4fafcac9920""},{""action"":""pass"",""startSec"":150.25,""endSec"":158.96,""durationSec"":8.71,""_id"":""69bf236324a0f4fafcac9921""},{""action"":""shoot"",""startSec"":160.6,""endSec"":163,""durationSec"":2.4,""_id"":""69bf236324a0f4fafcac9922""}],""_id"":""69bf236324a0f4fafcac9907""}",14.35,"{""alliance"":""red"",""startPosition"":""right"",""points"":[{""x"":0.69,""y"":0.67,""tSec"":1.3,""_id"":""69bf236324a0f4fafcac986d""},{""x"":0.7052,""y"":0.6649,""tSec"":1.3,""_id"":""69bf236324a0f4fafcac986e""},{""x"":0.6986,""y"":0.6623,""tSec"":1.4,""_id"":""69bf236324a0f4fafcac986f""},{""x"":0.6909,""y"":0.662,""tSec"":1.4,""_id"":""69bf236324a0f4fafcac9870""},{""x"":0.6754,""y"":0.662,""tSec"":1.45,""_id"":""69bf236324a0f4fafcac9871""},{""x"":0.6621,""y"":0.662,""tSec"":1.5,""_id"":""69bf236324a0f4fafcac9872""},{""x"":0.6529,""y"":0.662,""tSec"":1.6,""_id"":""69bf236324a0f4fafcac9873""},{""x"":0.6456,""y"":0.663,""tSec"":1.8,""_id"":""69bf236324a0f4fafcac9874""},{""x"":0.6379,""y"":0.6669,""tSec"":1.85,""_id"":""69bf236324a0f4fafcac9875""},{""x"":0.6316,""y"":0.6702,""tSec"":1.85,""_id"":""69bf236324a0f4fafcac9876""},{""x"":0.6224,""y"":0.6744,""tSec"":1.95,""_id"":""69bf236324a0f4fafcac9877""},{""x"":0.6151,""y"":0.6778,""tSec"":2,""_id"":""69bf236324a0f4fafcac9878""},{""x"":0.6089,""y"":0.6811,""tSec"":2.1,""_id"":""69bf236324a0f4fafcac9879""},{""x"":0.6012,""y"":0.6844,""tSec"":2.2,""_id"":""69bf236324a0f4fafcac987a""},{""x"":0.5942,""y"":0.6848,""tSec"":2.25,""_id"":""69bf236324a0f4fafcac987b""},{""x"":0.5872,""y"":0.6857,""tSec"":2.35,""_id"":""69bf236324a0f4fafcac987c""},{""x"":0.5787,""y"":0.6858,""tSec"":2.45,""_id"":""69bf236324a0f4fafcac987d""},{""x"":0.5708,""y"":0.6887,""tSec"":2.55,""_id"":""69bf236324a0f4fafcac987e""},{""x"":0.5637,""y"":0.6919,""tSec"":2.65,""_id"":""69bf236324a0f4fafcac987f""},{""x"":0.5552,""y"":0.6961,""tSec"":2.75,""_id"":""69bf236324a0f4fafcac9880""},{""x"":0.548,""y"":0.6966,""tSec"":2.8,""_id"":""69bf236324a0f4fafcac9881""},{""x"":0.5403,""y"":0.6967,""tSec"":2.85,""_id"":""69bf236324a0f4fafcac9882""},{""x"":0.5317,""y"":0.6985,""tSec"":2.85,""_id"":""69bf236324a0f4fafcac9883""},{""x"":0.5214,""y"":0.7017,""tSec"":2.95,""_id"":""69bf236324a0f4fafcac9884""},{""x"":0.5133,""y"":0.704,""tSec"":2.95,""_id"":""69bf236324a0f4fafcac9885""},{""x"":0.5016,""y"":0.7071,""tSec"":2.95,""_id"":""69bf236324a0f4fafcac9886""},{""x"":0.4902,""y"":0.7094,""tSec"":3,""_id"":""69bf236324a0f4fafcac9887""},{""x"":0.4812,""y"":0.7106,""tSec"":3,""_id"":""69bf236324a0f4fafcac9888""},{""x"":0.474,""y"":0.7117,""tSec"":3.05,""_id"":""69bf236324a0f4fafcac9889""},{""x"":0.467,""y"":0.7118,""tSec"":3.05,""_id"":""69bf236324a0f4fafcac988a""},{""x"":0.4547,""y"":0.7118,""tSec"":3.1,""_id"":""69bf236324a0f4fafcac988b""},{""x"":0.4463,""y"":0.7118,""tSec"":3.15,""_id"":""69bf236324a0f4fafcac988c""},{""x"":0.4376,""y"":0.7118,""tSec"":3.2,""_id"":""69bf236324a0f4fafcac988d""},{""x"":0.4281,""y"":0.7137,""tSec"":3.25,""_id"":""69bf236324a0f4fafcac988e""},{""x"":0.4147,""y"":0.714,""tSec"":3.3,""_id"":""69bf236324a0f4fafcac988f""},{""x"":0.4047,""y"":0.714,""tSec"":3.3,""_id"":""69bf236324a0f4fafcac9890""},{""x"":0.3966,""y"":0.7121,""tSec"":3.35,""_id"":""69bf236324a0f4fafcac9891""},{""x"":0.3887,""y"":0.709,""tSec"":3.35,""_id"":""69bf236324a0f4fafcac9892""},{""x"":0.3809,""y"":0.7086,""tSec"":3.45,""_id"":""69bf236324a0f4fafcac9893""},{""x"":0.3723,""y"":0.7086,""tSec"":3.5,""_id"":""69bf236324a0f4fafcac9894""},{""x"":0.3651,""y"":0.7086,""tSec"":3.6,""_id"":""69bf236324a0f4fafcac9895""},{""x"":0.3574,""y"":0.7086,""tSec"":3.7,""_id"":""69bf236324a0f4fafcac9896""},{""x"":0.3503,""y"":0.7086,""tSec"":3.85,""_id"":""69bf236324a0f4fafcac9897""},{""x"":0.3426,""y"":0.7057,""tSec"":4.05,""_id"":""69bf236324a0f4fafcac9898""},{""x"":0.337,""y"":0.7006,""tSec"":4.15,""_id"":""69bf236324a0f4fafcac9899""},{""x"":0.3325,""y"":0.6943,""tSec"":4.25,""_id"":""69bf236324a0f4fafcac989a""},{""x"":0.3281,""y"":0.6878,""tSec"":4.3,""_id"":""69bf236324a0f4fafcac989b""},{""x"":0.3245,""y"":0.6813,""tSec"":4.4,""_id"":""69bf236324a0f4fafcac989c""},{""x"":0.3211,""y"":0.6748,""tSec"":4.45,""_id"":""69bf236324a0f4fafcac989d""},{""x"":0.3176,""y"":0.6683,""tSec"":4.5,""_id"":""69bf236324a0f4fafcac989e""},{""x"":0.3141,""y"":0.6618,""tSec"":4.6,""_id"":""69bf236324a0f4fafcac989f""},{""x"":0.3121,""y"":0.6543,""tSec"":4.65,""_id"":""69bf236324a0f4fafcac98a0""},{""x"":0.3095,""y"":0.6477,""tSec"":4.65,""_id"":""69bf236324a0f4fafcac98a1""},{""x"":0.3077,""y"":0.6384,""tSec"":4.7,""_id"":""69bf236324a0f4fafcac98a2""},{""x"":0.3067,""y"":0.6306,""tSec"":4.75,""_id"":""69bf236324a0f4fafcac98a3""},{""x"":0.3051,""y"":0.6201,""tSec"":4.8,""_id"":""69bf236324a0f4fafcac98a4""},{""x"":0.3041,""y"":0.6122,""tSec"":4.85,""_id"":""69bf236324a0f4fafcac98a5""},{""x"":0.3017,""y"":0.6055,""tSec"":4.9,""_id"":""69bf236324a0f4fafcac98a6""},{""x"":0.2999,""y"":0.598,""tSec"":5,""_id"":""69bf236324a0f4fafcac98a7""},{""x"":0.2973,""y"":0.5904,""tSec"":5.1,""_id"":""69bf236324a0f4fafcac98a8""},{""x"":0.2947,""y"":0.5819,""tSec"":5.15,""_id"":""69bf236324a0f4fafcac98a9""},{""x"":0.2929,""y"":0.5733,""tSec"":5.25,""_id"":""69bf236324a0f4fafcac98aa""},{""x"":0.2911,""y"":0.5656,""tSec"":5.3,""_id"":""69bf236324a0f4fafcac98ab""},{""x"":0.2909,""y"":0.5579,""tSec"":5.4,""_id"":""69bf236324a0f4fafcac98ac""},{""x"":0.2894,""y"":0.5494,""tSec"":5.55,""_id"":""69bf236324a0f4fafcac98ad""},{""x"":0.2884,""y"":0.5417,""tSec"":5.7,""_id"":""69bf236324a0f4fafcac98ae""},{""x"":0.2868,""y"":0.5332,""tSec"":5.95,""_id"":""69bf236324a0f4fafcac98af""},{""x"":0.2835,""y"":0.5264,""tSec"":6.05,""_id"":""69bf236324a0f4fafcac98b0""},{""x"":0.2801,""y"":0.5189,""tSec"":6.2,""_id"":""69bf236324a0f4fafcac98b1""},{""x"":0.2766,""y"":0.5123,""tSec"":6.25,""_id"":""69bf236324a0f4fafcac98b2""},{""x"":0.2724,""y"":0.5058,""tSec"":6.3,""_id"":""69bf236324a0f4fafcac98b3""},{""x"":0.2673,""y"":0.4993,""tSec"":6.4,""_id"":""69bf236324a0f4fafcac98b4""},{""x"":0.2643,""y"":0.4928,""tSec"":6.4,""_id"":""69bf236324a0f4fafcac98b5""},{""x"":0.2617,""y"":0.4853,""tSec"":6.5,""_id"":""69bf236324a0f4fafcac98b6""},{""x"":0.2683,""y"":0.4921,""tSec"":6.75,""_id"":""69bf236324a0f4fafcac98b7""},{""x"":0.2737,""y"":0.4996,""tSec"":6.8,""_id"":""69bf236324a0f4fafcac98b8""},{""x"":0.2851,""y"":0.5176,""tSec"":6.8,""_id"":""69bf236324a0f4fafcac98b9""},{""x"":0.2902,""y"":0.5265,""tSec"":6.8,""_id"":""69bf236324a0f4fafcac98ba""},{""x"":0.297,""y"":0.539,""tSec"":6.8,""_id"":""69bf236324a0f4fafcac98bb""},{""x"":0.3009,""y"":0.5462,""tSec"":6.85,""_id"":""69bf236324a0f4fafcac98bc""},{""x"":0.3067,""y"":0.5576,""tSec"":6.85,""_id"":""69bf236324a0f4fafcac98bd""},{""x"":0.3097,""y"":0.5646,""tSec"":6.85,""_id"":""69bf236324a0f4fafcac98be""},{""x"":0.3162,""y"":0.5779,""tSec"":6.9,""_id"":""69bf236324a0f4fafcac98bf""},{""x"":0.33,""y"":0.6061,""tSec"":7,""_id"":""69bf236324a0f4fafcac98c0""},{""x"":0.337,""y"":0.6219,""tSec"":7,""_id"":""69bf236324a0f4fafcac98c1""},{""x"":0.3417,""y"":0.6362,""tSec"":7.05,""_id"":""69bf236324a0f4fafcac98c2""},{""x"":0.3453,""y"":0.6512,""tSec"":7.1,""_id"":""69bf236324a0f4fafcac98c3""},{""x"":0.3473,""y"":0.6588,""tSec"":7.1,""_id"":""69bf236324a0f4fafcac98c4""},{""x"":0.3499,""y"":0.6673,""tSec"":7.15,""_id"":""69bf236324a0f4fafcac98c5""},{""x"":0.3539,""y"":0.6779,""tSec"":7.2,""_id"":""69bf236324a0f4fafcac98c6""},{""x"":0.3583,""y"":0.6878,""tSec"":7.2,""_id"":""69bf236324a0f4fafcac98c7""},{""x"":0.365,""y"":0.6937,""tSec"":7.3,""_id"":""69bf236324a0f4fafcac98c8""},{""x"":0.3734,""y"":0.6925,""tSec"":7.35,""_id"":""69bf236324a0f4fafcac98c9""},{""x"":0.3805,""y"":0.6923,""tSec"":7.4,""_id"":""69bf236324a0f4fafcac98ca""},{""x"":0.3875,""y"":0.6942,""tSec"":7.4,""_id"":""69bf236324a0f4fafcac98cb""},{""x"":0.396,""y"":0.6992,""tSec"":7.45,""_id"":""69bf236324a0f4fafcac98cc""},{""x"":0.4055,""y"":0.7055,""tSec"":7.45,""_id"":""69bf236324a0f4fafcac98cd""},{""x"":0.4112,""y"":0.7102,""tSec"":7.5,""_id"":""69bf236324a0f4fafcac98ce""},{""x"":0.4204,""y"":0.7173,""tSec"":7.55,""_id"":""69bf236324a0f4fafcac98cf""},{""x"":0.4268,""y"":0.723,""tSec"":7.6,""_id"":""69bf236324a0f4fafcac98d0""},{""x"":0.4338,""y"":0.7294,""tSec"":7.65,""_id"":""69bf236324a0f4fafcac98d1""},{""x"":0.4415,""y"":0.7359,""tSec"":7.7,""_id"":""69bf236324a0f4fafcac98d2""},{""x"":0.4508,""y"":0.7405,""tSec"":7.7,""_id"":""69bf236324a0f4fafcac98d3""},{""x"":0.4611,""y"":0.7438,""tSec"":7.75,""_id"":""69bf236324a0f4fafcac98d4""},{""x"":0.4716,""y"":0.7471,""tSec"":7.75,""_id"":""69bf236324a0f4fafcac98d5""},{""x"":0.482,""y"":0.7485,""tSec"":7.8,""_id"":""69bf236324a0f4fafcac98d6""},{""x"":0.494,""y"":0.7487,""tSec"":7.8,""_id"":""69bf236324a0f4fafcac98d7""},{""x"":0.5092,""y"":0.7477,""tSec"":7.85,""_id"":""69bf236324a0f4fafcac98d8""},{""x"":0.5241,""y"":0.7457,""tSec"":7.9,""_id"":""69bf236324a0f4fafcac98d9""},{""x"":0.5351,""y"":0.7445,""tSec"":7.9,""_id"":""69bf236324a0f4fafcac98da""},{""x"":0.5517,""y"":0.7443,""tSec"":7.95,""_id"":""69bf236324a0f4fafcac98db""},{""x"":0.5645,""y"":0.7462,""tSec"":7.95,""_id"":""69bf236324a0f4fafcac98dc""},{""x"":0.5782,""y"":0.7494,""tSec"":8,""_id"":""69bf236324a0f4fafcac98dd""},{""x"":0.586,""y"":0.7516,""tSec"":8,""_id"":""69bf236324a0f4fafcac98de""},{""x"":0.5931,""y"":0.7538,""tSec"":8,""_id"":""69bf236324a0f4fafcac98df""},{""x"":0.6039,""y"":0.7578,""tSec"":8.05,""_id"":""69bf236324a0f4fafcac98e0""},{""x"":0.6213,""y"":0.7612,""tSec"":8.05,""_id"":""69bf236324a0f4fafcac98e1""},{""x"":0.6356,""y"":0.7636,""tSec"":8.1,""_id"":""69bf236324a0f4fafcac98e2""},{""x"":0.6466,""y"":0.7639,""tSec"":8.1,""_id"":""69bf236324a0f4fafcac98e3""},{""x"":0.6571,""y"":0.7639,""tSec"":8.1,""_id"":""69bf236324a0f4fafcac98e4""},{""x"":0.6684,""y"":0.762,""tSec"":8.15,""_id"":""69bf236324a0f4fafcac98e5""},{""x"":0.6774,""y"":0.7598,""tSec"":8.15,""_id"":""69bf236324a0f4fafcac98e6""},{""x"":0.6869,""y"":0.7558,""tSec"":8.2,""_id"":""69bf236324a0f4fafcac98e7""},{""x"":0.6926,""y"":0.7505,""tSec"":8.25,""_id"":""69bf236324a0f4fafcac98e8""},{""x"":0.6979,""y"":0.7442,""tSec"":8.3,""_id"":""69bf236324a0f4fafcac98e9""},{""x"":0.7054,""y"":0.7415,""tSec"":8.35,""_id"":""69bf236324a0f4fafcac98ea""},{""x"":0.717,""y"":0.7411,""tSec"":8.45,""_id"":""69bf236324a0f4fafcac98eb""},{""x"":0.7246,""y"":0.7401,""tSec"":8.45,""_id"":""69bf236324a0f4fafcac98ec""},{""x"":0.7323,""y"":0.7372,""tSec"":8.45,""_id"":""69bf236324a0f4fafcac98ed""},{""x"":0.7433,""y"":0.7311,""tSec"":8.5,""_id"":""69bf236324a0f4fafcac98ee""},{""x"":0.7507,""y"":0.7275,""tSec"":8.5,""_id"":""69bf236324a0f4fafcac98ef""},{""x"":0.7639,""y"":0.7213,""tSec"":8.5,""_id"":""69bf236324a0f4fafcac98f0""},{""x"":0.7709,""y"":0.7178,""tSec"":8.5,""_id"":""69bf236324a0f4fafcac98f1""},{""x"":0.7793,""y"":0.7125,""tSec"":8.55,""_id"":""69bf236324a0f4fafcac98f2""},{""x"":0.7865,""y"":0.7081,""tSec"":8.6,""_id"":""69bf236324a0f4fafcac98f3""},{""x"":0.7927,""y"":0.7048,""tSec"":8.6,""_id"":""69bf236324a0f4fafcac98f4""},{""x"":0.8004,""y"":0.7034,""tSec"":8.65,""_id"":""69bf236324a0f4fafcac98f5""},{""x"":0.8081,""y"":0.7051,""tSec"":8.7,""_id"":""69bf236324a0f4fafcac98f6""},{""x"":0.8191,""y"":0.7101,""tSec"":8.8,""_id"":""69bf236324a0f4fafcac98f7""},{""x"":0.8265,""y"":0.7116,""tSec"":8.8,""_id"":""69bf236324a0f4fafcac98f8""},{""x"":0.8343,""y"":0.7127,""tSec"":8.85,""_id"":""69bf236324a0f4fafcac98f9""},{""x"":0.8421,""y"":0.7129,""tSec"":8.9,""_id"":""69bf236324a0f4fafcac98fa""},{""x"":0.8515,""y"":0.7129,""tSec"":8.95,""_id"":""69bf236324a0f4fafcac98fb""},{""x"":0.8588,""y"":0.7129,""tSec"":9,""_id"":""69bf236324a0f4fafcac98fc""},{""x"":0.8658,""y"":0.7158,""tSec"":9.1,""_id"":""69bf236324a0f4fafcac98fd""},{""x"":0.872,""y"":0.7209,""tSec"":9.15,""_id"":""69bf236324a0f4fafcac98fe""},{""x"":0.8781,""y"":0.7263,""tSec"":9.2,""_id"":""69bf236324a0f4fafcac98ff""},{""x"":0.8834,""y"":0.7317,""tSec"":9.25,""_id"":""69bf236324a0f4fafcac9900""},{""x"":0.8887,""y"":0.7371,""tSec"":9.3,""_id"":""69bf236324a0f4fafcac9901""},{""x"":0.8939,""y"":0.7426,""tSec"":9.35,""_id"":""69bf236324a0f4fafcac9902""},{""x"":0.8991,""y"":0.748,""tSec"":9.4,""_id"":""69bf236324a0f4fafcac9903""},{""x"":0.9044,""y"":0.7543,""tSec"":9.7,""_id"":""69bf236324a0f4fafcac9904""},{""x"":0.9073,""y"":0.7608,""tSec"":10.3,""_id"":""69bf236324a0f4fafcac9905""},{""x"":0.9077,""y"":0.7683,""tSec"":10.5,""_id"":""69bf236324a0f4fafcac9906""}],""shotMarkers"":[],""fingerprint"":""098ed404"",""_id"":""69bf236324a0f4fafcac986c""}",right,5.0,0.0,0.0,0.0,1.0,None,1.0,None,True,good,269.95,266.3,269.95,0.0,0.0,0.0,0.0,0.0,0.0,,True,27,53.26,11,4.8,0.0,15.26,9.0,8.2,11.45,9.35,0.0,False,red_1,Mmasi,10.5,53.99,16,2.49,2.87,11.31,10.0,12.47,8.39,8.95,0.0,294,56.55,50.0,62.35,41.95,44.75,255.60000000000002,0.0,None,27
"{""totalSec"":163,""autoEndSec"":20,""delayEndSec"":23,""intervals"":[{""action"":""shoot"",""startSec"":118.28,""endSec"":118.53,""durationSec"":0.25,""_id"":""69bf236624a0f4fafcac9929""},{""action"":""shoot"",""startSec"":119.38,""endSec"":121.63,""durationSec"":2.25,""_id"":""69bf236624a0f4fafcac992a""},{""action"":""shoot"",""startSec"":122.38,""endSec"":122.59,""durationSec"":0.21,""_id"":""69bf236624a0f4fafcac992b""},{""action"":""shoot"",""startSec"":130.23,""endSec"":130.93,""durationSec"":0.7,""_id"":""69bf236624a0f4fafcac992c""}],""_id"":""69bf236624a0f4fafcac9928""}",0.0,{},center,5.0,0.0,0.0,0.0,0.0,None,0.0,None,False,ok,17.05,0.0,17.05,0.0,0.0,0.0,0.0,0.0,0.0,,True,27,0.0,0,0.0,0.0,0.0,0.0,0.0,0.0,0.0,0.0,False,red_2,Kinnon,3.0,3.41,4,0.475,0.0,0.0,0.0,0.0,0.0,3.41,0.0,1836,0.0,0.0,0.0,0.0,17.05,17.05,0.0,None,4
"{""totalSec"":163,""autoEndSec"":20,""delayEndSec"":23,""intervals"":[{""action"":""shoot"",""startSec"":59.35,""endSec"":59.4,""durationSec"":0.05,""_id"":""69bf237f24a0f4fafcac9993""},{""action"":""shoot"",""startSec"":60.25,""endSec"":63.8,""durationSec"":3.55,""_id"":""69bf237f24a0f4fafcac9994""}],""_id"":""69bf237f24a0f4fafcac9992""}",0.0,"{""alliance"":""red"",""startPosition"":""left"",""points"":[{""x"":0.69,""y"":0.33,""tSec"":1.15,""_id"":""69bf237f24a0f4fafcac9935""},{""x"":0.7044,""y"":0.3161,""tSec"":1.15,""_id"":""69bf237f24a0f4fafcac9936""},{""x"":0.6978,""y"":0.3077,""tSec"":1.25,""_id"":""69bf237f24a0f4fafcac9937""},{""x"":0.6863,""y"":0.2353,""tSec"":1.35,""_id"":""69bf237f24a0f4fafcac9938""},{""x"":0.681,""y"":0.216,""tSec"":1.35,""_id"":""69bf237f24a0f4fafcac9939""},{""x"":0.6742,""y"":0.1947,""tSec"":1.35,""_id"":""69bf237f24a0f4fafcac993a""},{""x"":0.6558,""y"":0.1474,""tSec"":1.45,""_id"":""69bf237f24a0f4fafcac993b""},{""x"":0.6459,""y"":0.1254,""tSec"":1.45,""_id"":""69bf237f24a0f4fafcac993c""},{""x"":0.6287,""y"":0.1028,""tSec"":1.5,""_id"":""69bf237f24a0f4fafcac993d""},{""x"":0.6097,""y"":0.0839,""tSec"":1.5,""_id"":""69bf237f24a0f4fafcac993e""},{""x"":0.5929,""y"":0.0702,""tSec"":1.55,""_id"":""69bf237f24a0f4fafcac993f""},{""x"":0.5855,""y"":0.0647,""tSec"":1.55,""_id"":""69bf237f24a0f4fafcac9940""},{""x"":0.5739,""y"":0.0583,""tSec"":1.6,""_id"":""69bf237f24a0f4fafcac9941""},{""x"":0.5618,""y"":0.0547,""tSec"":1.6,""_id"":""69bf237f24a0f4fafcac9942""},{""x"":0.5427,""y"":0.0543,""tSec"":1.65,""_id"":""69bf237f24a0f4fafcac9943""},{""x"":0.5297,""y"":0.0561,""tSec"":1.65,""_id"":""69bf237f24a0f4fafcac9944""},{""x"":0.5174,""y"":0.0592,""tSec"":1.65,""_id"":""69bf237f24a0f4fafcac9945""},{""x"":0.5105,""y"":0.0615,""tSec"":1.7,""_id"":""69bf237f24a0f4fafcac9946""},{""x"":0.4982,""y"":0.0655,""tSec"":1.7,""_id"":""69bf237f24a0f4fafcac9947""},{""x"":0.4913,""y"":0.068,""tSec"":1.7,""_id"":""69bf237f24a0f4fafcac9948""},{""x"":0.4806,""y"":0.0701,""tSec"":1.75,""_id"":""69bf237f24a0f4fafcac9949""},{""x"":0.47,""y"":0.0733,""tSec"":1.8,""_id"":""69bf237f24a0f4fafcac994a""},{""x"":0.4596,""y"":0.0774,""tSec"":1.8,""_id"":""69bf237f24a0f4fafcac994b""},{""x"":0.4461,""y"":0.0866,""tSec"":1.85,""_id"":""69bf237f24a0f4fafcac994c""},{""x"":0.4361,""y"":0.0981,""tSec"":1.85,""_id"":""69bf237f24a0f4fafcac994d""},{""x"":0.4295,""y"":0.108,""tSec"":1.9,""_id"":""69bf237f24a0f4fafcac994e""},{""x"":0.4211,""y"":0.1226,""tSec"":1.95,""_id"":""69bf237f24a0f4fafcac994f""},{""x"":0.4177,""y"":0.1301,""tSec"":1.95,""_id"":""69bf237f24a0f4fafcac9950""},{""x"":0.415,""y"":0.1367,""tSec"":1.95,""_id"":""69bf237f24a0f4fafcac9951""},{""x"":0.4109,""y"":0.1489,""tSec"":1.95,""_id"":""69bf237f24a0f4fafcac9952""},{""x"":0.4088,""y"":0.1561,""tSec"":2,""_id"":""69bf237f24a0f4fafcac9953""},{""x"":0.4078,""y"":0.1646,""tSec"":2,""_id"":""69bf237f24a0f4fafcac9954""},{""x"":0.4077,""y"":0.1742,""tSec"":2.05,""_id"":""69bf237f24a0f4fafcac9955""},{""x"":0.4107,""y"":0.182,""tSec"":2.1,""_id"":""69bf237f24a0f4fafcac9956""},{""x"":0.4081,""y"":0.1906,""tSec"":2.5,""_id"":""69bf237f24a0f4fafcac9957""},{""x"":0.4062,""y"":0.1983,""tSec"":2.55,""_id"":""69bf237f24a0f4fafcac9958""},{""x"":0.4036,""y"":0.2097,""tSec"":2.55,""_id"":""69bf237f24a0f4fafcac9959""},{""x"":0.4018,""y"":0.2206,""tSec"":2.6,""_id"":""69bf237f24a0f4fafcac995a""},{""x"":0.4,""y"":0.2305,""tSec"":2.65,""_id"":""69bf237f24a0f4fafcac995b""},{""x"":0.3983,""y"":0.2507,""tSec"":2.65,""_id"":""69bf237f24a0f4fafcac995c""},{""x"":0.3981,""y"":0.2665,""tSec"":2.7,""_id"":""69bf237f24a0f4fafcac995d""},{""x"":0.3973,""y"":0.2751,""tSec"":2.7,""_id"":""69bf237f24a0f4fafcac995e""},{""x"":0.3972,""y"":0.2914,""tSec"":2.7,""_id"":""69bf237f24a0f4fafcac995f""},{""x"":0.3972,""y"":0.3077,""tSec"":2.75,""_id"":""69bf237f24a0f4fafcac9960""},{""x"":0.398,""y"":0.3154,""tSec"":2.75,""_id"":""69bf237f24a0f4fafcac9961""},{""x"":0.3981,""y"":0.3334,""tSec"":2.8,""_id"":""69bf237f24a0f4fafcac9962""},{""x"":0.3973,""y"":0.3423,""tSec"":2.8,""_id"":""69bf237f24a0f4fafcac9963""},{""x"":0.3957,""y"":0.3548,""tSec"":2.8,""_id"":""69bf237f24a0f4fafcac9964""},{""x"":0.3939,""y"":0.3668,""tSec"":2.85,""_id"":""69bf237f24a0f4fafcac9965""},{""x"":0.3922,""y"":0.3777,""tSec"":2.85,""_id"":""69bf237f24a0f4fafcac9966""},{""x"":0.3904,""y"":0.3876,""tSec"":2.9,""_id"":""69bf237f24a0f4fafcac9967""},{""x"":0.3879,""y"":0.4021,""tSec"":2.9,""_id"":""69bf237f24a0f4fafcac9968""},{""x"":0.3861,""y"":0.4153,""tSec"":2.95,""_id"":""69bf237f24a0f4fafcac9969""},{""x"":0.3859,""y"":0.4283,""tSec"":3,""_id"":""69bf237f24a0f4fafcac996a""},{""x"":0.3859,""y"":0.4413,""tSec"":3,""_id"":""69bf237f24a0f4fafcac996b""},{""x"":0.3874,""y"":0.4496,""tSec"":3.05,""_id"":""69bf237f24a0f4fafcac996c""},{""x"":0.3907,""y"":0.4582,""tSec"":3.1,""_id"":""69bf237f24a0f4fafcac996d""},{""x"":0.3972,""y"":0.465,""tSec"":3.1,""_id"":""69bf237f24a0f4fafcac996e""},{""x"":0.4042,""y"":0.4677,""tSec"":3.15,""_id"":""69bf237f24a0f4fafcac996f""},{""x"":0.4164,""y"":0.4681,""tSec"":3.15,""_id"":""69bf237f24a0f4fafcac9970""},{""x"":0.4309,""y"":0.4681,""tSec"":3.2,""_id"":""69bf237f24a0f4fafcac9971""},{""x"":0.438,""y"":0.4671,""tSec"":3.2,""_id"":""69bf237f24a0f4fafcac9972""},{""x"":0.4496,""y"":0.4651,""tSec"":3.2,""_id"":""69bf237f24a0f4fafcac9973""},{""x"":0.4656,""y"":0.462,""tSec"":3.25,""_id"":""69bf237f24a0f4fafcac9974""},{""x"":0.4775,""y"":0.4587,""tSec"":3.3,""_id"":""69bf237f24a0f4fafcac9975""},{""x"":0.4904,""y"":0.4555,""tSec"":3.35,""_id"":""69bf237f24a0f4fafcac9976""},{""x"":0.5034,""y"":0.4522,""tSec"":3.35,""_id"":""69bf237f24a0f4fafcac9977""},{""x"":0.5165,""y"":0.449,""tSec"":3.4,""_id"":""69bf237f24a0f4fafcac9978""},{""x"":0.5272,""y"":0.4448,""tSec"":3.45,""_id"":""69bf237f24a0f4fafcac9979""},{""x"":0.5355,""y"":0.4405,""tSec"":3.45,""_id"":""69bf237f24a0f4fafcac997a""},{""x"":0.5433,""y"":0.4352,""tSec"":3.5,""_id"":""69bf237f24a0f4fafcac997b""},{""x"":0.5566,""y"":0.4241,""tSec"":3.55,""_id"":""69bf237f24a0f4fafcac997c""},{""x"":0.5628,""y"":0.4189,""tSec"":3.55,""_id"":""69bf237f24a0f4fafcac997d""},{""x"":0.5697,""y"":0.4135,""tSec"":3.6,""_id"":""69bf237f24a0f4fafcac997e""},{""x"":0.5766,""y"":0.4072,""tSec"":3.65,""_id"":""69bf237f24a0f4fafcac997f""},{""x"":0.5828,""y"":0.4026,""tSec"":3.65,""_id"":""69bf237f24a0f4fafcac9980""},{""x"":0.5905,""y"":0.3973,""tSec"":3.7,""_id"":""69bf237f24a0f4fafcac9981""},{""x"":0.596,""y"":0.3918,""tSec"":3.7,""_id"":""69bf237f24a0f4fafcac9982""},{""x"":0.6012,""y"":0.3864,""tSec"":3.75,""_id"":""69bf237f24a0f4fafcac9983""},{""x"":0.6034,""y"":0.3763,""tSec"":3.8,""_id"":""69bf237f24a0f4fafcac9984""},{""x"":0.6037,""y"":0.3664,""tSec"":3.85,""_id"":""69bf237f24a0f4fafcac9985""},{""x"":0.6037,""y"":0.3558,""tSec"":3.85,""_id"":""69bf237f24a0f4fafcac9986""},{""x"":0.6044,""y"":0.3459,""tSec"":3.9,""_id"":""69bf237f24a0f4fafcac9987""},{""x"":0.6053,""y"":0.3342,""tSec"":3.95,""_id"":""69bf237f24a0f4fafcac9988""},{""x"":0.6062,""y"":0.3252,""tSec"":3.95,""_id"":""69bf237f24a0f4fafcac9989""},{""x"":0.607,""y"":0.3175,""tSec"":4.05,""_id"":""69bf237f24a0f4fafcac998a""},{""x"":0.6102,""y"":0.3108,""tSec"":4.1,""_id"":""69bf237f24a0f4fafcac998b""},{""x"":0.6167,""y"":0.3071,""tSec"":4.25,""_id"":""69bf237f24a0f4fafcac998c""},{""x"":0.6251,""y"":0.3067,""tSec"":4.3,""_id"":""69bf237f24a0f4fafcac998d""},{""x"":0.6323,""y"":0.3076,""tSec"":4.35,""_id"":""69bf237f24a0f4fafcac998e""},{""x"":0.6408,""y"":0.3124,""tSec"":4.45,""_id"":""69bf237f24a0f4fafcac998f""},{""x"":0.648,""y"":0.314,""tSec"":4.5,""_id"":""69bf237f24a0f4fafcac9990""}],""shotMarkers"":[{""x"":0.648,""y"":0.314,""tSec"":6.55,""_id"":""69bf237f24a0f4fafcac9991""}],""fingerprint"":""2435e91c"",""_id"":""69bf237f24a0f4fafcac9934""}",left,5.0,0.0,0.0,0.0,1.0,None,1.0,None,False,good,18.0,0.0,18.0,0.0,0.0,0.0,0.0,0.0,0.0,,True,27,0.0,0,0.0,0.0,0.0,0.0,0.0,0.0,0.0,0.0,False,red_3,Bradley,0.9,3.6,2,1.8,0.0,0.0,0.0,3.6,0.0,0.0,0.0,1197,0.0,0.0,18.0,0.0,0.0,18.0,0.0,None,2
"{""totalSec"":163,""autoEndSec"":20,""delayEndSec"":23,""intervals"":[{""action"":""pass"",""startSec"":65.35,""endSec"":66.06,""durationSec"":0.71,""_id"":""69bf239724a0f4fafcac999f""},{""action"":""shoot"",""startSec"":83.1,""endSec"":86.15,""durationSec"":3.05,""_id"":""69bf239724a0f4fafcac99a0""},{""action"":""shoot"",""startSec"":106.9,""endSec"":107.51,""durationSec"":0.61,""_id"":""69bf239724a0f4fafcac99a1""},{""action"":""shoot"",""startSec"":118.3,""endSec"":118.35,""durationSec"":0.05,""_id"":""69bf239724a0f4fafcac99a2""}],""_id"":""69bf239724a0f4fafcac999e""}",0.0,"{""alliance"":""blue"",""startPosition"":""left"",""points"":[{""x"":0.34,""y"":0.67,""tSec"":4.7,""_id"":""69bf239724a0f4fafcac999c""},{""x"":0.3459,""y"":0.6751,""tSec"":4.7,""_id"":""69bf239724a0f4fafcac999d""}],""shotMarkers"":[],""fingerprint"":""8bdbe175"",""_id"":""69bf239724a0f4fafcac999b""}",left,5.0,0.0,0.0,0.0,0.0,stuck,0.0,None,False,rough,18.55,3.55,18.55,0.0,0.0,0.0,0.0,0.0,0.0,Stuck on trench bar,True,27,0.71,1,0.71,0.0,0.0,0.0,0.71,0.0,0.0,0.0,False,blue_2,Awishkar,17.6,3.71,3,0.61,0.0,0.0,0.0,0.0,3.05,0.66,0.0,5857,0.0,0.0,0.0,15.25,3.3,18.55,0.0,None,4
"{""totalSec"":163,""autoEndSec"":20,""delayEndSec"":23,""intervals"":[{""action"":""shoot"",""startSec"":155.3,""endSec"":155.41,""durationSec"":0.11,""_id"":""69bf23ac24a0f4fafcac99b1""},{""action"":""shoot"",""startSec"":157.75,""endSec"":159.5,""durationSec"":1.75,""_id"":""69bf23ac24a0f4fafcac99b2""}],""_id"":""69bf23ac24a0f4fafcac99b0""}",0.0,"{""alliance"":""blue"",""startPosition"":""center"",""points"":[{""x"":0.34,""y"":0.5,""tSec"":15.85,""_id"":""69bf23ac24a0f4fafcac99a8""},{""x"":0.3497,""y"":0.512,""tSec"":15.85,""_id"":""69bf23ac24a0f4fafcac99a9""},{""x"":0.3386,""y"":0.521,""tSec"":17.3,""_id"":""69bf23ac24a0f4fafcac99aa""},{""x"":0.3304,""y"":0.5211,""tSec"":17.4,""_id"":""69bf23ac24a0f4fafcac99ab""},{""x"":0.3171,""y"":0.5183,""tSec"":17.45,""_id"":""69bf23ac24a0f4fafcac99ac""},{""x"":0.3071,""y"":0.5142,""tSec"":17.5,""_id"":""69bf23ac24a0f4fafcac99ad""},{""x"":0.299,""y"":0.5127,""tSec"":17.6,""_id"":""69bf23ac24a0f4fafcac99ae""}],""shotMarkers"":[{""x"":0.299,""y"":0.5127,""tSec"":18.15,""_id"":""69bf23ac24a0f4fafcac99af""}],""fingerprint"":""f79fba01"",""_id"":""69bf23ac24a0f4fafcac99a7""}",center,5.0,0.0,0.0,0.0,0.0,None,0.0,None,False,rough,9.3,0.0,9.3,0.0,0.0,0.0,0.0,0.0,0.0,Got pushed around by other robots,True,27,0.0,0,0.0,0.0,0.0,0.0,0.0,0.0,0.0,0.0,False,blue_3,Wesley,2.45,1.86,2,0.93,0.0,1.86,0.0,0.0,0.0,0.0,0.0,597,9.3,0.0,0.0,0.0,0.0,9.3,0.0,None,2
"{""totalSec"":163,""autoEndSec"":20,""delayEndSec"":23,""intervals"":[{""action"":""shoot"",""startSec"":4.5,""endSec"":5.25,""durationSec"":0.75,""_id"":""69bf23c024a0f4fafcac99ea""},{""action"":""shoot"",""startSec"":10.22,""endSec"":10.37,""durationSec"":0.15,""_id"":""69bf23c024a0f4fafcac99eb""},{""action"":""shoot"",""startSec"":10.47,""endSec"":10.55,""durationSec"":0.08,""_id"":""69bf23c024a0f4fafcac99ec""},{""action"":""shoot"",""startSec"":24.89,""endSec"":25.14,""durationSec"":0.25,""_id"":""69bf23c024a0f4fafcac99ed""},{""action"":""shoot"",""startSec"":32.18,""endSec"":32.28,""durationSec"":0.1,""_id"":""69bf23c024a0f4fafcac99ee""},{""action"":""shoot"",""startSec"":32.43,""endSec"":32.52,""durationSec"":0.09,""_id"":""69bf23c024a0f4fafcac99ef""},{""action"":""shoot"",""startSec"":32.63,""endSec"":32.73,""durationSec"":0.1,""_id"":""69bf23c024a0f4fafcac99f0""},{""action"":""shoot"",""startSec"":32.83,""endSec"":32.94,""durationSec"":0.11,""_id"":""69bf23c024a0f4fafcac99f1""},{""action"":""shoot"",""startSec"":33.03,""endSec"":34.27,""durationSec"":1.24,""_id"":""69bf23c024a0f4fafcac99f2""},{""action"":""shoot"",""startSec"":46.92,""endSec"":47.05,""durationSec"":0.13,""_id"":""69bf23c024a0f4fafcac99f3""},{""action"":""shoot"",""startSec"":47.17,""endSec"":47.28,""durationSec"":0.11,""_id"":""69bf23c024a0f4fafcac99f4""},{""action"":""shoot"",""startSec"":47.37,""endSec"":47.52,""durationSec"":0.15,""_id"":""69bf23c024a0f4fafcac99f5""},{""action"":""shoot"",""startSec"":47.62,""endSec"":47.72,""durationSec"":0.1,""_id"":""69bf23c024a0f4fafcac99f6""},{""action"":""shoot"",""startSec"":47.82,""endSec"":47.94,""durationSec"":0.12,""_id"":""69bf23c024a0f4fafcac99f7""},{""action"":""shoot"",""startSec"":48.02,""endSec"":48.65,""durationSec"":0.63,""_id"":""69bf23c024a0f4fafcac99f8""},{""action"":""shoot"",""startSec"":58.32,""endSec"":59,""durationSec"":0.68,""_id"":""69bf23c024a0f4fafcac99f9""},{""action"":""shoot"",""startSec"":69.49,""endSec"":69.6,""durationSec"":0.11,""_id"":""69bf23c024a0f4fafcac99fa""},{""action"":""shoot"",""startSec"":69.69,""endSec"":70.09,""durationSec"":0.4,""_id"":""69bf23c024a0f4fafcac99fb""},{""action"":""shoot"",""startSec"":90.06,""endSec"":91.71,""durationSec"":1.65,""_id"":""69bf23c024a0f4fafcac99fc""},{""action"":""shoot"",""startSec"":95.17,""endSec"":95.42,""durationSec"":0.25,""_id"":""69bf23c024a0f4fafcac99fd""},{""action"":""shoot"",""startSec"":95.52,""endSec"":95.61,""durationSec"":0.09,""_id"":""69bf23c024a0f4fafcac99fe""},{""action"":""shoot"",""startSec"":98.67,""endSec"":98.77,""durationSec"":0.1,""_id"":""69bf23c024a0f4fafcac99ff""},{""action"":""shoot"",""startSec"":98.87,""endSec"":99.12,""durationSec"":0.25,""_id"":""69bf23c024a0f4fafcac9a00""},{""action"":""shoot"",""startSec"":100.67,""endSec"":101,""durationSec"":0.33,""_id"":""69bf23c024a0f4fafcac9a01""},{""action"":""shoot"",""startSec"":118.91,""endSec"":119.59,""durationSec"":0.68,""_id"":""69bf23c024a0f4fafcac9a02""},{""action"":""shoot"",""startSec"":120.11,""endSec"":121.27,""durationSec"":1.16,""_id"":""69bf23c024a0f4fafcac9a03""},{""action"":""shoot"",""startSec"":135.12,""endSec"":136.84,""durationSec"":1.72,""_id"":""69bf23c024a0f4fafcac9a04""},{""action"":""shoot"",""startSec"":143.52,""endSec"":143.67,""durationSec"":0.15,""_id"":""69bf23c024a0f4fafcac9a05""},{""action"":""shoot"",""startSec"":143.77,""endSec"":144.12,""durationSec"":0.35,""_id"":""69bf23c024a0f4fafcac9a06""},{""action"":""shoot"",""startSec"":148.27,""endSec"":148.62,""durationSec"":0.35,""_id"":""69bf23c024a0f4fafcac9a07""},{""action"":""shoot"",""startSec"":150.47,""endSec"":151.17,""durationSec"":0.7,""_id"":""69bf23c024a0f4fafcac9a08""},{""action"":""shoot"",""startSec"":160.17,""endSec"":160.92,""durationSec"":0.75,""_id"":""69bf23c024a0f4fafcac9a09""}],""_id"":""69bf23c024a0f4fafcac99e9""}",4.9,"{""alliance"":""blue"",""startPosition"":""right"",""points"":[{""x"":0.34,""y"":0.33,""tSec"":2.25,""_id"":""69bf23c024a0f4fafcac99b9""},{""x"":0.3467,""y"":0.3601,""tSec"":2.25,""_id"":""69bf23c024a0f4fafcac99ba""},{""x"":0.3329,""y"":0.376,""tSec"":2.95,""_id"":""69bf23c024a0f4fafcac99bb""},{""x"":0.3083,""y"":0.3789,""tSec"":3.1,""_id"":""69bf23c024a0f4fafcac99bc""},{""x"":0.2969,""y"":0.3802,""tSec"":3.1,""_id"":""69bf23c024a0f4fafcac99bd""},{""x"":0.2878,""y"":0.3804,""tSec"":3.1,""_id"":""69bf23c024a0f4fafcac99be""},{""x"":0.2798,""y"":0.3804,""tSec"":3.1,""_id"":""69bf23c024a0f4fafcac99bf""},{""x"":0.2674,""y"":0.3785,""tSec"":3.15,""_id"":""69bf23c024a0f4fafcac99c0""},{""x"":0.2544,""y"":0.3754,""tSec"":3.2,""_id"":""69bf23c024a0f4fafcac99c1""},{""x"":0.2429,""y"":0.376,""tSec"":3.25,""_id"":""69bf23c024a0f4fafcac99c2""},{""x"":0.2345,""y"":0.3808,""tSec"":3.25,""_id"":""69bf23c024a0f4fafcac99c3""},{""x"":0.2221,""y"":0.3936,""tSec"":3.3,""_id"":""69bf23c024a0f4fafcac99c4""},{""x"":0.2091,""y"":0.4065,""tSec"":3.3,""_id"":""69bf23c024a0f4fafcac99c5""},{""x"":0.1984,""y"":0.4185,""tSec"":3.35,""_id"":""69bf23c024a0f4fafcac99c6""},{""x"":0.1878,""y"":0.435,""tSec"":3.35,""_id"":""69bf23c024a0f4fafcac99c7""},{""x"":0.1789,""y"":0.4502,""tSec"":3.35,""_id"":""69bf23c024a0f4fafcac99c8""},{""x"":0.1702,""y"":0.4634,""tSec"":3.4,""_id"":""69bf23c024a0f4fafcac99c9""},{""x"":0.1569,""y"":0.4905,""tSec"":3.45,""_id"":""69bf23c024a0f4fafcac99ca""},{""x"":0.1499,""y"":0.508,""tSec"":3.45,""_id"":""69bf23c024a0f4fafcac99cb""},{""x"":0.146,""y"":0.5177,""tSec"":3.45,""_id"":""69bf23c024a0f4fafcac99cc""},{""x"":0.1724,""y"":0.5018,""tSec"":10.05,""_id"":""69bf23c024a0f4fafcac99cd""},{""x"":0.1732,""y"":0.5188,""tSec"":10.15,""_id"":""69bf23c024a0f4fafcac99ce""},{""x"":0.1733,""y"":0.5302,""tSec"":10.15,""_id"":""69bf23c024a0f4fafcac99cf""},{""x"":0.1733,""y"":0.5525,""tSec"":10.2,""_id"":""69bf23c024a0f4fafcac99d0""},{""x"":0.1733,""y"":0.5637,""tSec"":10.2,""_id"":""69bf23c024a0f4fafcac99d1""},{""x"":0.1741,""y"":0.5801,""tSec"":10.2,""_id"":""69bf23c024a0f4fafcac99d2""},{""x"":0.175,""y"":0.5934,""tSec"":10.25,""_id"":""69bf23c024a0f4fafcac99d3""},{""x"":0.1751,""y"":0.6035,""tSec"":10.25,""_id"":""69bf23c024a0f4fafcac99d4""},{""x"":0.1751,""y"":0.6161,""tSec"":10.3,""_id"":""69bf23c024a0f4fafcac99d5""},{""x"":0.1743,""y"":0.6289,""tSec"":10.3,""_id"":""69bf23c024a0f4fafcac99d6""},{""x"":0.1727,""y"":0.6381,""tSec"":10.3,""_id"":""69bf23c024a0f4fafcac99d7""},{""x"":0.1649,""y"":0.6571,""tSec"":10.35,""_id"":""69bf23c024a0f4fafcac99d8""},{""x"":0.1586,""y"":0.6679,""tSec"":10.35,""_id"":""69bf23c024a0f4fafcac99d9""},{""x"":0.1478,""y"":0.6844,""tSec"":10.35,""_id"":""69bf23c024a0f4fafcac99da""},{""x"":0.1427,""y"":0.6929,""tSec"":10.4,""_id"":""69bf23c024a0f4fafcac99db""},{""x"":0.1344,""y"":0.7081,""tSec"":10.4,""_id"":""69bf23c024a0f4fafcac99dc""},{""x"":0.1304,""y"":0.7175,""tSec"":10.45,""_id"":""69bf23c024a0f4fafcac99dd""},{""x"":0.1153,""y"":0.7479,""tSec"":10.45,""_id"":""69bf23c024a0f4fafcac99de""},{""x"":0.1105,""y"":0.7563,""tSec"":10.45,""_id"":""69bf23c024a0f4fafcac99df""},{""x"":0.106,""y"":0.7621,""tSec"":10.5,""_id"":""69bf23c024a0f4fafcac99e0""},{""x"":0.0978,""y"":0.7741,""tSec"":10.5,""_id"":""69bf23c024a0f4fafcac99e1""},{""x"":0.0938,""y"":0.7812,""tSec"":10.55,""_id"":""69bf23c024a0f4fafcac99e2""},{""x"":0.0856,""y"":0.7972,""tSec"":10.55,""_id"":""69bf23c024a0f4fafcac99e3""},{""x"":0.0801,""y"":0.8086,""tSec"":10.6,""_id"":""69bf23c024a0f4fafcac99e4""},{""x"":0.0763,""y"":0.8203,""tSec"":10.6,""_id"":""69bf23c024a0f4fafcac99e5""},{""x"":0.0728,""y"":0.8312,""tSec"":10.65,""_id"":""69bf23c024a0f4fafcac99e6""},{""x"":0.0709,""y"":0.8401,""tSec"":10.65,""_id"":""69bf23c024a0f4fafcac99e7""},{""x"":0.0691,""y"":0.8478,""tSec"":10.65,""_id"":""69bf23c024a0f4fafcac99e8""}],""shotMarkers"":[],""fingerprint"":""44907d27"",""_id"":""69bf23c024a0f4fafcac99b8""}",right,5.0,0.0,0.0,0.0,0.0,None,0.0,None,False,ok,69.15,0.0,69.15,0.0,0.0,0.0,0.0,0.0,0.0,Was okay ,True,27,0.0,0,0.0,0.0,0.0,0.0,0.0,0.0,0.0,0.0,False,blue_1,Kasandra,1.8,13.83,32,0.25,0.98,4.02,3.13,1.19,2.67,1.84,0.0,4,20.1,15.65,5.95,13.35,9.2,64.25,0.0,None,32
"{""totalSec"":163,""autoEndSec"":20,""delayEndSec"":23,""intervals"":[{""action"":""shoot"",""startSec"":2.8,""endSec"":3.95,""durationSec"":1.15,""_id"":""69bf25d924a0f4fafcac9a18""},{""action"":""shoot"",""startSec"":10.9,""endSec"":12.25,""durationSec"":1.35,""_id"":""69bf25d924a0f4fafcac9a19""},{""action"":""shoot"",""startSec"":25.95,""endSec"":26.65,""durationSec"":0.7,""_id"":""69bf25d924a0f4fafcac9a1a""},{""action"":""pass"",""startSec"":29.6,""endSec"":44.15,""durationSec"":14.55,""_id"":""69bf25d924a0f4fafcac9a1b""},{""action"":""pass"",""startSec"":44.85,""endSec"":66.73,""durationSec"":21.88,""_id"":""69bf25d924a0f4fafcac9a1c""},{""action"":""shoot"",""startSec"":89.1,""endSec"":89.75,""durationSec"":0.65,""_id"":""69bf25d924a0f4fafcac9a1d""},{""action"":""shoot"",""startSec"":90.85,""endSec"":91.48,""durationSec"":0.63,""_id"":""69bf25d924a0f4fafcac9a1e""},{""action"":""pass"",""startSec"":97.3,""endSec"":98.88,""durationSec"":1.58,""_id"":""69bf25d924a0f4fafcac9a1f""},{""action"":""pass"",""startSec"":100,""endSec"":100.66,""durationSec"":0.66,""_id"":""69bf25d924a0f4fafcac9a20""},{""action"":""shoot"",""startSec"":101,""endSec"":110.15,""durationSec"":9.15,""_id"":""69bf25d924a0f4fafcac9a21""},{""action"":""shoot"",""startSec"":111.25,""endSec"":111.65,""durationSec"":0.4,""_id"":""69bf25d924a0f4fafcac9a22""},{""action"":""pass"",""startSec"":116.35,""endSec"":141.25,""durationSec"":24.9,""_id"":""69bf25d924a0f4fafcac9a23""},{""action"":""shoot"",""startSec"":141.55,""endSec"":147.55,""durationSec"":6,""_id"":""69bf25d924a0f4fafcac9a24""},{""action"":""pass"",""startSec"":150.3,""endSec"":152.02,""durationSec"":1.72,""_id"":""69bf25d924a0f4fafcac9a25""}],""_id"":""69bf25d924a0f4fafcac9a17""}",12.5,"{""alliance"":""red"",""startPosition"":""right"",""points"":[{""x"":0.69,""y"":0.67,""tSec"":9.4,""_id"":""69bf25d924a0f4fafcac9a15""},{""x"":0.6991,""y"":0.6582,""tSec"":9.4,""_id"":""69bf25d924a0f4fafcac9a16""}],""shotMarkers"":[],""fingerprint"":""e58f1009"",""_id"":""69bf25d924a0f4fafcac9a14""}",right,5.0,0.0,0.0,0.0,0.0,None,0.0,some,False,ok,100.15,326.45,100.15,0.0,0.0,0.0,0.0,0.0,0.0,,True,28,65.29,6,8.135,0.0,9.97,20.2,16.23,2.24,16.65,0.0,False,red_1,Mmasi,10.25,20.03,8,0.925,2.5,6.0,0.7,0.0,5.78,5.05,0.0,7042,30.0,3.5,0.0,28.9,25.25,87.65,0.0,level1,14
"{""totalSec"":163,""autoEndSec"":20,""delayEndSec"":23,""intervals"":[{""action"":""shoot"",""startSec"":100.41,""endSec"":100.52,""durationSec"":0.11,""_id"":""69bf25dd24a0f4fafcac9a2a""},{""action"":""shoot"",""startSec"":101.91,""endSec"":102.16,""durationSec"":0.25,""_id"":""69bf25dd24a0f4fafcac9a2b""},{""action"":""shoot"",""startSec"":103.26,""endSec"":104.66,""durationSec"":1.4,""_id"":""69bf25dd24a0f4fafcac9a2c""},{""action"":""shoot"",""startSec"":146.75,""endSec"":147.8,""durationSec"":1.05,""_id"":""69bf25dd24a0f4fafcac9a2d""},{""action"":""shoot"",""startSec"":149.2,""endSec"":151.55,""durationSec"":2.35,""_id"":""69bf25dd24a0f4fafcac9a2e""}],""_id"":""69bf25dd24a0f4fafcac9a29""}",0.0,{},,5.0,0.0,0.0,1.0,0.0,None,1.0,None,False,ok,25.8,0.0,25.8,0.0,0.0,0.0,0.0,0.0,0.0,Sus bumpers,True,28,0.0,0,0.0,0.0,0.0,0.0,0.0,0.0,0.0,0.0,False,red_3,Bradley,1.975,5.16,5,1.05,0.0,3.4,0.0,0.0,1.76,0.0,0.0,6904,17.0,0.0,0.0,8.8,0.0,25.8,0.0,None,5
"{""totalSec"":163,""autoEndSec"":20,""delayEndSec"":23,""intervals"":[],""_id"":""69bf260124a0f4fafcac9a3b""}",0.0,"{""alliance"":""blue"",""startPosition"":""center"",""points"":[{""x"":0.34,""y"":0.5,""tSec"":7,""_id"":""69bf260124a0f4fafcac9a39""},{""x"":0.3428,""y"":0.5072,""tSec"":7,""_id"":""69bf260124a0f4fafcac9a3a""}],""shotMarkers"":[],""fingerprint"":""f01c2824"",""_id"":""69bf260124a0f4fafcac9a38""}",center,5.0,0.0,0.0,0.0,0.0,None,0.0,None,False,rough,0.0,0.0,0.0,0.0,0.0,0.0,0.0,0.0,0.0,"Tank drive, pushed fuel into station ",False,28,0.0,0,0.0,0.0,0.0,0.0,0.0,0.0,0.0,0.0,False,blue_2,Awishkar,0.0,0.0,0,0.0,0.0,0.0,0.0,0.0,0.0,0.0,0.0,9505,0.0,0.0,0.0,0.0,0.0,0.0,0.0,None,0
"{""totalSec"":163,""autoEndSec"":20,""delayEndSec"":23,""intervals"":[{""action"":""shoot"",""startSec"":26.75,""endSec"":27.75,""durationSec"":1,""_id"":""69bf262124a0f4fafcac9b0b""},{""action"":""shoot"",""startSec"":32.6,""endSec"":33.38,""durationSec"":0.78,""_id"":""69bf262124a0f4fafcac9b0c""},{""action"":""shoot"",""startSec"":61.75,""endSec"":62.4,""durationSec"":0.65,""_id"":""69bf262124a0f4fafcac9b0d""},{""action"":""pass"",""startSec"":62.95,""endSec"":63.65,""durationSec"":0.7,""_id"":""69bf262124a0f4fafcac9b0e""},{""action"":""shoot"",""startSec"":65.8,""endSec"":65.95,""durationSec"":0.15,""_id"":""69bf262124a0f4fafcac9b0f""},{""action"":""shoot"",""startSec"":66.7,""endSec"":66.75,""durationSec"":0.05,""_id"":""69bf262124a0f4fafcac9b10""},{""action"":""shoot"",""startSec"":86.02,""endSec"":87.27,""durationSec"":1.25,""_id"":""69bf262124a0f4fafcac9b11""},{""action"":""shoot"",""startSec"":127.92,""endSec"":129.22,""durationSec"":1.3,""_id"":""69bf262124a0f4fafcac9b12""},{""action"":""shoot"",""startSec"":138.37,""endSec"":139.7,""durationSec"":1.33,""_id"":""69bf262124a0f4fafcac9b13""},{""action"":""shoot"",""startSec"":141.72,""endSec"":142.02,""durationSec"":0.3,""_id"":""69bf262124a0f4fafcac9b14""},{""action"":""shoot"",""startSec"":142.67,""endSec"":143.52,""durationSec"":0.85,""_id"":""69bf262124a0f4fafcac9b15""},{""action"":""shoot"",""startSec"":153.62,""endSec"":154.52,""durationSec"":0.9,""_id"":""69bf262124a0f4fafcac9b16""},{""action"":""shoot"",""startSec"":156.42,""endSec"":157.92,""durationSec"":1.5,""_id"":""69bf262124a0f4fafcac9b17""},{""action"":""shoot"",""startSec"":158.22,""endSec"":158.77,""durationSec"":0.55,""_id"":""69bf262124a0f4fafcac9b18""},{""action"":""shoot"",""startSec"":159.62,""endSec"":161.62,""durationSec"":2,""_id"":""69bf262124a0f4fafcac9b19""}],""_id"":""69bf262124a0f4fafcac9b0a""}",0.0,"{""alliance"":""blue"",""startPosition"":""left"",""points"":[{""x"":0.34,""y"":0.67,""tSec"":2.25,""_id"":""69bf262124a0f4fafcac9a46""},{""x"":0.3474,""y"":0.6733,""tSec"":2.25,""_id"":""69bf262124a0f4fafcac9a47""},{""x"":0.3452,""y"":0.6831,""tSec"":5.25,""_id"":""69bf262124a0f4fafcac9a48""},{""x"":0.3449,""y"":0.6928,""tSec"":5.25,""_id"":""69bf262124a0f4fafcac9a49""},{""x"":0.3449,""y"":0.7015,""tSec"":5.3,""_id"":""69bf262124a0f4fafcac9a4a""},{""x"":0.3442,""y"":0.712,""tSec"":5.3,""_id"":""69bf262124a0f4fafcac9a4b""},{""x"":0.3433,""y"":0.7227,""tSec"":5.35,""_id"":""69bf262124a0f4fafcac9a4c""},{""x"":0.3424,""y"":0.74,""tSec"":5.4,""_id"":""69bf262124a0f4fafcac9a4d""},{""x"":0.3423,""y"":0.7478,""tSec"":5.4,""_id"":""69bf262124a0f4fafcac9a4e""},{""x"":0.3423,""y"":0.7592,""tSec"":5.4,""_id"":""69bf262124a0f4fafcac9a4f""},{""x"":0.3416,""y"":0.7737,""tSec"":5.45,""_id"":""69bf262124a0f4fafcac9a50""},{""x"":0.3415,""y"":0.7812,""tSec"":5.45,""_id"":""69bf262124a0f4fafcac9a51""},{""x"":0.3415,""y"":0.7925,""tSec"":5.5,""_id"":""69bf262124a0f4fafcac9a52""},{""x"":0.3415,""y"":0.7995,""tSec"":5.5,""_id"":""69bf262124a0f4fafcac9a53""},{""x"":0.3415,""y"":0.8108,""tSec"":5.5,""_id"":""69bf262124a0f4fafcac9a54""},{""x"":0.3415,""y"":0.8244,""tSec"":5.55,""_id"":""69bf262124a0f4fafcac9a55""},{""x"":0.3415,""y"":0.8355,""tSec"":5.6,""_id"":""69bf262124a0f4fafcac9a56""},{""x"":0.3422,""y"":0.8482,""tSec"":5.6,""_id"":""69bf262124a0f4fafcac9a57""},{""x"":0.3431,""y"":0.8553,""tSec"":5.6,""_id"":""69bf262124a0f4fafcac9a58""},{""x"":0.344,""y"":0.8666,""tSec"":5.65,""_id"":""69bf262124a0f4fafcac9a59""},{""x"":0.3448,""y"":0.8755,""tSec"":5.65,""_id"":""69bf262124a0f4fafcac9a5a""},{""x"":0.3473,""y"":0.8898,""tSec"":5.7,""_id"":""69bf262124a0f4fafcac9a5b""},{""x"":0.3499,""y"":0.901,""tSec"":5.7,""_id"":""69bf262124a0f4fafcac9a5c""},{""x"":0.3532,""y"":0.9099,""tSec"":5.7,""_id"":""69bf262124a0f4fafcac9a5d""},{""x"":0.3566,""y"":0.9176,""tSec"":5.75,""_id"":""69bf262124a0f4fafcac9a5e""},{""x"":0.3655,""y"":0.926,""tSec"":5.8,""_id"":""69bf262124a0f4fafcac9a5f""},{""x"":0.3773,""y"":0.9328,""tSec"":5.85,""_id"":""69bf262124a0f4fafcac9a60""},{""x"":0.3917,""y"":0.9402,""tSec"":5.85,""_id"":""69bf262124a0f4fafcac9a61""},{""x"":0.3996,""y"":0.9439,""tSec"":5.9,""_id"":""69bf262124a0f4fafcac9a62""},{""x"":0.4121,""y"":0.9491,""tSec"":5.9,""_id"":""69bf262124a0f4fafcac9a63""},{""x"":0.4227,""y"":0.9535,""tSec"":5.9,""_id"":""69bf262124a0f4fafcac9a64""},{""x"":0.4333,""y"":0.9568,""tSec"":5.95,""_id"":""69bf262124a0f4fafcac9a65""},{""x"":0.4453,""y"":0.9592,""tSec"":5.95,""_id"":""69bf262124a0f4fafcac9a66""},{""x"":0.4559,""y"":0.9603,""tSec"":6,""_id"":""69bf262124a0f4fafcac9a67""},{""x"":0.4656,""y"":0.9605,""tSec"":6,""_id"":""69bf262124a0f4fafcac9a68""},{""x"":0.4752,""y"":0.9605,""tSec"":6.05,""_id"":""69bf262124a0f4fafcac9a69""},{""x"":0.4878,""y"":0.9615,""tSec"":6.1,""_id"":""69bf262124a0f4fafcac9a6a""},{""x"":0.4955,""y"":0.9616,""tSec"":6.1,""_id"":""69bf262124a0f4fafcac9a6b""},{""x"":0.5025,""y"":0.9626,""tSec"":6.15,""_id"":""69bf262124a0f4fafcac9a6c""},{""x"":0.511,""y"":0.9627,""tSec"":6.15,""_id"":""69bf262124a0f4fafcac9a6d""},{""x"":0.5212,""y"":0.9627,""tSec"":6.2,""_id"":""69bf262124a0f4fafcac9a6e""},{""x"":0.5317,""y"":0.9637,""tSec"":6.25,""_id"":""69bf262124a0f4fafcac9a6f""},{""x"":0.5398,""y"":0.9638,""tSec"":6.25,""_id"":""69bf262124a0f4fafcac9a70""},{""x"":0.5469,""y"":0.9638,""tSec"":6.3,""_id"":""69bf262124a0f4fafcac9a71""},{""x"":0.5593,""y"":0.9638,""tSec"":6.3,""_id"":""69bf262124a0f4fafcac9a72""},{""x"":0.573,""y"":0.9638,""tSec"":6.35,""_id"":""69bf262124a0f4fafcac9a73""},{""x"":0.5854,""y"":0.9638,""tSec"":6.4,""_id"":""69bf262124a0f4fafcac9a74""},{""x"":0.5968,""y"":0.9638,""tSec"":6.4,""_id"":""69bf262124a0f4fafcac9a75""},{""x"":0.6074,""y"":0.9638,""tSec"":6.45,""_id"":""69bf262124a0f4fafcac9a76""},{""x"":0.6187,""y"":0.9638,""tSec"":6.5,""_id"":""69bf262124a0f4fafcac9a77""},{""x"":0.6293,""y"":0.9638,""tSec"":6.5,""_id"":""69bf262124a0f4fafcac9a78""},{""x"":0.6374,""y"":0.9628,""tSec"":6.55,""_id"":""69bf262124a0f4fafcac9a79""},{""x"":0.6452,""y"":0.9608,""tSec"":6.55,""_id"":""69bf262124a0f4fafcac9a7a""},{""x"":0.6539,""y"":0.9597,""tSec"":6.55,""_id"":""69bf262124a0f4fafcac9a7b""},{""x"":0.6664,""y"":0.9586,""tSec"":6.6,""_id"":""69bf262124a0f4fafcac9a7c""},{""x"":0.6794,""y"":0.9556,""tSec"":6.65,""_id"":""69bf262124a0f4fafcac9a7d""},{""x"":0.6909,""y"":0.9524,""tSec"":6.7,""_id"":""69bf262124a0f4fafcac9a7e""},{""x"":0.6992,""y"":0.9491,""tSec"":6.7,""_id"":""69bf262124a0f4fafcac9a7f""},{""x"":0.7079,""y"":0.9459,""tSec"":6.75,""_id"":""69bf262124a0f4fafcac9a80""},{""x"":0.7173,""y"":0.9418,""tSec"":6.75,""_id"":""69bf262124a0f4fafcac9a81""},{""x"":0.7254,""y"":0.9385,""tSec"":6.8,""_id"":""69bf262124a0f4fafcac9a82""},{""x"":0.7324,""y"":0.9352,""tSec"":6.8,""_id"":""69bf262124a0f4fafcac9a83""},{""x"":0.7433,""y"":0.9301,""tSec"":6.85,""_id"":""69bf262124a0f4fafcac9a84""},{""x"":0.7554,""y"":0.9209,""tSec"":6.85,""_id"":""69bf262124a0f4fafcac9a85""},{""x"":0.766,""y"":0.9095,""tSec"":6.9,""_id"":""69bf262124a0f4fafcac9a86""},{""x"":0.7718,""y"":0.9005,""tSec"":6.9,""_id"":""69bf262124a0f4fafcac9a87""},{""x"":0.7756,""y"":0.8919,""tSec"":6.95,""_id"":""69bf262124a0f4fafcac9a88""},{""x"":0.7791,""y"":0.8842,""tSec"":6.95,""_id"":""69bf262124a0f4fafcac9a89""},{""x"":0.7811,""y"":0.8767,""tSec"":7,""_id"":""69bf262124a0f4fafcac9a8a""},{""x"":0.7829,""y"":0.8683,""tSec"":7,""_id"":""69bf262124a0f4fafcac9a8b""},{""x"":0.7846,""y"":0.8597,""tSec"":7.05,""_id"":""69bf262124a0f4fafcac9a8c""},{""x"":0.7856,""y"":0.8473,""tSec"":7.05,""_id"":""69bf262124a0f4fafcac9a8d""},{""x"":0.7865,""y"":0.8345,""tSec"":7.1,""_id"":""69bf262124a0f4fafcac9a8e""},{""x"":0.7866,""y"":0.8216,""tSec"":7.15,""_id"":""69bf262124a0f4fafcac9a8f""},{""x"":0.7889,""y"":0.8087,""tSec"":7.15,""_id"":""69bf262124a0f4fafcac9a90""},{""x"":0.7915,""y"":0.7967,""tSec"":7.2,""_id"":""69bf262124a0f4fafcac9a91""},{""x"":0.7941,""y"":0.7868,""tSec"":7.25,""_id"":""69bf262124a0f4fafcac9a92""},{""x"":0.7952,""y"":0.7762,""tSec"":7.3,""_id"":""69bf262124a0f4fafcac9a93""},{""x"":0.7968,""y"":0.7692,""tSec"":7.3,""_id"":""69bf262124a0f4fafcac9a94""},{""x"":0.7986,""y"":0.7608,""tSec"":7.35,""_id"":""69bf262124a0f4fafcac9a95""},{""x"":0.7988,""y"":0.7522,""tSec"":7.4,""_id"":""69bf262124a0f4fafcac9a96""},{""x"":0.7988,""y"":0.7436,""tSec"":7.4,""_id"":""69bf262124a0f4fafcac9a97""},{""x"":0.7988,""y"":0.7359,""tSec"":7.45,""_id"":""69bf262124a0f4fafcac9a98""},{""x"":0.7988,""y"":0.7275,""tSec"":7.5,""_id"":""69bf262124a0f4fafcac9a99""},{""x"":0.7988,""y"":0.717,""tSec"":7.55,""_id"":""69bf262124a0f4fafcac9a9a""},{""x"":0.7988,""y"":0.7082,""tSec"":7.6,""_id"":""69bf262124a0f4fafcac9a9b""},{""x"":0.7988,""y"":0.6986,""tSec"":7.65,""_id"":""69bf262124a0f4fafcac9a9c""},{""x"":0.7988,""y"":0.6871,""tSec"":7.7,""_id"":""69bf262124a0f4fafcac9a9d""},{""x"":0.7988,""y"":0.6772,""tSec"":7.7,""_id"":""69bf262124a0f4fafcac9a9e""},{""x"":0.7988,""y"":0.6675,""tSec"":7.75,""_id"":""69bf262124a0f4fafcac9a9f""},{""x"":0.7972,""y"":0.6588,""tSec"":7.8,""_id"":""69bf262124a0f4fafcac9aa0""},{""x"":0.7947,""y"":0.6502,""tSec"":7.8,""_id"":""69bf262124a0f4fafcac9aa1""},{""x"":0.7914,""y"":0.6378,""tSec"":7.85,""_id"":""69bf262124a0f4fafcac9aa2""},{""x"":0.7887,""y"":0.6287,""tSec"":7.9,""_id"":""69bf262124a0f4fafcac9aa3""},{""x"":0.7876,""y"":0.621,""tSec"":7.95,""_id"":""69bf262124a0f4fafcac9aa4""},{""x"":0.7859,""y"":0.6126,""tSec"":8,""_id"":""69bf262124a0f4fafcac9aa5""},{""x"":0.7842,""y"":0.604,""tSec"":8.05,""_id"":""69bf262124a0f4fafcac9aa6""},{""x"":0.7832,""y"":0.5954,""tSec"":8.05,""_id"":""69bf262124a0f4fafcac9aa7""},{""x"":0.7816,""y"":0.5868,""tSec"":8.15,""_id"":""69bf262124a0f4fafcac9aa8""},{""x"":0.779,""y"":0.5791,""tSec"":8.2,""_id"":""69bf262124a0f4fafcac9aa9""},{""x"":0.7764,""y"":0.5857,""tSec"":8.5,""_id"":""69bf262124a0f4fafcac9aaa""},{""x"":0.7761,""y"":0.5932,""tSec"":8.6,""_id"":""69bf262124a0f4fafcac9aab""},{""x"":0.7761,""y"":0.6007,""tSec"":8.7,""_id"":""69bf262124a0f4fafcac9aac""},{""x"":0.7761,""y"":0.6082,""tSec"":8.85,""_id"":""69bf262124a0f4fafcac9aad""},{""x"":0.7761,""y"":0.6157,""tSec"":8.9,""_id"":""69bf262124a0f4fafcac9aae""},{""x"":0.7761,""y"":0.6251,""tSec"":8.95,""_id"":""69bf262124a0f4fafcac9aaf""},{""x"":0.7761,""y"":0.6348,""tSec"":9,""_id"":""69bf262124a0f4fafcac9ab0""},{""x"":0.7761,""y"":0.6444,""tSec"":9.05,""_id"":""69bf262124a0f4fafcac9ab1""},{""x"":0.7761,""y"":0.6588,""tSec"":9.1,""_id"":""69bf262124a0f4fafcac9ab2""},{""x"":0.7761,""y"":0.6709,""tSec"":9.15,""_id"":""69bf262124a0f4fafcac9ab3""},{""x"":0.7761,""y"":0.6809,""tSec"":9.15,""_id"":""69bf262124a0f4fafcac9ab4""},{""x"":0.7761,""y"":0.6887,""tSec"":9.2,""_id"":""69bf262124a0f4fafcac9ab5""},{""x"":0.7761,""y"":0.6982,""tSec"":9.25,""_id"":""69bf262124a0f4fafcac9ab6""},{""x"":0.7761,""y"":0.7069,""tSec"":9.25,""_id"":""69bf262124a0f4fafcac9ab7""},{""x"":0.7761,""y"":0.7155,""tSec"":9.3,""_id"":""69bf262124a0f4fafcac9ab8""},{""x"":0.7761,""y"":0.7232,""tSec"":9.35,""_id"":""69bf262124a0f4fafcac9ab9""},{""x"":0.7761,""y"":0.7335,""tSec"":9.4,""_id"":""69bf262124a0f4fafcac9aba""},{""x"":0.7761,""y"":0.7413,""tSec"":9.45,""_id"":""69bf262124a0f4fafcac9abb""},{""x"":0.7761,""y"":0.749,""tSec"":9.5,""_id"":""69bf262124a0f4fafcac9abc""},{""x"":0.7761,""y"":0.7574,""tSec"":9.55,""_id"":""69bf262124a0f4fafcac9abd""},{""x"":0.7761,""y"":0.7659,""tSec"":9.6,""_id"":""69bf262124a0f4fafcac9abe""},{""x"":0.7761,""y"":0.7755,""tSec"":9.65,""_id"":""69bf262124a0f4fafcac9abf""},{""x"":0.7769,""y"":0.789,""tSec"":9.75,""_id"":""69bf262124a0f4fafcac9ac0""},{""x"":0.777,""y"":0.7962,""tSec"":9.75,""_id"":""69bf262124a0f4fafcac9ac1""},{""x"":0.7778,""y"":0.8066,""tSec"":9.85,""_id"":""69bf262124a0f4fafcac9ac2""},{""x"":0.7779,""y"":0.8144,""tSec"":9.9,""_id"":""69bf262124a0f4fafcac9ac3""},{""x"":0.7779,""y"":0.822,""tSec"":9.95,""_id"":""69bf262124a0f4fafcac9ac4""},{""x"":0.7779,""y"":0.8295,""tSec"":10,""_id"":""69bf262124a0f4fafcac9ac5""},{""x"":0.7779,""y"":0.8379,""tSec"":10.05,""_id"":""69bf262124a0f4fafcac9ac6""},{""x"":0.7779,""y"":0.8475,""tSec"":10.1,""_id"":""69bf262124a0f4fafcac9ac7""},{""x"":0.7779,""y"":0.8562,""tSec"":10.15,""_id"":""69bf262124a0f4fafcac9ac8""},{""x"":0.7779,""y"":0.8648,""tSec"":10.2,""_id"":""69bf262124a0f4fafcac9ac9""},{""x"":0.7771,""y"":0.8734,""tSec"":10.25,""_id"":""69bf262124a0f4fafcac9aca""},{""x"":0.7747,""y"":0.8811,""tSec"":10.3,""_id"":""69bf262124a0f4fafcac9acb""},{""x"":0.7714,""y"":0.8886,""tSec"":10.35,""_id"":""69bf262124a0f4fafcac9acc""},{""x"":0.7672,""y"":0.898,""tSec"":10.4,""_id"":""69bf262124a0f4fafcac9acd""},{""x"":0.7643,""y"":0.9049,""tSec"":10.4,""_id"":""69bf262124a0f4fafcac9ace""},{""x"":0.7586,""y"":0.9123,""tSec"":10.45,""_id"":""69bf262124a0f4fafcac9acf""},{""x"":0.7533,""y"":0.9178,""tSec"":10.5,""_id"":""69bf262124a0f4fafcac9ad0""},{""x"":0.7465,""y"":0.9242,""tSec"":10.5,""_id"":""69bf262124a0f4fafcac9ad1""},{""x"":0.7396,""y"":0.9288,""tSec"":10.6,""_id"":""69bf262124a0f4fafcac9ad2""},{""x"":0.7304,""y"":0.9341,""tSec"":10.65,""_id"":""69bf262124a0f4fafcac9ad3""},{""x"":0.7224,""y"":0.9375,""tSec"":10.7,""_id"":""69bf262124a0f4fafcac9ad4""},{""x"":0.713,""y"":0.9408,""tSec"":10.7,""_id"":""69bf262124a0f4fafcac9ad5""},{""x"":0.7042,""y"":0.944,""tSec"":10.75,""_id"":""69bf262124a0f4fafcac9ad6""},{""x"":0.6962,""y"":0.9463,""tSec"":10.8,""_id"":""69bf262124a0f4fafcac9ad7""},{""x"":0.6892,""y"":0.9494,""tSec"":10.85,""_id"":""69bf262124a0f4fafcac9ad8""},{""x"":0.6822,""y"":0.9498,""tSec"":10.9,""_id"":""69bf262124a0f4fafcac9ad9""},{""x"":0.6744,""y"":0.9498,""tSec"":10.95,""_id"":""69bf262124a0f4fafcac9ada""},{""x"":0.6666,""y"":0.9498,""tSec"":11.05,""_id"":""69bf262124a0f4fafcac9adb""},{""x"":0.6588,""y"":0.9498,""tSec"":11.15,""_id"":""69bf262124a0f4fafcac9adc""},{""x"":0.6509,""y"":0.9498,""tSec"":11.25,""_id"":""69bf262124a0f4fafcac9add""},{""x"":0.6439,""y"":0.9498,""tSec"":11.4,""_id"":""69bf262124a0f4fafcac9ade""},{""x"":0.6361,""y"":0.9498,""tSec"":11.55,""_id"":""69bf262124a0f4fafcac9adf""},{""x"":0.6283,""y"":0.9498,""tSec"":11.65,""_id"":""69bf262124a0f4fafcac9ae0""},{""x"":0.6204,""y"":0.9498,""tSec"":11.75,""_id"":""69bf262124a0f4fafcac9ae1""},{""x"":0.6126,""y"":0.9508,""tSec"":11.8,""_id"":""69bf262124a0f4fafcac9ae2""},{""x"":0.6048,""y"":0.9509,""tSec"":11.85,""_id"":""69bf262124a0f4fafcac9ae3""},{""x"":0.5977,""y"":0.9519,""tSec"":11.9,""_id"":""69bf262124a0f4fafcac9ae4""},{""x"":0.5892,""y"":0.952,""tSec"":11.95,""_id"":""69bf262124a0f4fafcac9ae5""},{""x"":0.582,""y"":0.952,""tSec"":12,""_id"":""69bf262124a0f4fafcac9ae6""},{""x"":0.5735,""y"":0.952,""tSec"":12.05,""_id"":""69bf262124a0f4fafcac9ae7""},{""x"":0.5648,""y"":0.952,""tSec"":12.15,""_id"":""69bf262124a0f4fafcac9ae8""},{""x"":0.5576,""y"":0.9529,""tSec"":12.15,""_id"":""69bf262124a0f4fafcac9ae9""},{""x"":0.5483,""y"":0.9549,""tSec"":12.25,""_id"":""69bf262124a0f4fafcac9aea""},{""x"":0.5411,""y"":0.9552,""tSec"":12.25,""_id"":""69bf262124a0f4fafcac9aeb""},{""x"":0.5333,""y"":0.9562,""tSec"":12.3,""_id"":""69bf262124a0f4fafcac9aec""},{""x"":0.5247,""y"":0.9563,""tSec"":12.35,""_id"":""69bf262124a0f4fafcac9aed""},{""x"":0.516,""y"":0.9563,""tSec"":12.45,""_id"":""69bf262124a0f4fafcac9aee""},{""x"":0.5088,""y"":0.9563,""tSec"":12.5,""_id"":""69bf262124a0f4fafcac9aef""},{""x"":0.5003,""y"":0.9563,""tSec"":12.55,""_id"":""69bf262124a0f4fafcac9af0""},{""x"":0.4932,""y"":0.9544,""tSec"":12.6,""_id"":""69bf262124a0f4fafcac9af1""},{""x"":0.4854,""y"":0.9523,""tSec"":12.7,""_id"":""69bf262124a0f4fafcac9af2""},{""x"":0.4776,""y"":0.9501,""tSec"":12.8,""_id"":""69bf262124a0f4fafcac9af3""},{""x"":0.4697,""y"":0.9498,""tSec"":12.9,""_id"":""69bf262124a0f4fafcac9af4""},{""x"":0.4619,""y"":0.947,""tSec"":13,""_id"":""69bf262124a0f4fafcac9af5""},{""x"":0.4556,""y"":0.9438,""tSec"":13.05,""_id"":""69bf262124a0f4fafcac9af6""},{""x"":0.4464,""y"":0.9425,""tSec"":13.1,""_id"":""69bf262124a0f4fafcac9af7""},{""x"":0.4361,""y"":0.9414,""tSec"":13.15,""_id"":""69bf262124a0f4fafcac9af8""},{""x"":0.4279,""y"":0.9412,""tSec"":13.2,""_id"":""69bf262124a0f4fafcac9af9""},{""x"":0.4185,""y"":0.9412,""tSec"":13.25,""_id"":""69bf262124a0f4fafcac9afa""},{""x"":0.4097,""y"":0.9402,""tSec"":13.25,""_id"":""69bf262124a0f4fafcac9afb""},{""x"":0.3995,""y"":0.9392,""tSec"":13.3,""_id"":""69bf262124a0f4fafcac9afc""},{""x"":0.3921,""y"":0.9391,""tSec"":13.35,""_id"":""69bf262124a0f4fafcac9afd""},{""x"":0.3844,""y"":0.9381,""tSec"":13.4,""_id"":""69bf262124a0f4fafcac9afe""},{""x"":0.3765,""y"":0.937,""tSec"":13.45,""_id"":""69bf262124a0f4fafcac9aff""},{""x"":0.3687,""y"":0.9359,""tSec"":13.55,""_id"":""69bf262124a0f4fafcac9b00""},{""x"":0.3609,""y"":0.9349,""tSec"":13.65,""_id"":""69bf262124a0f4fafcac9b01""},{""x"":0.3538,""y"":0.9338,""tSec"":13.75,""_id"":""69bf262124a0f4fafcac9b02""},{""x"":0.3468,""y"":0.9337,""tSec"":13.95,""_id"":""69bf262124a0f4fafcac9b03""},{""x"":0.3391,""y"":0.9327,""tSec"":14.1,""_id"":""69bf262124a0f4fafcac9b04""},{""x"":0.332,""y"":0.9326,""tSec"":14.3,""_id"":""69bf262124a0f4fafcac9b05""},{""x"":0.325,""y"":0.9316,""tSec"":14.4,""_id"":""69bf262124a0f4fafcac9b06""},{""x"":0.3173,""y"":0.9315,""tSec"":14.6,""_id"":""69bf262124a0f4fafcac9b07""},{""x"":0.3125,""y"":0.9259,""tSec"":14.85,""_id"":""69bf262124a0f4fafcac9b08""}],""shotMarkers"":[{""x"":0.3125,""y"":0.9259,""tSec"":15.55,""_id"":""69bf262124a0f4fafcac9b09""}],""fingerprint"":""6d5821d2"",""_id"":""69bf262124a0f4fafcac9a45""}",left,5.0,0.0,0.0,0.0,0.0,None,0.0,None,False,good,63.05,3.5,63.05,0.0,0.0,0.0,0.0,0.0,0.0,Turret would sometimes shoot outside the feild,True,28,0.7,1,0.7,0.0,0.0,0.0,0.7,0.0,0.0,0.0,False,blue_3,Wesley,4.05,12.61,14,0.875,0.0,7.43,1.78,0.85,1.25,1.3,0.0,4415,37.15,8.9,4.25,6.25,6.5,63.05,0.0,None,15
"{""totalSec"":163,""autoEndSec"":20,""delayEndSec"":23,""intervals"":[{""action"":""shoot"",""startSec"":3.45,""endSec"":4.17,""durationSec"":0.72,""_id"":""69bf263424a0f4fafcac9b8f""},{""action"":""shoot"",""startSec"":6.25,""endSec"":6.91,""durationSec"":0.66,""_id"":""69bf263424a0f4fafcac9b90""},{""action"":""shoot"",""startSec"":18.45,""endSec"":18.55,""durationSec"":0.1,""_id"":""69bf263424a0f4fafcac9b91""},{""action"":""shoot"",""startSec"":19.65,""endSec"":19.77,""durationSec"":0.12,""_id"":""69bf263424a0f4fafcac9b92""},{""action"":""shoot"",""startSec"":24.7,""endSec"":26.5,""durationSec"":1.8,""_id"":""69bf263424a0f4fafcac9b93""},{""action"":""shoot"",""startSec"":26.85,""endSec"":27.4,""durationSec"":0.55,""_id"":""69bf263424a0f4fafcac9b94""},{""action"":""shoot"",""startSec"":30.5,""endSec"":32.2,""durationSec"":1.7,""_id"":""69bf263424a0f4fafcac9b95""},{""action"":""shoot"",""startSec"":34.2,""endSec"":34.26,""durationSec"":0.06,""_id"":""69bf263424a0f4fafcac9b96""},{""action"":""shoot"",""startSec"":42.05,""endSec"":42.65,""durationSec"":0.6,""_id"":""69bf263424a0f4fafcac9b97""},{""action"":""shoot"",""startSec"":44.75,""endSec"":44.9,""durationSec"":0.15,""_id"":""69bf263424a0f4fafcac9b98""},{""action"":""shoot"",""startSec"":45,""endSec"":45.11,""durationSec"":0.11,""_id"":""69bf263424a0f4fafcac9b99""},{""action"":""shoot"",""startSec"":66.1,""endSec"":66.19,""durationSec"":0.09,""_id"":""69bf263424a0f4fafcac9b9a""},{""action"":""shoot"",""startSec"":84.35,""endSec"":84.5,""durationSec"":0.15,""_id"":""69bf263424a0f4fafcac9b9b""},{""action"":""shoot"",""startSec"":114.3,""endSec"":114.45,""durationSec"":0.15,""_id"":""69bf263424a0f4fafcac9b9c""},{""action"":""shoot"",""startSec"":115.55,""endSec"":115.68,""durationSec"":0.13,""_id"":""69bf263424a0f4fafcac9b9d""},{""action"":""shoot"",""startSec"":134.95,""endSec"":135.1,""durationSec"":0.15,""_id"":""69bf263424a0f4fafcac9b9e""},{""action"":""shoot"",""startSec"":135.25,""endSec"":135.55,""durationSec"":0.3,""_id"":""69bf263424a0f4fafcac9b9f""},{""action"":""shoot"",""startSec"":140.4,""endSec"":140.5,""durationSec"":0.1,""_id"":""69bf263424a0f4fafcac9ba0""},{""action"":""shoot"",""startSec"":140.6,""endSec"":140.7,""durationSec"":0.1,""_id"":""69bf263424a0f4fafcac9ba1""},{""action"":""shoot"",""startSec"":140.8,""endSec"":140.9,""durationSec"":0.1,""_id"":""69bf263424a0f4fafcac9ba2""},{""action"":""shoot"",""startSec"":142,""endSec"":142.12,""durationSec"":0.12,""_id"":""69bf263424a0f4fafcac9ba3""},{""action"":""shoot"",""startSec"":142.35,""endSec"":142.45,""durationSec"":0.1,""_id"":""69bf263424a0f4fafcac9ba4""},{""action"":""shoot"",""startSec"":146.4,""endSec"":146.55,""durationSec"":0.15,""_id"":""69bf263424a0f4fafcac9ba5""},{""action"":""shoot"",""startSec"":146.65,""endSec"":147,""durationSec"":0.35,""_id"":""69bf263424a0f4fafcac9ba6""},{""action"":""shoot"",""startSec"":147.1,""endSec"":147.2,""durationSec"":0.1,""_id"":""69bf263424a0f4fafcac9ba7""},{""action"":""shoot"",""startSec"":147.3,""endSec"":147.62,""durationSec"":0.32,""_id"":""69bf263424a0f4fafcac9ba8""}],""_id"":""69bf263424a0f4fafcac9b8e""}",8.0,"{""alliance"":""blue"",""startPosition"":""right"",""points"":[{""x"":0.34,""y"":0.33,""tSec"":1.6,""_id"":""69bf263424a0f4fafcac9b1f""},{""x"":0.3513,""y"":0.3516,""tSec"":1.6,""_id"":""69bf263424a0f4fafcac9b20""},{""x"":0.3396,""y"":0.3429,""tSec"":9.4,""_id"":""69bf263424a0f4fafcac9b21""},{""x"":0.3405,""y"":0.3257,""tSec"":9.55,""_id"":""69bf263424a0f4fafcac9b22""},{""x"":0.3513,""y"":0.2802,""tSec"":9.6,""_id"":""69bf263424a0f4fafcac9b23""},{""x"":0.3534,""y"":0.2719,""tSec"":9.6,""_id"":""69bf263424a0f4fafcac9b24""},{""x"":0.356,""y"":0.2567,""tSec"":9.7,""_id"":""69bf263424a0f4fafcac9b25""},{""x"":0.3578,""y"":0.2492,""tSec"":9.7,""_id"":""69bf263424a0f4fafcac9b26""},{""x"":0.3596,""y"":0.2379,""tSec"":9.75,""_id"":""69bf263424a0f4fafcac9b27""},{""x"":0.3636,""y"":0.228,""tSec"":9.8,""_id"":""69bf263424a0f4fafcac9b28""},{""x"":0.3694,""y"":0.2193,""tSec"":9.85,""_id"":""69bf263424a0f4fafcac9b29""},{""x"":0.3763,""y"":0.2107,""tSec"":9.85,""_id"":""69bf263424a0f4fafcac9b2a""},{""x"":0.3855,""y"":0.1973,""tSec"":9.9,""_id"":""69bf263424a0f4fafcac9b2b""},{""x"":0.3912,""y"":0.1901,""tSec"":9.9,""_id"":""69bf263424a0f4fafcac9b2c""},{""x"":0.4049,""y"":0.1788,""tSec"":9.95,""_id"":""69bf263424a0f4fafcac9b2d""},{""x"":0.415,""y"":0.1718,""tSec"":9.95,""_id"":""69bf263424a0f4fafcac9b2e""},{""x"":0.4384,""y"":0.1587,""tSec"":9.95,""_id"":""69bf263424a0f4fafcac9b2f""},{""x"":0.4512,""y"":0.1514,""tSec"":9.95,""_id"":""69bf263424a0f4fafcac9b30""},{""x"":0.4611,""y"":0.1458,""tSec"":10,""_id"":""69bf263424a0f4fafcac9b31""},{""x"":0.4885,""y"":0.1291,""tSec"":10.05,""_id"":""69bf263424a0f4fafcac9b32""},{""x"":0.5025,""y"":0.1214,""tSec"":10.05,""_id"":""69bf263424a0f4fafcac9b33""},{""x"":0.5226,""y"":0.112,""tSec"":10.1,""_id"":""69bf263424a0f4fafcac9b34""},{""x"":0.5364,""y"":0.1109,""tSec"":10.15,""_id"":""69bf263424a0f4fafcac9b35""},{""x"":0.5511,""y"":0.1164,""tSec"":10.15,""_id"":""69bf263424a0f4fafcac9b36""},{""x"":0.559,""y"":0.1208,""tSec"":10.2,""_id"":""69bf263424a0f4fafcac9b37""},{""x"":0.5776,""y"":0.1346,""tSec"":10.2,""_id"":""69bf263424a0f4fafcac9b38""},{""x"":0.5898,""y"":0.1485,""tSec"":10.25,""_id"":""69bf263424a0f4fafcac9b39""},{""x"":0.5959,""y"":0.1577,""tSec"":10.25,""_id"":""69bf263424a0f4fafcac9b3a""},{""x"":0.6004,""y"":0.1654,""tSec"":10.25,""_id"":""69bf263424a0f4fafcac9b3b""},{""x"":0.6087,""y"":0.1834,""tSec"":10.3,""_id"":""69bf263424a0f4fafcac9b3c""},{""x"":0.6135,""y"":0.1978,""tSec"":10.3,""_id"":""69bf263424a0f4fafcac9b3d""},{""x"":0.6156,""y"":0.2119,""tSec"":10.35,""_id"":""69bf263424a0f4fafcac9b3e""},{""x"":0.6159,""y"":0.2193,""tSec"":10.35,""_id"":""69bf263424a0f4fafcac9b3f""},{""x"":0.6159,""y"":0.2315,""tSec"":10.4,""_id"":""69bf263424a0f4fafcac9b40""},{""x"":0.6159,""y"":0.2386,""tSec"":10.4,""_id"":""69bf263424a0f4fafcac9b41""},{""x"":0.6151,""y"":0.247,""tSec"":10.45,""_id"":""69bf263424a0f4fafcac9b42""},{""x"":0.615,""y"":0.2547,""tSec"":10.5,""_id"":""69bf263424a0f4fafcac9b43""},{""x"":0.6264,""y"":0.2906,""tSec"":13.05,""_id"":""69bf263424a0f4fafcac9b44""},{""x"":0.6317,""y"":0.2996,""tSec"":13.1,""_id"":""69bf263424a0f4fafcac9b45""},{""x"":0.64,""y"":0.3139,""tSec"":13.15,""_id"":""69bf263424a0f4fafcac9b46""},{""x"":0.6448,""y"":0.3232,""tSec"":13.15,""_id"":""69bf263424a0f4fafcac9b47""},{""x"":0.6485,""y"":0.3319,""tSec"":13.15,""_id"":""69bf263424a0f4fafcac9b48""},{""x"":0.655,""y"":0.349,""tSec"":13.2,""_id"":""69bf263424a0f4fafcac9b49""},{""x"":0.6597,""y"":0.3681,""tSec"":13.2,""_id"":""69bf263424a0f4fafcac9b4a""},{""x"":0.6633,""y"":0.3864,""tSec"":13.25,""_id"":""69bf263424a0f4fafcac9b4b""},{""x"":0.6675,""y"":0.4075,""tSec"":13.25,""_id"":""69bf263424a0f4fafcac9b4c""},{""x"":0.6696,""y"":0.4214,""tSec"":13.3,""_id"":""69bf263424a0f4fafcac9b4d""},{""x"":0.6729,""y"":0.4401,""tSec"":13.35,""_id"":""69bf263424a0f4fafcac9b4e""},{""x"":0.6771,""y"":0.4508,""tSec"":13.35,""_id"":""69bf263424a0f4fafcac9b4f""},{""x"":0.6807,""y"":0.4616,""tSec"":13.45,""_id"":""69bf263424a0f4fafcac9b50""},{""x"":0.6796,""y"":0.496,""tSec"":15.45,""_id"":""69bf263424a0f4fafcac9b51""},{""x"":0.6825,""y"":0.4794,""tSec"":15.5,""_id"":""69bf263424a0f4fafcac9b52""},{""x"":0.6844,""y"":0.4679,""tSec"":15.55,""_id"":""69bf263424a0f4fafcac9b53""},{""x"":0.6862,""y"":0.4571,""tSec"":15.55,""_id"":""69bf263424a0f4fafcac9b54""},{""x"":0.688,""y"":0.4359,""tSec"":15.55,""_id"":""69bf263424a0f4fafcac9b55""},{""x"":0.6882,""y"":0.404,""tSec"":15.6,""_id"":""69bf263424a0f4fafcac9b56""},{""x"":0.6882,""y"":0.3879,""tSec"":15.6,""_id"":""69bf263424a0f4fafcac9b57""},{""x"":0.6851,""y"":0.351,""tSec"":15.65,""_id"":""69bf263424a0f4fafcac9b58""},{""x"":0.6794,""y"":0.322,""tSec"":15.65,""_id"":""69bf263424a0f4fafcac9b59""},{""x"":0.6687,""y"":0.292,""tSec"":15.7,""_id"":""69bf263424a0f4fafcac9b5a""},{""x"":0.6605,""y"":0.2733,""tSec"":15.7,""_id"":""69bf263424a0f4fafcac9b5b""},{""x"":0.6366,""y"":0.2247,""tSec"":15.75,""_id"":""69bf263424a0f4fafcac9b5c""},{""x"":0.5984,""y"":0.1679,""tSec"":15.8,""_id"":""69bf263424a0f4fafcac9b5d""},{""x"":0.5862,""y"":0.1563,""tSec"":15.8,""_id"":""69bf263424a0f4fafcac9b5e""},{""x"":0.5748,""y"":0.1501,""tSec"":15.85,""_id"":""69bf263424a0f4fafcac9b5f""},{""x"":0.555,""y"":0.14,""tSec"":15.85,""_id"":""69bf263424a0f4fafcac9b60""},{""x"":0.5403,""y"":0.1322,""tSec"":15.9,""_id"":""69bf263424a0f4fafcac9b61""},{""x"":0.5179,""y"":0.1171,""tSec"":15.9,""_id"":""69bf263424a0f4fafcac9b62""},{""x"":0.5083,""y"":0.1086,""tSec"":15.9,""_id"":""69bf263424a0f4fafcac9b63""},{""x"":0.4956,""y"":0.0972,""tSec"":15.95,""_id"":""69bf263424a0f4fafcac9b64""},{""x"":0.4864,""y"":0.0882,""tSec"":15.95,""_id"":""69bf263424a0f4fafcac9b65""},{""x"":0.4808,""y"":0.0834,""tSec"":15.95,""_id"":""69bf263424a0f4fafcac9b66""},{""x"":0.4655,""y"":0.0762,""tSec"":16,""_id"":""69bf263424a0f4fafcac9b67""},{""x"":0.4583,""y"":0.0735,""tSec"":16,""_id"":""69bf263424a0f4fafcac9b68""},{""x"":0.446,""y"":0.0694,""tSec"":16.05,""_id"":""69bf263424a0f4fafcac9b69""},{""x"":0.4383,""y"":0.0679,""tSec"":16.05,""_id"":""69bf263424a0f4fafcac9b6a""},{""x"":0.4267,""y"":0.0658,""tSec"":16.05,""_id"":""69bf263424a0f4fafcac9b6b""},{""x"":0.4123,""y"":0.0665,""tSec"":16.1,""_id"":""69bf263424a0f4fafcac9b6c""},{""x"":0.4036,""y"":0.0685,""tSec"":16.15,""_id"":""69bf263424a0f4fafcac9b6d""},{""x"":0.3957,""y"":0.0716,""tSec"":16.15,""_id"":""69bf263424a0f4fafcac9b6e""},{""x"":0.3879,""y"":0.0757,""tSec"":16.2,""_id"":""69bf263424a0f4fafcac9b6f""},{""x"":0.3823,""y"":0.08,""tSec"":16.2,""_id"":""69bf263424a0f4fafcac9b70""},{""x"":0.3747,""y"":0.0862,""tSec"":16.25,""_id"":""69bf263424a0f4fafcac9b71""},{""x"":0.3685,""y"":0.0907,""tSec"":16.25,""_id"":""69bf263424a0f4fafcac9b72""},{""x"":0.3608,""y"":0.096,""tSec"":16.3,""_id"":""69bf263424a0f4fafcac9b73""},{""x"":0.3515,""y"":0.1032,""tSec"":16.35,""_id"":""69bf263424a0f4fafcac9b74""},{""x"":0.3434,""y"":0.1126,""tSec"":16.4,""_id"":""69bf263424a0f4fafcac9b75""},{""x"":0.3364,""y"":0.1241,""tSec"":16.4,""_id"":""69bf263424a0f4fafcac9b76""},{""x"":0.3309,""y"":0.1369,""tSec"":16.45,""_id"":""69bf263424a0f4fafcac9b77""},{""x"":0.3287,""y"":0.146,""tSec"":16.5,""_id"":""69bf263424a0f4fafcac9b78""},{""x"":0.3276,""y"":0.1546,""tSec"":16.5,""_id"":""69bf263424a0f4fafcac9b79""},{""x"":0.3275,""y"":0.1632,""tSec"":16.5,""_id"":""69bf263424a0f4fafcac9b7a""},{""x"":0.3275,""y"":0.1746,""tSec"":16.55,""_id"":""69bf263424a0f4fafcac9b7b""},{""x"":0.3275,""y"":0.1817,""tSec"":16.6,""_id"":""69bf263424a0f4fafcac9b7c""},{""x"":0.3359,""y"":0.1806,""tSec"":16.8,""_id"":""69bf263424a0f4fafcac9b7d""},{""x"":0.3446,""y"":0.1729,""tSec"":16.8,""_id"":""69bf263424a0f4fafcac9b7e""},{""x"":0.3541,""y"":0.1673,""tSec"":16.85,""_id"":""69bf263424a0f4fafcac9b7f""},{""x"":0.3668,""y"":0.1628,""tSec"":16.85,""_id"":""69bf263424a0f4fafcac9b80""},{""x"":0.3836,""y"":0.1576,""tSec"":16.9,""_id"":""69bf263424a0f4fafcac9b81""},{""x"":0.3979,""y"":0.1541,""tSec"":16.9,""_id"":""69bf263424a0f4fafcac9b82""},{""x"":0.4256,""y"":0.1471,""tSec"":16.9,""_id"":""69bf263424a0f4fafcac9b83""},{""x"":0.4612,""y"":0.1406,""tSec"":16.95,""_id"":""69bf263424a0f4fafcac9b84""},{""x"":0.4777,""y"":0.136,""tSec"":16.95,""_id"":""69bf263424a0f4fafcac9b85""},{""x"":0.4851,""y"":0.1317,""tSec"":17,""_id"":""69bf263424a0f4fafcac9b86""},{""x"":0.4867,""y"":0.1246,""tSec"":17.05,""_id"":""69bf263424a0f4fafcac9b87""},{""x"":0.4877,""y"":0.117,""tSec"":17.15,""_id"":""69bf263424a0f4fafcac9b88""},{""x"":0.4878,""y"":0.1086,""tSec"":17.25,""_id"":""69bf263424a0f4fafcac9b89""},{""x"":0.4847,""y"":0.1009,""tSec"":17.3,""_id"":""69bf263424a0f4fafcac9b8a""},{""x"":0.4829,""y"":0.0916,""tSec"":17.35,""_id"":""69bf263424a0f4fafcac9b8b""},{""x"":0.4826,""y"":0.0819,""tSec"":17.4,""_id"":""69bf263424a0f4fafcac9b8c""},{""x"":0.4826,""y"":0.0732,""tSec"":17.45,""_id"":""69bf263424a0f4fafcac9b8d""}],""shotMarkers"":[],""fingerprint"":""8f6c5d6c"",""_id"":""69bf263424a0f4fafcac9b1e""}",right,5.0,0.0,0.0,0.0,0.0,None,0.0,None,False,rough,44.9,0.0,44.9,0.0,0.0,0.0,0.0,0.0,0.0,Was only able to have like one thing in intake for a while and shot multiple times at the driver station,True,28,0.0,0,0.0,0.0,0.0,0.0,0.0,0.0,0.0,0.0,False,blue_1,Kasandra,2.7,8.98,26,0.15,1.6,1.89,4.97,0.09,0.15,0.28,0.0,1159,9.45,24.85,0.45,0.75,1.4,36.9,0.0,None,26
"{""totalSec"":163,""autoEndSec"":20,""delayEndSec"":23,""intervals"":[{""action"":""shoot"",""startSec"":47.65,""endSec"":47.8,""durationSec"":0.15,""_id"":""69bf266324a0f4fafcac9bb3""}],""_id"":""69bf266324a0f4fafcac9bb2""}",0.0,{},center,5.0,0.0,0.0,0.0,0.0,None,0.0,None,False,ok,0.75,0.0,0.75,0.0,0.0,0.0,0.0,0.0,0.0,,True,28,0.0,0,0.0,0.0,0.0,0.0,0.0,0.0,0.0,0.0,False,red_2,Kinnon,0.0,0.15,1,0.15,0.0,0.0,0.15,0.0,0.0,0.0,0.0,3759,0.0,0.75,0.0,0.0,0.0,0.75,0.0,None,1
"{""totalSec"":163,""autoEndSec"":20,""delayEndSec"":23,""intervals"":[],""_id"":""69bf281d24a0f4fafcac9bda""}",0.0,"{""alliance"":""red"",""startPosition"":""center"",""points"":[{""x"":0.69,""y"":0.5,""tSec"":17.45,""_id"":""69bf281d24a0f4fafcac9bc9""},{""x"":0.6999,""y"":0.5291,""tSec"":17.45,""_id"":""69bf281d24a0f4fafcac9bca""},{""x"":0.6988,""y"":0.5469,""tSec"":17.6,""_id"":""69bf281d24a0f4fafcac9bcb""},{""x"":0.7009,""y"":0.6015,""tSec"":17.65,""_id"":""69bf281d24a0f4fafcac9bcc""},{""x"":0.702,""y"":0.6224,""tSec"":17.65,""_id"":""69bf281d24a0f4fafcac9bcd""},{""x"":0.7029,""y"":0.6592,""tSec"":17.7,""_id"":""69bf281d24a0f4fafcac9bce""},{""x"":0.7037,""y"":0.6845,""tSec"":17.75,""_id"":""69bf281d24a0f4fafcac9bcf""},{""x"":0.7038,""y"":0.699,""tSec"":17.8,""_id"":""69bf281d24a0f4fafcac9bd0""},{""x"":0.7023,""y"":0.7094,""tSec"":17.85,""_id"":""69bf281d24a0f4fafcac9bd1""},{""x"":0.699,""y"":0.7201,""tSec"":17.9,""_id"":""69bf281d24a0f4fafcac9bd2""},{""x"":0.6941,""y"":0.7414,""tSec"":17.9,""_id"":""69bf281d24a0f4fafcac9bd3""},{""x"":0.6919,""y"":0.7564,""tSec"":17.95,""_id"":""69bf281d24a0f4fafcac9bd4""},{""x"":0.6893,""y"":0.7696,""tSec"":18,""_id"":""69bf281d24a0f4fafcac9bd5""},{""x"":0.6875,""y"":0.7769,""tSec"":18,""_id"":""69bf281d24a0f4fafcac9bd6""},{""x"":0.685,""y"":0.8064,""tSec"":18.05,""_id"":""69bf281d24a0f4fafcac9bd7""},{""x"":0.6847,""y"":0.8214,""tSec"":18.1,""_id"":""69bf281d24a0f4fafcac9bd8""},{""x"":0.6847,""y"":0.8289,""tSec"":18.15,""_id"":""69bf281d24a0f4fafcac9bd9""}],""shotMarkers"":[],""fingerprint"":""9d822bc2"",""_id"":""69bf281d24a0f4fafcac9bc8""}",center,5.0,0.0,0.0,0.0,0.0,None,0.0,None,False,ok,0.0,0.0,0.0,0.0,0.0,0.0,0.0,0.0,0.0,,False,29,0.0,0,0.0,0.0,0.0,0.0,0.0,0.0,0.0,0.0,False,red_2,Kinnnon,0.0,0.0,0,0.0,0.0,0.0,0.0,0.0,0.0,0.0,0.0,4999,0.0,0.0,0.0,0.0,0.0,0.0,0.0,None,0
"{""totalSec"":163,""autoEndSec"":20,""delayEndSec"":23,""intervals"":[{""action"":""pass"",""startSec"":28.95,""endSec"":30.24,""durationSec"":1.29,""_id"":""69bf282c24a0f4fafcac9c22""},{""action"":""shoot"",""startSec"":30.6,""endSec"":33.7,""durationSec"":3.1,""_id"":""69bf282c24a0f4fafcac9c23""},{""action"":""pass"",""startSec"":34.45,""endSec"":37.75,""durationSec"":3.3,""_id"":""69bf282c24a0f4fafcac9c24""},{""action"":""pass"",""startSec"":39.05,""endSec"":42.9,""durationSec"":3.85,""_id"":""69bf282c24a0f4fafcac9c25""},{""action"":""pass"",""startSec"":43.55,""endSec"":46.9,""durationSec"":3.35,""_id"":""69bf282c24a0f4fafcac9c26""},{""action"":""pass"",""startSec"":47.3,""endSec"":47.52,""durationSec"":0.22,""_id"":""69bf282c24a0f4fafcac9c27""},{""action"":""pass"",""startSec"":47.95,""endSec"":60.82,""durationSec"":12.87,""_id"":""69bf282c24a0f4fafcac9c28""},{""action"":""shoot"",""startSec"":61.25,""endSec"":64.55,""durationSec"":3.3,""_id"":""69bf282c24a0f4fafcac9c29""},{""action"":""pass"",""startSec"":64.65,""endSec"":76.9,""durationSec"":12.25,""_id"":""69bf282c24a0f4fafcac9c2a""},{""action"":""shoot"",""startSec"":77.3,""endSec"":79.92,""durationSec"":2.62,""_id"":""69bf282c24a0f4fafcac9c2b""},{""action"":""pass"",""startSec"":80.5,""endSec"":83.51,""durationSec"":3.01,""_id"":""69bf282c24a0f4fafcac9c2c""},{""action"":""pass"",""startSec"":86.45,""endSec"":87.1,""durationSec"":0.65,""_id"":""69bf282c24a0f4fafcac9c2d""},{""action"":""pass"",""startSec"":87.8,""endSec"":97.5,""durationSec"":9.7,""_id"":""69bf282c24a0f4fafcac9c2e""},{""action"":""shoot"",""startSec"":97.7,""endSec"":98.25,""durationSec"":0.55,""_id"":""69bf282c24a0f4fafcac9c2f""},{""action"":""pass"",""startSec"":98.25,""endSec"":101.65,""durationSec"":3.4,""_id"":""69bf282c24a0f4fafcac9c30""},{""action"":""shoot"",""startSec"":101.9,""endSec"":108,""durationSec"":6.1,""_id"":""69bf282c24a0f4fafcac9c31""},{""action"":""shoot"",""startSec"":119.7,""endSec"":119.85,""durationSec"":0.15,""_id"":""69bf282c24a0f4fafcac9c32""},{""action"":""shoot"",""startSec"":122.45,""endSec"":125.25,""durationSec"":2.8,""_id"":""69bf282c24a0f4fafcac9c33""},{""action"":""pass"",""startSec"":125.85,""endSec"":130.3,""durationSec"":4.45,""_id"":""69bf282c24a0f4fafcac9c34""},{""action"":""pass"",""startSec"":131,""endSec"":133.2,""durationSec"":2.2,""_id"":""69bf282c24a0f4fafcac9c35""},{""action"":""shoot"",""startSec"":133.85,""endSec"":134.5,""durationSec"":0.65,""_id"":""69bf282c24a0f4fafcac9c36""},{""action"":""shoot"",""startSec"":134.7,""endSec"":136.41,""durationSec"":1.71,""_id"":""69bf282c24a0f4fafcac9c37""},{""action"":""shoot"",""startSec"":136.75,""endSec"":137.1,""durationSec"":0.35,""_id"":""69bf282c24a0f4fafcac9c38""},{""action"":""pass"",""startSec"":137.5,""endSec"":142.7,""durationSec"":5.2,""_id"":""69bf282c24a0f4fafcac9c39""},{""action"":""shoot"",""startSec"":142.8,""endSec"":145.28,""durationSec"":2.48,""_id"":""69bf282c24a0f4fafcac9c3a""},{""action"":""shoot"",""startSec"":145.5,""endSec"":150.71,""durationSec"":5.21,""_id"":""69bf282c24a0f4fafcac9c3b""},{""action"":""pass"",""startSec"":150.95,""endSec"":156.1,""durationSec"":5.15,""_id"":""69bf282c24a0f4fafcac9c3c""},{""action"":""shoot"",""startSec"":156.65,""endSec"":162.61,""durationSec"":5.96,""_id"":""69bf282c24a0f4fafcac9c3d""}],""_id"":""69bf282c24a0f4fafcac9c21""}",0.0,"{""alliance"":""red"",""startPosition"":""right"",""points"":[{""x"":0.69,""y"":0.67,""tSec"":7.5,""_id"":""69bf282c24a0f4fafcac9be3""},{""x"":0.6684,""y"":0.6535,""tSec"":7.5,""_id"":""69bf282c24a0f4fafcac9be4""},{""x"":0.6613,""y"":0.6657,""tSec"":8.15,""_id"":""69bf282c24a0f4fafcac9be5""},{""x"":0.6558,""y"":0.6587,""tSec"":8.25,""_id"":""69bf282c24a0f4fafcac9be6""},{""x"":0.6521,""y"":0.6454,""tSec"":8.25,""_id"":""69bf282c24a0f4fafcac9be7""},{""x"":0.6501,""y"":0.6381,""tSec"":8.25,""_id"":""69bf282c24a0f4fafcac9be8""},{""x"":0.6468,""y"":0.6277,""tSec"":8.3,""_id"":""69bf282c24a0f4fafcac9be9""},{""x"":0.6434,""y"":0.6169,""tSec"":8.3,""_id"":""69bf282c24a0f4fafcac9bea""},{""x"":0.6391,""y"":0.6061,""tSec"":8.35,""_id"":""69bf282c24a0f4fafcac9beb""},{""x"":0.6332,""y"":0.5952,""tSec"":8.35,""_id"":""69bf282c24a0f4fafcac9bec""},{""x"":0.6294,""y"":0.5891,""tSec"":8.35,""_id"":""69bf282c24a0f4fafcac9bed""},{""x"":0.6213,""y"":0.576,""tSec"":8.4,""_id"":""69bf282c24a0f4fafcac9bee""},{""x"":0.6165,""y"":0.5697,""tSec"":8.4,""_id"":""69bf282c24a0f4fafcac9bef""},{""x"":0.6121,""y"":0.5642,""tSec"":8.45,""_id"":""69bf282c24a0f4fafcac9bf0""},{""x"":0.6062,""y"":0.554,""tSec"":8.55,""_id"":""69bf282c24a0f4fafcac9bf1""},{""x"":0.6032,""y"":0.5404,""tSec"":8.6,""_id"":""69bf282c24a0f4fafcac9bf2""},{""x"":0.6021,""y"":0.533,""tSec"":8.65,""_id"":""69bf282c24a0f4fafcac9bf3""},{""x"":0.6004,""y"":0.5226,""tSec"":8.7,""_id"":""69bf282c24a0f4fafcac9bf4""},{""x"":0.5979,""y"":0.5147,""tSec"":8.8,""_id"":""69bf282c24a0f4fafcac9bf5""},{""x"":0.5953,""y"":0.508,""tSec"":8.85,""_id"":""69bf282c24a0f4fafcac9bf6""},{""x"":0.592,""y"":0.4986,""tSec"":8.95,""_id"":""69bf282c24a0f4fafcac9bf7""},{""x"":0.59,""y"":0.4917,""tSec"":8.95,""_id"":""69bf282c24a0f4fafcac9bf8""},{""x"":0.5874,""y"":0.4842,""tSec"":9,""_id"":""69bf282c24a0f4fafcac9bf9""},{""x"":0.5863,""y"":0.4758,""tSec"":9.05,""_id"":""69bf282c24a0f4fafcac9bfa""},{""x"":0.5855,""y"":0.4681,""tSec"":9.1,""_id"":""69bf282c24a0f4fafcac9bfb""},{""x"":0.5854,""y"":0.4595,""tSec"":9.2,""_id"":""69bf282c24a0f4fafcac9bfc""},{""x"":0.5846,""y"":0.4518,""tSec"":9.3,""_id"":""69bf282c24a0f4fafcac9bfd""},{""x"":0.5822,""y"":0.4441,""tSec"":9.4,""_id"":""69bf282c24a0f4fafcac9bfe""},{""x"":0.5796,""y"":0.4375,""tSec"":9.5,""_id"":""69bf282c24a0f4fafcac9bff""},{""x"":0.5778,""y"":0.4301,""tSec"":9.65,""_id"":""69bf282c24a0f4fafcac9c00""},{""x"":0.5768,""y"":0.4225,""tSec"":9.85,""_id"":""69bf282c24a0f4fafcac9c01""},{""x"":0.5759,""y"":0.4149,""tSec"":10.05,""_id"":""69bf282c24a0f4fafcac9c02""},{""x"":0.5758,""y"":0.4073,""tSec"":10.25,""_id"":""69bf282c24a0f4fafcac9c03""},{""x"":0.5758,""y"":0.3997,""tSec"":10.5,""_id"":""69bf282c24a0f4fafcac9c04""},{""x"":0.5758,""y"":0.3913,""tSec"":10.6,""_id"":""69bf282c24a0f4fafcac9c05""},{""x"":0.5742,""y"":0.3826,""tSec"":10.7,""_id"":""69bf282c24a0f4fafcac9c06""},{""x"":0.5733,""y"":0.372,""tSec"":10.75,""_id"":""69bf282c24a0f4fafcac9c07""},{""x"":0.5724,""y"":0.365,""tSec"":10.8,""_id"":""69bf282c24a0f4fafcac9c08""},{""x"":0.5708,""y"":0.3575,""tSec"":10.85,""_id"":""69bf282c24a0f4fafcac9c09""},{""x"":0.5668,""y"":0.348,""tSec"":10.9,""_id"":""69bf282c24a0f4fafcac9c0a""},{""x"":0.5624,""y"":0.3383,""tSec"":10.9,""_id"":""69bf282c24a0f4fafcac9c0b""},{""x"":0.5542,""y"":0.3238,""tSec"":10.95,""_id"":""69bf282c24a0f4fafcac9c0c""},{""x"":0.5464,""y"":0.3125,""tSec"":10.95,""_id"":""69bf282c24a0f4fafcac9c0d""},{""x"":0.5409,""y"":0.3063,""tSec"":11,""_id"":""69bf282c24a0f4fafcac9c0e""},{""x"":0.5325,""y"":0.2971,""tSec"":11,""_id"":""69bf282c24a0f4fafcac9c0f""},{""x"":0.5208,""y"":0.2865,""tSec"":11.05,""_id"":""69bf282c24a0f4fafcac9c10""},{""x"":0.5147,""y"":0.2795,""tSec"":11.05,""_id"":""69bf282c24a0f4fafcac9c11""},{""x"":0.5094,""y"":0.2729,""tSec"":11.1,""_id"":""69bf282c24a0f4fafcac9c12""},{""x"":0.5019,""y"":0.2692,""tSec"":11.15,""_id"":""69bf282c24a0f4fafcac9c13""},{""x"":0.4934,""y"":0.2707,""tSec"":11.2,""_id"":""69bf282c24a0f4fafcac9c14""},{""x"":0.4862,""y"":0.2737,""tSec"":11.25,""_id"":""69bf282c24a0f4fafcac9c15""},{""x"":0.48,""y"":0.277,""tSec"":11.25,""_id"":""69bf282c24a0f4fafcac9c16""},{""x"":0.47,""y"":0.2831,""tSec"":11.35,""_id"":""69bf282c24a0f4fafcac9c17""},{""x"":0.4611,""y"":0.2876,""tSec"":11.4,""_id"":""69bf282c24a0f4fafcac9c18""},{""x"":0.4524,""y"":0.291,""tSec"":11.45,""_id"":""69bf282c24a0f4fafcac9c19""},{""x"":0.4445,""y"":0.2943,""tSec"":11.5,""_id"":""69bf282c24a0f4fafcac9c1a""},{""x"":0.4359,""y"":0.2994,""tSec"":11.55,""_id"":""69bf282c24a0f4fafcac9c1b""},{""x"":0.4287,""y"":0.3057,""tSec"":11.6,""_id"":""69bf282c24a0f4fafcac9c1c""},{""x"":0.4232,""y"":0.3122,""tSec"":11.65,""_id"":""69bf282c24a0f4fafcac9c1d""},{""x"":0.4179,""y"":0.3187,""tSec"":11.75,""_id"":""69bf282c24a0f4fafcac9c1e""},{""x"":0.4112,""y"":0.3214,""tSec"":11.9,""_id"":""69bf282c24a0f4fafcac9c1f""},{""x"":0.4042,""y"":0.3227,""tSec"":12.1,""_id"":""69bf282c24a0f4fafcac9c20""}],""shotMarkers"":[],""fingerprint"":""15468add"",""_id"":""69bf282c24a0f4fafcac9be2""}",right,5.0,1.0,0.0,0.0,0.0,None,1.0,None,True,great,174.9,354.45,174.9,0.0,0.0,0.0,0.0,0.0,0.0,,True,29,70.89,15,3.4,0.0,10.55,14.56,22.57,16.76,6.45,0.0,False,red_1,Mmasi,8.6,34.98,13,2.62,0.0,16.36,3.1,4.0,6.07,5.45,0.0,687,81.8,15.5,20.0,30.35,27.25,174.89999999999998,0.0,None,28
"{""totalSec"":163,""autoEndSec"":20,""delayEndSec"":23,""intervals"":[],""_id"":""69bf282d24a0f4fafcac9c42""}",0.0,{},,5.0,0.0,0.0,0.0,0.0,None,0.0,some,False,good,0.0,0.0,0.0,0.0,0.0,0.0,0.0,0.0,0.0,,False,29,0.0,0,0.0,0.0,0.0,0.0,0.0,0.0,0.0,0.0,False,red_3,Bradley,0.0,0.0,0,0.0,0.0,0.0,0.0,0.0,0.0,0.0,0.0,11096,0.0,0.0,0.0,0.0,0.0,0.0,0.0,None,0
"{""totalSec"":163,""autoEndSec"":20,""delayEndSec"":23,""intervals"":[{""action"":""shoot"",""startSec"":29.41,""endSec"":30.11,""durationSec"":0.7,""_id"":""69bf283d24a0f4fafcac9c51""},{""action"":""shoot"",""startSec"":89.56,""endSec"":89.62,""durationSec"":0.06,""_id"":""69bf283d24a0f4fafcac9c52""}],""_id"":""69bf283d24a0f4fafcac9c50""}",0.0,"{""alliance"":""blue"",""startPosition"":""center"",""points"":[{""x"":0.34,""y"":0.5,""tSec"":1.2,""_id"":""69bf283d24a0f4fafcac9c4b""},{""x"":0.3275,""y"":0.511,""tSec"":1.4,""_id"":""69bf283d24a0f4fafcac9c4c""},{""x"":0.3214,""y"":0.5171,""tSec"":1.4,""_id"":""69bf283d24a0f4fafcac9c4d""},{""x"":0.3122,""y"":0.5244,""tSec"":1.5,""_id"":""69bf283d24a0f4fafcac9c4e""},{""x"":0.3035,""y"":0.53,""tSec"":1.55,""_id"":""69bf283d24a0f4fafcac9c4f""}],""shotMarkers"":[],""fingerprint"":""2d1f30bd"",""_id"":""69bf283d24a0f4fafcac9c4a""}",center,5.0,0.0,0.0,0.0,0.0,None,0.0,None,False,ok,3.8,0.0,3.8,0.0,0.0,0.0,0.0,0.0,0.0,Pushbot,True,29,0.0,0,0.0,0.0,0.0,0.0,0.0,0.0,0.0,0.0,False,blue_2,Awishkar,60.15,0.76,2,0.38,0.0,0.0,0.7,0.0,0.06,0.0,0.0,5124,0.0,3.5,0.0,0.3,0.0,3.8,0.0,None,2
"{""totalSec"":163,""autoEndSec"":20,""delayEndSec"":23,""intervals"":[],""_id"":""69bf285c24a0f4fafcac9c61""}",0.0,"{""alliance"":""blue"",""startPosition"":""left"",""points"":[{""x"":0.34,""y"":0.67,""tSec"":2.3,""_id"":""69bf285c24a0f4fafcac9c5a""},{""x"":0.3497,""y"":0.6799,""tSec"":2.3,""_id"":""69bf285c24a0f4fafcac9c5b""},{""x"":0.3562,""y"":0.7,""tSec"":8.85,""_id"":""69bf285c24a0f4fafcac9c5c""},{""x"":0.3532,""y"":0.709,""tSec"":9,""_id"":""69bf285c24a0f4fafcac9c5d""},{""x"":0.3528,""y"":0.7167,""tSec"":9,""_id"":""69bf285c24a0f4fafcac9c5e""},{""x"":0.3528,""y"":0.7261,""tSec"":9.05,""_id"":""69bf285c24a0f4fafcac9c5f""},{""x"":0.352,""y"":0.7348,""tSec"":9.1,""_id"":""69bf285c24a0f4fafcac9c60""}],""shotMarkers"":[],""fingerprint"":""69558367"",""_id"":""69bf285c24a0f4fafcac9c59""}",left,5.0,0.0,0.0,0.0,1.0,None,1.0,heavy,False,good,0.0,0.0,0.0,0.0,0.0,0.0,0.0,0.0,0.0,Intake and/or shooter may be broken,False,29,0.0,0,0.0,0.0,0.0,0.0,0.0,0.0,0.0,0.0,False,blue_3,Wesley,0.0,0.0,0,0.0,0.0,0.0,0.0,0.0,0.0,0.0,0.0,4501,0.0,0.0,0.0,0.0,0.0,0.0,0.0,None,0
"{""totalSec"":163,""autoEndSec"":20,""delayEndSec"":23,""intervals"":[{""action"":""shoot"",""startSec"":17.2,""endSec"":17.95,""durationSec"":0.75,""_id"":""69bf28b324a0f4fafcac9c6d""},{""action"":""shoot"",""startSec"":19.4,""endSec"":20.05,""durationSec"":0.65,""_id"":""69bf28b324a0f4fafcac9c6e""},{""action"":""shoot"",""startSec"":77.95,""endSec"":78.3,""durationSec"":0.35,""_id"":""69bf28b324a0f4fafcac9c6f""},{""action"":""shoot"",""startSec"":86.2,""endSec"":87.01,""durationSec"":0.81,""_id"":""69bf28b324a0f4fafcac9c70""},{""action"":""shoot"",""startSec"":88.4,""endSec"":89.05,""durationSec"":0.65,""_id"":""69bf28b324a0f4fafcac9c71""},{""action"":""shoot"",""startSec"":90.4,""endSec"":94.6,""durationSec"":4.2,""_id"":""69bf28b324a0f4fafcac9c72""},{""action"":""shoot"",""startSec"":95.1,""endSec"":95.76,""durationSec"":0.66,""_id"":""69bf28b324a0f4fafcac9c73""},{""action"":""shoot"",""startSec"":97,""endSec"":97.9,""durationSec"":0.9,""_id"":""69bf28b324a0f4fafcac9c74""},{""action"":""shoot"",""startSec"":98.85,""endSec"":99.71,""durationSec"":0.86,""_id"":""69bf28b324a0f4fafcac9c75""},{""action"":""shoot"",""startSec"":122.9,""endSec"":129.37,""durationSec"":6.47,""_id"":""69bf28b324a0f4fafcac9c76""},{""action"":""shoot"",""startSec"":147.3,""endSec"":155.25,""durationSec"":7.95,""_id"":""69bf28b324a0f4fafcac9c77""}],""_id"":""69bf28b324a0f4fafcac9c6c""}",6.75,{},,5.0,0.0,0.0,0.0,0.0,None,0.0,None,False,ok,121.25,0.0,121.25,0.0,0.0,0.0,0.0,0.0,0.0,Had trouble shooting,True,29,0.0,0,0.0,0.0,0.0,0.0,0.0,0.0,0.0,0.0,False,blue_1,Kasandra,3.45,24.25,11,0.81,1.35,7.95,0.0,0.05,8.38,6.47,0.05,4322,39.75,0.0,0.25,41.9,32.35,114.5,0.25,None,11
"{""totalSec"":163,""autoEndSec"":20,""delayEndSec"":23,""intervals"":[],""_id"":""69bf2a5d24a0f4fafcac9c84""}",0.0,{},,5.0,0.0,0.0,0.0,0.0,None,0.0,None,False,ok,0.0,0.0,0.0,0.0,0.0,0.0,0.0,0.0,0.0,,False,30,0.0,0,0.0,0.0,0.0,0.0,0.0,0.0,0.0,0.0,False,red_2,K,0.0,0.0,0,0.0,0.0,0.0,0.0,0.0,0.0,0.0,0.0,7230,0.0,0.0,0.0,0.0,0.0,0.0,0.0,None,0
"{""totalSec"":163,""autoEndSec"":20,""delayEndSec"":23,""intervals"":[{""action"":""shoot"",""startSec"":100.98,""endSec"":102.44,""durationSec"":1.46,""_id"":""69bf2a6f24a0f4fafcac9ca2""},{""action"":""shoot"",""startSec"":132.99,""endSec"":133.14,""durationSec"":0.15,""_id"":""69bf2a6f24a0f4fafcac9ca3""},{""action"":""shoot"",""startSec"":133.99,""endSec"":135.89,""durationSec"":1.9,""_id"":""69bf2a6f24a0f4fafcac9ca4""}],""_id"":""69bf2a6f24a0f4fafcac9ca1""}",0.0,"{""alliance"":""red"",""startPosition"":""center"",""points"":[{""x"":0.69,""y"":0.5,""tSec"":2.25,""_id"":""69bf2a6f24a0f4fafcac9c8f""},{""x"":0.729,""y"":0.511,""tSec"":2.4,""_id"":""69bf2a6f24a0f4fafcac9c90""},{""x"":0.7375,""y"":0.5123,""tSec"":2.4,""_id"":""69bf2a6f24a0f4fafcac9c91""},{""x"":0.7477,""y"":0.5125,""tSec"":2.45,""_id"":""69bf2a6f24a0f4fafcac9c92""},{""x"":0.7559,""y"":0.5087,""tSec"":2.55,""_id"":""69bf2a6f24a0f4fafcac9c93""},{""x"":0.7653,""y"":0.5063,""tSec"":2.65,""_id"":""69bf2a6f24a0f4fafcac9c94""},{""x"":0.7748,""y"":0.506,""tSec"":2.65,""_id"":""69bf2a6f24a0f4fafcac9c95""},{""x"":0.7844,""y"":0.507,""tSec"":2.7,""_id"":""69bf2a6f24a0f4fafcac9c96""},{""x"":0.7932,""y"":0.5081,""tSec"":2.7,""_id"":""69bf2a6f24a0f4fafcac9c97""},{""x"":0.8073,""y"":0.51,""tSec"":2.75,""_id"":""69bf2a6f24a0f4fafcac9c98""},{""x"":0.8151,""y"":0.5112,""tSec"":2.75,""_id"":""69bf2a6f24a0f4fafcac9c99""},{""x"":0.8229,""y"":0.5123,""tSec"":2.8,""_id"":""69bf2a6f24a0f4fafcac9c9a""},{""x"":0.8323,""y"":0.5125,""tSec"":2.85,""_id"":""69bf2a6f24a0f4fafcac9c9b""},{""x"":0.8404,""y"":0.5068,""tSec"":2.95,""_id"":""69bf2a6f24a0f4fafcac9c9c""},{""x"":0.8467,""y"":0.4975,""tSec"":2.95,""_id"":""69bf2a6f24a0f4fafcac9c9d""},{""x"":0.8521,""y"":0.4897,""tSec"":3,""_id"":""69bf2a6f24a0f4fafcac9c9e""},{""x"":0.8565,""y"":0.484,""tSec"":3.05,""_id"":""69bf2a6f24a0f4fafcac9c9f""}],""shotMarkers"":[{""x"":0.8565,""y"":0.484,""tSec"":3.85,""_id"":""69bf2a6f24a0f4fafcac9ca0""}],""fingerprint"":""d2b3c6b8"",""_id"":""69bf2a6f24a0f4fafcac9c8e""}",center,5.0,0.0,0.0,0.0,1.0,mechanism,1.0,None,False,ok,17.55,0.0,17.55,0.0,0.0,0.0,0.0,0.0,0.0,,True,30,0.0,0,0.0,0.0,0.0,0.0,0.0,0.0,0.0,0.0,False,red_3,Bradley,16.505,3.51,3,1.46,0.0,2.04,0.0,0.0,1.46,0.01,0.0,3408,10.2,0.0,0.0,7.3,0.05,17.549999999999997,0.0,None,3
"{""totalSec"":163,""autoEndSec"":20,""delayEndSec"":23,""intervals"":[],""_id"":""69bf2a7c24a0f4fafcac9cb0""}",0.0,"{""alliance"":""blue"",""startPosition"":""center"",""points"":[{""x"":0.34,""y"":0.5,""tSec"":3.9,""_id"":""69bf2a7c24a0f4fafcac9cad""},{""x"":0.3521,""y"":0.5186,""tSec"":3.9,""_id"":""69bf2a7c24a0f4fafcac9cae""},{""x"":0.3473,""y"":0.5114,""tSec"":4,""_id"":""69bf2a7c24a0f4fafcac9caf""}],""shotMarkers"":[],""fingerprint"":""b0dc9170"",""_id"":""69bf2a7c24a0f4fafcac9cac""}",center,5.0,0.0,0.0,0.0,0.0,None,0.0,heavy,False,ok,0.0,0.0,0.0,0.0,0.0,0.0,0.0,0.0,0.0,Not great defense...,False,30,0.0,0,0.0,0.0,0.0,0.0,0.0,0.0,0.0,0.0,False,blue_2,Awishkar,0.0,0.0,0,0.0,0.0,0.0,0.0,0.0,0.0,0.0,0.0,4470,0.0,0.0,0.0,0.0,0.0,0.0,0.0,None,0
"{""totalSec"":163,""autoEndSec"":20,""delayEndSec"":23,""intervals"":[{""action"":""shoot"",""startSec"":22.4,""endSec"":23.1,""durationSec"":0.7,""_id"":""69bf2a8424a0f4fafcac9cf2""},{""action"":""shoot"",""startSec"":28.35,""endSec"":28.5,""durationSec"":0.15,""_id"":""69bf2a8424a0f4fafcac9cf3""},{""action"":""pass"",""startSec"":64.5,""endSec"":65.16,""durationSec"":0.66,""_id"":""69bf2a8424a0f4fafcac9cf4""},{""action"":""shoot"",""startSec"":103.1,""endSec"":112.95,""durationSec"":9.85,""_id"":""69bf2a8424a0f4fafcac9cf5""},{""action"":""pass"",""startSec"":113.9,""endSec"":114.55,""durationSec"":0.65,""_id"":""69bf2a8424a0f4fafcac9cf6""},{""action"":""pass"",""startSec"":128.4,""endSec"":129.03,""durationSec"":0.63,""_id"":""69bf2a8424a0f4fafcac9cf7""},{""action"":""pass"",""startSec"":132.55,""endSec"":140.61,""durationSec"":8.06,""_id"":""69bf2a8424a0f4fafcac9cf8""},{""action"":""shoot"",""startSec"":140.8,""endSec"":154.12,""durationSec"":13.32,""_id"":""69bf2a8424a0f4fafcac9cf9""},{""action"":""pass"",""startSec"":155.25,""endSec"":157.11,""durationSec"":1.86,""_id"":""69bf2a8424a0f4fafcac9cfa""},{""action"":""shoot"",""startSec"":160.35,""endSec"":163,""durationSec"":2.65,""_id"":""69bf2a8424a0f4fafcac9cfb""}],""_id"":""69bf2a8424a0f4fafcac9cf1""}",0.0,"{""alliance"":""red"",""startPosition"":""right"",""points"":[{""x"":0.69,""y"":0.67,""tSec"":14.95,""_id"":""69bf2a8424a0f4fafcac9cb7""},{""x"":0.6838,""y"":0.6649,""tSec"":15.6,""_id"":""69bf2a8424a0f4fafcac9cb8""},{""x"":0.6754,""y"":0.6661,""tSec"":15.65,""_id"":""69bf2a8424a0f4fafcac9cb9""},{""x"":0.6582,""y"":0.6701,""tSec"":15.7,""_id"":""69bf2a8424a0f4fafcac9cba""},{""x"":0.647,""y"":0.6744,""tSec"":15.7,""_id"":""69bf2a8424a0f4fafcac9cbb""},{""x"":0.6349,""y"":0.6787,""tSec"":15.7,""_id"":""69bf2a8424a0f4fafcac9cbc""},{""x"":0.6281,""y"":0.6812,""tSec"":15.7,""_id"":""69bf2a8424a0f4fafcac9cbd""},{""x"":0.6127,""y"":0.6872,""tSec"":15.75,""_id"":""69bf2a8424a0f4fafcac9cbe""},{""x"":0.6024,""y"":0.6898,""tSec"":15.8,""_id"":""69bf2a8424a0f4fafcac9cbf""},{""x"":0.592,""y"":0.6911,""tSec"":15.8,""_id"":""69bf2a8424a0f4fafcac9cc0""},{""x"":0.5831,""y"":0.6913,""tSec"":15.85,""_id"":""69bf2a8424a0f4fafcac9cc1""},{""x"":0.5705,""y"":0.6894,""tSec"":15.85,""_id"":""69bf2a8424a0f4fafcac9cc2""},{""x"":0.5591,""y"":0.6891,""tSec"":15.9,""_id"":""69bf2a8424a0f4fafcac9cc3""},{""x"":0.5477,""y"":0.6891,""tSec"":15.95,""_id"":""69bf2a8424a0f4fafcac9cc4""},{""x"":0.5387,""y"":0.6891,""tSec"":15.95,""_id"":""69bf2a8424a0f4fafcac9cc5""},{""x"":0.5315,""y"":0.6891,""tSec"":16.05,""_id"":""69bf2a8424a0f4fafcac9cc6""},{""x"":0.5237,""y"":0.6891,""tSec"":16.15,""_id"":""69bf2a8424a0f4fafcac9cc7""},{""x"":0.5167,""y"":0.6891,""tSec"":16.25,""_id"":""69bf2a8424a0f4fafcac9cc8""},{""x"":0.5097,""y"":0.6891,""tSec"":16.45,""_id"":""69bf2a8424a0f4fafcac9cc9""},{""x"":0.5027,""y"":0.6901,""tSec"":16.65,""_id"":""69bf2a8424a0f4fafcac9cca""},{""x"":0.495,""y"":0.6912,""tSec"":16.8,""_id"":""69bf2a8424a0f4fafcac9ccb""},{""x"":0.4856,""y"":0.697,""tSec"":16.85,""_id"":""69bf2a8424a0f4fafcac9ccc""},{""x"":0.476,""y"":0.7062,""tSec"":16.9,""_id"":""69bf2a8424a0f4fafcac9ccd""},{""x"":0.4665,""y"":0.7121,""tSec"":16.9,""_id"":""69bf2a8424a0f4fafcac9cce""},{""x"":0.4493,""y"":0.7176,""tSec"":16.95,""_id"":""69bf2a8424a0f4fafcac9ccf""},{""x"":0.4349,""y"":0.7192,""tSec"":17,""_id"":""69bf2a8424a0f4fafcac9cd0""},{""x"":0.424,""y"":0.7184,""tSec"":17,""_id"":""69bf2a8424a0f4fafcac9cd1""},{""x"":0.4119,""y"":0.7165,""tSec"":17.05,""_id"":""69bf2a8424a0f4fafcac9cd2""},{""x"":0.3998,""y"":0.7143,""tSec"":17.05,""_id"":""69bf2a8424a0f4fafcac9cd3""},{""x"":0.3891,""y"":0.7121,""tSec"":17.1,""_id"":""69bf2a8424a0f4fafcac9cd4""},{""x"":0.3778,""y"":0.71,""tSec"":17.1,""_id"":""69bf2a8424a0f4fafcac9cd5""},{""x"":0.3612,""y"":0.7078,""tSec"":17.15,""_id"":""69bf2a8424a0f4fafcac9cd6""},{""x"":0.3462,""y"":0.7066,""tSec"":17.15,""_id"":""69bf2a8424a0f4fafcac9cd7""},{""x"":0.3344,""y"":0.7055,""tSec"":17.2,""_id"":""69bf2a8424a0f4fafcac9cd8""},{""x"":0.323,""y"":0.7044,""tSec"":17.2,""_id"":""69bf2a8424a0f4fafcac9cd9""},{""x"":0.3116,""y"":0.7024,""tSec"":17.25,""_id"":""69bf2a8424a0f4fafcac9cda""},{""x"":0.2965,""y"":0.6984,""tSec"":17.25,""_id"":""69bf2a8424a0f4fafcac9cdb""},{""x"":0.2893,""y"":0.6959,""tSec"":17.3,""_id"":""69bf2a8424a0f4fafcac9cdc""},{""x"":0.28,""y"":0.6909,""tSec"":17.3,""_id"":""69bf2a8424a0f4fafcac9cdd""},{""x"":0.2682,""y"":0.6836,""tSec"":17.35,""_id"":""69bf2a8424a0f4fafcac9cde""},{""x"":0.2606,""y"":0.677,""tSec"":17.35,""_id"":""69bf2a8424a0f4fafcac9cdf""},{""x"":0.2536,""y"":0.6705,""tSec"":17.45,""_id"":""69bf2a8424a0f4fafcac9ce0""},{""x"":0.2474,""y"":0.6659,""tSec"":17.5,""_id"":""69bf2a8424a0f4fafcac9ce1""},{""x"":0.2428,""y"":0.6605,""tSec"":17.55,""_id"":""69bf2a8424a0f4fafcac9ce2""},{""x"":0.2384,""y"":0.6513,""tSec"":17.65,""_id"":""69bf2a8424a0f4fafcac9ce3""},{""x"":0.2379,""y"":0.6426,""tSec"":17.7,""_id"":""69bf2a8424a0f4fafcac9ce4""},{""x"":0.2401,""y"":0.6358,""tSec"":17.7,""_id"":""69bf2a8424a0f4fafcac9ce5""},{""x"":0.2465,""y"":0.6293,""tSec"":17.75,""_id"":""69bf2a8424a0f4fafcac9ce6""},{""x"":0.2519,""y"":0.6247,""tSec"":17.8,""_id"":""69bf2a8424a0f4fafcac9ce7""},{""x"":0.2625,""y"":0.6194,""tSec"":17.85,""_id"":""69bf2a8424a0f4fafcac9ce8""},{""x"":0.2738,""y"":0.6149,""tSec"":17.85,""_id"":""69bf2a8424a0f4fafcac9ce9""},{""x"":0.2859,""y"":0.6087,""tSec"":17.9,""_id"":""69bf2a8424a0f4fafcac9cea""},{""x"":0.2965,""y"":0.6022,""tSec"":17.95,""_id"":""69bf2a8424a0f4fafcac9ceb""},{""x"":0.3062,""y"":0.5947,""tSec"":17.95,""_id"":""69bf2a8424a0f4fafcac9cec""},{""x"":0.3173,""y"":0.5872,""tSec"":18,""_id"":""69bf2a8424a0f4fafcac9ced""},{""x"":0.3271,""y"":0.5824,""tSec"":18.05,""_id"":""69bf2a8424a0f4fafcac9cee""},{""x"":0.3336,""y"":0.5791,""tSec"":18.05,""_id"":""69bf2a8424a0f4fafcac9cef""},{""x"":0.339,""y"":0.5739,""tSec"":18.15,""_id"":""69bf2a8424a0f4fafcac9cf0""}],""shotMarkers"":[],""fingerprint"":""9f65a46d"",""_id"":""69bf2a8424a0f4fafcac9cb6""}",right,5.0,0.0,0.0,0.0,0.0,None,0.0,None,True,ok,133.35,59.3,133.35,0.0,0.0,0.0,0.0,0.0,0.0,Stopped after auto for a few seconds,True,30,11.86,5,0.66,0.0,9.47,0.0,0.66,0.0,1.73,0.0,False,red_1,Mmasi,28.625,26.67,5,2.65,0.0,15.97,0.25,0.0,2.4,7.45,0.6,5669,79.85,1.25,0.0,12.0,37.25,133.35,3.0,None,10
"{""totalSec"":163,""autoEndSec"":20,""delayEndSec"":23,""intervals"":[{""action"":""shoot"",""startSec"":32.25,""endSec"":34.37,""durationSec"":2.12,""_id"":""69bf2a8f24a0f4fafcac9de2""},{""action"":""shoot"",""startSec"":58.8,""endSec"":60.21,""durationSec"":1.41,""_id"":""69bf2a8f24a0f4fafcac9de3""},{""action"":""shoot"",""startSec"":72.2,""endSec"":76.1,""durationSec"":3.9,""_id"":""69bf2a8f24a0f4fafcac9de4""},{""action"":""shoot"",""startSec"":84.3,""endSec"":85.45,""durationSec"":1.15,""_id"":""69bf2a8f24a0f4fafcac9de5""},{""action"":""shoot"",""startSec"":108.85,""endSec"":112.9,""durationSec"":4.05,""_id"":""69bf2a8f24a0f4fafcac9de6""},{""action"":""shoot"",""startSec"":124.95,""endSec"":127.4,""durationSec"":2.45,""_id"":""69bf2a8f24a0f4fafcac9de7""},{""action"":""shoot"",""startSec"":146.7,""endSec"":149.85,""durationSec"":3.15,""_id"":""69bf2a8f24a0f4fafcac9de8""},{""action"":""shoot"",""startSec"":151.05,""endSec"":152.1,""durationSec"":1.05,""_id"":""69bf2a8f24a0f4fafcac9de9""},{""action"":""shoot"",""startSec"":157.9,""endSec"":159.65,""durationSec"":1.75,""_id"":""69bf2a8f24a0f4fafcac9dea""}],""_id"":""69bf2a8f24a0f4fafcac9de1""}",0.0,"{""alliance"":""blue"",""startPosition"":""left"",""points"":[{""x"":0.34,""y"":0.67,""tSec"":1.3,""_id"":""69bf2a8f24a0f4fafcac9d01""},{""x"":0.3536,""y"":0.6779,""tSec"":1.3,""_id"":""69bf2a8f24a0f4fafcac9d02""},{""x"":0.3529,""y"":0.7035,""tSec"":5.7,""_id"":""69bf2a8f24a0f4fafcac9d03""},{""x"":0.4141,""y"":0.7141,""tSec"":5.8,""_id"":""69bf2a8f24a0f4fafcac9d04""},{""x"":0.4598,""y"":0.7248,""tSec"":5.85,""_id"":""69bf2a8f24a0f4fafcac9d05""},{""x"":0.4859,""y"":0.7318,""tSec"":5.85,""_id"":""69bf2a8f24a0f4fafcac9d06""},{""x"":0.5075,""y"":0.7383,""tSec"":5.85,""_id"":""69bf2a8f24a0f4fafcac9d07""},{""x"":0.5247,""y"":0.7467,""tSec"":5.9,""_id"":""69bf2a8f24a0f4fafcac9d08""},{""x"":0.5336,""y"":0.7515,""tSec"":5.9,""_id"":""69bf2a8f24a0f4fafcac9d09""},{""x"":0.5485,""y"":0.7606,""tSec"":5.95,""_id"":""69bf2a8f24a0f4fafcac9d0a""},{""x"":0.5626,""y"":0.7701,""tSec"":5.95,""_id"":""69bf2a8f24a0f4fafcac9d0b""},{""x"":0.5887,""y"":0.7845,""tSec"":6,""_id"":""69bf2a8f24a0f4fafcac9d0c""},{""x"":0.6088,""y"":0.7938,""tSec"":6,""_id"":""69bf2a8f24a0f4fafcac9d0d""},{""x"":0.6341,""y"":0.8053,""tSec"":6.05,""_id"":""69bf2a8f24a0f4fafcac9d0e""},{""x"":0.651,""y"":0.8123,""tSec"":6.05,""_id"":""69bf2a8f24a0f4fafcac9d0f""},{""x"":0.666,""y"":0.8199,""tSec"":6.1,""_id"":""69bf2a8f24a0f4fafcac9d10""},{""x"":0.6809,""y"":0.8283,""tSec"":6.1,""_id"":""69bf2a8f24a0f4fafcac9d11""},{""x"":0.6873,""y"":0.8331,""tSec"":6.1,""_id"":""69bf2a8f24a0f4fafcac9d12""},{""x"":0.6972,""y"":0.8413,""tSec"":6.15,""_id"":""69bf2a8f24a0f4fafcac9d13""},{""x"":0.7145,""y"":0.8527,""tSec"":6.15,""_id"":""69bf2a8f24a0f4fafcac9d14""},{""x"":0.722,""y"":0.8568,""tSec"":6.2,""_id"":""69bf2a8f24a0f4fafcac9d15""},{""x"":0.7328,""y"":0.8601,""tSec"":6.2,""_id"":""69bf2a8f24a0f4fafcac9d16""},{""x"":0.7464,""y"":0.8605,""tSec"":6.25,""_id"":""69bf2a8f24a0f4fafcac9d17""},{""x"":0.758,""y"":0.8521,""tSec"":6.25,""_id"":""69bf2a8f24a0f4fafcac9d18""},{""x"":0.7625,""y"":0.8464,""tSec"":6.3,""_id"":""69bf2a8f24a0f4fafcac9d19""},{""x"":0.7668,""y"":0.84,""tSec"":6.3,""_id"":""69bf2a8f24a0f4fafcac9d1a""},{""x"":0.7743,""y"":0.8222,""tSec"":6.3,""_id"":""69bf2a8f24a0f4fafcac9d1b""},{""x"":0.779,""y"":0.8012,""tSec"":6.35,""_id"":""69bf2a8f24a0f4fafcac9d1c""},{""x"":0.7811,""y"":0.7883,""tSec"":6.35,""_id"":""69bf2a8f24a0f4fafcac9d1d""},{""x"":0.7829,""y"":0.7763,""tSec"":6.35,""_id"":""69bf2a8f24a0f4fafcac9d1e""},{""x"":0.7846,""y"":0.755,""tSec"":6.4,""_id"":""69bf2a8f24a0f4fafcac9d1f""},{""x"":0.7848,""y"":0.7326,""tSec"":6.4,""_id"":""69bf2a8f24a0f4fafcac9d20""},{""x"":0.7848,""y"":0.7073,""tSec"":6.45,""_id"":""69bf2a8f24a0f4fafcac9d21""},{""x"":0.7848,""y"":0.6824,""tSec"":6.45,""_id"":""69bf2a8f24a0f4fafcac9d22""},{""x"":0.7848,""y"":0.6681,""tSec"":6.45,""_id"":""69bf2a8f24a0f4fafcac9d23""},{""x"":0.7848,""y"":0.6446,""tSec"":6.5,""_id"":""69bf2a8f24a0f4fafcac9d24""},{""x"":0.7848,""y"":0.6324,""tSec"":6.5,""_id"":""69bf2a8f24a0f4fafcac9d25""},{""x"":0.7848,""y"":0.6101,""tSec"":6.55,""_id"":""69bf2a8f24a0f4fafcac9d26""},{""x"":0.7848,""y"":0.5866,""tSec"":6.55,""_id"":""69bf2a8f24a0f4fafcac9d27""},{""x"":0.7833,""y"":0.5668,""tSec"":6.55,""_id"":""69bf2a8f24a0f4fafcac9d28""},{""x"":0.7823,""y"":0.5474,""tSec"":6.6,""_id"":""69bf2a8f24a0f4fafcac9d29""},{""x"":0.7822,""y"":0.5384,""tSec"":6.6,""_id"":""69bf2a8f24a0f4fafcac9d2a""},{""x"":0.7822,""y"":0.526,""tSec"":6.6,""_id"":""69bf2a8f24a0f4fafcac9d2b""},{""x"":0.7822,""y"":0.5094,""tSec"":6.65,""_id"":""69bf2a8f24a0f4fafcac9d2c""},{""x"":0.783,""y"":0.496,""tSec"":6.7,""_id"":""69bf2a8f24a0f4fafcac9d2d""},{""x"":0.7839,""y"":0.485,""tSec"":6.7,""_id"":""69bf2a8f24a0f4fafcac9d2e""},{""x"":0.7847,""y"":0.4761,""tSec"":6.75,""_id"":""69bf2a8f24a0f4fafcac9d2f""},{""x"":0.7856,""y"":0.4854,""tSec"":6.8,""_id"":""69bf2a8f24a0f4fafcac9d30""},{""x"":0.7873,""y"":0.4979,""tSec"":6.85,""_id"":""69bf2a8f24a0f4fafcac9d31""},{""x"":0.7905,""y"":0.5211,""tSec"":6.9,""_id"":""69bf2a8f24a0f4fafcac9d32""},{""x"":0.7924,""y"":0.5457,""tSec"":6.9,""_id"":""69bf2a8f24a0f4fafcac9d33""},{""x"":0.7942,""y"":0.5685,""tSec"":6.95,""_id"":""69bf2a8f24a0f4fafcac9d34""},{""x"":0.7952,""y"":0.5816,""tSec"":6.95,""_id"":""69bf2a8f24a0f4fafcac9d35""},{""x"":0.7961,""y"":0.5936,""tSec"":6.95,""_id"":""69bf2a8f24a0f4fafcac9d36""},{""x"":0.7969,""y"":0.613,""tSec"":7,""_id"":""69bf2a8f24a0f4fafcac9d37""},{""x"":0.7978,""y"":0.6324,""tSec"":7,""_id"":""69bf2a8f24a0f4fafcac9d38""},{""x"":0.7979,""y"":0.6498,""tSec"":7,""_id"":""69bf2a8f24a0f4fafcac9d39""},{""x"":0.7987,""y"":0.684,""tSec"":7.05,""_id"":""69bf2a8f24a0f4fafcac9d3a""},{""x"":0.7988,""y"":0.7071,""tSec"":7.1,""_id"":""69bf2a8f24a0f4fafcac9d3b""},{""x"":0.7988,""y"":0.7164,""tSec"":7.15,""_id"":""69bf2a8f24a0f4fafcac9d3c""},{""x"":0.7988,""y"":0.7346,""tSec"":7.15,""_id"":""69bf2a8f24a0f4fafcac9d3d""},{""x"":0.7965,""y"":0.7538,""tSec"":7.2,""_id"":""69bf2a8f24a0f4fafcac9d3e""},{""x"":0.7939,""y"":0.7674,""tSec"":7.2,""_id"":""69bf2a8f24a0f4fafcac9d3f""},{""x"":0.7913,""y"":0.7785,""tSec"":7.25,""_id"":""69bf2a8f24a0f4fafcac9d40""},{""x"":0.7856,""y"":0.7921,""tSec"":7.25,""_id"":""69bf2a8f24a0f4fafcac9d41""},{""x"":0.7826,""y"":0.7985,""tSec"":7.3,""_id"":""69bf2a8f24a0f4fafcac9d42""},{""x"":0.7769,""y"":0.8097,""tSec"":7.3,""_id"":""69bf2a8f24a0f4fafcac9d43""},{""x"":0.7701,""y"":0.8214,""tSec"":7.35,""_id"":""69bf2a8f24a0f4fafcac9d44""},{""x"":0.7617,""y"":0.8304,""tSec"":7.35,""_id"":""69bf2a8f24a0f4fafcac9d45""},{""x"":0.7506,""y"":0.839,""tSec"":7.35,""_id"":""69bf2a8f24a0f4fafcac9d46""},{""x"":0.7393,""y"":0.8458,""tSec"":7.4,""_id"":""69bf2a8f24a0f4fafcac9d47""},{""x"":0.7272,""y"":0.8494,""tSec"":7.4,""_id"":""69bf2a8f24a0f4fafcac9d48""},{""x"":0.7196,""y"":0.8498,""tSec"":7.45,""_id"":""69bf2a8f24a0f4fafcac9d49""},{""x"":0.6996,""y"":0.8471,""tSec"":7.45,""_id"":""69bf2a8f24a0f4fafcac9d4a""},{""x"":0.6842,""y"":0.843,""tSec"":7.5,""_id"":""69bf2a8f24a0f4fafcac9d4b""},{""x"":0.6685,""y"":0.8358,""tSec"":7.5,""_id"":""69bf2a8f24a0f4fafcac9d4c""},{""x"":0.6528,""y"":0.8245,""tSec"":7.55,""_id"":""69bf2a8f24a0f4fafcac9d4d""},{""x"":0.6371,""y"":0.81,""tSec"":7.55,""_id"":""69bf2a8f24a0f4fafcac9d4e""},{""x"":0.6214,""y"":0.795,""tSec"":7.55,""_id"":""69bf2a8f24a0f4fafcac9d4f""},{""x"":0.6081,""y"":0.7818,""tSec"":7.6,""_id"":""69bf2a8f24a0f4fafcac9d50""},{""x"":0.595,""y"":0.767,""tSec"":7.6,""_id"":""69bf2a8f24a0f4fafcac9d51""},{""x"":0.5827,""y"":0.7529,""tSec"":7.65,""_id"":""69bf2a8f24a0f4fafcac9d52""},{""x"":0.569,""y"":0.7371,""tSec"":7.65,""_id"":""69bf2a8f24a0f4fafcac9d53""},{""x"":0.5597,""y"":0.7276,""tSec"":7.7,""_id"":""69bf2a8f24a0f4fafcac9d54""},{""x"":0.5509,""y"":0.7199,""tSec"":7.7,""_id"":""69bf2a8f24a0f4fafcac9d55""},{""x"":0.5299,""y"":0.7038,""tSec"":7.75,""_id"":""69bf2a8f24a0f4fafcac9d56""},{""x"":0.522,""y"":0.699,""tSec"":7.8,""_id"":""69bf2a8f24a0f4fafcac9d57""},{""x"":0.5011,""y"":0.6909,""tSec"":7.8,""_id"":""69bf2a8f24a0f4fafcac9d58""},{""x"":0.484,""y"":0.6852,""tSec"":7.85,""_id"":""69bf2a8f24a0f4fafcac9d59""},{""x"":0.4675,""y"":0.6817,""tSec"":7.85,""_id"":""69bf2a8f24a0f4fafcac9d5a""},{""x"":0.4577,""y"":0.6803,""tSec"":7.85,""_id"":""69bf2a8f24a0f4fafcac9d5b""},{""x"":0.4497,""y"":0.6792,""tSec"":7.9,""_id"":""69bf2a8f24a0f4fafcac9d5c""},{""x"":0.4357,""y"":0.6772,""tSec"":7.9,""_id"":""69bf2a8f24a0f4fafcac9d5d""},{""x"":0.4233,""y"":0.676,""tSec"":7.9,""_id"":""69bf2a8f24a0f4fafcac9d5e""},{""x"":0.4111,""y"":0.6758,""tSec"":7.95,""_id"":""69bf2a8f24a0f4fafcac9d5f""},{""x"":0.4019,""y"":0.6758,""tSec"":7.95,""_id"":""69bf2a8f24a0f4fafcac9d60""},{""x"":0.394,""y"":0.6758,""tSec"":8,""_id"":""69bf2a8f24a0f4fafcac9d61""},{""x"":0.3838,""y"":0.6758,""tSec"":8.05,""_id"":""69bf2a8f24a0f4fafcac9d62""},{""x"":0.3726,""y"":0.6748,""tSec"":8.1,""_id"":""69bf2a8f24a0f4fafcac9d63""},{""x"":0.3643,""y"":0.6747,""tSec"":8.1,""_id"":""69bf2a8f24a0f4fafcac9d64""},{""x"":0.3573,""y"":0.6747,""tSec"":8.15,""_id"":""69bf2a8f24a0f4fafcac9d65""},{""x"":0.3488,""y"":0.6747,""tSec"":8.2,""_id"":""69bf2a8f24a0f4fafcac9d66""},{""x"":0.3408,""y"":0.6747,""tSec"":8.3,""_id"":""69bf2a8f24a0f4fafcac9d67""},{""x"":0.333,""y"":0.6747,""tSec"":8.4,""_id"":""69bf2a8f24a0f4fafcac9d68""},{""x"":0.3259,""y"":0.6747,""tSec"":8.55,""_id"":""69bf2a8f24a0f4fafcac9d69""},{""x"":0.3182,""y"":0.6738,""tSec"":9.05,""_id"":""69bf2a8f24a0f4fafcac9d6a""},{""x"":0.3111,""y"":0.669,""tSec"":9.15,""_id"":""69bf2a8f24a0f4fafcac9d6b""},{""x"":0.3063,""y"":0.6636,""tSec"":9.2,""_id"":""69bf2a8f24a0f4fafcac9d6c""},{""x"":0.302,""y"":0.6526,""tSec"":9.3,""_id"":""69bf2a8f24a0f4fafcac9d6d""},{""x"":0.3007,""y"":0.6456,""tSec"":9.3,""_id"":""69bf2a8f24a0f4fafcac9d6e""},{""x"":0.2967,""y"":0.6353,""tSec"":14.15,""_id"":""69bf2a8f24a0f4fafcac9d6f""},{""x"":0.3016,""y"":0.6407,""tSec"":14.35,""_id"":""69bf2a8f24a0f4fafcac9d70""},{""x"":0.3099,""y"":0.6461,""tSec"":14.4,""_id"":""69bf2a8f24a0f4fafcac9d71""},{""x"":0.3216,""y"":0.6495,""tSec"":14.45,""_id"":""69bf2a8f24a0f4fafcac9d72""},{""x"":0.3299,""y"":0.6519,""tSec"":14.45,""_id"":""69bf2a8f24a0f4fafcac9d73""},{""x"":0.337,""y"":0.654,""tSec"":14.5,""_id"":""69bf2a8f24a0f4fafcac9d74""},{""x"":0.3447,""y"":0.6562,""tSec"":14.5,""_id"":""69bf2a8f24a0f4fafcac9d75""},{""x"":0.3541,""y"":0.6583,""tSec"":14.5,""_id"":""69bf2a8f24a0f4fafcac9d76""},{""x"":0.3652,""y"":0.6615,""tSec"":14.55,""_id"":""69bf2a8f24a0f4fafcac9d77""},{""x"":0.3949,""y"":0.6741,""tSec"":14.6,""_id"":""69bf2a8f24a0f4fafcac9d78""},{""x"":0.413,""y"":0.6803,""tSec"":14.6,""_id"":""69bf2a8f24a0f4fafcac9d79""},{""x"":0.4298,""y"":0.6858,""tSec"":14.65,""_id"":""69bf2a8f24a0f4fafcac9d7a""},{""x"":0.4548,""y"":0.695,""tSec"":14.7,""_id"":""69bf2a8f24a0f4fafcac9d7b""},{""x"":0.4716,""y"":0.7018,""tSec"":14.7,""_id"":""69bf2a8f24a0f4fafcac9d7c""},{""x"":0.4881,""y"":0.7092,""tSec"":14.75,""_id"":""69bf2a8f24a0f4fafcac9d7d""},{""x"":0.5108,""y"":0.7186,""tSec"":14.75,""_id"":""69bf2a8f24a0f4fafcac9d7e""},{""x"":0.5212,""y"":0.7235,""tSec"":14.8,""_id"":""69bf2a8f24a0f4fafcac9d7f""},{""x"":0.5447,""y"":0.7326,""tSec"":14.8,""_id"":""69bf2a8f24a0f4fafcac9d80""},{""x"":0.5597,""y"":0.7403,""tSec"":14.85,""_id"":""69bf2a8f24a0f4fafcac9d81""},{""x"":0.5739,""y"":0.7507,""tSec"":14.85,""_id"":""69bf2a8f24a0f4fafcac9d82""},{""x"":0.5871,""y"":0.7623,""tSec"":14.85,""_id"":""69bf2a8f24a0f4fafcac9d83""},{""x"":0.594,""y"":0.7685,""tSec"":14.9,""_id"":""69bf2a8f24a0f4fafcac9d84""},{""x"":0.6032,""y"":0.7786,""tSec"":14.9,""_id"":""69bf2a8f24a0f4fafcac9d85""},{""x"":0.6128,""y"":0.7893,""tSec"":14.95,""_id"":""69bf2a8f24a0f4fafcac9d86""},{""x"":0.6232,""y"":0.802,""tSec"":14.95,""_id"":""69bf2a8f24a0f4fafcac9d87""},{""x"":0.6328,""y"":0.8139,""tSec"":15,""_id"":""69bf2a8f24a0f4fafcac9d88""},{""x"":0.6471,""y"":0.8285,""tSec"":15,""_id"":""69bf2a8f24a0f4fafcac9d89""},{""x"":0.6587,""y"":0.8369,""tSec"":15.05,""_id"":""69bf2a8f24a0f4fafcac9d8a""},{""x"":0.6785,""y"":0.8426,""tSec"":15.05,""_id"":""69bf2a8f24a0f4fafcac9d8b""},{""x"":0.6916,""y"":0.8433,""tSec"":15.1,""_id"":""69bf2a8f24a0f4fafcac9d8c""},{""x"":0.7062,""y"":0.8406,""tSec"":15.1,""_id"":""69bf2a8f24a0f4fafcac9d8d""},{""x"":0.721,""y"":0.8346,""tSec"":15.15,""_id"":""69bf2a8f24a0f4fafcac9d8e""},{""x"":0.735,""y"":0.8263,""tSec"":15.15,""_id"":""69bf2a8f24a0f4fafcac9d8f""},{""x"":0.749,""y"":0.8168,""tSec"":15.2,""_id"":""69bf2a8f24a0f4fafcac9d90""},{""x"":0.7629,""y"":0.8053,""tSec"":15.2,""_id"":""69bf2a8f24a0f4fafcac9d91""},{""x"":0.7745,""y"":0.7944,""tSec"":15.25,""_id"":""69bf2a8f24a0f4fafcac9d92""},{""x"":0.7905,""y"":0.7771,""tSec"":15.25,""_id"":""69bf2a8f24a0f4fafcac9d93""},{""x"":0.8024,""y"":0.7617,""tSec"":15.3,""_id"":""69bf2a8f24a0f4fafcac9d94""},{""x"":0.813,""y"":0.7467,""tSec"":15.3,""_id"":""69bf2a8f24a0f4fafcac9d95""},{""x"":0.822,""y"":0.7307,""tSec"":15.35,""_id"":""69bf2a8f24a0f4fafcac9d96""},{""x"":0.8307,""y"":0.7117,""tSec"":15.35,""_id"":""69bf2a8f24a0f4fafcac9d97""},{""x"":0.8371,""y"":0.6915,""tSec"":15.35,""_id"":""69bf2a8f24a0f4fafcac9d98""},{""x"":0.8417,""y"":0.6683,""tSec"":15.4,""_id"":""69bf2a8f24a0f4fafcac9d99""},{""x"":0.843,""y"":0.6428,""tSec"":15.4,""_id"":""69bf2a8f24a0f4fafcac9d9a""},{""x"":0.8417,""y"":0.618,""tSec"":15.45,""_id"":""69bf2a8f24a0f4fafcac9d9b""},{""x"":0.8377,""y"":0.5933,""tSec"":15.45,""_id"":""69bf2a8f24a0f4fafcac9d9c""},{""x"":0.8318,""y"":0.5704,""tSec"":15.5,""_id"":""69bf2a8f24a0f4fafcac9d9d""},{""x"":0.8265,""y"":0.5507,""tSec"":15.5,""_id"":""69bf2a8f24a0f4fafcac9d9e""},{""x"":0.8213,""y"":0.5332,""tSec"":15.55,""_id"":""69bf2a8f24a0f4fafcac9d9f""},{""x"":0.8137,""y"":0.516,""tSec"":15.55,""_id"":""69bf2a8f24a0f4fafcac9da0""},{""x"":0.8067,""y"":0.5082,""tSec"":15.6,""_id"":""69bf2a8f24a0f4fafcac9da1""},{""x"":0.7982,""y"":0.5044,""tSec"":15.6,""_id"":""69bf2a8f24a0f4fafcac9da2""},{""x"":0.7895,""y"":0.504,""tSec"":15.65,""_id"":""69bf2a8f24a0f4fafcac9da3""},{""x"":0.7816,""y"":0.5049,""tSec"":15.65,""_id"":""69bf2a8f24a0f4fafcac9da4""},{""x"":0.7745,""y"":0.5068,""tSec"":15.65,""_id"":""69bf2a8f24a0f4fafcac9da5""},{""x"":0.7675,""y"":0.51,""tSec"":15.7,""_id"":""69bf2a8f24a0f4fafcac9da6""},{""x"":0.7605,""y"":0.515,""tSec"":15.7,""_id"":""69bf2a8f24a0f4fafcac9da7""},{""x"":0.7521,""y"":0.5213,""tSec"":15.75,""_id"":""69bf2a8f24a0f4fafcac9da8""},{""x"":0.7426,""y"":0.5315,""tSec"":15.75,""_id"":""69bf2a8f24a0f4fafcac9da9""},{""x"":0.7338,""y"":0.5441,""tSec"":15.8,""_id"":""69bf2a8f24a0f4fafcac9daa""},{""x"":0.7251,""y"":0.5569,""tSec"":15.8,""_id"":""69bf2a8f24a0f4fafcac9dab""},{""x"":0.7164,""y"":0.568,""tSec"":15.85,""_id"":""69bf2a8f24a0f4fafcac9dac""},{""x"":0.7007,""y"":0.5863,""tSec"":15.85,""_id"":""69bf2a8f24a0f4fafcac9dad""},{""x"":0.6889,""y"":0.5989,""tSec"":15.9,""_id"":""69bf2a8f24a0f4fafcac9dae""},{""x"":0.6768,""y"":0.6099,""tSec"":15.9,""_id"":""69bf2a8f24a0f4fafcac9daf""},{""x"":0.6661,""y"":0.6188,""tSec"":15.95,""_id"":""69bf2a8f24a0f4fafcac9db0""},{""x"":0.6556,""y"":0.6255,""tSec"":15.95,""_id"":""69bf2a8f24a0f4fafcac9db1""},{""x"":0.6406,""y"":0.6348,""tSec"":16,""_id"":""69bf2a8f24a0f4fafcac9db2""},{""x"":0.6303,""y"":0.6416,""tSec"":16,""_id"":""69bf2a8f24a0f4fafcac9db3""},{""x"":0.6191,""y"":0.649,""tSec"":16.05,""_id"":""69bf2a8f24a0f4fafcac9db4""},{""x"":0.6085,""y"":0.6556,""tSec"":16.05,""_id"":""69bf2a8f24a0f4fafcac9db5""},{""x"":0.5973,""y"":0.662,""tSec"":16.1,""_id"":""69bf2a8f24a0f4fafcac9db6""},{""x"":0.586,""y"":0.6685,""tSec"":16.1,""_id"":""69bf2a8f24a0f4fafcac9db7""},{""x"":0.5762,""y"":0.6731,""tSec"":16.15,""_id"":""69bf2a8f24a0f4fafcac9db8""},{""x"":0.5643,""y"":0.6774,""tSec"":16.15,""_id"":""69bf2a8f24a0f4fafcac9db9""},{""x"":0.5567,""y"":0.6798,""tSec"":16.2,""_id"":""69bf2a8f24a0f4fafcac9dba""},{""x"":0.5497,""y"":0.682,""tSec"":16.2,""_id"":""69bf2a8f24a0f4fafcac9dbb""},{""x"":0.5427,""y"":0.6841,""tSec"":16.25,""_id"":""69bf2a8f24a0f4fafcac9dbc""},{""x"":0.5357,""y"":0.6863,""tSec"":16.25,""_id"":""69bf2a8f24a0f4fafcac9dbd""},{""x"":0.525,""y"":0.6903,""tSec"":16.3,""_id"":""69bf2a8f24a0f4fafcac9dbe""},{""x"":0.5176,""y"":0.6927,""tSec"":16.3,""_id"":""69bf2a8f24a0f4fafcac9dbf""},{""x"":0.5106,""y"":0.6949,""tSec"":16.35,""_id"":""69bf2a8f24a0f4fafcac9dc0""},{""x"":0.5036,""y"":0.698,""tSec"":16.35,""_id"":""69bf2a8f24a0f4fafcac9dc1""},{""x"":0.4943,""y"":0.7012,""tSec"":16.4,""_id"":""69bf2a8f24a0f4fafcac9dc2""},{""x"":0.4824,""y"":0.7053,""tSec"":16.4,""_id"":""69bf2a8f24a0f4fafcac9dc3""},{""x"":0.4718,""y"":0.7078,""tSec"":16.45,""_id"":""69bf2a8f24a0f4fafcac9dc4""},{""x"":0.4636,""y"":0.7089,""tSec"":16.5,""_id"":""69bf2a8f24a0f4fafcac9dc5""},{""x"":0.4566,""y"":0.711,""tSec"":16.55,""_id"":""69bf2a8f24a0f4fafcac9dc6""},{""x"":0.4488,""y"":0.7122,""tSec"":16.6,""_id"":""69bf2a8f24a0f4fafcac9dc7""},{""x"":0.4395,""y"":0.7142,""tSec"":16.65,""_id"":""69bf2a8f24a0f4fafcac9dc8""},{""x"":0.4322,""y"":0.7154,""tSec"":16.7,""_id"":""69bf2a8f24a0f4fafcac9dc9""},{""x"":0.4237,""y"":0.7156,""tSec"":16.75,""_id"":""69bf2a8f24a0f4fafcac9dca""},{""x"":0.4165,""y"":0.7166,""tSec"":16.8,""_id"":""69bf2a8f24a0f4fafcac9dcb""},{""x"":0.408,""y"":0.7167,""tSec"":16.85,""_id"":""69bf2a8f24a0f4fafcac9dcc""},{""x"":0.4008,""y"":0.7167,""tSec"":16.9,""_id"":""69bf2a8f24a0f4fafcac9dcd""},{""x"":0.3931,""y"":0.7167,""tSec"":16.95,""_id"":""69bf2a8f24a0f4fafcac9dce""},{""x"":0.386,""y"":0.7167,""tSec"":17,""_id"":""69bf2a8f24a0f4fafcac9dcf""},{""x"":0.3783,""y"":0.7138,""tSec"":17.05,""_id"":""69bf2a8f24a0f4fafcac9dd0""},{""x"":0.3712,""y"":0.7126,""tSec"":17.1,""_id"":""69bf2a8f24a0f4fafcac9dd1""},{""x"":0.3627,""y"":0.7105,""tSec"":17.15,""_id"":""69bf2a8f24a0f4fafcac9dd2""},{""x"":0.3555,""y"":0.7093,""tSec"":17.2,""_id"":""69bf2a8f24a0f4fafcac9dd3""},{""x"":0.3485,""y"":0.7073,""tSec"":17.25,""_id"":""69bf2a8f24a0f4fafcac9dd4""},{""x"":0.3408,""y"":0.7061,""tSec"":17.25,""_id"":""69bf2a8f24a0f4fafcac9dd5""},{""x"":0.333,""y"":0.7031,""tSec"":17.3,""_id"":""69bf2a8f24a0f4fafcac9dd6""},{""x"":0.3236,""y"":0.6999,""tSec"":17.35,""_id"":""69bf2a8f24a0f4fafcac9dd7""},{""x"":0.3163,""y"":0.6976,""tSec"":17.35,""_id"":""69bf2a8f24a0f4fafcac9dd8""},{""x"":0.3086,""y"":0.6917,""tSec"":17.4,""_id"":""69bf2a8f24a0f4fafcac9dd9""},{""x"":0.3008,""y"":0.6853,""tSec"":17.4,""_id"":""69bf2a8f24a0f4fafcac9dda""},{""x"":0.2929,""y"":0.6789,""tSec"":17.45,""_id"":""69bf2a8f24a0f4fafcac9ddb""},{""x"":0.2874,""y"":0.6724,""tSec"":17.5,""_id"":""69bf2a8f24a0f4fafcac9ddc""},{""x"":0.2813,""y"":0.664,""tSec"":17.55,""_id"":""69bf2a8f24a0f4fafcac9ddd""},{""x"":0.2783,""y"":0.6574,""tSec"":17.55,""_id"":""69bf2a8f24a0f4fafcac9dde""}],""shotMarkers"":[{""x"":0.3007,""y"":0.6456,""tSec"":9.8,""_id"":""69bf2a8f24a0f4fafcac9ddf""},{""x"":0.2783,""y"":0.6574,""tSec"":18.2,""_id"":""69bf2a8f24a0f4fafcac9de0""}],""fingerprint"":""571c05ba"",""_id"":""69bf2a8f24a0f4fafcac9d00""}",left,5.0,0.0,0.0,0.0,0.0,None,0.0,None,False,great,105.15,0.0,105.15,0.0,0.0,0.0,0.0,0.0,0.0,,True,30,0.0,0,0.0,0.0,0.0,0.0,0.0,0.0,0.0,0.0,False,blue_3,Wesley,14.75,21.03,9,2.12,0.0,5.95,2.12,5.31,1.15,6.5,0.0,9408,29.75,10.6,26.55,5.75,32.5,105.15,0.0,None,9
"{""totalSec"":163,""autoEndSec"":20,""delayEndSec"":23,""intervals"":[{""action"":""shoot"",""startSec"":5.3,""endSec"":5.95,""durationSec"":0.65,""_id"":""69bf2aa124a0f4fafcac9faf""},{""action"":""shoot"",""startSec"":7.65,""endSec"":8.96,""durationSec"":1.31,""_id"":""69bf2aa124a0f4fafcac9fb0""},{""action"":""shoot"",""startSec"":12.35,""endSec"":13,""durationSec"":0.65,""_id"":""69bf2aa124a0f4fafcac9fb1""},{""action"":""shoot"",""startSec"":14.4,""endSec"":16.75,""durationSec"":2.35,""_id"":""69bf2aa124a0f4fafcac9fb2""},{""action"":""shoot"",""startSec"":21.6,""endSec"":22.25,""durationSec"":0.65,""_id"":""69bf2aa124a0f4fafcac9fb3""},{""action"":""shoot"",""startSec"":23.7,""endSec"":24.31,""durationSec"":0.61,""_id"":""69bf2aa124a0f4fafcac9fb4""},{""action"":""shoot"",""startSec"":37.41,""endSec"":38.06,""durationSec"":0.65,""_id"":""69bf2aa124a0f4fafcac9fb5""},{""action"":""shoot"",""startSec"":39.46,""endSec"":39.77,""durationSec"":0.31,""_id"":""69bf2aa124a0f4fafcac9fb6""},{""action"":""shoot"",""startSec"":41.91,""endSec"":43.41,""durationSec"":1.5,""_id"":""69bf2aa124a0f4fafcac9fb7""},{""action"":""shoot"",""startSec"":56.34,""endSec"":56.99,""durationSec"":0.65,""_id"":""69bf2aa124a0f4fafcac9fb8""},{""action"":""shoot"",""startSec"":58.84,""endSec"":59.5,""durationSec"":0.66,""_id"":""69bf2aa124a0f4fafcac9fb9""},{""action"":""shoot"",""startSec"":61.24,""endSec"":61.9,""durationSec"":0.66,""_id"":""69bf2aa124a0f4fafcac9fba""},{""action"":""shoot"",""startSec"":63.04,""endSec"":63.74,""durationSec"":0.7,""_id"":""69bf2aa124a0f4fafcac9fbb""},{""action"":""shoot"",""startSec"":65.54,""endSec"":65.74,""durationSec"":0.2,""_id"":""69bf2aa124a0f4fafcac9fbc""},{""action"":""shoot"",""startSec"":67.14,""endSec"":68.3,""durationSec"":1.16,""_id"":""69bf2aa124a0f4fafcac9fbd""},{""action"":""shoot"",""startSec"":68.39,""endSec"":69.6,""durationSec"":1.21,""_id"":""69bf2aa124a0f4fafcac9fbe""},{""action"":""shoot"",""startSec"":81.01,""endSec"":81.47,""durationSec"":0.46,""_id"":""69bf2aa124a0f4fafcac9fbf""},{""action"":""shoot"",""startSec"":81.56,""endSec"":82.99,""durationSec"":1.43,""_id"":""69bf2aa124a0f4fafcac9fc0""},{""action"":""shoot"",""startSec"":88.41,""endSec"":91.26,""durationSec"":2.85,""_id"":""69bf2aa124a0f4fafcac9fc1""},{""action"":""shoot"",""startSec"":91.56,""endSec"":93.46,""durationSec"":1.9,""_id"":""69bf2aa124a0f4fafcac9fc2""},{""action"":""shoot"",""startSec"":100.72,""endSec"":101.62,""durationSec"":0.9,""_id"":""69bf2aa124a0f4fafcac9fc3""},{""action"":""shoot"",""startSec"":108.8,""endSec"":110.2,""durationSec"":1.4,""_id"":""69bf2aa124a0f4fafcac9fc4""},{""action"":""shoot"",""startSec"":112.25,""endSec"":112.86,""durationSec"":0.61,""_id"":""69bf2aa124a0f4fafcac9fc5""},{""action"":""shoot"",""startSec"":113.62,""endSec"":116.12,""durationSec"":2.5,""_id"":""69bf2aa124a0f4fafcac9fc6""},{""action"":""shoot"",""startSec"":119.94,""endSec"":121.91,""durationSec"":1.97,""_id"":""69bf2aa124a0f4fafcac9fc7""},{""action"":""shoot"",""startSec"":135.4,""endSec"":136.6,""durationSec"":1.2,""_id"":""69bf2aa124a0f4fafcac9fc8""},{""action"":""shoot"",""startSec"":142.3,""endSec"":142.96,""durationSec"":0.66,""_id"":""69bf2aa124a0f4fafcac9fc9""},{""action"":""shoot"",""startSec"":143.45,""endSec"":143.55,""durationSec"":0.1,""_id"":""69bf2aa124a0f4fafcac9fca""},{""action"":""shoot"",""startSec"":143.65,""endSec"":144.1,""durationSec"":0.45,""_id"":""69bf2aa124a0f4fafcac9fcb""},{""action"":""shoot"",""startSec"":144.2,""endSec"":145.16,""durationSec"":0.96,""_id"":""69bf2aa124a0f4fafcac9fcc""},{""action"":""shoot"",""startSec"":145.35,""endSec"":145.46,""durationSec"":0.11,""_id"":""69bf2aa124a0f4fafcac9fcd""},{""action"":""shoot"",""startSec"":147.55,""endSec"":147.87,""durationSec"":0.32,""_id"":""69bf2aa124a0f4fafcac9fce""},{""action"":""shoot"",""startSec"":149.3,""endSec"":149.85,""durationSec"":0.55,""_id"":""69bf2aa124a0f4fafcac9fcf""},{""action"":""shoot"",""startSec"":150.55,""endSec"":150.65,""durationSec"":0.1,""_id"":""69bf2aa124a0f4fafcac9fd0""},{""action"":""shoot"",""startSec"":150.75,""endSec"":151.3,""durationSec"":0.55,""_id"":""69bf2aa124a0f4fafcac9fd1""},{""action"":""shoot"",""startSec"":151.4,""endSec"":153.41,""durationSec"":2.01,""_id"":""69bf2aa124a0f4fafcac9fd2""},{""action"":""shoot"",""startSec"":159.35,""endSec"":161.55,""durationSec"":2.2,""_id"":""69bf2aa124a0f4fafcac9fd3""}],""_id"":""69bf2aa124a0f4fafcac9fae""}",24.8,"{""alliance"":""blue"",""startPosition"":""right"",""points"":[{""x"":0.34,""y"":0.33,""tSec"":1.85,""_id"":""69bf2aa124a0f4fafcac9f08""},{""x"":0.342,""y"":0.3459,""tSec"":1.85,""_id"":""69bf2aa124a0f4fafcac9f09""},{""x"":0.3446,""y"":0.3602,""tSec"":2.45,""_id"":""69bf2aa124a0f4fafcac9f0a""},{""x"":0.3457,""y"":0.3392,""tSec"":2.5,""_id"":""69bf2aa124a0f4fafcac9f0b""},{""x"":0.3481,""y"":0.3168,""tSec"":2.5,""_id"":""69bf2aa124a0f4fafcac9f0c""},{""x"":0.3507,""y"":0.2943,""tSec"":2.5,""_id"":""69bf2aa124a0f4fafcac9f0d""},{""x"":0.3525,""y"":0.2736,""tSec"":2.55,""_id"":""69bf2aa124a0f4fafcac9f0e""},{""x"":0.3558,""y"":0.2389,""tSec"":2.55,""_id"":""69bf2aa124a0f4fafcac9f0f""},{""x"":0.3639,""y"":0.1894,""tSec"":2.6,""_id"":""69bf2aa124a0f4fafcac9f10""},{""x"":0.3733,""y"":0.1608,""tSec"":2.6,""_id"":""69bf2aa124a0f4fafcac9f11""},{""x"":0.379,""y"":0.1479,""tSec"":2.65,""_id"":""69bf2aa124a0f4fafcac9f12""},{""x"":0.3919,""y"":0.1246,""tSec"":2.65,""_id"":""69bf2aa124a0f4fafcac9f13""},{""x"":0.4073,""y"":0.1104,""tSec"":2.7,""_id"":""69bf2aa124a0f4fafcac9f14""},{""x"":0.4314,""y"":0.0936,""tSec"":2.7,""_id"":""69bf2aa124a0f4fafcac9f15""},{""x"":0.448,""y"":0.0812,""tSec"":2.75,""_id"":""69bf2aa124a0f4fafcac9f16""},{""x"":0.4746,""y"":0.0618,""tSec"":2.75,""_id"":""69bf2aa124a0f4fafcac9f17""},{""x"":0.4893,""y"":0.0509,""tSec"":2.75,""_id"":""69bf2aa124a0f4fafcac9f18""},{""x"":0.5087,""y"":0.0392,""tSec"":2.8,""_id"":""69bf2aa124a0f4fafcac9f19""},{""x"":0.5179,""y"":0.033,""tSec"":2.8,""_id"":""69bf2aa124a0f4fafcac9f1a""},{""x"":0.5259,""y"":0.0295,""tSec"":2.8,""_id"":""69bf2aa124a0f4fafcac9f1b""},{""x"":0.5422,""y"":0.03,""tSec"":2.85,""_id"":""69bf2aa124a0f4fafcac9f1c""},{""x"":0.5503,""y"":0.0339,""tSec"":2.85,""_id"":""69bf2aa124a0f4fafcac9f1d""},{""x"":0.5635,""y"":0.0466,""tSec"":2.85,""_id"":""69bf2aa124a0f4fafcac9f1e""},{""x"":0.5805,""y"":0.0746,""tSec"":2.9,""_id"":""69bf2aa124a0f4fafcac9f1f""},{""x"":0.5886,""y"":0.095,""tSec"":2.9,""_id"":""69bf2aa124a0f4fafcac9f20""},{""x"":0.6003,""y"":0.1409,""tSec"":2.9,""_id"":""69bf2aa124a0f4fafcac9f21""},{""x"":0.6056,""y"":0.1691,""tSec"":2.9,""_id"":""69bf2aa124a0f4fafcac9f22""},{""x"":0.61,""y"":0.1933,""tSec"":2.95,""_id"":""69bf2aa124a0f4fafcac9f23""},{""x"":0.6206,""y"":0.2312,""tSec"":2.95,""_id"":""69bf2aa124a0f4fafcac9f24""},{""x"":0.6279,""y"":0.2509,""tSec"":3,""_id"":""69bf2aa124a0f4fafcac9f25""},{""x"":0.6387,""y"":0.274,""tSec"":3,""_id"":""69bf2aa124a0f4fafcac9f26""},{""x"":0.6447,""y"":0.2844,""tSec"":3,""_id"":""69bf2aa124a0f4fafcac9f27""},{""x"":0.6531,""y"":0.297,""tSec"":3.05,""_id"":""69bf2aa124a0f4fafcac9f28""},{""x"":0.6525,""y"":0.3041,""tSec"":3.15,""_id"":""69bf2aa124a0f4fafcac9f29""},{""x"":0.6586,""y"":0.3324,""tSec"":3.55,""_id"":""69bf2aa124a0f4fafcac9f2a""},{""x"":0.6678,""y"":0.3424,""tSec"":3.6,""_id"":""69bf2aa124a0f4fafcac9f2b""},{""x"":0.6726,""y"":0.3484,""tSec"":3.65,""_id"":""69bf2aa124a0f4fafcac9f2c""},{""x"":0.6771,""y"":0.3547,""tSec"":3.65,""_id"":""69bf2aa124a0f4fafcac9f2d""},{""x"":0.6815,""y"":0.3622,""tSec"":3.65,""_id"":""69bf2aa124a0f4fafcac9f2e""},{""x"":0.685,""y"":0.3706,""tSec"":3.65,""_id"":""69bf2aa124a0f4fafcac9f2f""},{""x"":0.6901,""y"":0.3849,""tSec"":3.7,""_id"":""69bf2aa124a0f4fafcac9f30""},{""x"":0.693,""y"":0.3913,""tSec"":3.7,""_id"":""69bf2aa124a0f4fafcac9f31""},{""x"":0.7064,""y"":0.3741,""tSec"":3.75,""_id"":""69bf2aa124a0f4fafcac9f32""},{""x"":0.7195,""y"":0.3247,""tSec"":3.8,""_id"":""69bf2aa124a0f4fafcac9f33""},{""x"":0.7249,""y"":0.298,""tSec"":3.8,""_id"":""69bf2aa124a0f4fafcac9f34""},{""x"":0.7278,""y"":0.2787,""tSec"":3.8,""_id"":""69bf2aa124a0f4fafcac9f35""},{""x"":0.7312,""y"":0.2547,""tSec"":3.8,""_id"":""69bf2aa124a0f4fafcac9f36""},{""x"":0.7316,""y"":0.2442,""tSec"":3.85,""_id"":""69bf2aa124a0f4fafcac9f37""},{""x"":0.7294,""y"":0.2345,""tSec"":3.85,""_id"":""69bf2aa124a0f4fafcac9f38""},{""x"":0.7192,""y"":0.222,""tSec"":3.9,""_id"":""69bf2aa124a0f4fafcac9f39""},{""x"":0.7133,""y"":0.2158,""tSec"":3.9,""_id"":""69bf2aa124a0f4fafcac9f3a""},{""x"":0.7019,""y"":0.2037,""tSec"":3.9,""_id"":""69bf2aa124a0f4fafcac9f3b""},{""x"":0.6936,""y"":0.1946,""tSec"":3.95,""_id"":""69bf2aa124a0f4fafcac9f3c""},{""x"":0.6727,""y"":0.1746,""tSec"":3.95,""_id"":""69bf2aa124a0f4fafcac9f3d""},{""x"":0.6595,""y"":0.1618,""tSec"":3.95,""_id"":""69bf2aa124a0f4fafcac9f3e""},{""x"":0.6334,""y"":0.1348,""tSec"":4,""_id"":""69bf2aa124a0f4fafcac9f3f""},{""x"":0.6172,""y"":0.1164,""tSec"":4,""_id"":""69bf2aa124a0f4fafcac9f40""},{""x"":0.5846,""y"":0.083,""tSec"":4,""_id"":""69bf2aa124a0f4fafcac9f41""},{""x"":0.5645,""y"":0.0648,""tSec"":4.05,""_id"":""69bf2aa124a0f4fafcac9f42""},{""x"":0.533,""y"":0.0428,""tSec"":4.05,""_id"":""69bf2aa124a0f4fafcac9f43""},{""x"":0.5048,""y"":0.0278,""tSec"":4.05,""_id"":""69bf2aa124a0f4fafcac9f44""},{""x"":0.4822,""y"":0.0194,""tSec"":4.1,""_id"":""69bf2aa124a0f4fafcac9f45""},{""x"":0.4718,""y"":0.0165,""tSec"":4.1,""_id"":""69bf2aa124a0f4fafcac9f46""},{""x"":0.4491,""y"":0.0171,""tSec"":4.15,""_id"":""69bf2aa124a0f4fafcac9f47""},{""x"":0.4303,""y"":0.0219,""tSec"":4.2,""_id"":""69bf2aa124a0f4fafcac9f48""},{""x"":0.4104,""y"":0.0301,""tSec"":4.2,""_id"":""69bf2aa124a0f4fafcac9f49""},{""x"":0.3988,""y"":0.0349,""tSec"":4.2,""_id"":""69bf2aa124a0f4fafcac9f4a""},{""x"":0.3874,""y"":0.0382,""tSec"":4.2,""_id"":""69bf2aa124a0f4fafcac9f4b""},{""x"":0.3677,""y"":0.0443,""tSec"":4.25,""_id"":""69bf2aa124a0f4fafcac9f4c""},{""x"":0.3577,""y"":0.0478,""tSec"":4.25,""_id"":""69bf2aa124a0f4fafcac9f4d""},{""x"":0.3449,""y"":0.053,""tSec"":4.3,""_id"":""69bf2aa124a0f4fafcac9f4e""},{""x"":0.3327,""y"":0.0612,""tSec"":4.3,""_id"":""69bf2aa124a0f4fafcac9f4f""},{""x"":0.3258,""y"":0.0679,""tSec"":4.35,""_id"":""69bf2aa124a0f4fafcac9f50""},{""x"":0.3212,""y"":0.0753,""tSec"":4.35,""_id"":""69bf2aa124a0f4fafcac9f51""},{""x"":0.3199,""y"":0.0837,""tSec"":4.4,""_id"":""69bf2aa124a0f4fafcac9f52""},{""x"":0.3197,""y"":0.0923,""tSec"":4.45,""_id"":""69bf2aa124a0f4fafcac9f53""},{""x"":0.3174,""y"":0.099,""tSec"":4.5,""_id"":""69bf2aa124a0f4fafcac9f54""},{""x"":0.3118,""y"":0.1064,""tSec"":4.6,""_id"":""69bf2aa124a0f4fafcac9f55""},{""x"":0.308,""y"":0.114,""tSec"":4.7,""_id"":""69bf2aa124a0f4fafcac9f56""},{""x"":0.3084,""y"":0.1215,""tSec"":4.75,""_id"":""69bf2aa124a0f4fafcac9f57""},{""x"":0.3206,""y"":0.1555,""tSec"":9.55,""_id"":""69bf2aa124a0f4fafcac9f58""},{""x"":0.3244,""y"":0.1492,""tSec"":9.6,""_id"":""69bf2aa124a0f4fafcac9f59""},{""x"":0.3287,""y"":0.1399,""tSec"":9.6,""_id"":""69bf2aa124a0f4fafcac9f5a""},{""x"":0.3346,""y"":0.1312,""tSec"":9.6,""_id"":""69bf2aa124a0f4fafcac9f5b""},{""x"":0.3752,""y"":0.1046,""tSec"":9.65,""_id"":""69bf2aa124a0f4fafcac9f5c""},{""x"":0.4658,""y"":0.0683,""tSec"":9.7,""_id"":""69bf2aa124a0f4fafcac9f5d""},{""x"":0.489,""y"":0.0602,""tSec"":9.7,""_id"":""69bf2aa124a0f4fafcac9f5e""},{""x"":0.514,""y"":0.0573,""tSec"":9.75,""_id"":""69bf2aa124a0f4fafcac9f5f""},{""x"":0.5385,""y"":0.0579,""tSec"":9.75,""_id"":""69bf2aa124a0f4fafcac9f60""},{""x"":0.5621,""y"":0.0599,""tSec"":9.8,""_id"":""69bf2aa124a0f4fafcac9f61""},{""x"":0.5757,""y"":0.062,""tSec"":9.8,""_id"":""69bf2aa124a0f4fafcac9f62""},{""x"":0.5865,""y"":0.0651,""tSec"":9.8,""_id"":""69bf2aa124a0f4fafcac9f63""},{""x"":0.6023,""y"":0.075,""tSec"":9.85,""_id"":""69bf2aa124a0f4fafcac9f64""},{""x"":0.6158,""y"":0.0885,""tSec"":9.85,""_id"":""69bf2aa124a0f4fafcac9f65""},{""x"":0.6273,""y"":0.1033,""tSec"":9.85,""_id"":""69bf2aa124a0f4fafcac9f66""},{""x"":0.6402,""y"":0.1278,""tSec"":9.9,""_id"":""69bf2aa124a0f4fafcac9f67""},{""x"":0.6479,""y"":0.1458,""tSec"":9.95,""_id"":""69bf2aa124a0f4fafcac9f68""},{""x"":0.6512,""y"":0.1556,""tSec"":9.95,""_id"":""69bf2aa124a0f4fafcac9f69""},{""x"":0.6576,""y"":0.1775,""tSec"":9.95,""_id"":""69bf2aa124a0f4fafcac9f6a""},{""x"":0.6631,""y"":0.1971,""tSec"":10,""_id"":""69bf2aa124a0f4fafcac9f6b""},{""x"":0.6675,""y"":0.2156,""tSec"":10,""_id"":""69bf2aa124a0f4fafcac9f6c""},{""x"":0.6696,""y"":0.2254,""tSec"":10.05,""_id"":""69bf2aa124a0f4fafcac9f6d""},{""x"":0.6736,""y"":0.2511,""tSec"":10.05,""_id"":""69bf2aa124a0f4fafcac9f6e""},{""x"":0.6749,""y"":0.2693,""tSec"":10.1,""_id"":""69bf2aa124a0f4fafcac9f6f""},{""x"":0.6766,""y"":0.2838,""tSec"":10.1,""_id"":""69bf2aa124a0f4fafcac9f70""},{""x"":0.6784,""y"":0.2969,""tSec"":10.15,""_id"":""69bf2aa124a0f4fafcac9f71""},{""x"":0.6793,""y"":0.3051,""tSec"":10.15,""_id"":""69bf2aa124a0f4fafcac9f72""},{""x"":0.681,""y"":0.3194,""tSec"":10.15,""_id"":""69bf2aa124a0f4fafcac9f73""},{""x"":0.6812,""y"":0.3286,""tSec"":10.2,""_id"":""69bf2aa124a0f4fafcac9f74""},{""x"":0.6789,""y"":0.3524,""tSec"":10.2,""_id"":""69bf2aa124a0f4fafcac9f75""},{""x"":0.6763,""y"":0.3666,""tSec"":10.2,""_id"":""69bf2aa124a0f4fafcac9f76""},{""x"":0.6699,""y"":0.39,""tSec"":10.25,""_id"":""69bf2aa124a0f4fafcac9f77""},{""x"":0.6637,""y"":0.4109,""tSec"":10.25,""_id"":""69bf2aa124a0f4fafcac9f78""},{""x"":0.6576,""y"":0.4303,""tSec"":10.3,""_id"":""69bf2aa124a0f4fafcac9f79""},{""x"":0.6554,""y"":0.4393,""tSec"":10.3,""_id"":""69bf2aa124a0f4fafcac9f7a""},{""x"":0.6528,""y"":0.447,""tSec"":10.35,""_id"":""69bf2aa124a0f4fafcac9f7b""},{""x"":0.6517,""y"":0.4546,""tSec"":10.4,""_id"":""69bf2aa124a0f4fafcac9f7c""},{""x"":0.6516,""y"":0.4639,""tSec"":10.45,""_id"":""69bf2aa124a0f4fafcac9f7d""},{""x"":0.6439,""y"":0.4642,""tSec"":10.6,""_id"":""69bf2aa124a0f4fafcac9f7e""},{""x"":0.6377,""y"":0.4991,""tSec"":10.8,""_id"":""69bf2aa124a0f4fafcac9f7f""},{""x"":0.6384,""y"":0.492,""tSec"":10.95,""_id"":""69bf2aa124a0f4fafcac9f80""},{""x"":0.6416,""y"":0.4817,""tSec"":11,""_id"":""69bf2aa124a0f4fafcac9f81""},{""x"":0.6434,""y"":0.4719,""tSec"":11,""_id"":""69bf2aa124a0f4fafcac9f82""},{""x"":0.6467,""y"":0.4415,""tSec"":11.05,""_id"":""69bf2aa124a0f4fafcac9f83""},{""x"":0.6479,""y"":0.4189,""tSec"":11.05,""_id"":""69bf2aa124a0f4fafcac9f84""},{""x"":0.6489,""y"":0.3897,""tSec"":11.1,""_id"":""69bf2aa124a0f4fafcac9f85""},{""x"":0.649,""y"":0.3692,""tSec"":11.1,""_id"":""69bf2aa124a0f4fafcac9f86""},{""x"":0.649,""y"":0.3468,""tSec"":11.15,""_id"":""69bf2aa124a0f4fafcac9f87""},{""x"":0.6474,""y"":0.3328,""tSec"":11.15,""_id"":""69bf2aa124a0f4fafcac9f88""},{""x"":0.6457,""y"":0.3198,""tSec"":11.2,""_id"":""69bf2aa124a0f4fafcac9f89""},{""x"":0.6439,""y"":0.3069,""tSec"":11.2,""_id"":""69bf2aa124a0f4fafcac9f8a""},{""x"":0.6384,""y"":0.2931,""tSec"":11.25,""_id"":""69bf2aa124a0f4fafcac9f8b""},{""x"":0.6278,""y"":0.2781,""tSec"":11.25,""_id"":""69bf2aa124a0f4fafcac9f8c""},{""x"":0.615,""y"":0.2622,""tSec"":11.3,""_id"":""69bf2aa124a0f4fafcac9f8d""},{""x"":0.6027,""y"":0.2433,""tSec"":11.3,""_id"":""69bf2aa124a0f4fafcac9f8e""},{""x"":0.5913,""y"":0.2231,""tSec"":11.3,""_id"":""69bf2aa124a0f4fafcac9f8f""},{""x"":0.5861,""y"":0.2121,""tSec"":11.35,""_id"":""69bf2aa124a0f4fafcac9f90""},{""x"":0.5816,""y"":0.2022,""tSec"":11.35,""_id"":""69bf2aa124a0f4fafcac9f91""},{""x"":0.5695,""y"":0.1803,""tSec"":11.4,""_id"":""69bf2aa124a0f4fafcac9f92""},{""x"":0.562,""y"":0.1644,""tSec"":11.4,""_id"":""69bf2aa124a0f4fafcac9f93""},{""x"":0.5572,""y"":0.1559,""tSec"":11.4,""_id"":""69bf2aa124a0f4fafcac9f94""},{""x"":0.5452,""y"":0.1416,""tSec"":11.45,""_id"":""69bf2aa124a0f4fafcac9f95""},{""x"":0.5353,""y"":0.1333,""tSec"":11.45,""_id"":""69bf2aa124a0f4fafcac9f96""},{""x"":0.5135,""y"":0.12,""tSec"":11.5,""_id"":""69bf2aa124a0f4fafcac9f97""},{""x"":0.487,""y"":0.108,""tSec"":11.5,""_id"":""69bf2aa124a0f4fafcac9f98""},{""x"":0.4601,""y"":0.0981,""tSec"":11.5,""_id"":""69bf2aa124a0f4fafcac9f99""},{""x"":0.4362,""y"":0.0921,""tSec"":11.55,""_id"":""69bf2aa124a0f4fafcac9f9a""},{""x"":0.4241,""y"":0.0895,""tSec"":11.55,""_id"":""69bf2aa124a0f4fafcac9f9b""},{""x"":0.4066,""y"":0.0864,""tSec"":11.6,""_id"":""69bf2aa124a0f4fafcac9f9c""},{""x"":0.3975,""y"":0.086,""tSec"":11.6,""_id"":""69bf2aa124a0f4fafcac9f9d""},{""x"":0.3827,""y"":0.0888,""tSec"":11.6,""_id"":""69bf2aa124a0f4fafcac9f9e""},{""x"":0.3725,""y"":0.0929,""tSec"":11.6,""_id"":""69bf2aa124a0f4fafcac9f9f""},{""x"":0.356,""y"":0.1028,""tSec"":11.65,""_id"":""69bf2aa124a0f4fafcac9fa0""},{""x"":0.3278,""y"":0.1211,""tSec"":11.7,""_id"":""69bf2aa124a0f4fafcac9fa1""},{""x"":0.3161,""y"":0.1289,""tSec"":11.7,""_id"":""69bf2aa124a0f4fafcac9fa2""},{""x"":0.3069,""y"":0.1346,""tSec"":11.7,""_id"":""69bf2aa124a0f4fafcac9fa3""},{""x"":0.2905,""y"":0.1447,""tSec"":11.7,""_id"":""69bf2aa124a0f4fafcac9fa4""},{""x"":0.2763,""y"":0.1535,""tSec"":11.75,""_id"":""69bf2aa124a0f4fafcac9fa5""},{""x"":0.2662,""y"":0.1621,""tSec"":11.8,""_id"":""69bf2aa124a0f4fafcac9fa6""},{""x"":0.2588,""y"":0.1802,""tSec"":11.8,""_id"":""69bf2aa124a0f4fafcac9fa7""},{""x"":0.2572,""y"":0.188,""tSec"":11.85,""_id"":""69bf2aa124a0f4fafcac9fa8""},{""x"":0.2562,""y"":0.1994,""tSec"":11.85,""_id"":""69bf2aa124a0f4fafcac9fa9""},{""x"":0.2553,""y"":0.2102,""tSec"":11.85,""_id"":""69bf2aa124a0f4fafcac9faa""},{""x"":0.2552,""y"":0.2229,""tSec"":11.9,""_id"":""69bf2aa124a0f4fafcac9fab""},{""x"":0.2552,""y"":0.23,""tSec"":11.9,""_id"":""69bf2aa124a0f4fafcac9fac""},{""x"":0.2545,""y"":0.2394,""tSec"":12,""_id"":""69bf2aa124a0f4fafcac9fad""}],""shotMarkers"":[],""fingerprint"":""e5af78a9"",""_id"":""69bf2aa124a0f4fafcac9f07""}",right,5.0,0.0,0.0,0.0,0.0,None,0.0,None,False,good,185.75,0.0,185.75,0.0,0.0,0.0,0.0,0.0,0.0,,True,30,0.0,0,0.0,0.0,0.0,0.0,0.0,0.0,0.0,0.0,False,blue_1,Kasandra,2.375,37.15,37,0.66,4.96,9.21,3.07,5.24,7.54,6.48,0.65,2584,46.05,15.35,26.2,37.7,32.4,160.95,3.25,None,37
"{""totalSec"":163,""autoEndSec"":20,""delayEndSec"":23,""intervals"":[{""action"":""shoot"",""startSec"":79.2,""endSec"":79.65,""durationSec"":0.45,""_id"":""69bf2c4724a0f4fafcac9fec""},{""action"":""shoot"",""startSec"":84.15,""endSec"":85.15,""durationSec"":1,""_id"":""69bf2c4724a0f4fafcac9fed""},{""action"":""shoot"",""startSec"":89.9,""endSec"":90.55,""durationSec"":0.65,""_id"":""69bf2c4724a0f4fafcac9fee""},{""action"":""shoot"",""startSec"":133.09,""endSec"":137.34,""durationSec"":4.25,""_id"":""69bf2c4724a0f4fafcac9fef""},{""action"":""shoot"",""startSec"":146.3,""endSec"":148.14,""durationSec"":1.84,""_id"":""69bf2c4724a0f4fafcac9ff0""}],""_id"":""69bf2c4724a0f4fafcac9feb""}",0.0,{},,5.0,0.0,0.0,0.0,0.0,None,0.0,None,False,ok,40.95,0.0,40.95,0.0,0.0,0.0,0.0,0.0,0.0,,True,31,0.0,0,0.0,0.0,0.0,0.0,0.0,0.0,0.0,0.0,False,red_3,Bradley,9.48,8.19,5,1.0,0.0,6.09,0.0,0.0,2.1,0.0,0.0,6220,30.45,0.0,0.0,10.5,0.0,40.95,0.0,None,5
"{""totalSec"":163,""autoEndSec"":20,""delayEndSec"":23,""intervals"":[{""action"":""shoot"",""startSec"":39.45,""endSec"":44.1,""durationSec"":4.65,""_id"":""69bf2c4724a0f4fafcaca016""},{""action"":""shoot"",""startSec"":54.65,""endSec"":55.42,""durationSec"":0.77,""_id"":""69bf2c4724a0f4fafcaca017""},{""action"":""shoot"",""startSec"":56.1,""endSec"":58.45,""durationSec"":2.35,""_id"":""69bf2c4724a0f4fafcaca018""},{""action"":""shoot"",""startSec"":85.55,""endSec"":85.95,""durationSec"":0.4,""_id"":""69bf2c4724a0f4fafcaca019""},{""action"":""shoot"",""startSec"":87.7,""endSec"":89.31,""durationSec"":1.61,""_id"":""69bf2c4724a0f4fafcaca01a""},{""action"":""shoot"",""startSec"":99.55,""endSec"":101.67,""durationSec"":2.12,""_id"":""69bf2c4724a0f4fafcaca01b""},{""action"":""shoot"",""startSec"":141.6,""endSec"":142.95,""durationSec"":1.35,""_id"":""69bf2c4724a0f4fafcaca01c""}],""_id"":""69bf2c4724a0f4fafcaca015""}",0.0,"{""alliance"":""red"",""startPosition"":""center"",""points"":[{""x"":0.69,""y"":0.5,""tSec"":9.15,""_id"":""69bf2c4724a0f4fafcac9ff5""},{""x"":0.6907,""y"":0.5244,""tSec"":9.15,""_id"":""69bf2c4724a0f4fafcac9ff6""},{""x"":0.6954,""y"":0.533,""tSec"":9.55,""_id"":""69bf2c4724a0f4fafcac9ff7""},{""x"":0.6944,""y"":0.5426,""tSec"":9.7,""_id"":""69bf2c4724a0f4fafcac9ff8""},{""x"":0.6943,""y"":0.5552,""tSec"":9.7,""_id"":""69bf2c4724a0f4fafcac9ff9""},{""x"":0.6943,""y"":0.5644,""tSec"":9.7,""_id"":""69bf2c4724a0f4fafcac9ffa""},{""x"":0.6935,""y"":0.5893,""tSec"":9.75,""_id"":""69bf2c4724a0f4fafcac9ffb""},{""x"":0.6895,""y"":0.6276,""tSec"":9.8,""_id"":""69bf2c4724a0f4fafcac9ffc""},{""x"":0.6876,""y"":0.6436,""tSec"":9.8,""_id"":""69bf2c4724a0f4fafcac9ffd""},{""x"":0.6858,""y"":0.6579,""tSec"":9.8,""_id"":""69bf2c4724a0f4fafcac9ffe""},{""x"":0.681,""y"":0.6939,""tSec"":9.85,""_id"":""69bf2c4724a0f4fafcac9fff""},{""x"":0.6773,""y"":0.7383,""tSec"":9.9,""_id"":""69bf2c4724a0f4fafcaca000""},{""x"":0.6746,""y"":0.7751,""tSec"":9.95,""_id"":""69bf2c4724a0f4fafcaca001""},{""x"":0.6728,""y"":0.8024,""tSec"":9.95,""_id"":""69bf2c4724a0f4fafcaca002""},{""x"":0.6687,""y"":0.839,""tSec"":10,""_id"":""69bf2c4724a0f4fafcaca003""},{""x"":0.6644,""y"":0.8663,""tSec"":10.05,""_id"":""69bf2c4724a0f4fafcaca004""},{""x"":0.6592,""y"":0.8896,""tSec"":10.05,""_id"":""69bf2c4724a0f4fafcaca005""},{""x"":0.654,""y"":0.9096,""tSec"":10.1,""_id"":""69bf2c4724a0f4fafcaca006""},{""x"":0.6503,""y"":0.9187,""tSec"":10.15,""_id"":""69bf2c4724a0f4fafcaca007""},{""x"":0.6453,""y"":0.9283,""tSec"":10.2,""_id"":""69bf2c4724a0f4fafcaca008""},{""x"":0.6385,""y"":0.9352,""tSec"":10.2,""_id"":""69bf2c4724a0f4fafcaca009""},{""x"":0.624,""y"":0.9407,""tSec"":10.25,""_id"":""69bf2c4724a0f4fafcaca00a""},{""x"":0.6115,""y"":0.9433,""tSec"":10.25,""_id"":""69bf2c4724a0f4fafcaca00b""},{""x"":0.5985,""y"":0.9437,""tSec"":10.3,""_id"":""69bf2c4724a0f4fafcaca00c""},{""x"":0.5808,""y"":0.9418,""tSec"":10.3,""_id"":""69bf2c4724a0f4fafcaca00d""},{""x"":0.5672,""y"":0.9397,""tSec"":10.35,""_id"":""69bf2c4724a0f4fafcaca00e""},{""x"":0.5579,""y"":0.9394,""tSec"":10.4,""_id"":""69bf2c4724a0f4fafcaca00f""},{""x"":0.5583,""y"":0.9508,""tSec"":10.5,""_id"":""69bf2c4724a0f4fafcaca010""},{""x"":0.5638,""y"":0.9579,""tSec"":10.55,""_id"":""69bf2c4724a0f4fafcaca011""},{""x"":0.5812,""y"":0.9683,""tSec"":10.6,""_id"":""69bf2c4724a0f4fafcaca012""},{""x"":0.5971,""y"":0.9733,""tSec"":10.65,""_id"":""69bf2c4724a0f4fafcaca013""},{""x"":0.6052,""y"":0.9778,""tSec"":10.65,""_id"":""69bf2c4724a0f4fafcaca014""}],""shotMarkers"":[],""fingerprint"":""5663b6ad"",""_id"":""69bf2c4724a0f4fafcac9ff4""}",center,5.0,0.0,0.0,0.0,0.0,None,0.0,None,False,ok,66.25,0.0,66.25,0.0,0.0,0.0,0.0,0.0,0.0,,True,31,0.0,0,0.0,0.0,0.0,0.0,0.0,0.0,0.0,0.0,False,red_2,Kinnon,13.525,13.25,7,1.61,0.0,1.35,4.65,3.12,4.13,0.0,0.0,5089,6.75,23.25,15.6,20.65,0.0,66.25,0.0,None,7
"{""totalSec"":163,""autoEndSec"":20,""delayEndSec"":23,""intervals"":[],""_id"":""69bf2c4724a0f4fafcac9ff2""}",0.0,{},center,5.0,0.0,0.0,0.0,0.0,None,0.0,None,False,ok,0.0,0.0,0.0,0.0,0.0,0.0,0.0,0.0,0.0,,False,31,0.0,0,0.0,0.0,0.0,0.0,0.0,0.0,0.0,0.0,True,red_1,Mmasi,0.0,0.0,0,0.0,0.0,0.0,0.0,0.0,0.0,0.0,0.0,867,0.0,0.0,0.0,0.0,0.0,0.0,0.0,None,0
"{""totalSec"":163,""autoEndSec"":20,""delayEndSec"":23,""intervals"":[{""action"":""shoot"",""startSec"":4.8,""endSec"":8.93,""durationSec"":4.13,""_id"":""69bf2e9b24a0f4fafcaca12e""},{""action"":""shoot"",""startSec"":9.05,""endSec"":11.47,""durationSec"":2.42,""_id"":""69bf2e9b24a0f4fafcaca12f""},{""action"":""shoot"",""startSec"":13.95,""endSec"":16.9,""durationSec"":2.95,""_id"":""69bf2e9b24a0f4fafcaca130""},{""action"":""shoot"",""startSec"":17.05,""endSec"":17.57,""durationSec"":0.52,""_id"":""69bf2e9b24a0f4fafcaca131""},{""action"":""pass"",""startSec"":23.05,""endSec"":25.22,""durationSec"":2.17,""_id"":""69bf2e9b24a0f4fafcaca132""},{""action"":""pass"",""startSec"":31.35,""endSec"":32.8,""durationSec"":1.45,""_id"":""69bf2e9b24a0f4fafcaca133""},{""action"":""shoot"",""startSec"":39,""endSec"":39.1,""durationSec"":0.1,""_id"":""69bf2e9b24a0f4fafcaca134""},{""action"":""shoot"",""startSec"":41.35,""endSec"":42.56,""durationSec"":1.21,""_id"":""69bf2e9b24a0f4fafcaca135""},{""action"":""pass"",""startSec"":43.15,""endSec"":49.55,""durationSec"":6.4,""_id"":""69bf2e9b24a0f4fafcaca136""},{""action"":""pass"",""startSec"":50.35,""endSec"":69,""durationSec"":18.65,""_id"":""69bf2e9b24a0f4fafcaca137""},{""action"":""shoot"",""startSec"":82.95,""endSec"":83.2,""durationSec"":0.25,""_id"":""69bf2e9b24a0f4fafcaca138""},{""action"":""shoot"",""startSec"":83.5,""endSec"":97.1,""durationSec"":13.6,""_id"":""69bf2e9b24a0f4fafcaca139""},{""action"":""pass"",""startSec"":97.9,""endSec"":125.45,""durationSec"":27.55,""_id"":""69bf2e9b24a0f4fafcaca13a""},{""action"":""shoot"",""startSec"":133.05,""endSec"":133.12,""durationSec"":0.07,""_id"":""69bf2e9b24a0f4fafcaca13b""},{""action"":""shoot"",""startSec"":134.1,""endSec"":144.75,""durationSec"":10.65,""_id"":""69bf2e9b24a0f4fafcaca13c""},{""action"":""shoot"",""startSec"":146.2,""endSec"":150.3,""durationSec"":4.1,""_id"":""69bf2e9b24a0f4fafcaca13d""},{""action"":""pass"",""startSec"":150.9,""endSec"":157.02,""durationSec"":6.12,""_id"":""69bf2e9b24a0f4fafcaca13e""},{""action"":""shoot"",""startSec"":157,""endSec"":160,""durationSec"":3,""_id"":""69bf2e9b24a0f4fafcaca13f""}],""_id"":""69bf2e9b24a0f4fafcaca12d""}",50.1,"{""alliance"":""red"",""startPosition"":""center"",""points"":[{""x"":0.69,""y"":0.5,""tSec"":0.5,""_id"":""69bf2e9b24a0f4fafcaca0f1""},{""x"":0.673,""y"":0.5234,""tSec"":0.5,""_id"":""69bf2e9b24a0f4fafcaca0f2""},{""x"":0.6649,""y"":0.5215,""tSec"":0.6,""_id"":""69bf2e9b24a0f4fafcaca0f3""},{""x"":0.6578,""y"":0.5145,""tSec"":0.65,""_id"":""69bf2e9b24a0f4fafcaca0f4""},{""x"":0.6501,""y"":0.5118,""tSec"":0.75,""_id"":""69bf2e9b24a0f4fafcaca0f5""},{""x"":0.643,""y"":0.5105,""tSec"":1,""_id"":""69bf2e9b24a0f4fafcaca0f6""},{""x"":0.636,""y"":0.5085,""tSec"":1.3,""_id"":""69bf2e9b24a0f4fafcaca0f7""},{""x"":0.6436,""y"":0.5101,""tSec"":1.9,""_id"":""69bf2e9b24a0f4fafcaca0f8""},{""x"":0.6513,""y"":0.5112,""tSec"":2,""_id"":""69bf2e9b24a0f4fafcaca0f9""},{""x"":0.6584,""y"":0.5114,""tSec"":2.05,""_id"":""69bf2e9b24a0f4fafcaca0fa""},{""x"":0.6846,""y"":0.5104,""tSec"":2.1,""_id"":""69bf2e9b24a0f4fafcaca0fb""},{""x"":0.7,""y"":0.5103,""tSec"":2.1,""_id"":""69bf2e9b24a0f4fafcaca0fc""},{""x"":0.7256,""y"":0.5093,""tSec"":2.1,""_id"":""69bf2e9b24a0f4fafcaca0fd""},{""x"":0.7409,""y"":0.5092,""tSec"":2.15,""_id"":""69bf2e9b24a0f4fafcaca0fe""},{""x"":0.765,""y"":0.5092,""tSec"":2.15,""_id"":""69bf2e9b24a0f4fafcaca0ff""},{""x"":0.784,""y"":0.5102,""tSec"":2.2,""_id"":""69bf2e9b24a0f4fafcaca100""},{""x"":0.8108,""y"":0.5142,""tSec"":2.25,""_id"":""69bf2e9b24a0f4fafcaca101""},{""x"":0.8224,""y"":0.5155,""tSec"":2.3,""_id"":""69bf2e9b24a0f4fafcaca102""},{""x"":0.8285,""y"":0.5119,""tSec"":2.4,""_id"":""69bf2e9b24a0f4fafcaca103""},{""x"":0.8177,""y"":0.5144,""tSec"":11.7,""_id"":""69bf2e9b24a0f4fafcaca104""},{""x"":0.7972,""y"":0.5175,""tSec"":11.8,""_id"":""69bf2e9b24a0f4fafcaca105""},{""x"":0.7894,""y"":0.5188,""tSec"":11.8,""_id"":""69bf2e9b24a0f4fafcaca106""},{""x"":0.7471,""y"":0.5199,""tSec"":11.85,""_id"":""69bf2e9b24a0f4fafcaca107""},{""x"":0.7282,""y"":0.5201,""tSec"":11.9,""_id"":""69bf2e9b24a0f4fafcaca108""},{""x"":0.7036,""y"":0.5201,""tSec"":11.95,""_id"":""69bf2e9b24a0f4fafcaca109""},{""x"":0.6946,""y"":0.5201,""tSec"":11.95,""_id"":""69bf2e9b24a0f4fafcaca10a""},{""x"":0.682,""y"":0.5211,""tSec"":11.95,""_id"":""69bf2e9b24a0f4fafcaca10b""},{""x"":0.6728,""y"":0.5212,""tSec"":12,""_id"":""69bf2e9b24a0f4fafcaca10c""},{""x"":0.7331,""y"":0.5116,""tSec"":12.1,""_id"":""69bf2e9b24a0f4fafcaca10d""},{""x"":0.7572,""y"":0.5086,""tSec"":12.1,""_id"":""69bf2e9b24a0f4fafcaca10e""},{""x"":0.7738,""y"":0.5063,""tSec"":12.1,""_id"":""69bf2e9b24a0f4fafcaca10f""},{""x"":0.805,""y"":0.5031,""tSec"":12.15,""_id"":""69bf2e9b24a0f4fafcaca110""},{""x"":0.8187,""y"":0.5019,""tSec"":12.15,""_id"":""69bf2e9b24a0f4fafcaca111""},{""x"":0.8365,""y"":0.5017,""tSec"":12.15,""_id"":""69bf2e9b24a0f4fafcaca112""},{""x"":0.8508,""y"":0.5017,""tSec"":12.2,""_id"":""69bf2e9b24a0f4fafcaca113""},{""x"":0.8602,""y"":0.5017,""tSec"":12.2,""_id"":""69bf2e9b24a0f4fafcaca114""},{""x"":0.8506,""y"":0.5026,""tSec"":12.5,""_id"":""69bf2e9b24a0f4fafcaca115""},{""x"":0.8387,""y"":0.5037,""tSec"":12.5,""_id"":""69bf2e9b24a0f4fafcaca116""},{""x"":0.8158,""y"":0.5048,""tSec"":12.55,""_id"":""69bf2e9b24a0f4fafcaca117""},{""x"":0.8039,""y"":0.5059,""tSec"":12.55,""_id"":""69bf2e9b24a0f4fafcaca118""},{""x"":0.7871,""y"":0.5079,""tSec"":12.6,""_id"":""69bf2e9b24a0f4fafcaca119""},{""x"":0.779,""y"":0.509,""tSec"":12.65,""_id"":""69bf2e9b24a0f4fafcaca11a""},{""x"":0.7711,""y"":0.5101,""tSec"":12.65,""_id"":""69bf2e9b24a0f4fafcaca11b""},{""x"":0.7564,""y"":0.5122,""tSec"":12.65,""_id"":""69bf2e9b24a0f4fafcaca11c""},{""x"":0.7415,""y"":0.5144,""tSec"":12.7,""_id"":""69bf2e9b24a0f4fafcaca11d""},{""x"":0.7329,""y"":0.5155,""tSec"":12.7,""_id"":""69bf2e9b24a0f4fafcaca11e""},{""x"":0.725,""y"":0.5166,""tSec"":12.7,""_id"":""69bf2e9b24a0f4fafcaca11f""},{""x"":0.7117,""y"":0.5187,""tSec"":12.75,""_id"":""69bf2e9b24a0f4fafcaca120""},{""x"":0.7047,""y"":0.5199,""tSec"":12.75,""_id"":""69bf2e9b24a0f4fafcaca121""},{""x"":0.6955,""y"":0.5219,""tSec"":12.75,""_id"":""69bf2e9b24a0f4fafcaca122""},{""x"":0.6867,""y"":0.5251,""tSec"":12.8,""_id"":""69bf2e9b24a0f4fafcaca123""},{""x"":0.6796,""y"":0.5274,""tSec"":12.85,""_id"":""69bf2e9b24a0f4fafcaca124""},{""x"":0.6726,""y"":0.5285,""tSec"":12.9,""_id"":""69bf2e9b24a0f4fafcaca125""},{""x"":0.6978,""y"":0.5354,""tSec"":12.95,""_id"":""69bf2e9b24a0f4fafcaca126""},{""x"":0.7138,""y"":0.5372,""tSec"":13,""_id"":""69bf2e9b24a0f4fafcaca127""},{""x"":0.7457,""y"":0.5393,""tSec"":13,""_id"":""69bf2e9b24a0f4fafcaca128""},{""x"":0.774,""y"":0.5396,""tSec"":13.05,""_id"":""69bf2e9b24a0f4fafcaca129""},{""x"":0.7973,""y"":0.5396,""tSec"":13.05,""_id"":""69bf2e9b24a0f4fafcaca12a""},{""x"":0.8131,""y"":0.5406,""tSec"":13.1,""_id"":""69bf2e9b24a0f4fafcaca12b""},{""x"":0.8212,""y"":0.5407,""tSec"":13.1,""_id"":""69bf2e9b24a0f4fafcaca12c""}],""shotMarkers"":[],""fingerprint"":""55138d5c"",""_id"":""69bf2e9b24a0f4fafcaca0f0""}",center,5.0,0.0,0.0,0.0,0.0,None,0.0,None,True,ok,215.0,311.7,215.0,0.0,0.0,0.0,0.0,0.0,0.0,,True,32,62.34,6,6.26,0.0,6.12,10.17,18.5,7.6,19.95,0.0,False,red_1,Mmasi,4.9,43.0,12,2.685,10.02,17.82,1.31,0.0,13.85,0.0,0.0,1836,89.1,6.55,0.0,69.25,0.0,164.89999999999998,0.0,None,18
"{""totalSec"":163,""autoEndSec"":20,""delayEndSec"":23,""intervals"":[{""action"":""shoot"",""startSec"":31.53,""endSec"":32.53,""durationSec"":1,""_id"":""69bf2c8724a0f4fafcaca036""},{""action"":""shoot"",""startSec"":57.09,""endSec"":58.19,""durationSec"":1.1,""_id"":""69bf2c8724a0f4fafcaca037""},{""action"":""shoot"",""startSec"":64.91,""endSec"":65.61,""durationSec"":0.7,""_id"":""69bf2c8724a0f4fafcaca038""},{""action"":""shoot"",""startSec"":66.91,""endSec"":68.22,""durationSec"":1.31,""_id"":""69bf2c8724a0f4fafcaca039""},{""action"":""shoot"",""startSec"":110.66,""endSec"":111.16,""durationSec"":0.5,""_id"":""69bf2c8724a0f4fafcaca03a""},{""action"":""shoot"",""startSec"":125.11,""endSec"":127.43,""durationSec"":2.32,""_id"":""69bf2c8724a0f4fafcaca03b""},{""action"":""shoot"",""startSec"":154.51,""endSec"":155.49,""durationSec"":0.98,""_id"":""69bf2c8724a0f4fafcaca03c""}],""_id"":""69bf2c8724a0f4fafcaca035""}",0.0,{},,5.0,0.0,0.0,0.0,0.0,None,0.0,None,False,ok,39.55,0.0,39.55,0.0,0.0,0.0,0.0,0.0,0.0,,True,31,0.0,0,0.0,0.0,0.0,0.0,0.0,0.0,0.0,0.0,False,blue_2,Awishkar,20.005,7.91,7,1.0,0.0,0.98,1.0,3.11,0.0,2.82,0.0,6072,4.9,5.0,15.55,0.0,14.1,39.55,0.0,level1,7
"{""totalSec"":163,""autoEndSec"":20,""delayEndSec"":23,""intervals"":[{""action"":""shoot"",""startSec"":70,""endSec"":76.35,""durationSec"":6.35,""_id"":""69bf2c9c24a0f4fafcaca0d9""},{""action"":""shoot"",""startSec"":80.1,""endSec"":84.61,""durationSec"":4.51,""_id"":""69bf2c9c24a0f4fafcaca0da""},{""action"":""shoot"",""startSec"":108.6,""endSec"":118.3,""durationSec"":9.7,""_id"":""69bf2c9c24a0f4fafcaca0db""},{""action"":""shoot"",""startSec"":127.6,""endSec"":133.07,""durationSec"":5.47,""_id"":""69bf2c9c24a0f4fafcaca0dc""},{""action"":""shoot"",""startSec"":134.1,""endSec"":136.95,""durationSec"":2.85,""_id"":""69bf2c9c24a0f4fafcaca0dd""},{""action"":""shoot"",""startSec"":150.6,""endSec"":154.4,""durationSec"":3.8,""_id"":""69bf2c9c24a0f4fafcaca0de""}],""_id"":""69bf2c9c24a0f4fafcaca0d8""}",0.0,"{""alliance"":""blue"",""startPosition"":""left"",""points"":[{""x"":0.34,""y"":0.67,""tSec"":4.8,""_id"":""69bf2c9c24a0f4fafcaca044""},{""x"":0.3505,""y"":0.6902,""tSec"":9.4,""_id"":""69bf2c9c24a0f4fafcaca045""},{""x"":0.3403,""y"":0.7135,""tSec"":9.55,""_id"":""69bf2c9c24a0f4fafcaca046""},{""x"":0.3383,""y"":0.7238,""tSec"":9.55,""_id"":""69bf2c9c24a0f4fafcaca047""},{""x"":0.3372,""y"":0.7317,""tSec"":9.55,""_id"":""69bf2c9c24a0f4fafcaca048""},{""x"":0.3363,""y"":0.7468,""tSec"":9.55,""_id"":""69bf2c9c24a0f4fafcaca049""},{""x"":0.3355,""y"":0.7562,""tSec"":9.6,""_id"":""69bf2c9c24a0f4fafcaca04a""},{""x"":0.3338,""y"":0.7734,""tSec"":9.6,""_id"":""69bf2c9c24a0f4fafcaca04b""},{""x"":0.3336,""y"":0.783,""tSec"":9.65,""_id"":""69bf2c9c24a0f4fafcaca04c""},{""x"":0.3329,""y"":0.7993,""tSec"":9.65,""_id"":""69bf2c9c24a0f4fafcaca04d""},{""x"":0.332,""y"":0.8088,""tSec"":9.65,""_id"":""69bf2c9c24a0f4fafcaca04e""},{""x"":0.3311,""y"":0.8251,""tSec"":9.7,""_id"":""69bf2c9c24a0f4fafcaca04f""},{""x"":0.331,""y"":0.8336,""tSec"":9.7,""_id"":""69bf2c9c24a0f4fafcaca050""},{""x"":0.331,""y"":0.846,""tSec"":9.7,""_id"":""69bf2c9c24a0f4fafcaca051""},{""x"":0.331,""y"":0.8532,""tSec"":9.75,""_id"":""69bf2c9c24a0f4fafcaca052""},{""x"":0.3318,""y"":0.8645,""tSec"":9.75,""_id"":""69bf2c9c24a0f4fafcaca053""},{""x"":0.335,""y"":0.88,""tSec"":9.8,""_id"":""69bf2c9c24a0f4fafcaca054""},{""x"":0.3399,""y"":0.8942,""tSec"":9.8,""_id"":""69bf2c9c24a0f4fafcaca055""},{""x"":0.3436,""y"":0.9015,""tSec"":9.85,""_id"":""69bf2c9c24a0f4fafcaca056""},{""x"":0.3486,""y"":0.9081,""tSec"":9.85,""_id"":""69bf2c9c24a0f4fafcaca057""},{""x"":0.363,""y"":0.9202,""tSec"":9.9,""_id"":""69bf2c9c24a0f4fafcaca058""},{""x"":0.3709,""y"":0.9264,""tSec"":9.9,""_id"":""69bf2c9c24a0f4fafcaca059""},{""x"":0.3864,""y"":0.9366,""tSec"":9.95,""_id"":""69bf2c9c24a0f4fafcaca05a""},{""x"":0.3959,""y"":0.9416,""tSec"":9.95,""_id"":""69bf2c9c24a0f4fafcaca05b""},{""x"":0.4139,""y"":0.9498,""tSec"":9.95,""_id"":""69bf2c9c24a0f4fafcaca05c""},{""x"":0.4329,""y"":0.9555,""tSec"":10,""_id"":""69bf2c9c24a0f4fafcaca05d""},{""x"":0.4444,""y"":0.9581,""tSec"":10,""_id"":""69bf2c9c24a0f4fafcaca05e""},{""x"":0.4657,""y"":0.9602,""tSec"":10,""_id"":""69bf2c9c24a0f4fafcaca05f""},{""x"":0.4783,""y"":0.9605,""tSec"":10,""_id"":""69bf2c9c24a0f4fafcaca060""},{""x"":0.4982,""y"":0.9587,""tSec"":10.05,""_id"":""69bf2c9c24a0f4fafcaca061""},{""x"":0.5082,""y"":0.9584,""tSec"":10.05,""_id"":""69bf2c9c24a0f4fafcaca062""},{""x"":0.5255,""y"":0.9566,""tSec"":10.1,""_id"":""69bf2c9c24a0f4fafcaca063""},{""x"":0.559,""y"":0.9516,""tSec"":10.15,""_id"":""69bf2c9c24a0f4fafcaca064""},{""x"":0.5922,""y"":0.9453,""tSec"":10.15,""_id"":""69bf2c9c24a0f4fafcaca065""},{""x"":0.61,""y"":0.9427,""tSec"":10.2,""_id"":""69bf2c9c24a0f4fafcaca066""},{""x"":0.6274,""y"":0.9404,""tSec"":10.2,""_id"":""69bf2c9c24a0f4fafcaca067""},{""x"":0.6448,""y"":0.9373,""tSec"":10.25,""_id"":""69bf2c9c24a0f4fafcaca068""},{""x"":0.6699,""y"":0.9322,""tSec"":10.3,""_id"":""69bf2c9c24a0f4fafcaca069""},{""x"":0.6867,""y"":0.9269,""tSec"":10.3,""_id"":""69bf2c9c24a0f4fafcaca06a""},{""x"":0.7025,""y"":0.9206,""tSec"":10.3,""_id"":""69bf2c9c24a0f4fafcaca06b""},{""x"":0.7175,""y"":0.9142,""tSec"":10.35,""_id"":""69bf2c9c24a0f4fafcaca06c""},{""x"":0.7308,""y"":0.9077,""tSec"":10.35,""_id"":""69bf2c9c24a0f4fafcaca06d""},{""x"":0.737,""y"":0.9041,""tSec"":10.4,""_id"":""69bf2c9c24a0f4fafcaca06e""},{""x"":0.7499,""y"":0.8951,""tSec"":10.4,""_id"":""69bf2c9c24a0f4fafcaca06f""},{""x"":0.7592,""y"":0.8856,""tSec"":10.45,""_id"":""69bf2c9c24a0f4fafcaca070""},{""x"":0.7633,""y"":0.8797,""tSec"":10.45,""_id"":""69bf2c9c24a0f4fafcaca071""},{""x"":0.77,""y"":0.8695,""tSec"":10.45,""_id"":""69bf2c9c24a0f4fafcaca072""},{""x"":0.7754,""y"":0.8589,""tSec"":10.5,""_id"":""69bf2c9c24a0f4fafcaca073""},{""x"":0.7791,""y"":0.8482,""tSec"":10.5,""_id"":""69bf2c9c24a0f4fafcaca074""},{""x"":0.7818,""y"":0.8355,""tSec"":10.55,""_id"":""69bf2c9c24a0f4fafcaca075""},{""x"":0.7829,""y"":0.8283,""tSec"":10.55,""_id"":""69bf2c9c24a0f4fafcaca076""},{""x"":0.7854,""y"":0.8123,""tSec"":10.6,""_id"":""69bf2c9c24a0f4fafcaca077""},{""x"":0.788,""y"":0.7962,""tSec"":10.6,""_id"":""69bf2c9c24a0f4fafcaca078""},{""x"":0.7898,""y"":0.7773,""tSec"":10.65,""_id"":""69bf2c9c24a0f4fafcaca079""},{""x"":0.7901,""y"":0.7683,""tSec"":10.65,""_id"":""69bf2c9c24a0f4fafcaca07a""},{""x"":0.7901,""y"":0.755,""tSec"":10.7,""_id"":""69bf2c9c24a0f4fafcaca07b""},{""x"":0.7901,""y"":0.7468,""tSec"":10.7,""_id"":""69bf2c9c24a0f4fafcaca07c""},{""x"":0.7901,""y"":0.7325,""tSec"":10.7,""_id"":""69bf2c9c24a0f4fafcaca07d""},{""x"":0.7901,""y"":0.7242,""tSec"":10.75,""_id"":""69bf2c9c24a0f4fafcaca07e""},{""x"":0.7901,""y"":0.7091,""tSec"":10.75,""_id"":""69bf2c9c24a0f4fafcaca07f""},{""x"":0.7893,""y"":0.7007,""tSec"":10.75,""_id"":""69bf2c9c24a0f4fafcaca080""},{""x"":0.7884,""y"":0.6864,""tSec"":10.8,""_id"":""69bf2c9c24a0f4fafcaca081""},{""x"":0.7883,""y"":0.678,""tSec"":10.8,""_id"":""69bf2c9c24a0f4fafcaca082""},{""x"":0.7876,""y"":0.6629,""tSec"":10.8,""_id"":""69bf2c9c24a0f4fafcaca083""},{""x"":0.7867,""y"":0.6545,""tSec"":10.85,""_id"":""69bf2c9c24a0f4fafcaca084""},{""x"":0.7858,""y"":0.6411,""tSec"":10.85,""_id"":""69bf2c9c24a0f4fafcaca085""},{""x"":0.7849,""y"":0.6329,""tSec"":10.85,""_id"":""69bf2c9c24a0f4fafcaca086""},{""x"":0.7848,""y"":0.6206,""tSec"":10.9,""_id"":""69bf2c9c24a0f4fafcaca087""},{""x"":0.7841,""y"":0.6125,""tSec"":10.9,""_id"":""69bf2c9c24a0f4fafcaca088""},{""x"":0.784,""y"":0.602,""tSec"":10.9,""_id"":""69bf2c9c24a0f4fafcaca089""},{""x"":0.7824,""y"":0.5866,""tSec"":10.95,""_id"":""69bf2c9c24a0f4fafcaca08a""},{""x"":0.7822,""y"":0.5706,""tSec"":11,""_id"":""69bf2c9c24a0f4fafcaca08b""},{""x"":0.7822,""y"":0.5535,""tSec"":11,""_id"":""69bf2c9c24a0f4fafcaca08c""},{""x"":0.7822,""y"":0.5401,""tSec"":11.05,""_id"":""69bf2c9c24a0f4fafcaca08d""},{""x"":0.7815,""y"":0.5309,""tSec"":11.1,""_id"":""69bf2c9c24a0f4fafcaca08e""},{""x"":0.7806,""y"":0.5137,""tSec"":11.15,""_id"":""69bf2c9c24a0f4fafcaca08f""},{""x"":0.7782,""y"":0.5212,""tSec"":11.3,""_id"":""69bf2c9c24a0f4fafcaca090""},{""x"":0.7802,""y"":0.5381,""tSec"":11.4,""_id"":""69bf2c9c24a0f4fafcaca091""},{""x"":0.7813,""y"":0.5506,""tSec"":11.4,""_id"":""69bf2c9c24a0f4fafcaca092""},{""x"":0.7821,""y"":0.5634,""tSec"":11.45,""_id"":""69bf2c9c24a0f4fafcaca093""},{""x"":0.7822,""y"":0.5706,""tSec"":11.45,""_id"":""69bf2c9c24a0f4fafcaca094""},{""x"":0.7822,""y"":0.5828,""tSec"":11.45,""_id"":""69bf2c9c24a0f4fafcaca095""},{""x"":0.7822,""y"":0.5966,""tSec"":11.5,""_id"":""69bf2c9c24a0f4fafcaca096""},{""x"":0.7822,""y"":0.6049,""tSec"":11.5,""_id"":""69bf2c9c24a0f4fafcaca097""},{""x"":0.7822,""y"":0.6182,""tSec"":11.5,""_id"":""69bf2c9c24a0f4fafcaca098""},{""x"":0.7822,""y"":0.631,""tSec"":11.55,""_id"":""69bf2c9c24a0f4fafcaca099""},{""x"":0.7815,""y"":0.6525,""tSec"":11.6,""_id"":""69bf2c9c24a0f4fafcaca09a""},{""x"":0.7798,""y"":0.6749,""tSec"":11.6,""_id"":""69bf2c9c24a0f4fafcaca09b""},{""x"":0.7788,""y"":0.6899,""tSec"":11.65,""_id"":""69bf2c9c24a0f4fafcaca09c""},{""x"":0.778,""y"":0.7106,""tSec"":11.65,""_id"":""69bf2c9c24a0f4fafcaca09d""},{""x"":0.7763,""y"":0.731,""tSec"":11.7,""_id"":""69bf2c9c24a0f4fafcaca09e""},{""x"":0.7746,""y"":0.7477,""tSec"":11.75,""_id"":""69bf2c9c24a0f4fafcaca09f""},{""x"":0.7721,""y"":0.7677,""tSec"":11.8,""_id"":""69bf2c9c24a0f4fafcaca0a0""},{""x"":0.7703,""y"":0.7805,""tSec"":11.8,""_id"":""69bf2c9c24a0f4fafcaca0a1""},{""x"":0.7677,""y"":0.7924,""tSec"":11.85,""_id"":""69bf2c9c24a0f4fafcaca0a2""},{""x"":0.7651,""y"":0.8033,""tSec"":11.85,""_id"":""69bf2c9c24a0f4fafcaca0a3""},{""x"":0.7618,""y"":0.8188,""tSec"":11.9,""_id"":""69bf2c9c24a0f4fafcaca0a4""},{""x"":0.7545,""y"":0.8414,""tSec"":11.95,""_id"":""69bf2c9c24a0f4fafcaca0a5""},{""x"":0.7483,""y"":0.8545,""tSec"":11.95,""_id"":""69bf2c9c24a0f4fafcaca0a6""},{""x"":0.7444,""y"":0.8618,""tSec"":11.95,""_id"":""69bf2c9c24a0f4fafcaca0a7""},{""x"":0.7371,""y"":0.874,""tSec"":12,""_id"":""69bf2c9c24a0f4fafcaca0a8""},{""x"":0.7316,""y"":0.8811,""tSec"":12,""_id"":""69bf2c9c24a0f4fafcaca0a9""},{""x"":0.6872,""y"":0.9094,""tSec"":12.05,""_id"":""69bf2c9c24a0f4fafcaca0aa""},{""x"":0.6673,""y"":0.9194,""tSec"":12.05,""_id"":""69bf2c9c24a0f4fafcaca0ab""},{""x"":0.6236,""y"":0.9348,""tSec"":12.1,""_id"":""69bf2c9c24a0f4fafcaca0ac""},{""x"":0.6007,""y"":0.9404,""tSec"":12.1,""_id"":""69bf2c9c24a0f4fafcaca0ad""},{""x"":0.5772,""y"":0.9439,""tSec"":12.15,""_id"":""69bf2c9c24a0f4fafcaca0ae""},{""x"":0.5591,""y"":0.9481,""tSec"":12.2,""_id"":""69bf2c9c24a0f4fafcaca0af""},{""x"":0.5477,""y"":0.9506,""tSec"":12.2,""_id"":""69bf2c9c24a0f4fafcaca0b0""},{""x"":0.5326,""y"":0.9537,""tSec"":12.25,""_id"":""69bf2c9c24a0f4fafcaca0b1""},{""x"":0.5215,""y"":0.956,""tSec"":12.25,""_id"":""69bf2c9c24a0f4fafcaca0b2""},{""x"":0.5118,""y"":0.9563,""tSec"":12.3,""_id"":""69bf2c9c24a0f4fafcaca0b3""},{""x"":0.5014,""y"":0.9563,""tSec"":12.3,""_id"":""69bf2c9c24a0f4fafcaca0b4""},{""x"":0.4925,""y"":0.9563,""tSec"":12.35,""_id"":""69bf2c9c24a0f4fafcaca0b5""},{""x"":0.4807,""y"":0.9553,""tSec"":12.35,""_id"":""69bf2c9c24a0f4fafcaca0b6""},{""x"":0.4671,""y"":0.9514,""tSec"":12.4,""_id"":""69bf2c9c24a0f4fafcaca0b7""},{""x"":0.4547,""y"":0.9444,""tSec"":12.45,""_id"":""69bf2c9c24a0f4fafcaca0b8""},{""x"":0.4478,""y"":0.9397,""tSec"":12.45,""_id"":""69bf2c9c24a0f4fafcaca0b9""},{""x"":0.4394,""y"":0.9335,""tSec"":12.5,""_id"":""69bf2c9c24a0f4fafcaca0ba""},{""x"":0.4314,""y"":0.9261,""tSec"":12.55,""_id"":""69bf2c9c24a0f4fafcaca0bb""},{""x"":0.4236,""y"":0.9195,""tSec"":12.55,""_id"":""69bf2c9c24a0f4fafcaca0bc""},{""x"":0.4157,""y"":0.9131,""tSec"":12.6,""_id"":""69bf2c9c24a0f4fafcaca0bd""},{""x"":0.4079,""y"":0.9085,""tSec"":12.65,""_id"":""69bf2c9c24a0f4fafcaca0be""},{""x"":0.4001,""y"":0.9032,""tSec"":12.65,""_id"":""69bf2c9c24a0f4fafcaca0bf""},{""x"":0.393,""y"":0.8979,""tSec"":12.7,""_id"":""69bf2c9c24a0f4fafcaca0c0""},{""x"":0.386,""y"":0.8916,""tSec"":12.75,""_id"":""69bf2c9c24a0f4fafcaca0c1""},{""x"":0.3783,""y"":0.8842,""tSec"":12.8,""_id"":""69bf2c9c24a0f4fafcaca0c2""},{""x"":0.3728,""y"":0.8786,""tSec"":12.8,""_id"":""69bf2c9c24a0f4fafcaca0c3""},{""x"":0.3667,""y"":0.8723,""tSec"":12.85,""_id"":""69bf2c9c24a0f4fafcaca0c4""},{""x"":0.3606,""y"":0.8668,""tSec"":12.9,""_id"":""69bf2c9c24a0f4fafcaca0c5""},{""x"":0.3552,""y"":0.8613,""tSec"":12.9,""_id"":""69bf2c9c24a0f4fafcaca0c6""},{""x"":0.3485,""y"":0.8551,""tSec"":13,""_id"":""69bf2c9c24a0f4fafcaca0c7""},{""x"":0.343,""y"":0.8486,""tSec"":13.05,""_id"":""69bf2c9c24a0f4fafcaca0c8""},{""x"":0.3347,""y"":0.8365,""tSec"":13.1,""_id"":""69bf2c9c24a0f4fafcaca0c9""},{""x"":0.3307,""y"":0.8303,""tSec"":13.1,""_id"":""69bf2c9c24a0f4fafcaca0ca""},{""x"":0.3248,""y"":0.8191,""tSec"":13.15,""_id"":""69bf2c9c24a0f4fafcaca0cb""},{""x"":0.3195,""y"":0.8112,""tSec"":13.2,""_id"":""69bf2c9c24a0f4fafcaca0cc""},{""x"":0.3151,""y"":0.8027,""tSec"":13.25,""_id"":""69bf2c9c24a0f4fafcaca0cd""},{""x"":0.3107,""y"":0.797,""tSec"":13.25,""_id"":""69bf2c9c24a0f4fafcaca0ce""},{""x"":0.3063,""y"":0.7906,""tSec"":13.3,""_id"":""69bf2c9c24a0f4fafcaca0cf""},{""x"":0.3028,""y"":0.7842,""tSec"":13.35,""_id"":""69bf2c9c24a0f4fafcaca0d0""},{""x"":0.297,""y"":0.7758,""tSec"":13.4,""_id"":""69bf2c9c24a0f4fafcaca0d1""},{""x"":0.2924,""y"":0.7691,""tSec"":13.4,""_id"":""69bf2c9c24a0f4fafcaca0d2""},{""x"":0.2881,""y"":0.7627,""tSec"":13.45,""_id"":""69bf2c9c24a0f4fafcaca0d3""},{""x"":0.2829,""y"":0.7553,""tSec"":13.5,""_id"":""69bf2c9c24a0f4fafcaca0d4""},{""x"":0.2777,""y"":0.7487,""tSec"":13.6,""_id"":""69bf2c9c24a0f4fafcaca0d5""},{""x"":0.2725,""y"":0.7432,""tSec"":13.7,""_id"":""69bf2c9c24a0f4fafcaca0d6""}],""shotMarkers"":[{""x"":0.2725,""y"":0.7432,""tSec"":14.7,""_id"":""69bf2c9c24a0f4fafcaca0d7""}],""fingerprint"":""2e386ca9"",""_id"":""69bf2c9c24a0f4fafcaca043""}",left,5.0,0.0,0.0,0.0,0.0,None,0.0,some,False,ok,163.4,0.0,163.4,0.0,0.0,0.0,0.0,0.0,0.0,Shoots balls slowly.,True,31,0.0,0,0.0,0.0,0.0,0.0,0.0,0.0,0.0,0.0,False,blue_3,Wesley,16.5,32.68,6,4.99,0.0,6.72,0.0,6.35,4.51,15.1,0.0,1661,33.6,0.0,31.75,22.55,75.5,163.4,0.0,None,6
"{""totalSec"":163,""autoEndSec"":20,""delayEndSec"":23,""intervals"":[{""action"":""shoot"",""startSec"":3.2,""endSec"":3.8,""durationSec"":0.6,""_id"":""69bf2cb224a0f4fafcaca0e7""}],""_id"":""69bf2cb224a0f4fafcaca0e6""}",3.0,"{""alliance"":""blue"",""startPosition"":""center"",""points"":[{""x"":0.34,""y"":0.5,""tSec"":1.05,""_id"":""69bf2cb224a0f4fafcaca0e4""},{""x"":0.3382,""y"":0.493,""tSec"":1.1,""_id"":""69bf2cb224a0f4fafcaca0e5""}],""shotMarkers"":[],""fingerprint"":""562542d3"",""_id"":""69bf2cb224a0f4fafcaca0e3""}",center,5.0,0.0,0.0,0.0,0.0,None,0.0,None,False,rough,3.0,0.0,3.0,0.0,0.0,0.0,0.0,0.0,0.0,Only had one fuel the entire time couldn't grab anymore ,True,31,0.0,0,0.0,0.0,0.0,0.0,0.0,0.0,0.0,0.0,False,blue_1,Kasandra,0.0,0.6,1,0.6,0.6,0.0,0.0,0.0,0.0,0.0,0.0,8898,0.0,0.0,0.0,0.0,0.0,0.0,0.0,None,1
"{""totalSec"":163,""autoEndSec"":20,""delayEndSec"":23,""intervals"":[],""_id"":""69bf2ea124a0f4fafcaca14b""}",0.0,"{""alliance"":""red"",""startPosition"":""right"",""points"":[{""x"":0.69,""y"":0.67,""tSec"":10.45,""_id"":""69bf2ea124a0f4fafcaca149""},{""x"":0.6977,""y"":0.6801,""tSec"":10.45,""_id"":""69bf2ea124a0f4fafcaca14a""}],""shotMarkers"":[],""fingerprint"":""62b9846b"",""_id"":""69bf2ea124a0f4fafcaca148""}",right,5.0,0.0,0.0,0.0,0.0,None,0.0,None,False,ok,0.0,0.0,0.0,0.0,0.0,0.0,0.0,0.0,0.0,,False,32,0.0,0,0.0,0.0,0.0,0.0,0.0,0.0,0.0,0.0,False,red_3,Bradley,0.0,0.0,0,0.0,0.0,0.0,0.0,0.0,0.0,0.0,0.0,5835,0.0,0.0,0.0,0.0,0.0,0.0,0.0,None,0
"{""totalSec"":163,""autoEndSec"":20,""delayEndSec"":23,""intervals"":[],""_id"":""69bf2ea224a0f4fafcaca166""}",0.0,"{""alliance"":""red"",""startPosition"":""center"",""points"":[{""x"":0.69,""y"":0.5,""tSec"":1,""_id"":""69bf2ea224a0f4fafcaca152""},{""x"":0.6761,""y"":0.5282,""tSec"":1,""_id"":""69bf2ea224a0f4fafcaca153""},{""x"":0.6729,""y"":0.4982,""tSec"":1.15,""_id"":""69bf2ea224a0f4fafcaca154""},{""x"":0.674,""y"":0.4879,""tSec"":1.15,""_id"":""69bf2ea224a0f4fafcaca155""},{""x"":0.6811,""y"":0.4648,""tSec"":1.15,""_id"":""69bf2ea224a0f4fafcaca156""},{""x"":0.7072,""y"":0.3847,""tSec"":1.2,""_id"":""69bf2ea224a0f4fafcaca157""},{""x"":0.7211,""y"":0.3189,""tSec"":1.25,""_id"":""69bf2ea224a0f4fafcaca158""},{""x"":0.722,""y"":0.2938,""tSec"":1.3,""_id"":""69bf2ea224a0f4fafcaca159""},{""x"":0.7206,""y"":0.2832,""tSec"":1.3,""_id"":""69bf2ea224a0f4fafcaca15a""},{""x"":0.7151,""y"":0.2685,""tSec"":1.3,""_id"":""69bf2ea224a0f4fafcaca15b""},{""x"":0.7021,""y"":0.2486,""tSec"":1.35,""_id"":""69bf2ea224a0f4fafcaca15c""},{""x"":0.686,""y"":0.2272,""tSec"":1.4,""_id"":""69bf2ea224a0f4fafcaca15d""},{""x"":0.6665,""y"":0.2056,""tSec"":1.45,""_id"":""69bf2ea224a0f4fafcaca15e""},{""x"":0.6588,""y"":0.1953,""tSec"":1.45,""_id"":""69bf2ea224a0f4fafcaca15f""},{""x"":0.6478,""y"":0.1751,""tSec"":1.5,""_id"":""69bf2ea224a0f4fafcaca160""},{""x"":0.6396,""y"":0.1602,""tSec"":1.5,""_id"":""69bf2ea224a0f4fafcaca161""},{""x"":0.6341,""y"":0.1527,""tSec"":1.55,""_id"":""69bf2ea224a0f4fafcaca162""},{""x"":0.6227,""y"":0.1413,""tSec"":1.55,""_id"":""69bf2ea224a0f4fafcaca163""},{""x"":0.6098,""y"":0.1276,""tSec"":1.6,""_id"":""69bf2ea224a0f4fafcaca164""},{""x"":0.6044,""y"":0.1202,""tSec"":1.65,""_id"":""69bf2ea224a0f4fafcaca165""}],""shotMarkers"":[],""fingerprint"":""7636003f"",""_id"":""69bf2ea224a0f4fafcaca151""}",center,5.0,0.0,0.0,0.0,0.0,None,0.0,None,False,ok,0.0,0.0,0.0,0.0,0.0,0.0,0.0,0.0,0.0,,False,32,0.0,0,0.0,0.0,0.0,0.0,0.0,0.0,0.0,0.0,False,red_2,Kinnon,0.0,0.0,0,0.0,0.0,0.0,0.0,0.0,0.0,0.0,0.0,5857,0.0,0.0,0.0,0.0,0.0,0.0,0.0,None,0
"{""totalSec"":163,""autoEndSec"":20,""delayEndSec"":23,""intervals"":[{""action"":""shoot"",""startSec"":81.75,""endSec"":82.3,""durationSec"":0.55,""_id"":""69bf2eb424a0f4fafcaca179""}],""_id"":""69bf2eb424a0f4fafcaca178""}",0.0,"{""alliance"":""blue"",""startPosition"":""center"",""points"":[{""x"":0.34,""y"":0.5,""tSec"":2.8,""_id"":""69bf2eb424a0f4fafcaca16f""},{""x"":0.3306,""y"":0.4987,""tSec"":3.05,""_id"":""69bf2eb424a0f4fafcaca170""},{""x"":0.3225,""y"":0.4967,""tSec"":3.15,""_id"":""69bf2eb424a0f4fafcaca171""},{""x"":0.3155,""y"":0.4964,""tSec"":3.25,""_id"":""69bf2eb424a0f4fafcaca172""},{""x"":0.3085,""y"":0.4964,""tSec"":3.45,""_id"":""69bf2eb424a0f4fafcaca173""},{""x"":0.3015,""y"":0.4954,""tSec"":3.65,""_id"":""69bf2eb424a0f4fafcaca174""},{""x"":0.2945,""y"":0.4935,""tSec"":3.95,""_id"":""69bf2eb424a0f4fafcaca175""},{""x"":0.2875,""y"":0.4923,""tSec"":4.25,""_id"":""69bf2eb424a0f4fafcaca176""},{""x"":0.2775,""y"":0.4883,""tSec"":4.5,""_id"":""69bf2eb424a0f4fafcaca177""}],""shotMarkers"":[],""fingerprint"":""47bbbaed"",""_id"":""69bf2eb424a0f4fafcaca16e""}",center,5.0,0.0,0.0,0.0,0.0,None,0.0,None,False,ok,2.75,0.0,2.75,0.0,0.0,0.0,0.0,0.0,0.0,Pushbot,True,32,0.0,0,0.0,0.0,0.0,0.0,0.0,0.0,0.0,0.0,False,blue_2,Awishkar,0.0,0.55,1,0.55,0.0,0.0,0.0,0.0,0.55,0.0,0.0,4964,0.0,0.0,0.0,2.75,0.0,2.75,0.0,None,1
"{""totalSec"":163,""autoEndSec"":20,""delayEndSec"":23,""intervals"":[{""action"":""shoot"",""startSec"":73.74,""endSec"":74.49,""durationSec"":0.75,""_id"":""69bf2ed824a0f4fafcaca180""},{""action"":""shoot"",""startSec"":81.24,""endSec"":81.79,""durationSec"":0.55,""_id"":""69bf2ed824a0f4fafcaca181""},{""action"":""shoot"",""startSec"":86.09,""endSec"":88.3,""durationSec"":2.21,""_id"":""69bf2ed824a0f4fafcaca182""},{""action"":""shoot"",""startSec"":107.84,""endSec"":113.2,""durationSec"":5.36,""_id"":""69bf2ed824a0f4fafcaca183""},{""action"":""shoot"",""startSec"":123.24,""endSec"":126.29,""durationSec"":3.05,""_id"":""69bf2ed824a0f4fafcaca184""},{""action"":""shoot"",""startSec"":128.04,""endSec"":128.44,""durationSec"":0.4,""_id"":""69bf2ed824a0f4fafcaca185""},{""action"":""shoot"",""startSec"":130.84,""endSec"":131.44,""durationSec"":0.6,""_id"":""69bf2ed824a0f4fafcaca186""},{""action"":""shoot"",""startSec"":133.44,""endSec"":137.07,""durationSec"":3.63,""_id"":""69bf2ed824a0f4fafcaca187""}],""_id"":""69bf2ed824a0f4fafcaca17f""}",0.0,{},,5.0,0.0,0.0,0.0,0.0,None,0.0,None,False,ok,82.75,0.0,82.75,0.0,0.0,0.0,0.0,0.0,0.0,"I lost my robot for the entire first half of the match so there's not much data, sorry.",True,32,0.0,0,0.0,0.0,0.0,0.0,0.0,0.0,0.0,0.0,False,blue_3,Wesley,4.85,16.55,8,1.48,0.0,3.63,0.0,0.75,2.76,9.41,0.0,4123,18.15,0.0,3.75,13.8,47.05,82.75,0.0,None,8
"{""totalSec"":163,""autoEndSec"":20,""delayEndSec"":23,""intervals"":[{""action"":""shoot"",""startSec"":7.73,""endSec"":8.39,""durationSec"":0.66,""_id"":""69bf2eee24a0f4fafcaca192""},{""action"":""shoot"",""startSec"":11.4,""endSec"":12.13,""durationSec"":0.73,""_id"":""69bf2eee24a0f4fafcaca193""}],""_id"":""69bf2eee24a0f4fafcaca191""}",6.95,"{""alliance"":""blue"",""startPosition"":""left"",""points"":[{""x"":0.34,""y"":0.67,""tSec"":0.4,""_id"":""69bf2eee24a0f4fafcaca18f""},{""x"":0.3513,""y"":0.6704,""tSec"":0.4,""_id"":""69bf2eee24a0f4fafcaca190""}],""shotMarkers"":[],""fingerprint"":""fe19cb72"",""_id"":""69bf2eee24a0f4fafcaca18e""}",left,5.0,0.0,0.0,0.0,0.0,None,0.0,None,False,ok,6.95,0.0,6.95,0.0,0.0,0.0,0.0,0.0,0.0,,True,32,0.0,0,0.0,0.0,0.0,0.0,0.0,0.0,0.0,0.0,False,blue_1,Kasandra,3.67,1.39,2,0.695,1.39,0.0,0.0,0.0,0.0,0.0,0.0,1197,0.0,0.0,0.0,0.0,0.0,0.0,0.0,None,2
"{""totalSec"":163,""autoEndSec"":20,""delayEndSec"":23,""intervals"":[{""action"":""shoot"",""startSec"":3,""endSec"":3.16,""durationSec"":0.16,""_id"":""69bf310d24a0f4fafcaca3a3""},{""action"":""shoot"",""startSec"":4.7,""endSec"":5.15,""durationSec"":0.45,""_id"":""69bf310d24a0f4fafcaca3a4""},{""action"":""shoot"",""startSec"":5.25,""endSec"":5.35,""durationSec"":0.1,""_id"":""69bf310d24a0f4fafcaca3a5""},{""action"":""shoot"",""startSec"":15.9,""endSec"":16.26,""durationSec"":0.36,""_id"":""69bf310d24a0f4fafcaca3a6""},{""action"":""shoot"",""startSec"":16.35,""endSec"":16.9,""durationSec"":0.55,""_id"":""69bf310d24a0f4fafcaca3a7""},{""action"":""shoot"",""startSec"":17,""endSec"":17.1,""durationSec"":0.1,""_id"":""69bf310d24a0f4fafcaca3a8""},{""action"":""shoot"",""startSec"":38.2,""endSec"":40.05,""durationSec"":1.85,""_id"":""69bf310d24a0f4fafcaca3a9""},{""action"":""shoot"",""startSec"":53.85,""endSec"":56.75,""durationSec"":2.9,""_id"":""69bf310d24a0f4fafcaca3aa""},{""action"":""shoot"",""startSec"":59.95,""endSec"":61.62,""durationSec"":1.67,""_id"":""69bf310d24a0f4fafcaca3ab""},{""action"":""shoot"",""startSec"":72.85,""endSec"":72.95,""durationSec"":0.1,""_id"":""69bf310d24a0f4fafcaca3ac""},{""action"":""shoot"",""startSec"":93.15,""endSec"":93.86,""durationSec"":0.71,""_id"":""69bf310d24a0f4fafcaca3ad""},{""action"":""shoot"",""startSec"":93.95,""endSec"":95.05,""durationSec"":1.1,""_id"":""69bf310d24a0f4fafcaca3ae""},{""action"":""shoot"",""startSec"":95.4,""endSec"":96.25,""durationSec"":0.85,""_id"":""69bf310d24a0f4fafcaca3af""},{""action"":""shoot"",""startSec"":97.35,""endSec"":98.01,""durationSec"":0.66,""_id"":""69bf310d24a0f4fafcaca3b0""},{""action"":""shoot"",""startSec"":102.4,""endSec"":103.81,""durationSec"":1.41,""_id"":""69bf310d24a0f4fafcaca3b1""},{""action"":""shoot"",""startSec"":108.75,""endSec"":109.11,""durationSec"":0.36,""_id"":""69bf310d24a0f4fafcaca3b2""},{""action"":""shoot"",""startSec"":109.2,""endSec"":109.3,""durationSec"":0.1,""_id"":""69bf310d24a0f4fafcaca3b3""},{""action"":""shoot"",""startSec"":109.4,""endSec"":109.5,""durationSec"":0.1,""_id"":""69bf310d24a0f4fafcaca3b4""},{""action"":""shoot"",""startSec"":109.6,""endSec"":109.7,""durationSec"":0.1,""_id"":""69bf310d24a0f4fafcaca3b5""},{""action"":""shoot"",""startSec"":109.8,""endSec"":109.9,""durationSec"":0.1,""_id"":""69bf310d24a0f4fafcaca3b6""},{""action"":""shoot"",""startSec"":110.6,""endSec"":110.85,""durationSec"":0.25,""_id"":""69bf310d24a0f4fafcaca3b7""},{""action"":""shoot"",""startSec"":143.1,""endSec"":143.6,""durationSec"":0.5,""_id"":""69bf310d24a0f4fafcaca3b8""},{""action"":""shoot"",""startSec"":145.9,""endSec"":146.8,""durationSec"":0.9,""_id"":""69bf310d24a0f4fafcaca3b9""},{""action"":""shoot"",""startSec"":147.1,""endSec"":147.35,""durationSec"":0.25,""_id"":""69bf310d24a0f4fafcaca3ba""},{""action"":""shoot"",""startSec"":147.45,""endSec"":147.55,""durationSec"":0.1,""_id"":""69bf310d24a0f4fafcaca3bb""},{""action"":""shoot"",""startSec"":157,""endSec"":157.06,""durationSec"":0.06,""_id"":""69bf310d24a0f4fafcaca3bc""},{""action"":""shoot"",""startSec"":157.15,""endSec"":157.25,""durationSec"":0.1,""_id"":""69bf310d24a0f4fafcaca3bd""},{""action"":""shoot"",""startSec"":157.35,""endSec"":157.6,""durationSec"":0.25,""_id"":""69bf310d24a0f4fafcaca3be""},{""action"":""shoot"",""startSec"":158.95,""endSec"":159.05,""durationSec"":0.1,""_id"":""69bf310d24a0f4fafcaca3bf""}],""_id"":""69bf310d24a0f4fafcaca3a2""}",8.6,"{""alliance"":""blue"",""startPosition"":""left"",""points"":[{""x"":0.34,""y"":0.67,""tSec"":1.45,""_id"":""69bf310d24a0f4fafcaca333""},{""x"":0.3581,""y"":0.677,""tSec"":1.45,""_id"":""69bf310d24a0f4fafcaca334""},{""x"":0.3634,""y"":0.6599,""tSec"":11.05,""_id"":""69bf310d24a0f4fafcaca335""},{""x"":0.3617,""y"":0.6701,""tSec"":11.1,""_id"":""69bf310d24a0f4fafcaca336""},{""x"":0.3584,""y"":0.6874,""tSec"":11.1,""_id"":""69bf310d24a0f4fafcaca337""},{""x"":0.3543,""y"":0.7084,""tSec"":11.1,""_id"":""69bf310d24a0f4fafcaca338""},{""x"":0.3384,""y"":0.7658,""tSec"":11.15,""_id"":""69bf310d24a0f4fafcaca339""},{""x"":0.3166,""y"":0.8265,""tSec"":11.25,""_id"":""69bf310d24a0f4fafcaca33a""},{""x"":0.3132,""y"":0.8348,""tSec"":11.25,""_id"":""69bf310d24a0f4fafcaca33b""},{""x"":0.3105,""y"":0.8415,""tSec"":11.3,""_id"":""69bf310d24a0f4fafcaca33c""},{""x"":0.3124,""y"":0.8517,""tSec"":11.35,""_id"":""69bf310d24a0f4fafcaca33d""},{""x"":0.3165,""y"":0.8623,""tSec"":11.35,""_id"":""69bf310d24a0f4fafcaca33e""},{""x"":0.3216,""y"":0.8779,""tSec"":11.4,""_id"":""69bf310d24a0f4fafcaca33f""},{""x"":0.3245,""y"":0.8873,""tSec"":11.4,""_id"":""69bf310d24a0f4fafcaca340""},{""x"":0.3271,""y"":0.895,""tSec"":11.4,""_id"":""69bf310d24a0f4fafcaca341""},{""x"":0.3336,""y"":0.912,""tSec"":11.45,""_id"":""69bf310d24a0f4fafcaca342""},{""x"":0.3359,""y"":0.9207,""tSec"":11.45,""_id"":""69bf310d24a0f4fafcaca343""},{""x"":0.3438,""y"":0.9255,""tSec"":11.5,""_id"":""69bf310d24a0f4fafcaca344""},{""x"":0.3555,""y"":0.927,""tSec"":11.55,""_id"":""69bf310d24a0f4fafcaca345""},{""x"":0.3631,""y"":0.9272,""tSec"":11.55,""_id"":""69bf310d24a0f4fafcaca346""},{""x"":0.3762,""y"":0.9282,""tSec"":11.55,""_id"":""69bf310d24a0f4fafcaca347""},{""x"":0.3847,""y"":0.9302,""tSec"":11.6,""_id"":""69bf310d24a0f4fafcaca348""},{""x"":0.4034,""y"":0.9323,""tSec"":11.6,""_id"":""69bf310d24a0f4fafcaca349""},{""x"":0.4163,""y"":0.9335,""tSec"":11.6,""_id"":""69bf310d24a0f4fafcaca34a""},{""x"":0.4409,""y"":0.9346,""tSec"":11.65,""_id"":""69bf310d24a0f4fafcaca34b""},{""x"":0.4553,""y"":0.9348,""tSec"":11.65,""_id"":""69bf310d24a0f4fafcaca34c""},{""x"":0.4762,""y"":0.9329,""tSec"":11.65,""_id"":""69bf310d24a0f4fafcaca34d""},{""x"":0.4864,""y"":0.9317,""tSec"":11.7,""_id"":""69bf310d24a0f4fafcaca34e""},{""x"":0.5022,""y"":0.9297,""tSec"":11.7,""_id"":""69bf310d24a0f4fafcaca34f""},{""x"":0.5172,""y"":0.9247,""tSec"":11.7,""_id"":""69bf310d24a0f4fafcaca350""},{""x"":0.5304,""y"":0.9175,""tSec"":11.75,""_id"":""69bf310d24a0f4fafcaca351""},{""x"":0.5374,""y"":0.9128,""tSec"":11.75,""_id"":""69bf310d24a0f4fafcaca352""},{""x"":0.5474,""y"":0.9047,""tSec"":11.8,""_id"":""69bf310d24a0f4fafcaca353""},{""x"":0.5563,""y"":0.8943,""tSec"":11.8,""_id"":""69bf310d24a0f4fafcaca354""},{""x"":0.5611,""y"":0.8883,""tSec"":11.8,""_id"":""69bf310d24a0f4fafcaca355""},{""x"":0.5695,""y"":0.8772,""tSec"":11.85,""_id"":""69bf310d24a0f4fafcaca356""},{""x"":0.5758,""y"":0.8702,""tSec"":11.85,""_id"":""69bf310d24a0f4fafcaca357""},{""x"":0.588,""y"":0.858,""tSec"":11.9,""_id"":""69bf310d24a0f4fafcaca358""},{""x"":0.5949,""y"":0.8518,""tSec"":11.9,""_id"":""69bf310d24a0f4fafcaca359""},{""x"":0.6019,""y"":0.8454,""tSec"":11.9,""_id"":""69bf310d24a0f4fafcaca35a""},{""x"":0.6149,""y"":0.8333,""tSec"":11.9,""_id"":""69bf310d24a0f4fafcaca35b""},{""x"":0.6226,""y"":0.8262,""tSec"":11.95,""_id"":""69bf310d24a0f4fafcaca35c""},{""x"":0.6343,""y"":0.8158,""tSec"":11.95,""_id"":""69bf310d24a0f4fafcaca35d""},{""x"":0.6411,""y"":0.808,""tSec"":12,""_id"":""69bf310d24a0f4fafcaca35e""},{""x"":0.645,""y"":0.8004,""tSec"":12,""_id"":""69bf310d24a0f4fafcaca35f""},{""x"":0.6492,""y"":0.792,""tSec"":12.1,""_id"":""69bf310d24a0f4fafcaca360""},{""x"":0.6574,""y"":0.7928,""tSec"":12.1,""_id"":""69bf310d24a0f4fafcaca361""},{""x"":0.6645,""y"":0.7958,""tSec"":12.2,""_id"":""69bf310d24a0f4fafcaca362""},{""x"":0.6631,""y"":0.8075,""tSec"":12.25,""_id"":""69bf310d24a0f4fafcaca363""},{""x"":0.6583,""y"":0.8164,""tSec"":12.3,""_id"":""69bf310d24a0f4fafcaca364""},{""x"":0.6539,""y"":0.825,""tSec"":12.3,""_id"":""69bf310d24a0f4fafcaca365""},{""x"":0.6496,""y"":0.8308,""tSec"":12.35,""_id"":""69bf310d24a0f4fafcaca366""},{""x"":0.6429,""y"":0.8334,""tSec"":12.4,""_id"":""69bf310d24a0f4fafcaca367""},{""x"":0.6345,""y"":0.8318,""tSec"":12.45,""_id"":""69bf310d24a0f4fafcaca368""},{""x"":0.6312,""y"":0.825,""tSec"":12.5,""_id"":""69bf310d24a0f4fafcaca369""},{""x"":0.6323,""y"":0.8157,""tSec"":12.55,""_id"":""69bf310d24a0f4fafcaca36a""},{""x"":0.6378,""y"":0.8061,""tSec"":12.55,""_id"":""69bf310d24a0f4fafcaca36b""},{""x"":0.6415,""y"":0.7983,""tSec"":12.6,""_id"":""69bf310d24a0f4fafcaca36c""},{""x"":0.6465,""y"":0.7898,""tSec"":12.6,""_id"":""69bf310d24a0f4fafcaca36d""},{""x"":0.651,""y"":0.7803,""tSec"":12.65,""_id"":""69bf310d24a0f4fafcaca36e""},{""x"":0.6546,""y"":0.7734,""tSec"":12.65,""_id"":""69bf310d24a0f4fafcaca36f""},{""x"":0.658,""y"":0.767,""tSec"":12.7,""_id"":""69bf310d24a0f4fafcaca370""},{""x"":0.6623,""y"":0.7605,""tSec"":12.7,""_id"":""69bf310d24a0f4fafcaca371""},{""x"":0.6659,""y"":0.7521,""tSec"":12.75,""_id"":""69bf310d24a0f4fafcaca372""},{""x"":0.6686,""y"":0.7455,""tSec"":12.8,""_id"":""69bf310d24a0f4fafcaca373""},{""x"":0.6743,""y"":0.7371,""tSec"":12.85,""_id"":""69bf310d24a0f4fafcaca374""},{""x"":0.6804,""y"":0.7314,""tSec"":12.9,""_id"":""69bf310d24a0f4fafcaca375""},{""x"":0.688,""y"":0.7326,""tSec"":13,""_id"":""69bf310d24a0f4fafcaca376""},{""x"":0.6858,""y"":0.7422,""tSec"":13.1,""_id"":""69bf310d24a0f4fafcaca377""},{""x"":0.6725,""y"":0.7566,""tSec"":13.1,""_id"":""69bf310d24a0f4fafcaca378""},{""x"":0.6641,""y"":0.7658,""tSec"":13.15,""_id"":""69bf310d24a0f4fafcaca379""},{""x"":0.6447,""y"":0.7888,""tSec"":13.15,""_id"":""69bf310d24a0f4fafcaca37a""},{""x"":0.6316,""y"":0.8057,""tSec"":13.15,""_id"":""69bf310d24a0f4fafcaca37b""},{""x"":0.6047,""y"":0.838,""tSec"":13.2,""_id"":""69bf310d24a0f4fafcaca37c""},{""x"":0.5731,""y"":0.875,""tSec"":13.2,""_id"":""69bf310d24a0f4fafcaca37d""},{""x"":0.5425,""y"":0.9077,""tSec"":13.2,""_id"":""69bf310d24a0f4fafcaca37e""},{""x"":0.5158,""y"":0.9306,""tSec"":13.25,""_id"":""69bf310d24a0f4fafcaca37f""},{""x"":0.4866,""y"":0.9437,""tSec"":13.3,""_id"":""69bf310d24a0f4fafcaca380""},{""x"":0.4761,""y"":0.9453,""tSec"":13.3,""_id"":""69bf310d24a0f4fafcaca381""},{""x"":0.4641,""y"":0.9445,""tSec"":13.3,""_id"":""69bf310d24a0f4fafcaca382""},{""x"":0.4543,""y"":0.9426,""tSec"":13.35,""_id"":""69bf310d24a0f4fafcaca383""},{""x"":0.4455,""y"":0.9386,""tSec"":13.35,""_id"":""69bf310d24a0f4fafcaca384""},{""x"":0.4337,""y"":0.9333,""tSec"":13.4,""_id"":""69bf310d24a0f4fafcaca385""},{""x"":0.4269,""y"":0.9299,""tSec"":13.4,""_id"":""69bf310d24a0f4fafcaca386""},{""x"":0.4154,""y"":0.9247,""tSec"":13.4,""_id"":""69bf310d24a0f4fafcaca387""},{""x"":0.4086,""y"":0.9213,""tSec"":13.45,""_id"":""69bf310d24a0f4fafcaca388""},{""x"":0.3924,""y"":0.9151,""tSec"":13.45,""_id"":""69bf310d24a0f4fafcaca389""},{""x"":0.3851,""y"":0.9116,""tSec"":13.5,""_id"":""69bf310d24a0f4fafcaca38a""},{""x"":0.3736,""y"":0.9055,""tSec"":13.5,""_id"":""69bf310d24a0f4fafcaca38b""},{""x"":0.3668,""y"":0.901,""tSec"":13.5,""_id"":""69bf310d24a0f4fafcaca38c""},{""x"":0.3553,""y"":0.8929,""tSec"":13.55,""_id"":""69bf310d24a0f4fafcaca38d""},{""x"":0.3432,""y"":0.8834,""tSec"":13.55,""_id"":""69bf310d24a0f4fafcaca38e""},{""x"":0.3363,""y"":0.8766,""tSec"":13.6,""_id"":""69bf310d24a0f4fafcaca38f""},{""x"":0.3316,""y"":0.8691,""tSec"":13.65,""_id"":""69bf310d24a0f4fafcaca390""},{""x"":0.3265,""y"":0.8626,""tSec"":13.7,""_id"":""69bf310d24a0f4fafcaca391""},{""x"":0.322,""y"":0.8571,""tSec"":13.75,""_id"":""69bf310d24a0f4fafcaca392""},{""x"":0.3138,""y"":0.8498,""tSec"":13.8,""_id"":""69bf310d24a0f4fafcaca393""},{""x"":0.309,""y"":0.8442,""tSec"":13.85,""_id"":""69bf310d24a0f4fafcaca394""},{""x"":0.3038,""y"":0.8369,""tSec"":13.85,""_id"":""69bf310d24a0f4fafcaca395""},{""x"":0.3002,""y"":0.8285,""tSec"":13.9,""_id"":""69bf310d24a0f4fafcaca396""},{""x"":0.2974,""y"":0.8208,""tSec"":13.95,""_id"":""69bf310d24a0f4fafcaca397""},{""x"":0.2948,""y"":0.8133,""tSec"":13.95,""_id"":""69bf310d24a0f4fafcaca398""},{""x"":0.2914,""y"":0.8049,""tSec"":14,""_id"":""69bf310d24a0f4fafcaca399""},{""x"":0.2864,""y"":0.7953,""tSec"":14.05,""_id"":""69bf310d24a0f4fafcaca39a""},{""x"":0.2812,""y"":0.7856,""tSec"":14.05,""_id"":""69bf310d24a0f4fafcaca39b""},{""x"":0.2752,""y"":0.7769,""tSec"":14.1,""_id"":""69bf310d24a0f4fafcaca39c""},{""x"":0.2706,""y"":0.7712,""tSec"":14.15,""_id"":""69bf310d24a0f4fafcaca39d""},{""x"":0.2655,""y"":0.7629,""tSec"":14.15,""_id"":""69bf310d24a0f4fafcaca39e""},{""x"":0.2611,""y"":0.7553,""tSec"":14.2,""_id"":""69bf310d24a0f4fafcaca39f""},{""x"":0.2582,""y"":0.7477,""tSec"":14.25,""_id"":""69bf310d24a0f4fafcaca3a0""},{""x"":0.2564,""y"":0.7374,""tSec"":14.3,""_id"":""69bf310d24a0f4fafcaca3a1""}],""shotMarkers"":[],""fingerprint"":""cf214681"",""_id"":""69bf310d24a0f4fafcaca332""}",left,5.0,0.0,0.0,0.0,0.0,None,0.0,None,True,good,81.2,0.0,81.2,0.0,0.0,0.0,0.0,0.0,0.0,,True,33,0.0,0,0.0,0.0,0.0,0.0,0.0,0.0,0.0,0.0,False,blue_1,Kasandra,1.525,16.24,29,0.25,1.72,2.26,1.85,4.67,4.73,1.01,0.0,4415,11.3,9.25,23.35,23.65,5.05,72.6,0.0,None,29
"{""totalSec"":163,""autoEndSec"":20,""delayEndSec"":23,""intervals"":[{""action"":""shoot"",""startSec"":5.75,""endSec"":6.52,""durationSec"":0.77,""_id"":""69bf2eee24a0f4fafcaca1b2""},{""action"":""shoot"",""startSec"":29.77,""endSec"":30.43,""durationSec"":0.66,""_id"":""69bf2eee24a0f4fafcaca1b3""},{""action"":""shoot"",""startSec"":33.62,""endSec"":34.72,""durationSec"":1.1,""_id"":""69bf2eee24a0f4fafcaca1b4""},{""action"":""shoot"",""startSec"":37.62,""endSec"":40.57,""durationSec"":2.95,""_id"":""69bf2eee24a0f4fafcaca1b5""}],""_id"":""69bf2eee24a0f4fafcaca1b1""}",3.85,"{""alliance"":""blue"",""startPosition"":""left"",""points"":[{""x"":0.34,""y"":0.67,""tSec"":1.75,""_id"":""69bf2eee24a0f4fafcaca1a8""},{""x"":0.3413,""y"":0.6779,""tSec"":1.75,""_id"":""69bf2eee24a0f4fafcaca1a9""},{""x"":0.3277,""y"":0.6808,""tSec"":3.75,""_id"":""69bf2eee24a0f4fafcaca1aa""},{""x"":0.336,""y"":0.6963,""tSec"":3.85,""_id"":""69bf2eee24a0f4fafcaca1ab""},{""x"":0.3347,""y"":0.7113,""tSec"":3.85,""_id"":""69bf2eee24a0f4fafcaca1ac""},{""x"":0.3199,""y"":0.7454,""tSec"":3.85,""_id"":""69bf2eee24a0f4fafcaca1ad""},{""x"":0.3105,""y"":0.7626,""tSec"":3.9,""_id"":""69bf2eee24a0f4fafcaca1ae""},{""x"":0.2994,""y"":0.7798,""tSec"":3.9,""_id"":""69bf2eee24a0f4fafcaca1af""},{""x"":0.2927,""y"":0.7847,""tSec"":3.95,""_id"":""69bf2eee24a0f4fafcaca1b0""}],""shotMarkers"":[],""fingerprint"":""ac26b888"",""_id"":""69bf2eee24a0f4fafcaca1a7""}",left,5.0,0.0,0.0,0.0,0.0,mechanism,0.0,None,False,ok,27.4,0.0,27.4,0.0,0.0,0.0,0.0,0.0,0.0,Stopped moving,True,34,0.0,0,0.0,0.0,0.0,0.0,0.0,0.0,0.0,0.0,False,blue_1,Kasandra,4.0,5.48,4,0.935,0.77,0.0,4.71,0.0,0.0,0.0,0.0,597,0.0,23.55,0.0,0.0,0.0,23.55,0.0,None,4
"{""totalSec"":163,""autoEndSec"":20,""delayEndSec"":23,""intervals"":[],""_id"":""69bf306224a0f4fafcaca1c3""}",0.0,{},center,5.0,0.0,0.0,0.0,0.0,None,0.0,None,False,ok,0.0,0.0,0.0,0.0,0.0,0.0,0.0,0.0,0.0,,False,33,0.0,0,0.0,0.0,0.0,0.0,0.0,0.0,0.0,0.0,False,red_2,Kinnon,0.0,0.0,0,0.0,0.0,0.0,0.0,0.0,0.0,0.0,0.0,3759,0.0,0.0,0.0,0.0,0.0,0.0,0.0,None,0
"{""totalSec"":163,""autoEndSec"":20,""delayEndSec"":23,""intervals"":[],""_id"":""69bf306724a0f4fafcaca1cf""}",0.0,"{""alliance"":""red"",""startPosition"":""left"",""points"":[{""x"":0.69,""y"":0.33,""tSec"":11.5,""_id"":""69bf306724a0f4fafcaca1cb""},{""x"":0.6907,""y"":0.319,""tSec"":11.5,""_id"":""69bf306724a0f4fafcaca1cc""},{""x"":0.6846,""y"":0.3128,""tSec"":12.2,""_id"":""69bf306724a0f4fafcaca1cd""},{""x"":0.6777,""y"":0.3112,""tSec"":12.55,""_id"":""69bf306724a0f4fafcaca1ce""}],""shotMarkers"":[],""fingerprint"":""95d3ad9a"",""_id"":""69bf306724a0f4fafcaca1ca""}",left,5.0,0.0,0.0,0.0,0.0,None,0.0,heavy,False,ok,0.0,0.0,0.0,0.0,0.0,0.0,0.0,0.0,0.0,No shooting,False,33,0.0,0,0.0,0.0,0.0,0.0,0.0,0.0,0.0,0.0,False,red_1,Mmasi,0.0,0.0,0,0.0,0.0,0.0,0.0,0.0,0.0,0.0,0.0,1759,0.0,0.0,0.0,0.0,0.0,0.0,0.0,None,0
"{""totalSec"":163,""autoEndSec"":20,""delayEndSec"":23,""intervals"":[{""action"":""shoot"",""startSec"":31.45,""endSec"":34.42,""durationSec"":2.97,""_id"":""69bf307a24a0f4fafcaca280""},{""action"":""shoot"",""startSec"":61.05,""endSec"":61.1,""durationSec"":0.05,""_id"":""69bf307a24a0f4fafcaca281""},{""action"":""shoot"",""startSec"":61.3,""endSec"":62.5,""durationSec"":1.2,""_id"":""69bf307a24a0f4fafcaca282""},{""action"":""shoot"",""startSec"":73.95,""endSec"":78.45,""durationSec"":4.5,""_id"":""69bf307a24a0f4fafcaca283""},{""action"":""shoot"",""startSec"":82.8,""endSec"":84.05,""durationSec"":1.25,""_id"":""69bf307a24a0f4fafcaca284""},{""action"":""shoot"",""startSec"":110.9,""endSec"":111,""durationSec"":0.1,""_id"":""69bf307a24a0f4fafcaca285""},{""action"":""shoot"",""startSec"":112,""endSec"":113.75,""durationSec"":1.75,""_id"":""69bf307a24a0f4fafcaca286""}],""_id"":""69bf307a24a0f4fafcaca27f""}",0.0,"{""alliance"":""red"",""startPosition"":""right"",""points"":[{""x"":0.69,""y"":0.67,""tSec"":0.8,""_id"":""69bf307a24a0f4fafcaca1d9""},{""x"":0.6778,""y"":0.6929,""tSec"":0.8,""_id"":""69bf307a24a0f4fafcaca1da""},{""x"":0.6694,""y"":0.6852,""tSec"":0.9,""_id"":""69bf307a24a0f4fafcaca1db""},{""x"":0.6615,""y"":0.6804,""tSec"":0.9,""_id"":""69bf307a24a0f4fafcaca1dc""},{""x"":0.6468,""y"":0.6694,""tSec"":1,""_id"":""69bf307a24a0f4fafcaca1dd""},{""x"":0.6397,""y"":0.6653,""tSec"":1,""_id"":""69bf307a24a0f4fafcaca1de""},{""x"":0.6335,""y"":0.6619,""tSec"":1,""_id"":""69bf307a24a0f4fafcaca1df""},{""x"":0.622,""y"":0.6586,""tSec"":1,""_id"":""69bf307a24a0f4fafcaca1e0""},{""x"":0.6129,""y"":0.6582,""tSec"":1.05,""_id"":""69bf307a24a0f4fafcaca1e1""},{""x"":0.605,""y"":0.6591,""tSec"":1.1,""_id"":""69bf307a24a0f4fafcaca1e2""},{""x"":0.5948,""y"":0.6631,""tSec"":1.1,""_id"":""69bf307a24a0f4fafcaca1e3""},{""x"":0.5859,""y"":0.6693,""tSec"":1.15,""_id"":""69bf307a24a0f4fafcaca1e4""},{""x"":0.5764,""y"":0.6766,""tSec"":1.2,""_id"":""69bf307a24a0f4fafcaca1e5""},{""x"":0.5692,""y"":0.6814,""tSec"":1.25,""_id"":""69bf307a24a0f4fafcaca1e6""},{""x"":0.5614,""y"":0.6829,""tSec"":1.4,""_id"":""69bf307a24a0f4fafcaca1e7""},{""x"":0.5536,""y"":0.684,""tSec"":1.55,""_id"":""69bf307a24a0f4fafcaca1e8""},{""x"":0.5458,""y"":0.686,""tSec"":1.65,""_id"":""69bf307a24a0f4fafcaca1e9""},{""x"":0.5379,""y"":0.6882,""tSec"":1.75,""_id"":""69bf307a24a0f4fafcaca1ea""},{""x"":0.5255,""y"":0.6903,""tSec"":1.8,""_id"":""69bf307a24a0f4fafcaca1eb""},{""x"":0.5171,""y"":0.6915,""tSec"":1.8,""_id"":""69bf307a24a0f4fafcaca1ec""},{""x"":0.5038,""y"":0.6936,""tSec"":1.85,""_id"":""69bf307a24a0f4fafcaca1ed""},{""x"":0.4915,""y"":0.6967,""tSec"":1.9,""_id"":""69bf307a24a0f4fafcaca1ee""},{""x"":0.4839,""y"":0.7,""tSec"":1.9,""_id"":""69bf307a24a0f4fafcaca1ef""},{""x"":0.4731,""y"":0.7079,""tSec"":1.95,""_id"":""69bf307a24a0f4fafcaca1f0""},{""x"":0.4648,""y"":0.7146,""tSec"":1.95,""_id"":""69bf307a24a0f4fafcaca1f1""},{""x"":0.4562,""y"":0.7211,""tSec"":2,""_id"":""69bf307a24a0f4fafcaca1f2""},{""x"":0.4491,""y"":0.7266,""tSec"":2,""_id"":""69bf307a24a0f4fafcaca1f3""},{""x"":0.4406,""y"":0.733,""tSec"":2.05,""_id"":""69bf307a24a0f4fafcaca1f4""},{""x"":0.4326,""y"":0.7385,""tSec"":2.05,""_id"":""69bf307a24a0f4fafcaca1f5""},{""x"":0.4271,""y"":0.7431,""tSec"":2.1,""_id"":""69bf307a24a0f4fafcaca1f6""},{""x"":0.421,""y"":0.7484,""tSec"":2.1,""_id"":""69bf307a24a0f4fafcaca1f7""},{""x"":0.4126,""y"":0.7576,""tSec"":2.15,""_id"":""69bf307a24a0f4fafcaca1f8""},{""x"":0.4063,""y"":0.7644,""tSec"":2.2,""_id"":""69bf307a24a0f4fafcaca1f9""},{""x"":0.4032,""y"":0.7709,""tSec"":2.25,""_id"":""69bf307a24a0f4fafcaca1fa""},{""x"":0.4028,""y"":0.7784,""tSec"":2.3,""_id"":""69bf307a24a0f4fafcaca1fb""},{""x"":0.4013,""y"":0.7869,""tSec"":2.35,""_id"":""69bf307a24a0f4fafcaca1fc""},{""x"":0.3988,""y"":0.7937,""tSec"":2.4,""_id"":""69bf307a24a0f4fafcaca1fd""},{""x"":0.3962,""y"":0.8011,""tSec"":2.45,""_id"":""69bf307a24a0f4fafcaca1fe""},{""x"":0.3921,""y"":0.8077,""tSec"":2.5,""_id"":""69bf307a24a0f4fafcaca1ff""},{""x"":0.3824,""y"":0.8132,""tSec"":2.55,""_id"":""69bf307a24a0f4fafcaca200""},{""x"":0.3743,""y"":0.8139,""tSec"":2.6,""_id"":""69bf307a24a0f4fafcaca201""},{""x"":0.368,""y"":0.8197,""tSec"":2.65,""_id"":""69bf307a24a0f4fafcaca202""},{""x"":0.3641,""y"":0.8281,""tSec"":2.7,""_id"":""69bf307a24a0f4fafcaca203""},{""x"":0.3591,""y"":0.8358,""tSec"":2.75,""_id"":""69bf307a24a0f4fafcaca204""},{""x"":0.3524,""y"":0.8424,""tSec"":2.8,""_id"":""69bf307a24a0f4fafcaca205""},{""x"":0.3454,""y"":0.847,""tSec"":2.85,""_id"":""69bf307a24a0f4fafcaca206""},{""x"":0.3384,""y"":0.8513,""tSec"":2.9,""_id"":""69bf307a24a0f4fafcaca207""},{""x"":0.3307,""y"":0.8557,""tSec"":2.95,""_id"":""69bf307a24a0f4fafcaca208""},{""x"":0.3207,""y"":0.8562,""tSec"":3,""_id"":""69bf307a24a0f4fafcaca209""},{""x"":0.3133,""y"":0.8534,""tSec"":3.05,""_id"":""69bf307a24a0f4fafcaca20a""},{""x"":0.304,""y"":0.8473,""tSec"":3.1,""_id"":""69bf307a24a0f4fafcaca20b""},{""x"":0.296,""y"":0.8428,""tSec"":3.1,""_id"":""69bf307a24a0f4fafcaca20c""},{""x"":0.2874,""y"":0.8375,""tSec"":3.15,""_id"":""69bf307a24a0f4fafcaca20d""},{""x"":0.2787,""y"":0.8283,""tSec"":3.15,""_id"":""69bf307a24a0f4fafcaca20e""},{""x"":0.27,""y"":0.8139,""tSec"":3.2,""_id"":""69bf307a24a0f4fafcaca20f""},{""x"":0.262,""y"":0.8007,""tSec"":3.2,""_id"":""69bf307a24a0f4fafcaca210""},{""x"":0.258,""y"":0.7944,""tSec"":3.2,""_id"":""69bf307a24a0f4fafcaca211""},{""x"":0.2476,""y"":0.7802,""tSec"":3.25,""_id"":""69bf307a24a0f4fafcaca212""},{""x"":0.2425,""y"":0.7738,""tSec"":3.25,""_id"":""69bf307a24a0f4fafcaca213""},{""x"":0.2357,""y"":0.7645,""tSec"":3.3,""_id"":""69bf307a24a0f4fafcaca214""},{""x"":0.2288,""y"":0.7547,""tSec"":3.3,""_id"":""69bf307a24a0f4fafcaca215""},{""x"":0.2204,""y"":0.7431,""tSec"":3.35,""_id"":""69bf307a24a0f4fafcaca216""},{""x"":0.2148,""y"":0.7341,""tSec"":3.35,""_id"":""69bf307a24a0f4fafcaca217""},{""x"":0.2094,""y"":0.7235,""tSec"":3.4,""_id"":""69bf307a24a0f4fafcaca218""},{""x"":0.205,""y"":0.7117,""tSec"":3.4,""_id"":""69bf307a24a0f4fafcaca219""},{""x"":0.2022,""y"":0.6989,""tSec"":3.45,""_id"":""69bf307a24a0f4fafcaca21a""},{""x"":0.2003,""y"":0.6868,""tSec"":3.45,""_id"":""69bf307a24a0f4fafcaca21b""},{""x"":0.1993,""y"":0.6797,""tSec"":3.45,""_id"":""69bf307a24a0f4fafcaca21c""},{""x"":0.1976,""y"":0.6683,""tSec"":3.5,""_id"":""69bf307a24a0f4fafcaca21d""},{""x"":0.1951,""y"":0.6518,""tSec"":3.5,""_id"":""69bf307a24a0f4fafcaca21e""},{""x"":0.1933,""y"":0.6355,""tSec"":3.55,""_id"":""69bf307a24a0f4fafcaca21f""},{""x"":0.1923,""y"":0.6202,""tSec"":3.6,""_id"":""69bf307a24a0f4fafcaca220""},{""x"":0.1914,""y"":0.605,""tSec"":3.6,""_id"":""69bf307a24a0f4fafcaca221""},{""x"":0.1913,""y"":0.5975,""tSec"":3.65,""_id"":""69bf307a24a0f4fafcaca222""},{""x"":0.1906,""y"":0.5861,""tSec"":3.65,""_id"":""69bf307a24a0f4fafcaca223""},{""x"":0.1897,""y"":0.5762,""tSec"":3.65,""_id"":""69bf307a24a0f4fafcaca224""},{""x"":0.1896,""y"":0.5664,""tSec"":3.7,""_id"":""69bf307a24a0f4fafcaca225""},{""x"":0.1896,""y"":0.5557,""tSec"":3.7,""_id"":""69bf307a24a0f4fafcaca226""},{""x"":0.1896,""y"":0.5458,""tSec"":3.75,""_id"":""69bf307a24a0f4fafcaca227""},{""x"":0.1896,""y"":0.5352,""tSec"":3.75,""_id"":""69bf307a24a0f4fafcaca228""},{""x"":0.188,""y"":0.5234,""tSec"":3.8,""_id"":""69bf307a24a0f4fafcaca229""},{""x"":0.1878,""y"":0.5163,""tSec"":3.8,""_id"":""69bf307a24a0f4fafcaca22a""},{""x"":0.1878,""y"":0.5049,""tSec"":3.85,""_id"":""69bf307a24a0f4fafcaca22b""},{""x"":0.1871,""y"":0.4969,""tSec"":3.9,""_id"":""69bf307a24a0f4fafcaca22c""},{""x"":0.187,""y"":0.4892,""tSec"":4,""_id"":""69bf307a24a0f4fafcaca22d""},{""x"":0.1862,""y"":0.4816,""tSec"":4.05,""_id"":""69bf307a24a0f4fafcaca22e""},{""x"":0.1853,""y"":0.4732,""tSec"":4.1,""_id"":""69bf307a24a0f4fafcaca22f""},{""x"":0.1852,""y"":0.4655,""tSec"":4.15,""_id"":""69bf307a24a0f4fafcaca230""},{""x"":0.1852,""y"":0.4569,""tSec"":4.2,""_id"":""69bf307a24a0f4fafcaca231""},{""x"":0.1852,""y"":0.4483,""tSec"":4.3,""_id"":""69bf307a24a0f4fafcaca232""},{""x"":0.186,""y"":0.4406,""tSec"":4.35,""_id"":""69bf307a24a0f4fafcaca233""},{""x"":0.1869,""y"":0.4329,""tSec"":4.45,""_id"":""69bf307a24a0f4fafcaca234""},{""x"":0.1893,""y"":0.4253,""tSec"":4.55,""_id"":""69bf307a24a0f4fafcaca235""},{""x"":0.1972,""y"":0.4254,""tSec"":4.7,""_id"":""69bf307a24a0f4fafcaca236""},{""x"":0.2027,""y"":0.4311,""tSec"":4.75,""_id"":""69bf307a24a0f4fafcaca237""},{""x"":0.2073,""y"":0.4385,""tSec"":4.85,""_id"":""69bf307a24a0f4fafcaca238""},{""x"":0.2093,""y"":0.4461,""tSec"":4.95,""_id"":""69bf307a24a0f4fafcaca239""},{""x"":0.2126,""y"":0.4527,""tSec"":5.05,""_id"":""69bf307a24a0f4fafcaca23a""},{""x"":0.2168,""y"":0.4601,""tSec"":5.1,""_id"":""69bf307a24a0f4fafcaca23b""},{""x"":0.2212,""y"":0.4686,""tSec"":5.15,""_id"":""69bf307a24a0f4fafcaca23c""},{""x"":0.2271,""y"":0.483,""tSec"":5.2,""_id"":""69bf307a24a0f4fafcaca23d""},{""x"":0.2309,""y"":0.4943,""tSec"":5.2,""_id"":""69bf307a24a0f4fafcaca23e""},{""x"":0.2351,""y"":0.5071,""tSec"":5.25,""_id"":""69bf307a24a0f4fafcaca23f""},{""x"":0.2371,""y"":0.5152,""tSec"":5.25,""_id"":""69bf307a24a0f4fafcaca240""},{""x"":0.2389,""y"":0.5229,""tSec"":5.3,""_id"":""69bf307a24a0f4fafcaca241""},{""x"":0.24,""y"":0.5324,""tSec"":5.3,""_id"":""69bf307a24a0f4fafcaca242""},{""x"":0.2401,""y"":0.5401,""tSec"":5.35,""_id"":""69bf307a24a0f4fafcaca243""},{""x"":0.2424,""y"":0.5468,""tSec"":5.45,""_id"":""69bf307a24a0f4fafcaca244""},{""x"":0.2495,""y"":0.5495,""tSec"":5.6,""_id"":""69bf307a24a0f4fafcaca245""},{""x"":0.255,""y"":0.5546,""tSec"":5.7,""_id"":""69bf307a24a0f4fafcaca246""},{""x"":0.2602,""y"":0.5609,""tSec"":5.85,""_id"":""69bf307a24a0f4fafcaca247""},{""x"":0.267,""y"":0.5664,""tSec"":5.95,""_id"":""69bf307a24a0f4fafcaca248""},{""x"":0.2793,""y"":0.5728,""tSec"":5.95,""_id"":""69bf307a24a0f4fafcaca249""},{""x"":0.2892,""y"":0.5774,""tSec"":6,""_id"":""69bf307a24a0f4fafcaca24a""},{""x"":0.2973,""y"":0.5808,""tSec"":6,""_id"":""69bf307a24a0f4fafcaca24b""},{""x"":0.3059,""y"":0.585,""tSec"":6.05,""_id"":""69bf307a24a0f4fafcaca24c""},{""x"":0.313,""y"":0.5903,""tSec"":6.1,""_id"":""69bf307a24a0f4fafcaca24d""},{""x"":0.3223,""y"":0.5966,""tSec"":6.15,""_id"":""69bf307a24a0f4fafcaca24e""},{""x"":0.3327,""y"":0.6021,""tSec"":6.2,""_id"":""69bf307a24a0f4fafcaca24f""},{""x"":0.3408,""y"":0.6076,""tSec"":6.2,""_id"":""69bf307a24a0f4fafcaca250""},{""x"":0.3479,""y"":0.6131,""tSec"":6.25,""_id"":""69bf307a24a0f4fafcaca251""},{""x"":0.3549,""y"":0.6165,""tSec"":6.3,""_id"":""69bf307a24a0f4fafcaca252""},{""x"":0.3626,""y"":0.6207,""tSec"":6.3,""_id"":""69bf307a24a0f4fafcaca253""},{""x"":0.3688,""y"":0.6241,""tSec"":6.35,""_id"":""69bf307a24a0f4fafcaca254""},{""x"":0.3796,""y"":0.6265,""tSec"":6.45,""_id"":""69bf307a24a0f4fafcaca255""},{""x"":0.3878,""y"":0.6296,""tSec"":6.5,""_id"":""69bf307a24a0f4fafcaca256""},{""x"":0.3948,""y"":0.6329,""tSec"":6.55,""_id"":""69bf307a24a0f4fafcaca257""},{""x"":0.4034,""y"":0.638,""tSec"":6.65,""_id"":""69bf307a24a0f4fafcaca258""},{""x"":0.4113,""y"":0.6434,""tSec"":6.7,""_id"":""69bf307a24a0f4fafcaca259""},{""x"":0.4183,""y"":0.6497,""tSec"":6.75,""_id"":""69bf307a24a0f4fafcaca25a""},{""x"":0.4238,""y"":0.6552,""tSec"":6.8,""_id"":""69bf307a24a0f4fafcaca25b""},{""x"":0.4306,""y"":0.6587,""tSec"":6.9,""_id"":""69bf307a24a0f4fafcaca25c""},{""x"":0.4368,""y"":0.664,""tSec"":7,""_id"":""69bf307a24a0f4fafcaca25d""},{""x"":0.4429,""y"":0.6684,""tSec"":7.05,""_id"":""69bf307a24a0f4fafcaca25e""},{""x"":0.4505,""y"":0.6708,""tSec"":7.1,""_id"":""69bf307a24a0f4fafcaca25f""},{""x"":0.4575,""y"":0.673,""tSec"":7.2,""_id"":""69bf307a24a0f4fafcaca260""},{""x"":0.4645,""y"":0.6742,""tSec"":7.25,""_id"":""69bf307a24a0f4fafcaca261""},{""x"":0.4715,""y"":0.6772,""tSec"":7.35,""_id"":""69bf307a24a0f4fafcaca262""},{""x"":0.4785,""y"":0.6805,""tSec"":7.4,""_id"":""69bf307a24a0f4fafcaca263""},{""x"":0.4862,""y"":0.6818,""tSec"":7.5,""_id"":""69bf307a24a0f4fafcaca264""},{""x"":0.4963,""y"":0.6829,""tSec"":7.55,""_id"":""69bf307a24a0f4fafcaca265""},{""x"":0.5044,""y"":0.684,""tSec"":7.55,""_id"":""69bf307a24a0f4fafcaca266""},{""x"":0.5115,""y"":0.6851,""tSec"":7.6,""_id"":""69bf307a24a0f4fafcaca267""},{""x"":0.5192,""y"":0.6852,""tSec"":7.65,""_id"":""69bf307a24a0f4fafcaca268""},{""x"":0.5263,""y"":0.6852,""tSec"":7.65,""_id"":""69bf307a24a0f4fafcaca269""},{""x"":0.5371,""y"":0.6871,""tSec"":7.7,""_id"":""69bf307a24a0f4fafcaca26a""},{""x"":0.5445,""y"":0.6874,""tSec"":7.75,""_id"":""69bf307a24a0f4fafcaca26b""},{""x"":0.553,""y"":0.6874,""tSec"":7.8,""_id"":""69bf307a24a0f4fafcaca26c""},{""x"":0.5602,""y"":0.6874,""tSec"":7.85,""_id"":""69bf307a24a0f4fafcaca26d""},{""x"":0.5672,""y"":0.6874,""tSec"":7.9,""_id"":""69bf307a24a0f4fafcaca26e""},{""x"":0.5764,""y"":0.6884,""tSec"":8,""_id"":""69bf307a24a0f4fafcaca26f""},{""x"":0.5845,""y"":0.6885,""tSec"":8,""_id"":""69bf307a24a0f4fafcaca270""},{""x"":0.5923,""y"":0.6885,""tSec"":8.05,""_id"":""69bf307a24a0f4fafcaca271""},{""x"":0.5994,""y"":0.6856,""tSec"":8.1,""_id"":""69bf307a24a0f4fafcaca272""},{""x"":0.6049,""y"":0.6805,""tSec"":8.15,""_id"":""69bf307a24a0f4fafcaca273""},{""x"":0.6101,""y"":0.6732,""tSec"":8.25,""_id"":""69bf307a24a0f4fafcaca274""},{""x"":0.6184,""y"":0.6714,""tSec"":8.3,""_id"":""69bf307a24a0f4fafcaca275""},{""x"":0.6255,""y"":0.6703,""tSec"":8.35,""_id"":""69bf307a24a0f4fafcaca276""},{""x"":0.634,""y"":0.6692,""tSec"":8.4,""_id"":""69bf307a24a0f4fafcaca277""},{""x"":0.6411,""y"":0.669,""tSec"":8.5,""_id"":""69bf307a24a0f4fafcaca278""},{""x"":0.6466,""y"":0.6642,""tSec"":8.7,""_id"":""69bf307a24a0f4fafcaca279""},{""x"":0.6534,""y"":0.6617,""tSec"":8.85,""_id"":""69bf307a24a0f4fafcaca27a""},{""x"":0.6604,""y"":0.6605,""tSec"":9,""_id"":""69bf307a24a0f4fafcaca27b""},{""x"":0.6666,""y"":0.6565,""tSec"":9.15,""_id"":""69bf307a24a0f4fafcaca27c""},{""x"":0.6704,""y"":0.6503,""tSec"":9.4,""_id"":""69bf307a24a0f4fafcaca27d""}],""shotMarkers"":[{""x"":0.6704,""y"":0.6503,""tSec"":12,""_id"":""69bf307a24a0f4fafcaca27e""}],""fingerprint"":""4edbc1f4"",""_id"":""69bf307a24a0f4fafcaca1d8""}",right,5.0,0.0,0.0,0.0,1.0,mechanism,1.0,None,False,ok,59.1,0.0,59.1,0.0,0.0,0.0,0.0,0.0,0.0,,True,33,0.0,0,0.0,0.0,0.0,0.0,0.0,0.0,0.0,0.0,False,red_3,Bradley,10.75,11.82,7,1.25,0.0,0.0,2.97,5.3,1.7,1.85,0.0,4201,0.0,14.85,26.5,8.5,9.25,59.1,0.0,None,7
"{""totalSec"":163,""autoEndSec"":20,""delayEndSec"":23,""intervals"":[],""_id"":""69bf30cb24a0f4fafcaca28b""}",0.0,{},,5.0,0.0,0.0,0.0,0.0,None,0.0,some,False,rough,0.0,0.0,0.0,0.0,0.0,0.0,0.0,0.0,0.0,,False,33,0.0,0,0.0,0.0,0.0,0.0,0.0,0.0,0.0,0.0,False,blue_2,Randy,0.0,0.0,0,0.0,0.0,0.0,0.0,0.0,0.0,0.0,0.0,6904,0.0,0.0,0.0,0.0,0.0,0.0,0.0,None,0
"{""totalSec"":163,""autoEndSec"":20,""delayEndSec"":23,""intervals"":[{""action"":""shoot"",""startSec"":40.3,""endSec"":45.85,""durationSec"":5.55,""_id"":""69bf30f224a0f4fafcaca324""},{""action"":""shoot"",""startSec"":51.15,""endSec"":53,""durationSec"":1.85,""_id"":""69bf30f224a0f4fafcaca325""},{""action"":""shoot"",""startSec"":55.25,""endSec"":55.45,""durationSec"":0.2,""_id"":""69bf30f224a0f4fafcaca326""},{""action"":""shoot"",""startSec"":84.9,""endSec"":85.07,""durationSec"":0.17,""_id"":""69bf30f224a0f4fafcaca327""},{""action"":""shoot"",""startSec"":89.3,""endSec"":95.9,""durationSec"":6.6,""_id"":""69bf30f224a0f4fafcaca328""},{""action"":""shoot"",""startSec"":133.05,""endSec"":134.45,""durationSec"":1.4,""_id"":""69bf30f224a0f4fafcaca329""},{""action"":""shoot"",""startSec"":134.75,""endSec"":136.75,""durationSec"":2,""_id"":""69bf30f224a0f4fafcaca32a""},{""action"":""shoot"",""startSec"":138.95,""endSec"":139.9,""durationSec"":0.95,""_id"":""69bf30f224a0f4fafcaca32b""},{""action"":""shoot"",""startSec"":141.7,""endSec"":143.05,""durationSec"":1.35,""_id"":""69bf30f224a0f4fafcaca32c""},{""action"":""shoot"",""startSec"":158.35,""endSec"":163,""durationSec"":4.65,""_id"":""69bf30f224a0f4fafcaca32d""}],""_id"":""69bf30f224a0f4fafcaca323""}",0.0,"{""alliance"":""blue"",""startPosition"":""right"",""points"":[{""x"":0.34,""y"":0.33,""tSec"":13.5,""_id"":""69bf30f224a0f4fafcaca294""},{""x"":0.3467,""y"":0.3337,""tSec"":13.5,""_id"":""69bf30f224a0f4fafcaca295""},{""x"":0.3451,""y"":0.3266,""tSec"":13.8,""_id"":""69bf30f224a0f4fafcaca296""},{""x"":0.3411,""y"":0.32,""tSec"":13.9,""_id"":""69bf30f224a0f4fafcaca297""},{""x"":0.3376,""y"":0.3126,""tSec"":13.95,""_id"":""69bf30f224a0f4fafcaca298""},{""x"":0.3349,""y"":0.2994,""tSec"":13.95,""_id"":""69bf30f224a0f4fafcaca299""},{""x"":0.3338,""y"":0.2846,""tSec"":14,""_id"":""69bf30f224a0f4fafcaca29a""},{""x"":0.3336,""y"":0.2753,""tSec"":14.05,""_id"":""69bf30f224a0f4fafcaca29b""},{""x"":0.3336,""y"":0.2647,""tSec"":14.05,""_id"":""69bf30f224a0f4fafcaca29c""},{""x"":0.3336,""y"":0.252,""tSec"":14.05,""_id"":""69bf30f224a0f4fafcaca29d""},{""x"":0.3336,""y"":0.2439,""tSec"":14.1,""_id"":""69bf30f224a0f4fafcaca29e""},{""x"":0.3336,""y"":0.2297,""tSec"":14.1,""_id"":""69bf30f224a0f4fafcaca29f""},{""x"":0.3336,""y"":0.2176,""tSec"":14.15,""_id"":""69bf30f224a0f4fafcaca2a0""},{""x"":0.3336,""y"":0.2105,""tSec"":14.15,""_id"":""69bf30f224a0f4fafcaca2a1""},{""x"":0.3336,""y"":0.1983,""tSec"":14.15,""_id"":""69bf30f224a0f4fafcaca2a2""},{""x"":0.3344,""y"":0.1902,""tSec"":14.15,""_id"":""69bf30f224a0f4fafcaca2a3""},{""x"":0.3368,""y"":0.1656,""tSec"":14.25,""_id"":""69bf30f224a0f4fafcaca2a4""},{""x"":0.3386,""y"":0.155,""tSec"":14.25,""_id"":""69bf30f224a0f4fafcaca2a5""},{""x"":0.3404,""y"":0.1453,""tSec"":14.3,""_id"":""69bf30f224a0f4fafcaca2a6""},{""x"":0.3421,""y"":0.1347,""tSec"":14.3,""_id"":""69bf30f224a0f4fafcaca2a7""},{""x"":0.3454,""y"":0.122,""tSec"":14.35,""_id"":""69bf30f224a0f4fafcaca2a8""},{""x"":0.3488,""y"":0.1139,""tSec"":14.35,""_id"":""69bf30f224a0f4fafcaca2a9""},{""x"":0.3523,""y"":0.1073,""tSec"":14.4,""_id"":""69bf30f224a0f4fafcaca2aa""},{""x"":0.3612,""y"":0.0989,""tSec"":14.4,""_id"":""69bf30f224a0f4fafcaca2ab""},{""x"":0.3714,""y"":0.0922,""tSec"":14.45,""_id"":""69bf30f224a0f4fafcaca2ac""},{""x"":0.3811,""y"":0.0848,""tSec"":14.5,""_id"":""69bf30f224a0f4fafcaca2ad""},{""x"":0.3876,""y"":0.0792,""tSec"":14.5,""_id"":""69bf30f224a0f4fafcaca2ae""},{""x"":0.3938,""y"":0.0747,""tSec"":14.55,""_id"":""69bf30f224a0f4fafcaca2af""},{""x"":0.4014,""y"":0.0704,""tSec"":14.55,""_id"":""69bf30f224a0f4fafcaca2b0""},{""x"":0.4153,""y"":0.0661,""tSec"":14.6,""_id"":""69bf30f224a0f4fafcaca2b1""},{""x"":0.4285,""y"":0.0628,""tSec"":14.6,""_id"":""69bf30f224a0f4fafcaca2b2""},{""x"":0.447,""y"":0.0624,""tSec"":14.65,""_id"":""69bf30f224a0f4fafcaca2b3""},{""x"":0.4561,""y"":0.0623,""tSec"":14.65,""_id"":""69bf30f224a0f4fafcaca2b4""},{""x"":0.4702,""y"":0.0633,""tSec"":14.7,""_id"":""69bf30f224a0f4fafcaca2b5""},{""x"":0.4795,""y"":0.0634,""tSec"":14.7,""_id"":""69bf30f224a0f4fafcaca2b6""},{""x"":0.4975,""y"":0.0644,""tSec"":14.7,""_id"":""69bf30f224a0f4fafcaca2b7""},{""x"":0.5181,""y"":0.0654,""tSec"":14.75,""_id"":""69bf30f224a0f4fafcaca2b8""},{""x"":0.5412,""y"":0.0684,""tSec"":14.75,""_id"":""69bf30f224a0f4fafcaca2b9""},{""x"":0.5632,""y"":0.0716,""tSec"":14.8,""_id"":""69bf30f224a0f4fafcaca2ba""},{""x"":0.5758,""y"":0.0748,""tSec"":14.8,""_id"":""69bf30f224a0f4fafcaca2bb""},{""x"":0.5965,""y"":0.0809,""tSec"":14.8,""_id"":""69bf30f224a0f4fafcaca2bc""},{""x"":0.6166,""y"":0.0872,""tSec"":14.85,""_id"":""69bf30f224a0f4fafcaca2bd""},{""x"":0.6374,""y"":0.0946,""tSec"":14.85,""_id"":""69bf30f224a0f4fafcaca2be""},{""x"":0.656,""y"":0.1021,""tSec"":14.9,""_id"":""69bf30f224a0f4fafcaca2bf""},{""x"":0.6674,""y"":0.1068,""tSec"":14.9,""_id"":""69bf30f224a0f4fafcaca2c0""},{""x"":0.6849,""y"":0.1159,""tSec"":14.9,""_id"":""69bf30f224a0f4fafcaca2c1""},{""x"":0.6955,""y"":0.1227,""tSec"":14.9,""_id"":""69bf30f224a0f4fafcaca2c2""},{""x"":0.7051,""y"":0.1291,""tSec"":14.95,""_id"":""69bf30f224a0f4fafcaca2c3""},{""x"":0.7216,""y"":0.1422,""tSec"":14.95,""_id"":""69bf30f224a0f4fafcaca2c4""},{""x"":0.7359,""y"":0.1542,""tSec"":15,""_id"":""69bf30f224a0f4fafcaca2c5""},{""x"":0.7429,""y"":0.1594,""tSec"":15,""_id"":""69bf30f224a0f4fafcaca2c6""},{""x"":0.7499,""y"":0.1648,""tSec"":15,""_id"":""69bf30f224a0f4fafcaca2c7""},{""x"":0.7653,""y"":0.1814,""tSec"":15.05,""_id"":""69bf30f224a0f4fafcaca2c8""},{""x"":0.7795,""y"":0.2005,""tSec"":15.1,""_id"":""69bf30f224a0f4fafcaca2c9""},{""x"":0.7888,""y"":0.2141,""tSec"":15.1,""_id"":""69bf30f224a0f4fafcaca2ca""},{""x"":0.7991,""y"":0.2318,""tSec"":15.15,""_id"":""69bf30f224a0f4fafcaca2cb""},{""x"":0.8088,""y"":0.2519,""tSec"":15.15,""_id"":""69bf30f224a0f4fafcaca2cc""},{""x"":0.8145,""y"":0.2713,""tSec"":15.2,""_id"":""69bf30f224a0f4fafcaca2cd""},{""x"":0.8183,""y"":0.2859,""tSec"":15.2,""_id"":""69bf30f224a0f4fafcaca2ce""},{""x"":0.8195,""y"":0.2943,""tSec"":15.2,""_id"":""69bf30f224a0f4fafcaca2cf""},{""x"":0.8212,""y"":0.3067,""tSec"":15.25,""_id"":""69bf30f224a0f4fafcaca2d0""},{""x"":0.823,""y"":0.3166,""tSec"":15.25,""_id"":""69bf30f224a0f4fafcaca2d1""},{""x"":0.8239,""y"":0.3254,""tSec"":15.3,""_id"":""69bf30f224a0f4fafcaca2d2""},{""x"":0.8248,""y"":0.336,""tSec"":15.35,""_id"":""69bf30f224a0f4fafcaca2d3""},{""x"":0.8257,""y"":0.3476,""tSec"":15.35,""_id"":""69bf30f224a0f4fafcaca2d4""},{""x"":0.8258,""y"":0.3622,""tSec"":15.4,""_id"":""69bf30f224a0f4fafcaca2d5""},{""x"":0.8258,""y"":0.3735,""tSec"":15.4,""_id"":""69bf30f224a0f4fafcaca2d6""},{""x"":0.8258,""y"":0.3824,""tSec"":15.45,""_id"":""69bf30f224a0f4fafcaca2d7""},{""x"":0.8258,""y"":0.391,""tSec"":15.5,""_id"":""69bf30f224a0f4fafcaca2d8""},{""x"":0.8258,""y"":0.3835,""tSec"":15.7,""_id"":""69bf30f224a0f4fafcaca2d9""},{""x"":0.8242,""y"":0.3751,""tSec"":15.75,""_id"":""69bf30f224a0f4fafcaca2da""},{""x"":0.8217,""y"":0.3551,""tSec"":15.8,""_id"":""69bf30f224a0f4fafcaca2db""},{""x"":0.8207,""y"":0.3404,""tSec"":15.8,""_id"":""69bf30f224a0f4fafcaca2dc""},{""x"":0.8198,""y"":0.333,""tSec"":15.8,""_id"":""69bf30f224a0f4fafcaca2dd""},{""x"":0.8189,""y"":0.3255,""tSec"":15.8,""_id"":""69bf30f224a0f4fafcaca2de""},{""x"":0.8157,""y"":0.3113,""tSec"":15.85,""_id"":""69bf30f224a0f4fafcaca2df""},{""x"":0.8108,""y"":0.2945,""tSec"":15.9,""_id"":""69bf30f224a0f4fafcaca2e0""},{""x"":0.804,""y"":0.2765,""tSec"":15.9,""_id"":""69bf30f224a0f4fafcaca2e1""},{""x"":0.7956,""y"":0.2592,""tSec"":15.9,""_id"":""69bf30f224a0f4fafcaca2e2""},{""x"":0.79,""y"":0.2486,""tSec"":15.9,""_id"":""69bf30f224a0f4fafcaca2e3""},{""x"":0.7816,""y"":0.2321,""tSec"":15.95,""_id"":""69bf30f224a0f4fafcaca2e4""},{""x"":0.7768,""y"":0.2236,""tSec"":15.95,""_id"":""69bf30f224a0f4fafcaca2e5""},{""x"":0.7724,""y"":0.2159,""tSec"":15.95,""_id"":""69bf30f224a0f4fafcaca2e6""},{""x"":0.7566,""y"":0.1979,""tSec"":16,""_id"":""69bf30f224a0f4fafcaca2e7""},{""x"":0.7439,""y"":0.1845,""tSec"":16.05,""_id"":""69bf30f224a0f4fafcaca2e8""},{""x"":0.7317,""y"":0.1734,""tSec"":16.05,""_id"":""69bf30f224a0f4fafcaca2e9""},{""x"":0.7248,""y"":0.1673,""tSec"":16.05,""_id"":""69bf30f224a0f4fafcaca2ea""},{""x"":0.7133,""y"":0.1581,""tSec"":16.1,""_id"":""69bf30f224a0f4fafcaca2eb""},{""x"":0.7004,""y"":0.1475,""tSec"":16.1,""_id"":""69bf30f224a0f4fafcaca2ec""},{""x"":0.6812,""y"":0.1311,""tSec"":16.1,""_id"":""69bf30f224a0f4fafcaca2ed""},{""x"":0.6666,""y"":0.1197,""tSec"":16.15,""_id"":""69bf30f224a0f4fafcaca2ee""},{""x"":0.6472,""y"":0.107,""tSec"":16.15,""_id"":""69bf30f224a0f4fafcaca2ef""},{""x"":0.6388,""y"":0.1027,""tSec"":16.15,""_id"":""69bf30f224a0f4fafcaca2f0""},{""x"":0.6317,""y"":0.0993,""tSec"":16.25,""_id"":""69bf30f224a0f4fafcaca2f1""},{""x"":0.6185,""y"":0.0942,""tSec"":16.25,""_id"":""69bf30f224a0f4fafcaca2f2""},{""x"":0.6062,""y"":0.0898,""tSec"":16.25,""_id"":""69bf30f224a0f4fafcaca2f3""},{""x"":0.5993,""y"":0.0873,""tSec"":16.25,""_id"":""69bf30f224a0f4fafcaca2f4""},{""x"":0.5878,""y"":0.0824,""tSec"":16.25,""_id"":""69bf30f224a0f4fafcaca2f5""},{""x"":0.5803,""y"":0.0798,""tSec"":16.3,""_id"":""69bf30f224a0f4fafcaca2f6""},{""x"":0.5679,""y"":0.0748,""tSec"":16.35,""_id"":""69bf30f224a0f4fafcaca2f7""},{""x"":0.561,""y"":0.0723,""tSec"":16.35,""_id"":""69bf30f224a0f4fafcaca2f8""},{""x"":0.5487,""y"":0.0673,""tSec"":16.35,""_id"":""69bf30f224a0f4fafcaca2f9""},{""x"":0.5418,""y"":0.0648,""tSec"":16.35,""_id"":""69bf30f224a0f4fafcaca2fa""},{""x"":0.5296,""y"":0.0598,""tSec"":16.4,""_id"":""69bf30f224a0f4fafcaca2fb""},{""x"":0.5158,""y"":0.0554,""tSec"":16.45,""_id"":""69bf30f224a0f4fafcaca2fc""},{""x"":0.5019,""y"":0.0511,""tSec"":16.45,""_id"":""69bf30f224a0f4fafcaca2fd""},{""x"":0.488,""y"":0.0478,""tSec"":16.45,""_id"":""69bf30f224a0f4fafcaca2fe""},{""x"":0.4802,""y"":0.0464,""tSec"":16.45,""_id"":""69bf30f224a0f4fafcaca2ff""},{""x"":0.4623,""y"":0.0434,""tSec"":16.5,""_id"":""69bf30f224a0f4fafcaca300""},{""x"":0.4548,""y"":0.0421,""tSec"":16.55,""_id"":""69bf30f224a0f4fafcaca301""},{""x"":0.4432,""y"":0.041,""tSec"":16.55,""_id"":""69bf30f224a0f4fafcaca302""},{""x"":0.4273,""y"":0.0408,""tSec"":16.6,""_id"":""69bf30f224a0f4fafcaca303""},{""x"":0.42,""y"":0.0408,""tSec"":16.6,""_id"":""69bf30f224a0f4fafcaca304""},{""x"":0.4107,""y"":0.0408,""tSec"":16.6,""_id"":""69bf30f224a0f4fafcaca305""},{""x"":0.4004,""y"":0.0418,""tSec"":16.65,""_id"":""69bf30f224a0f4fafcaca306""},{""x"":0.3914,""y"":0.0429,""tSec"":16.65,""_id"":""69bf30f224a0f4fafcaca307""},{""x"":0.3827,""y"":0.044,""tSec"":16.7,""_id"":""69bf30f224a0f4fafcaca308""},{""x"":0.3702,""y"":0.0469,""tSec"":16.7,""_id"":""69bf30f224a0f4fafcaca309""},{""x"":0.3572,""y"":0.0501,""tSec"":16.75,""_id"":""69bf30f224a0f4fafcaca30a""},{""x"":0.3449,""y"":0.0542,""tSec"":16.8,""_id"":""69bf30f224a0f4fafcaca30b""},{""x"":0.3327,""y"":0.0623,""tSec"":16.8,""_id"":""69bf30f224a0f4fafcaca30c""},{""x"":0.3235,""y"":0.0689,""tSec"":16.85,""_id"":""69bf30f224a0f4fafcaca30d""},{""x"":0.3156,""y"":0.0773,""tSec"":16.85,""_id"":""69bf30f224a0f4fafcaca30e""},{""x"":0.3069,""y"":0.0868,""tSec"":16.9,""_id"":""69bf30f224a0f4fafcaca30f""},{""x"":0.299,""y"":0.0965,""tSec"":16.9,""_id"":""69bf30f224a0f4fafcaca310""},{""x"":0.2912,""y"":0.1061,""tSec"":16.95,""_id"":""69bf30f224a0f4fafcaca311""},{""x"":0.2826,""y"":0.1186,""tSec"":16.95,""_id"":""69bf30f224a0f4fafcaca312""},{""x"":0.2746,""y"":0.1324,""tSec"":17,""_id"":""69bf30f224a0f4fafcaca313""},{""x"":0.2706,""y"":0.1398,""tSec"":17,""_id"":""69bf30f224a0f4fafcaca314""},{""x"":0.2647,""y"":0.1501,""tSec"":17,""_id"":""69bf30f224a0f4fafcaca315""},{""x"":0.2594,""y"":0.1599,""tSec"":17,""_id"":""69bf30f224a0f4fafcaca316""},{""x"":0.2557,""y"":0.1705,""tSec"":17.05,""_id"":""69bf30f224a0f4fafcaca317""},{""x"":0.2507,""y"":0.1859,""tSec"":17.1,""_id"":""69bf30f224a0f4fafcaca318""},{""x"":0.247,""y"":0.1953,""tSec"":17.1,""_id"":""69bf30f224a0f4fafcaca319""},{""x"":0.2435,""y"":0.204,""tSec"":17.15,""_id"":""69bf30f224a0f4fafcaca31a""},{""x"":0.2385,""y"":0.2136,""tSec"":17.15,""_id"":""69bf30f224a0f4fafcaca31b""},{""x"":0.234,""y"":0.2233,""tSec"":17.2,""_id"":""69bf30f224a0f4fafcaca31c""},{""x"":0.2305,""y"":0.2348,""tSec"":17.25,""_id"":""69bf30f224a0f4fafcaca31d""},{""x"":0.2278,""y"":0.2438,""tSec"":17.25,""_id"":""69bf30f224a0f4fafcaca31e""},{""x"":0.2251,""y"":0.2505,""tSec"":17.3,""_id"":""69bf30f224a0f4fafcaca31f""},{""x"":0.2225,""y"":0.2579,""tSec"":17.45,""_id"":""69bf30f224a0f4fafcaca320""},{""x"":0.2244,""y"":0.2655,""tSec"":17.65,""_id"":""69bf30f224a0f4fafcaca321""}],""shotMarkers"":[{""x"":0.2244,""y"":0.2655,""tSec"":18.5,""_id"":""69bf30f224a0f4fafcaca322""}],""fingerprint"":""c4d6f30a"",""_id"":""69bf30f224a0f4fafcaca293""}",right,5.0,0.0,0.0,0.0,0.0,None,0.0,None,True,great,123.6,0.0,123.6,0.0,0.0,0.0,0.0,0.0,0.0,,True,33,0.0,0,0.0,0.0,0.0,0.0,0.0,0.0,0.0,0.0,False,blue_3,Wesley,4.4,24.72,10,1.625,0.0,10.35,5.55,2.05,6.77,0.0,0.0,5137,51.75,27.75,10.25,33.85,0.0,123.6,0.0,None,10
"{""totalSec"":163,""autoEndSec"":20,""delayEndSec"":23,""intervals"":[{""action"":""shoot"",""startSec"":33.45,""endSec"":35.85,""durationSec"":2.4,""_id"":""69bf333c24a0f4fafcaca43a""},{""action"":""pass"",""startSec"":42.3,""endSec"":43.7,""durationSec"":1.4,""_id"":""69bf333c24a0f4fafcaca43b""},{""action"":""shoot"",""startSec"":55.5,""endSec"":55.55,""durationSec"":0.05,""_id"":""69bf333c24a0f4fafcaca43c""},{""action"":""pass"",""startSec"":55.9,""endSec"":56.35,""durationSec"":0.45,""_id"":""69bf333c24a0f4fafcaca43d""},{""action"":""pass"",""startSec"":57.1,""endSec"":57.85,""durationSec"":0.75,""_id"":""69bf333c24a0f4fafcaca43e""},{""action"":""shoot"",""startSec"":61.7,""endSec"":61.95,""durationSec"":0.25,""_id"":""69bf333c24a0f4fafcaca43f""},{""action"":""shoot"",""startSec"":63.4,""endSec"":64.1,""durationSec"":0.7,""_id"":""69bf333c24a0f4fafcaca440""},{""action"":""shoot"",""startSec"":66.1,""endSec"":66.15,""durationSec"":0.05,""_id"":""69bf333c24a0f4fafcaca441""},{""action"":""shoot"",""startSec"":66.55,""endSec"":66.6,""durationSec"":0.05,""_id"":""69bf333c24a0f4fafcaca442""},{""action"":""shoot"",""startSec"":67,""endSec"":67.05,""durationSec"":0.05,""_id"":""69bf333c24a0f4fafcaca443""},{""action"":""shoot"",""startSec"":74.65,""endSec"":76.5,""durationSec"":1.85,""_id"":""69bf333c24a0f4fafcaca444""},{""action"":""shoot"",""startSec"":86.05,""endSec"":87.1,""durationSec"":1.05,""_id"":""69bf333c24a0f4fafcaca445""},{""action"":""shoot"",""startSec"":111.15,""endSec"":113.45,""durationSec"":2.3,""_id"":""69bf333c24a0f4fafcaca446""},{""action"":""shoot"",""startSec"":114,""endSec"":114.46,""durationSec"":0.46,""_id"":""69bf333c24a0f4fafcaca447""},{""action"":""shoot"",""startSec"":115.35,""endSec"":116.4,""durationSec"":1.05,""_id"":""69bf333c24a0f4fafcaca448""},{""action"":""shoot"",""startSec"":130.1,""endSec"":130.3,""durationSec"":0.2,""_id"":""69bf333c24a0f4fafcaca449""},{""action"":""shoot"",""startSec"":130.45,""endSec"":131.1,""durationSec"":0.65,""_id"":""69bf333c24a0f4fafcaca44a""},{""action"":""shoot"",""startSec"":131.85,""endSec"":132.97,""durationSec"":1.12,""_id"":""69bf333c24a0f4fafcaca44b""},{""action"":""shoot"",""startSec"":133.05,""endSec"":133.1,""durationSec"":0.05,""_id"":""69bf333c24a0f4fafcaca44c""},{""action"":""shoot"",""startSec"":150.45,""endSec"":153.55,""durationSec"":3.1,""_id"":""69bf333c24a0f4fafcaca44d""},{""action"":""shoot"",""startSec"":162.75,""endSec"":163,""durationSec"":0.25,""_id"":""69bf333c24a0f4fafcaca44e""}],""_id"":""69bf333c24a0f4fafcaca439""}",0.0,"{""alliance"":""blue"",""startPosition"":""left"",""points"":[{""x"":0.34,""y"":0.67,""tSec"":1.6,""_id"":""69bf333c24a0f4fafcaca3cf""},{""x"":0.3436,""y"":0.6553,""tSec"":1.6,""_id"":""69bf333c24a0f4fafcaca3d0""},{""x"":0.3455,""y"":0.6799,""tSec"":4.9,""_id"":""69bf333c24a0f4fafcaca3d1""},{""x"":0.342,""y"":0.6886,""tSec"":5,""_id"":""69bf333c24a0f4fafcaca3d2""},{""x"":0.3362,""y"":0.7,""tSec"":5,""_id"":""69bf333c24a0f4fafcaca3d3""},{""x"":0.3308,""y"":0.7128,""tSec"":5.05,""_id"":""69bf333c24a0f4fafcaca3d4""},{""x"":0.3295,""y"":0.7237,""tSec"":5.05,""_id"":""69bf333c24a0f4fafcaca3d5""},{""x"":0.33,""y"":0.7326,""tSec"":5.1,""_id"":""69bf333c24a0f4fafcaca3d6""},{""x"":0.3332,""y"":0.745,""tSec"":5.1,""_id"":""69bf333c24a0f4fafcaca3d7""},{""x"":0.3366,""y"":0.755,""tSec"":5.1,""_id"":""69bf333c24a0f4fafcaca3d8""},{""x"":0.3401,""y"":0.7638,""tSec"":5.15,""_id"":""69bf333c24a0f4fafcaca3d9""},{""x"":0.3443,""y"":0.7734,""tSec"":5.15,""_id"":""69bf333c24a0f4fafcaca3da""},{""x"":0.3549,""y"":0.7859,""tSec"":5.2,""_id"":""69bf333c24a0f4fafcaca3db""},{""x"":0.3622,""y"":0.7902,""tSec"":5.25,""_id"":""69bf333c24a0f4fafcaca3dc""},{""x"":0.3754,""y"":0.7945,""tSec"":5.25,""_id"":""69bf333c24a0f4fafcaca3dd""},{""x"":0.3831,""y"":0.796,""tSec"":5.25,""_id"":""69bf333c24a0f4fafcaca3de""},{""x"":0.3971,""y"":0.7971,""tSec"":5.3,""_id"":""69bf333c24a0f4fafcaca3df""},{""x"":0.4064,""y"":0.7972,""tSec"":5.3,""_id"":""69bf333c24a0f4fafcaca3e0""},{""x"":0.4221,""y"":0.7972,""tSec"":5.3,""_id"":""69bf333c24a0f4fafcaca3e1""},{""x"":0.4378,""y"":0.7963,""tSec"":5.35,""_id"":""69bf333c24a0f4fafcaca3e2""},{""x"":0.4473,""y"":0.7952,""tSec"":5.35,""_id"":""69bf333c24a0f4fafcaca3e3""},{""x"":0.4553,""y"":0.7941,""tSec"":5.35,""_id"":""69bf333c24a0f4fafcaca3e4""},{""x"":0.4632,""y"":0.794,""tSec"":5.4,""_id"":""69bf333c24a0f4fafcaca3e5""},{""x"":0.4764,""y"":0.7922,""tSec"":5.4,""_id"":""69bf333c24a0f4fafcaca3e6""},{""x"":0.5025,""y"":0.7844,""tSec"":5.45,""_id"":""69bf333c24a0f4fafcaca3e7""},{""x"":0.5279,""y"":0.7777,""tSec"":5.5,""_id"":""69bf333c24a0f4fafcaca3e8""},{""x"":0.5494,""y"":0.7722,""tSec"":5.55,""_id"":""69bf333c24a0f4fafcaca3e9""},{""x"":0.5619,""y"":0.7696,""tSec"":5.55,""_id"":""69bf333c24a0f4fafcaca3ea""},{""x"":0.5779,""y"":0.7665,""tSec"":5.6,""_id"":""69bf333c24a0f4fafcaca3eb""},{""x"":0.5899,""y"":0.7661,""tSec"":5.6,""_id"":""69bf333c24a0f4fafcaca3ec""},{""x"":0.6005,""y"":0.7661,""tSec"":5.65,""_id"":""69bf333c24a0f4fafcaca3ed""},{""x"":0.6148,""y"":0.7661,""tSec"":5.65,""_id"":""69bf333c24a0f4fafcaca3ee""},{""x"":0.628,""y"":0.7661,""tSec"":5.7,""_id"":""69bf333c24a0f4fafcaca3ef""},{""x"":0.638,""y"":0.7633,""tSec"":5.75,""_id"":""69bf333c24a0f4fafcaca3f0""},{""x"":0.6484,""y"":0.7563,""tSec"":5.8,""_id"":""69bf333c24a0f4fafcaca3f1""},{""x"":0.655,""y"":0.7508,""tSec"":5.8,""_id"":""69bf333c24a0f4fafcaca3f2""},{""x"":0.662,""y"":0.7453,""tSec"":5.85,""_id"":""69bf333c24a0f4fafcaca3f3""},{""x"":0.669,""y"":0.7475,""tSec"":6.4,""_id"":""69bf333c24a0f4fafcaca3f4""},{""x"":0.6728,""y"":0.7544,""tSec"":6.45,""_id"":""69bf333c24a0f4fafcaca3f5""},{""x"":0.6756,""y"":0.7647,""tSec"":6.5,""_id"":""69bf333c24a0f4fafcaca3f6""},{""x"":0.6789,""y"":0.7753,""tSec"":6.55,""_id"":""69bf333c24a0f4fafcaca3f7""},{""x"":0.6817,""y"":0.7842,""tSec"":6.55,""_id"":""69bf333c24a0f4fafcaca3f8""},{""x"":0.6843,""y"":0.7938,""tSec"":6.6,""_id"":""69bf333c24a0f4fafcaca3f9""},{""x"":0.6854,""y"":0.8025,""tSec"":6.65,""_id"":""69bf333c24a0f4fafcaca3fa""},{""x"":0.6871,""y"":0.8111,""tSec"":6.7,""_id"":""69bf333c24a0f4fafcaca3fb""},{""x"":0.6888,""y"":0.8216,""tSec"":6.75,""_id"":""69bf333c24a0f4fafcaca3fc""},{""x"":0.6898,""y"":0.8323,""tSec"":6.8,""_id"":""69bf333c24a0f4fafcaca3fd""},{""x"":0.6899,""y"":0.8421,""tSec"":6.8,""_id"":""69bf333c24a0f4fafcaca3fe""},{""x"":0.6899,""y"":0.8508,""tSec"":6.85,""_id"":""69bf333c24a0f4fafcaca3ff""},{""x"":0.6907,""y"":0.8585,""tSec"":6.9,""_id"":""69bf333c24a0f4fafcaca400""},{""x"":0.6908,""y"":0.8689,""tSec"":6.95,""_id"":""69bf333c24a0f4fafcaca401""},{""x"":0.6908,""y"":0.8795,""tSec"":7,""_id"":""69bf333c24a0f4fafcaca402""},{""x"":0.6908,""y"":0.8865,""tSec"":7.05,""_id"":""69bf333c24a0f4fafcaca403""},{""x"":0.6908,""y"":0.8949,""tSec"":7.1,""_id"":""69bf333c24a0f4fafcaca404""},{""x"":0.6908,""y"":0.9026,""tSec"":7.3,""_id"":""69bf333c24a0f4fafcaca405""},{""x"":0.6915,""y"":0.9101,""tSec"":7.55,""_id"":""69bf333c24a0f4fafcaca406""},{""x"":0.6862,""y"":0.9148,""tSec"":8.2,""_id"":""69bf333c24a0f4fafcaca407""},{""x"":0.6772,""y"":0.9153,""tSec"":8.3,""_id"":""69bf333c24a0f4fafcaca408""},{""x"":0.67,""y"":0.9154,""tSec"":8.35,""_id"":""69bf333c24a0f4fafcaca409""},{""x"":0.6615,""y"":0.9182,""tSec"":8.4,""_id"":""69bf333c24a0f4fafcaca40a""},{""x"":0.6543,""y"":0.9223,""tSec"":8.45,""_id"":""69bf333c24a0f4fafcaca40b""},{""x"":0.6458,""y"":0.9276,""tSec"":8.5,""_id"":""69bf333c24a0f4fafcaca40c""},{""x"":0.6386,""y"":0.9292,""tSec"":8.55,""_id"":""69bf333c24a0f4fafcaca40d""},{""x"":0.6316,""y"":0.9303,""tSec"":8.6,""_id"":""69bf333c24a0f4fafcaca40e""},{""x"":0.6224,""y"":0.9323,""tSec"":8.65,""_id"":""69bf333c24a0f4fafcaca40f""},{""x"":0.6113,""y"":0.9335,""tSec"":8.65,""_id"":""69bf333c24a0f4fafcaca410""},{""x"":0.6007,""y"":0.9337,""tSec"":8.7,""_id"":""69bf333c24a0f4fafcaca411""},{""x"":0.5887,""y"":0.9337,""tSec"":8.75,""_id"":""69bf333c24a0f4fafcaca412""},{""x"":0.5766,""y"":0.9337,""tSec"":8.75,""_id"":""69bf333c24a0f4fafcaca413""},{""x"":0.5652,""y"":0.9337,""tSec"":8.8,""_id"":""69bf333c24a0f4fafcaca414""},{""x"":0.5538,""y"":0.9337,""tSec"":8.85,""_id"":""69bf333c24a0f4fafcaca415""},{""x"":0.5417,""y"":0.9337,""tSec"":8.85,""_id"":""69bf333c24a0f4fafcaca416""},{""x"":0.5303,""y"":0.9337,""tSec"":8.9,""_id"":""69bf333c24a0f4fafcaca417""},{""x"":0.5197,""y"":0.9337,""tSec"":8.95,""_id"":""69bf333c24a0f4fafcaca418""},{""x"":0.5092,""y"":0.9337,""tSec"":8.95,""_id"":""69bf333c24a0f4fafcaca419""},{""x"":0.4988,""y"":0.9337,""tSec"":9,""_id"":""69bf333c24a0f4fafcaca41a""},{""x"":0.4883,""y"":0.9337,""tSec"":9.05,""_id"":""69bf333c24a0f4fafcaca41b""},{""x"":0.4794,""y"":0.9337,""tSec"":9.05,""_id"":""69bf333c24a0f4fafcaca41c""},{""x"":0.4707,""y"":0.9337,""tSec"":9.1,""_id"":""69bf333c24a0f4fafcaca41d""},{""x"":0.4605,""y"":0.9355,""tSec"":9.15,""_id"":""69bf333c24a0f4fafcaca41e""},{""x"":0.45,""y"":0.9358,""tSec"":9.2,""_id"":""69bf333c24a0f4fafcaca41f""},{""x"":0.4396,""y"":0.9358,""tSec"":9.2,""_id"":""69bf333c24a0f4fafcaca420""},{""x"":0.4322,""y"":0.9358,""tSec"":9.25,""_id"":""69bf333c24a0f4fafcaca421""},{""x"":0.4198,""y"":0.9358,""tSec"":9.3,""_id"":""69bf333c24a0f4fafcaca422""},{""x"":0.4121,""y"":0.9358,""tSec"":9.3,""_id"":""69bf333c24a0f4fafcaca423""},{""x"":0.4021,""y"":0.9358,""tSec"":9.35,""_id"":""69bf333c24a0f4fafcaca424""},{""x"":0.3909,""y"":0.9368,""tSec"":9.4,""_id"":""69bf333c24a0f4fafcaca425""},{""x"":0.3811,""y"":0.9379,""tSec"":9.45,""_id"":""69bf333c24a0f4fafcaca426""},{""x"":0.3707,""y"":0.938,""tSec"":9.5,""_id"":""69bf333c24a0f4fafcaca427""},{""x"":0.3611,""y"":0.938,""tSec"":9.55,""_id"":""69bf333c24a0f4fafcaca428""},{""x"":0.3515,""y"":0.938,""tSec"":9.6,""_id"":""69bf333c24a0f4fafcaca429""},{""x"":0.3442,""y"":0.938,""tSec"":9.65,""_id"":""69bf333c24a0f4fafcaca42a""},{""x"":0.3365,""y"":0.938,""tSec"":9.7,""_id"":""69bf333c24a0f4fafcaca42b""},{""x"":0.3271,""y"":0.9361,""tSec"":9.75,""_id"":""69bf333c24a0f4fafcaca42c""},{""x"":0.3198,""y"":0.935,""tSec"":9.8,""_id"":""69bf333c24a0f4fafcaca42d""},{""x"":0.3113,""y"":0.9348,""tSec"":9.85,""_id"":""69bf333c24a0f4fafcaca42e""},{""x"":0.3026,""y"":0.9348,""tSec"":9.95,""_id"":""69bf333c24a0f4fafcaca42f""},{""x"":0.2947,""y"":0.9348,""tSec"":10,""_id"":""69bf333c24a0f4fafcaca430""},{""x"":0.286,""y"":0.9348,""tSec"":10.05,""_id"":""69bf333c24a0f4fafcaca431""},{""x"":0.2781,""y"":0.9348,""tSec"":10.1,""_id"":""69bf333c24a0f4fafcaca432""},{""x"":0.2695,""y"":0.9348,""tSec"":10.15,""_id"":""69bf333c24a0f4fafcaca433""},{""x"":0.2616,""y"":0.9348,""tSec"":10.2,""_id"":""69bf333c24a0f4fafcaca434""},{""x"":0.2537,""y"":0.9348,""tSec"":10.3,""_id"":""69bf333c24a0f4fafcaca435""},{""x"":0.2459,""y"":0.9338,""tSec"":10.4,""_id"":""69bf333c24a0f4fafcaca436""},{""x"":0.2419,""y"":0.928,""tSec"":11.05,""_id"":""69bf333c24a0f4fafcaca437""}],""shotMarkers"":[{""x"":0.2419,""y"":0.928,""tSec"":14.9,""_id"":""69bf333c24a0f4fafcaca438""}],""fingerprint"":""058f7e2a"",""_id"":""69bf333c24a0f4fafcaca3ce""}",left,5.0,0.0,0.0,0.0,0.0,None,0.0,None,False,good,78.15,13.0,78.15,0.0,0.0,0.0,0.0,0.0,0.0,,True,34,2.6,3,0.75,0.0,0.0,1.4,1.2,0.0,0.0,0.0,False,blue_3,Joaquin,2.85,15.63,18,0.555,0.0,3.4,2.4,3.0,1.05,5.78,0.0,294,17.0,12.0,15.0,5.25,28.9,78.15,0.0,None,21
"{""totalSec"":163,""autoEndSec"":20,""delayEndSec"":23,""intervals"":[],""_id"":""69bf334924a0f4fafcaca475""}",0.0,"{""alliance"":""red"",""startPosition"":""right"",""points"":[{""x"":0.69,""y"":0.67,""tSec"":14.1,""_id"":""69bf334924a0f4fafcaca454""},{""x"":0.6738,""y"":0.6716,""tSec"":14.2,""_id"":""69bf334924a0f4fafcaca455""},{""x"":0.658,""y"":0.6718,""tSec"":14.25,""_id"":""69bf334924a0f4fafcaca456""},{""x"":0.6508,""y"":0.6718,""tSec"":14.3,""_id"":""69bf334924a0f4fafcaca457""},{""x"":0.6468,""y"":0.6794,""tSec"":14.35,""_id"":""69bf334924a0f4fafcaca458""},{""x"":0.6441,""y"":0.7013,""tSec"":14.4,""_id"":""69bf334924a0f4fafcaca459""},{""x"":0.6437,""y"":0.7287,""tSec"":14.45,""_id"":""69bf334924a0f4fafcaca45a""},{""x"":0.6445,""y"":0.7396,""tSec"":14.45,""_id"":""69bf334924a0f4fafcaca45b""},{""x"":0.6469,""y"":0.7466,""tSec"":14.5,""_id"":""69bf334924a0f4fafcaca45c""},{""x"":0.6564,""y"":0.7504,""tSec"":14.55,""_id"":""69bf334924a0f4fafcaca45d""},{""x"":0.6644,""y"":0.746,""tSec"":14.6,""_id"":""69bf334924a0f4fafcaca45e""},{""x"":0.673,""y"":0.7398,""tSec"":14.6,""_id"":""69bf334924a0f4fafcaca45f""},{""x"":0.6786,""y"":0.7352,""tSec"":14.65,""_id"":""69bf334924a0f4fafcaca460""},{""x"":0.6832,""y"":0.729,""tSec"":14.65,""_id"":""69bf334924a0f4fafcaca461""},{""x"":0.6876,""y"":0.7235,""tSec"":14.7,""_id"":""69bf334924a0f4fafcaca462""},{""x"":0.6919,""y"":0.7171,""tSec"":14.7,""_id"":""69bf334924a0f4fafcaca463""},{""x"":0.6963,""y"":0.7116,""tSec"":14.75,""_id"":""69bf334924a0f4fafcaca464""},{""x"":0.7014,""y"":0.7052,""tSec"":14.8,""_id"":""69bf334924a0f4fafcaca465""},{""x"":0.7066,""y"":0.6987,""tSec"":14.8,""_id"":""69bf334924a0f4fafcaca466""},{""x"":0.7118,""y"":0.6922,""tSec"":14.85,""_id"":""69bf334924a0f4fafcaca467""},{""x"":0.7163,""y"":0.6847,""tSec"":14.9,""_id"":""69bf334924a0f4fafcaca468""},{""x"":0.713,""y"":0.6781,""tSec"":15.1,""_id"":""69bf334924a0f4fafcaca469""},{""x"":0.7072,""y"":0.6716,""tSec"":15.2,""_id"":""69bf334924a0f4fafcaca46a""},{""x"":0.7142,""y"":0.6727,""tSec"":15.45,""_id"":""69bf334924a0f4fafcaca46b""},{""x"":0.7166,""y"":0.6804,""tSec"":16.15,""_id"":""69bf334924a0f4fafcaca46c""},{""x"":0.7207,""y"":0.6747,""tSec"":16.65,""_id"":""69bf334924a0f4fafcaca46d""},{""x"":0.7235,""y"":0.6969,""tSec"":17.9,""_id"":""69bf334924a0f4fafcaca46e""},{""x"":0.7162,""y"":0.6986,""tSec"":18,""_id"":""69bf334924a0f4fafcaca46f""},{""x"":0.7092,""y"":0.7064,""tSec"":18.05,""_id"":""69bf334924a0f4fafcaca470""},{""x"":0.7075,""y"":0.7141,""tSec"":18.15,""_id"":""69bf334924a0f4fafcaca471""},{""x"":0.7119,""y"":0.7083,""tSec"":18.55,""_id"":""69bf334924a0f4fafcaca472""},{""x"":0.7148,""y"":0.7019,""tSec"":18.65,""_id"":""69bf334924a0f4fafcaca473""}],""shotMarkers"":[{""x"":0.7207,""y"":0.6747,""tSec"":17.2,""_id"":""69bf334924a0f4fafcaca474""}],""fingerprint"":""caa4ae71"",""_id"":""69bf334924a0f4fafcaca453""}",right,5.0,0.0,0.0,1.0,0.0,comms,1.0,None,False,ok,0.0,0.0,0.0,0.0,0.0,0.0,0.0,0.0,0.0,Robot could not move for the duration of the match.,False,34,0.0,0,0.0,0.0,0.0,0.0,0.0,0.0,0.0,0.0,False,red_1,Aiden Chang,0.0,0.0,0,0.0,0.0,0.0,0.0,0.0,0.0,0.0,0.0,9505,0.0,0.0,0.0,0.0,0.0,0.0,0.0,None,0
"{""totalSec"":163,""autoEndSec"":20,""delayEndSec"":23,""intervals"":[{""action"":""shoot"",""startSec"":24.9,""endSec"":26.95,""durationSec"":2.05,""_id"":""69bf339424a0f4fafcaca486""},{""action"":""shoot"",""startSec"":31.7,""endSec"":32.4,""durationSec"":0.7,""_id"":""69bf339424a0f4fafcaca487""},{""action"":""shoot"",""startSec"":45.5,""endSec"":46.8,""durationSec"":1.3,""_id"":""69bf339424a0f4fafcaca488""},{""action"":""shoot"",""startSec"":69.85,""endSec"":70.51,""durationSec"":0.66,""_id"":""69bf339424a0f4fafcaca489""}],""_id"":""69bf339424a0f4fafcaca485""}",0.0,"{""alliance"":""red"",""startPosition"":""left"",""points"":[{""x"":0.69,""y"":0.33,""tSec"":2.6,""_id"":""69bf339424a0f4fafcaca47d""},{""x"":0.6862,""y"":0.3153,""tSec"":2.6,""_id"":""69bf339424a0f4fafcaca47e""},{""x"":0.6957,""y"":0.2859,""tSec"":2.65,""_id"":""69bf339424a0f4fafcaca47f""},{""x"":0.6923,""y"":0.1814,""tSec"":2.7,""_id"":""69bf339424a0f4fafcaca480""},{""x"":0.6865,""y"":0.1489,""tSec"":2.7,""_id"":""69bf339424a0f4fafcaca481""},{""x"":0.6582,""y"":0.0973,""tSec"":2.75,""_id"":""69bf339424a0f4fafcaca482""},{""x"":0.5836,""y"":0.0654,""tSec"":2.8,""_id"":""69bf339424a0f4fafcaca483""},{""x"":0.5486,""y"":0.075,""tSec"":2.85,""_id"":""69bf339424a0f4fafcaca484""}],""shotMarkers"":[],""fingerprint"":""e13ce4db"",""_id"":""69bf339424a0f4fafcaca47c""}",left,5.0,0.0,0.0,0.0,0.0,stuck,0.0,None,False,ok,23.55,0.0,23.55,0.0,0.0,0.0,0.0,0.0,0.0,Started late so it's a bit off,True,34,0.0,0,0.0,0.0,0.0,0.0,0.0,0.0,0.0,0.0,False,red_3,Quinn,13.8,4.71,4,1.0,0.0,0.0,4.05,0.66,0.0,0.0,0.0,980,0.0,20.25,3.3,0.0,0.0,23.55,0.0,None,4
"{""totalSec"":163,""autoEndSec"":20,""delayEndSec"":23,""intervals"":[{""action"":""shoot"",""startSec"":9.99,""endSec"":11.61,""durationSec"":1.62,""_id"":""69bf33a424a0f4fafcaca491""},{""action"":""shoot"",""startSec"":23.42,""endSec"":25.5,""durationSec"":2.08,""_id"":""69bf33a424a0f4fafcaca492""},{""action"":""shoot"",""startSec"":40.81,""endSec"":42.56,""durationSec"":1.75,""_id"":""69bf33a424a0f4fafcaca493""},{""action"":""shoot"",""startSec"":79.89,""endSec"":82.19,""durationSec"":2.3,""_id"":""69bf33a424a0f4fafcaca494""},{""action"":""shoot"",""startSec"":93.28,""endSec"":95.48,""durationSec"":2.2,""_id"":""69bf33a424a0f4fafcaca495""},{""action"":""shoot"",""startSec"":134.18,""endSec"":137.48,""durationSec"":3.3,""_id"":""69bf33a424a0f4fafcaca496""},{""action"":""shoot"",""startSec"":144.08,""endSec"":147.68,""durationSec"":3.6,""_id"":""69bf33a424a0f4fafcaca497""},{""action"":""shoot"",""startSec"":154.92,""endSec"":155.02,""durationSec"":0.1,""_id"":""69bf33a424a0f4fafcaca498""},{""action"":""shoot"",""startSec"":155.37,""endSec"":161.95,""durationSec"":6.58,""_id"":""69bf33a424a0f4fafcaca499""}],""_id"":""69bf33a424a0f4fafcaca490""}",8.1,{},,5.0,0.0,0.0,0.0,0.0,None,0.0,None,False,great,117.65,0.0,117.65,0.0,0.0,0.0,0.0,0.0,0.0,Please make the buttons bigger I can't press them and they don't respond well and I don't think this is very accurate and it was confusing  :(,True,34,0.0,0,0.0,0.0,0.0,0.0,0.0,0.0,0.0,0.0,False,blue_2,Randy,13.41,23.53,9,2.2,1.62,13.58,3.83,0.0,4.5,0.0,0.0,3476,67.9,19.15,0.0,22.5,0.0,109.55000000000001,0.0,None,9
"{""totalSec"":163,""autoEndSec"":20,""delayEndSec"":23,""intervals"":[{""action"":""shoot"",""startSec"":30.89,""endSec"":31.59,""durationSec"":0.7,""_id"":""69bf33d124a0f4fafcaca4a3""},{""action"":""shoot"",""startSec"":84.39,""endSec"":84.61,""durationSec"":0.22,""_id"":""69bf33d124a0f4fafcaca4a4""},{""action"":""shoot"",""startSec"":93.94,""endSec"":94.89,""durationSec"":0.95,""_id"":""69bf33d124a0f4fafcaca4a5""},{""action"":""shoot"",""startSec"":127.94,""endSec"":128.84,""durationSec"":0.9,""_id"":""69bf33d124a0f4fafcaca4a6""}],""_id"":""69bf33d124a0f4fafcaca4a2""}",0.0,"{""alliance"":""red"",""startPosition"":""right"",""points"":[{""x"":0.69,""y"":0.67,""tSec"":1.35,""_id"":""69bf33d124a0f4fafcaca4a0""},{""x"":0.6914,""y"":0.6868,""tSec"":1.35,""_id"":""69bf33d124a0f4fafcaca4a1""}],""shotMarkers"":[],""fingerprint"":""8290b571"",""_id"":""69bf33d124a0f4fafcaca49f""}",right,5.0,0.0,0.0,0.0,0.0,None,0.0,None,False,ok,13.85,0.0,13.85,0.0,0.0,0.0,0.0,0.0,0.0,,True,34,0.0,0,0.0,0.0,0.0,0.0,0.0,0.0,0.0,0.0,False,red_2,Andy,34.0,2.77,4,0.8,0.0,0.0,0.7,0.0,1.17,0.9,0.0,7042,0.0,3.5,0.0,5.85,4.5,13.85,0.0,None,4
"{""totalSec"":163,""autoEndSec"":20,""delayEndSec"":23,""intervals"":[{""action"":""pass"",""startSec"":35.83,""endSec"":36.54,""durationSec"":0.71,""_id"":""69bf35bb24a0f4fafcaca4bc""},{""action"":""shoot"",""startSec"":62.58,""endSec"":63.03,""durationSec"":0.45,""_id"":""69bf35bb24a0f4fafcaca4bd""},{""action"":""pass"",""startSec"":64.18,""endSec"":64.89,""durationSec"":0.71,""_id"":""69bf35bb24a0f4fafcaca4be""},{""action"":""pass"",""startSec"":65.53,""endSec"":66.18,""durationSec"":0.65,""_id"":""69bf35bb24a0f4fafcaca4bf""},{""action"":""pass"",""startSec"":67.33,""endSec"":67.38,""durationSec"":0.05,""_id"":""69bf35bb24a0f4fafcaca4c0""},{""action"":""pass"",""startSec"":77.93,""endSec"":78.18,""durationSec"":0.25,""_id"":""69bf35bb24a0f4fafcaca4c1""},{""action"":""shoot"",""startSec"":91.53,""endSec"":92.79,""durationSec"":1.26,""_id"":""69bf35bb24a0f4fafcaca4c2""},{""action"":""shoot"",""startSec"":93.63,""endSec"":96.68,""durationSec"":3.05,""_id"":""69bf35bb24a0f4fafcaca4c3""},{""action"":""shoot"",""startSec"":100.58,""endSec"":100.64,""durationSec"":0.06,""_id"":""69bf35bb24a0f4fafcaca4c4""},{""action"":""shoot"",""startSec"":111.63,""endSec"":111.83,""durationSec"":0.2,""_id"":""69bf35bb24a0f4fafcaca4c5""},{""action"":""shoot"",""startSec"":113.48,""endSec"":114.33,""durationSec"":0.85,""_id"":""69bf35bb24a0f4fafcaca4c6""},{""action"":""shoot"",""startSec"":139.43,""endSec"":139.88,""durationSec"":0.45,""_id"":""69bf35bb24a0f4fafcaca4c7""},{""action"":""shoot"",""startSec"":140.88,""endSec"":142.38,""durationSec"":1.5,""_id"":""69bf35bb24a0f4fafcaca4c8""},{""action"":""shoot"",""startSec"":147.33,""endSec"":150.49,""durationSec"":3.16,""_id"":""69bf35bb24a0f4fafcaca4c9""},{""action"":""shoot"",""startSec"":159.88,""endSec"":160.08,""durationSec"":0.2,""_id"":""69bf35bb24a0f4fafcaca4ca""},{""action"":""shoot"",""startSec"":161.63,""endSec"":162.93,""durationSec"":1.3,""_id"":""69bf35bb24a0f4fafcaca4cb""}],""_id"":""69bf35bb24a0f4fafcaca4bb""}",0.0,"{""alliance"":""blue"",""startPosition"":""center"",""points"":[{""x"":0.34,""y"":0.5,""tSec"":9.95,""_id"":""69bf35bb24a0f4fafcaca4ad""},{""x"":0.3428,""y"":0.5261,""tSec"":9.95,""_id"":""69bf35bb24a0f4fafcaca4ae""},{""x"":0.3394,""y"":0.5482,""tSec"":11.2,""_id"":""69bf35bb24a0f4fafcaca4af""},{""x"":0.3382,""y"":0.5385,""tSec"":11.25,""_id"":""69bf35bb24a0f4fafcaca4b0""},{""x"":0.3349,""y"":0.5288,""tSec"":11.3,""_id"":""69bf35bb24a0f4fafcaca4b1""},{""x"":0.33,""y"":0.522,""tSec"":11.35,""_id"":""69bf35bb24a0f4fafcaca4b2""},{""x"":0.3224,""y"":0.5146,""tSec"":11.35,""_id"":""69bf35bb24a0f4fafcaca4b3""},{""x"":0.3154,""y"":0.508,""tSec"":11.4,""_id"":""69bf35bb24a0f4fafcaca4b4""},{""x"":0.3099,""y"":0.5016,""tSec"":11.4,""_id"":""69bf35bb24a0f4fafcaca4b5""},{""x"":0.3039,""y"":0.4951,""tSec"":11.45,""_id"":""69bf35bb24a0f4fafcaca4b6""},{""x"":0.2971,""y"":0.4905,""tSec"":11.5,""_id"":""69bf35bb24a0f4fafcaca4b7""},{""x"":0.2887,""y"":0.4862,""tSec"":11.5,""_id"":""69bf35bb24a0f4fafcaca4b8""},{""x"":0.2807,""y"":0.4829,""tSec"":11.55,""_id"":""69bf35bb24a0f4fafcaca4b9""},{""x"":0.2698,""y"":0.4796,""tSec"":11.6,""_id"":""69bf35bb24a0f4fafcaca4ba""}],""shotMarkers"":[],""fingerprint"":""cf8144c6"",""_id"":""69bf35bb24a0f4fafcaca4ac""}",center,5.0,0.0,0.0,0.0,0.0,None,0.0,None,False,ok,62.4,11.85,62.4,0.0,0.0,0.0,0.0,0.0,0.0,Their intake fell off a bit,True,35,2.37,5,0.65,0.0,0.0,0.71,1.48,0.18,0.0,0.0,False,blue_1,William,6.7,12.48,11,0.85,0.0,6.61,0.0,0.45,4.37,1.05,0.0,2710,33.05,0.0,2.25,21.85,5.25,62.4,0.0,None,16
"{""totalSec"":163,""autoEndSec"":20,""delayEndSec"":23,""intervals"":[{""action"":""shoot"",""startSec"":45.3,""endSec"":47.3,""durationSec"":2,""_id"":""69bf35db24a0f4fafcaca4f6""},{""action"":""shoot"",""startSec"":80.95,""endSec"":84.15,""durationSec"":3.2,""_id"":""69bf35db24a0f4fafcaca4f7""},{""action"":""shoot"",""startSec"":102.35,""endSec"":105.15,""durationSec"":2.8,""_id"":""69bf35db24a0f4fafcaca4f8""},{""action"":""shoot"",""startSec"":106.3,""endSec"":107.05,""durationSec"":0.75,""_id"":""69bf35db24a0f4fafcaca4f9""},{""action"":""shoot"",""startSec"":134.8,""endSec"":140.05,""durationSec"":5.25,""_id"":""69bf35db24a0f4fafcaca4fa""},{""action"":""shoot"",""startSec"":144,""endSec"":146.36,""durationSec"":2.36,""_id"":""69bf35db24a0f4fafcaca4fb""}],""_id"":""69bf35db24a0f4fafcaca4f5""}",0.0,"{""alliance"":""blue"",""startPosition"":""right"",""points"":[{""x"":0.34,""y"":0.33,""tSec"":0.9,""_id"":""69bf35db24a0f4fafcaca4d4""},{""x"":0.3337,""y"":0.3384,""tSec"":0.9,""_id"":""69bf35db24a0f4fafcaca4d5""},{""x"":0.3329,""y"":0.3744,""tSec"":1.7,""_id"":""69bf35db24a0f4fafcaca4d6""},{""x"":0.3251,""y"":0.3787,""tSec"":1.85,""_id"":""69bf35db24a0f4fafcaca4d7""},{""x"":0.3181,""y"":0.3811,""tSec"":1.85,""_id"":""69bf35db24a0f4fafcaca4d8""},{""x"":0.3088,""y"":0.3814,""tSec"":1.9,""_id"":""69bf35db24a0f4fafcaca4d9""},{""x"":0.2992,""y"":0.3824,""tSec"":1.95,""_id"":""69bf35db24a0f4fafcaca4da""},{""x"":0.2912,""y"":0.3825,""tSec"":2,""_id"":""69bf35db24a0f4fafcaca4db""},{""x"":0.2841,""y"":0.3843,""tSec"":2.05,""_id"":""69bf35db24a0f4fafcaca4dc""},{""x"":0.2756,""y"":0.3883,""tSec"":2.15,""_id"":""69bf35db24a0f4fafcaca4dd""},{""x"":0.2669,""y"":0.3955,""tSec"":2.2,""_id"":""69bf35db24a0f4fafcaca4de""},{""x"":0.2597,""y"":0.4039,""tSec"":2.25,""_id"":""69bf35db24a0f4fafcaca4df""},{""x"":0.2504,""y"":0.4134,""tSec"":2.3,""_id"":""69bf35db24a0f4fafcaca4e0""},{""x"":0.2447,""y"":0.4193,""tSec"":2.3,""_id"":""69bf35db24a0f4fafcaca4e1""},{""x"":0.2394,""y"":0.4248,""tSec"":2.35,""_id"":""69bf35db24a0f4fafcaca4e2""},{""x"":0.2318,""y"":0.433,""tSec"":2.4,""_id"":""69bf35db24a0f4fafcaca4e3""},{""x"":0.2248,""y"":0.4386,""tSec"":2.45,""_id"":""69bf35db24a0f4fafcaca4e4""},{""x"":0.2164,""y"":0.4384,""tSec"":2.55,""_id"":""69bf35db24a0f4fafcaca4e5""},{""x"":0.21,""y"":0.4327,""tSec"":2.6,""_id"":""69bf35db24a0f4fafcaca4e6""},{""x"":0.2045,""y"":0.4282,""tSec"":2.7,""_id"":""69bf35db24a0f4fafcaca4e7""},{""x"":0.197,""y"":0.4249,""tSec"":2.8,""_id"":""69bf35db24a0f4fafcaca4e8""},{""x"":0.1893,""y"":0.4216,""tSec"":2.85,""_id"":""69bf35db24a0f4fafcaca4e9""},{""x"":0.1806,""y"":0.4193,""tSec"":2.95,""_id"":""69bf35db24a0f4fafcaca4ea""},{""x"":0.1727,""y"":0.4182,""tSec"":3.05,""_id"":""69bf35db24a0f4fafcaca4eb""},{""x"":0.1656,""y"":0.4171,""tSec"":3.1,""_id"":""69bf35db24a0f4fafcaca4ec""},{""x"":0.1571,""y"":0.416,""tSec"":3.2,""_id"":""69bf35db24a0f4fafcaca4ed""},{""x"":0.15,""y"":0.4149,""tSec"":3.3,""_id"":""69bf35db24a0f4fafcaca4ee""},{""x"":0.143,""y"":0.4138,""tSec"":3.35,""_id"":""69bf35db24a0f4fafcaca4ef""},{""x"":0.136,""y"":0.4137,""tSec"":3.45,""_id"":""69bf35db24a0f4fafcaca4f0""},{""x"":0.1283,""y"":0.4137,""tSec"":3.55,""_id"":""69bf35db24a0f4fafcaca4f1""},{""x"":0.1204,""y"":0.4137,""tSec"":3.65,""_id"":""69bf35db24a0f4fafcaca4f2""},{""x"":0.1126,""y"":0.4137,""tSec"":3.8,""_id"":""69bf35db24a0f4fafcaca4f3""},{""x"":0.1055,""y"":0.4118,""tSec"":4.2,""_id"":""69bf35db24a0f4fafcaca4f4""}],""shotMarkers"":[],""fingerprint"":""5d3cfa5f"",""_id"":""69bf35db24a0f4fafcaca4d3""}",right,5.0,0.0,0.0,0.0,0.0,None,0.0,None,False,ok,81.8,0.0,81.8,0.0,0.0,0.0,0.0,0.0,0.0,Auto problems I think,True,35,0.0,0,0.0,0.0,0.0,0.0,0.0,0.0,0.0,0.0,False,blue_3,Joaquin,21.4,16.36,6,2.58,0.0,7.61,2.0,0.0,6.0,0.75,0.0,4,38.05,10.0,0.0,30.0,3.75,81.8,0.0,None,6
"{""totalSec"":163,""autoEndSec"":20,""delayEndSec"":23,""intervals"":[],""_id"":""69bf35ee24a0f4fafcaca501""}",0.0,{},,5.0,0.0,0.0,1.0,0.0,comms,1.0,None,False,ok,0.0,0.0,0.0,0.0,0.0,0.0,0.0,0.0,0.0,Robot struggled to move most of the match.,False,35,0.0,0,0.0,0.0,0.0,0.0,0.0,0.0,0.0,0.0,False,red_1,Aiden Chang,0.0,0.0,0,0.0,0.0,0.0,0.0,0.0,0.0,0.0,0.0,6000,0.0,0.0,0.0,0.0,0.0,0.0,0.0,None,0
"{""totalSec"":163,""autoEndSec"":20,""delayEndSec"":23,""intervals"":[],""_id"":""69bf360724a0f4fafcaca508""}",0.0,{},left,5.0,0.0,0.0,0.0,0.0,stuck,0.0,None,False,rough,0.0,0.0,0.0,0.0,0.0,0.0,0.0,0.0,0.0,Unable to move for most of match,False,35,0.0,0,0.0,0.0,0.0,0.0,0.0,0.0,0.0,0.0,False,red_3,Quinn,0.0,0.0,0,0.0,0.0,0.0,0.0,0.0,0.0,0.0,0.0,9696,0.0,0.0,0.0,0.0,0.0,0.0,0.0,None,0
"{""totalSec"":163,""autoEndSec"":20,""delayEndSec"":23,""intervals"":[{""action"":""shoot"",""startSec"":63.65,""endSec"":65.3,""durationSec"":1.65,""_id"":""69bf361424a0f4fafcaca553""},{""action"":""shoot"",""startSec"":81.4,""endSec"":82.53,""durationSec"":1.13,""_id"":""69bf361424a0f4fafcaca554""},{""action"":""shoot"",""startSec"":111.5,""endSec"":112.6,""durationSec"":1.1,""_id"":""69bf361424a0f4fafcaca555""},{""action"":""shoot"",""startSec"":113.4,""endSec"":114.5,""durationSec"":1.1,""_id"":""69bf361424a0f4fafcaca556""},{""action"":""shoot"",""startSec"":127.65,""endSec"":128.86,""durationSec"":1.21,""_id"":""69bf361424a0f4fafcaca557""},{""action"":""shoot"",""startSec"":134.35,""endSec"":134.65,""durationSec"":0.3,""_id"":""69bf361424a0f4fafcaca558""},{""action"":""shoot"",""startSec"":143.25,""endSec"":143.45,""durationSec"":0.2,""_id"":""69bf361424a0f4fafcaca559""}],""_id"":""69bf361424a0f4fafcaca552""}",0.0,"{""alliance"":""red"",""startPosition"":""center"",""points"":[{""x"":0.69,""y"":0.5,""tSec"":1.7,""_id"":""69bf361424a0f4fafcaca50e""},{""x"":0.6968,""y"":0.5224,""tSec"":1.7,""_id"":""69bf361424a0f4fafcaca50f""},{""x"":0.706,""y"":0.5328,""tSec"":14.2,""_id"":""69bf361424a0f4fafcaca510""},{""x"":0.7087,""y"":0.5244,""tSec"":14.3,""_id"":""69bf361424a0f4fafcaca511""},{""x"":0.7144,""y"":0.5025,""tSec"":14.3,""_id"":""69bf361424a0f4fafcaca512""},{""x"":0.7381,""y"":0.4265,""tSec"":14.35,""_id"":""69bf361424a0f4fafcaca513""},{""x"":0.7447,""y"":0.404,""tSec"":14.35,""_id"":""69bf361424a0f4fafcaca514""},{""x"":0.7562,""y"":0.3622,""tSec"":14.4,""_id"":""69bf361424a0f4fafcaca515""},{""x"":0.7683,""y"":0.3047,""tSec"":14.45,""_id"":""69bf361424a0f4fafcaca516""},{""x"":0.7836,""y"":0.2596,""tSec"":14.5,""_id"":""69bf361424a0f4fafcaca517""},{""x"":0.8092,""y"":0.2285,""tSec"":14.55,""_id"":""69bf361424a0f4fafcaca518""},{""x"":0.8368,""y"":0.2067,""tSec"":14.6,""_id"":""69bf361424a0f4fafcaca519""},{""x"":0.8555,""y"":0.1964,""tSec"":14.6,""_id"":""69bf361424a0f4fafcaca51a""},{""x"":0.8784,""y"":0.1904,""tSec"":14.65,""_id"":""69bf361424a0f4fafcaca51b""},{""x"":0.8904,""y"":0.1887,""tSec"":14.65,""_id"":""69bf361424a0f4fafcaca51c""},{""x"":0.901,""y"":0.1876,""tSec"":14.7,""_id"":""69bf361424a0f4fafcaca51d""},{""x"":0.9099,""y"":0.1856,""tSec"":14.7,""_id"":""69bf361424a0f4fafcaca51e""},{""x"":0.9171,""y"":0.1844,""tSec"":14.75,""_id"":""69bf361424a0f4fafcaca51f""},{""x"":0.931,""y"":0.1813,""tSec"":14.75,""_id"":""69bf361424a0f4fafcaca520""},{""x"":0.9442,""y"":0.1781,""tSec"":14.8,""_id"":""69bf361424a0f4fafcaca521""},{""x"":0.9542,""y"":0.1748,""tSec"":14.8,""_id"":""69bf361424a0f4fafcaca522""},{""x"":0.9685,""y"":0.1707,""tSec"":14.85,""_id"":""69bf361424a0f4fafcaca523""},{""x"":0.977,""y"":0.1674,""tSec"":14.9,""_id"":""69bf361424a0f4fafcaca524""},{""x"":0.9758,""y"":0.1993,""tSec"":17.6,""_id"":""69bf361424a0f4fafcaca525""},{""x"":0.9688,""y"":0.1994,""tSec"":17.7,""_id"":""69bf361424a0f4fafcaca526""},{""x"":0.9587,""y"":0.1994,""tSec"":17.7,""_id"":""69bf361424a0f4fafcaca527""},{""x"":0.946,""y"":0.2003,""tSec"":17.75,""_id"":""69bf361424a0f4fafcaca528""},{""x"":0.9368,""y"":0.2023,""tSec"":17.75,""_id"":""69bf361424a0f4fafcaca529""},{""x"":0.9188,""y"":0.2063,""tSec"":17.75,""_id"":""69bf361424a0f4fafcaca52a""},{""x"":0.9037,""y"":0.2107,""tSec"":17.8,""_id"":""69bf361424a0f4fafcaca52b""},{""x"":0.8965,""y"":0.2131,""tSec"":17.8,""_id"":""69bf361424a0f4fafcaca52c""},{""x"":0.8872,""y"":0.2153,""tSec"":17.8,""_id"":""69bf361424a0f4fafcaca52d""},{""x"":0.8799,""y"":0.2193,""tSec"":17.85,""_id"":""69bf361424a0f4fafcaca52e""},{""x"":0.8668,""y"":0.2294,""tSec"":17.9,""_id"":""69bf361424a0f4fafcaca52f""},{""x"":0.8506,""y"":0.2478,""tSec"":17.9,""_id"":""69bf361424a0f4fafcaca530""},{""x"":0.8395,""y"":0.2614,""tSec"":17.95,""_id"":""69bf361424a0f4fafcaca531""},{""x"":0.8305,""y"":0.2745,""tSec"":17.95,""_id"":""69bf361424a0f4fafcaca532""},{""x"":0.8233,""y"":0.2856,""tSec"":18,""_id"":""69bf361424a0f4fafcaca533""},{""x"":0.8156,""y"":0.2984,""tSec"":18,""_id"":""69bf361424a0f4fafcaca534""},{""x"":0.8069,""y"":0.3113,""tSec"":18.05,""_id"":""69bf361424a0f4fafcaca535""},{""x"":0.7982,""y"":0.3253,""tSec"":18.05,""_id"":""69bf361424a0f4fafcaca536""},{""x"":0.7895,""y"":0.3384,""tSec"":18.05,""_id"":""69bf361424a0f4fafcaca537""},{""x"":0.7847,""y"":0.3457,""tSec"":18.1,""_id"":""69bf361424a0f4fafcaca538""},{""x"":0.7764,""y"":0.359,""tSec"":18.1,""_id"":""69bf361424a0f4fafcaca539""},{""x"":0.7678,""y"":0.3749,""tSec"":18.15,""_id"":""69bf361424a0f4fafcaca53a""},{""x"":0.7629,""y"":0.3834,""tSec"":18.15,""_id"":""69bf361424a0f4fafcaca53b""},{""x"":0.7554,""y"":0.3978,""tSec"":18.15,""_id"":""69bf361424a0f4fafcaca53c""},{""x"":0.7484,""y"":0.4139,""tSec"":18.2,""_id"":""69bf361424a0f4fafcaca53d""},{""x"":0.7422,""y"":0.4311,""tSec"":18.2,""_id"":""69bf361424a0f4fafcaca53e""},{""x"":0.7383,""y"":0.4465,""tSec"":18.25,""_id"":""69bf361424a0f4fafcaca53f""},{""x"":0.7364,""y"":0.4541,""tSec"":18.25,""_id"":""69bf361424a0f4fafcaca540""},{""x"":0.7338,""y"":0.474,""tSec"":18.25,""_id"":""69bf361424a0f4fafcaca541""},{""x"":0.7327,""y"":0.4821,""tSec"":18.3,""_id"":""69bf361424a0f4fafcaca542""},{""x"":0.7318,""y"":0.4945,""tSec"":18.3,""_id"":""69bf361424a0f4fafcaca543""},{""x"":0.7309,""y"":0.5017,""tSec"":18.3,""_id"":""69bf361424a0f4fafcaca544""},{""x"":0.7301,""y"":0.514,""tSec"":18.35,""_id"":""69bf361424a0f4fafcaca545""},{""x"":0.7292,""y"":0.5261,""tSec"":18.4,""_id"":""69bf361424a0f4fafcaca546""},{""x"":0.7291,""y"":0.5389,""tSec"":18.4,""_id"":""69bf361424a0f4fafcaca547""},{""x"":0.7291,""y"":0.5471,""tSec"":18.45,""_id"":""69bf361424a0f4fafcaca548""},{""x"":0.7291,""y"":0.5567,""tSec"":18.45,""_id"":""69bf361424a0f4fafcaca549""},{""x"":0.7283,""y"":0.5683,""tSec"":18.5,""_id"":""69bf361424a0f4fafcaca54a""},{""x"":0.7275,""y"":0.5783,""tSec"":18.55,""_id"":""69bf361424a0f4fafcaca54b""},{""x"":0.7274,""y"":0.5871,""tSec"":18.6,""_id"":""69bf361424a0f4fafcaca54c""},{""x"":0.7266,""y"":0.5948,""tSec"":18.6,""_id"":""69bf361424a0f4fafcaca54d""},{""x"":0.7265,""y"":0.6044,""tSec"":18.65,""_id"":""69bf361424a0f4fafcaca54e""},{""x"":0.7265,""y"":0.6121,""tSec"":18.7,""_id"":""69bf361424a0f4fafcaca54f""},{""x"":0.7242,""y"":0.6188,""tSec"":18.9,""_id"":""69bf361424a0f4fafcaca550""}],""shotMarkers"":[{""x"":0.6968,""y"":0.5224,""tSec"":5.55,""_id"":""69bf361424a0f4fafcaca551""}],""fingerprint"":""d3de600a"",""_id"":""69bf361424a0f4fafcaca50d""}",center,5.0,0.0,0.0,0.0,0.0,None,0.0,None,False,ok,33.45,0.0,33.45,0.0,0.0,0.0,0.0,0.0,0.0,,True,35,0.0,0,0.0,0.0,0.0,0.0,0.0,0.0,0.0,0.0,False,red_2,Andy,11.575,6.69,7,1.1,0.0,0.5,0.0,1.65,1.13,3.41,0.0,1515,2.5,0.0,8.25,5.65,17.05,33.45,0.0,None,7
"{""totalSec"":163,""autoEndSec"":20,""delayEndSec"":23,""intervals"":[{""action"":""shoot"",""startSec"":34.05,""endSec"":34.2,""durationSec"":0.15,""_id"":""69bf363724a0f4fafcaca560""},{""action"":""shoot"",""startSec"":46.32,""endSec"":46.62,""durationSec"":0.3,""_id"":""69bf363724a0f4fafcaca561""},{""action"":""shoot"",""startSec"":82.43,""endSec"":84.53,""durationSec"":2.1,""_id"":""69bf363724a0f4fafcaca562""}],""_id"":""69bf363724a0f4fafcaca55f""}",0.0,{},,5.0,0.0,0.0,0.0,0.0,None,0.0,None,False,rough,12.75,0.0,12.75,0.0,0.0,0.0,0.0,0.0,0.0,They couldn't shoot or move very well :( poor guys,True,35,0.0,0,0.0,0.0,0.0,0.0,0.0,0.0,0.0,0.0,False,blue_2,Randy,24.19,2.55,3,0.3,0.0,0.0,0.45,0.0,2.1,0.0,0.0,1159,0.0,2.25,0.0,10.5,0.0,12.75,0.0,None,3
"{""totalSec"":163,""autoEndSec"":20,""delayEndSec"":23,""intervals"":[{""action"":""pass"",""startSec"":25.69,""endSec"":25.74,""durationSec"":0.05,""_id"":""69bf38cbe4195cf523b0a06d""},{""action"":""shoot"",""startSec"":53.46,""endSec"":54.12,""durationSec"":0.66,""_id"":""69bf38cbe4195cf523b0a06e""},{""action"":""shoot"",""startSec"":55.66,""endSec"":56.37,""durationSec"":0.71,""_id"":""69bf38cbe4195cf523b0a06f""},{""action"":""shoot"",""startSec"":57.46,""endSec"":57.51,""durationSec"":0.05,""_id"":""69bf38cbe4195cf523b0a070""},{""action"":""shoot"",""startSec"":58.11,""endSec"":58.16,""durationSec"":0.05,""_id"":""69bf38cbe4195cf523b0a071""},{""action"":""shoot"",""startSec"":58.56,""endSec"":58.62,""durationSec"":0.06,""_id"":""69bf38cbe4195cf523b0a072""},{""action"":""shoot"",""startSec"":58.91,""endSec"":58.98,""durationSec"":0.07,""_id"":""69bf38cbe4195cf523b0a073""},{""action"":""shoot"",""startSec"":60.21,""endSec"":60.88,""durationSec"":0.67,""_id"":""69bf38cbe4195cf523b0a074""},{""action"":""shoot"",""startSec"":75.56,""endSec"":76.46,""durationSec"":0.9,""_id"":""69bf38cbe4195cf523b0a075""},{""action"":""shoot"",""startSec"":106.41,""endSec"":118.51,""durationSec"":12.1,""_id"":""69bf38cbe4195cf523b0a076""},{""action"":""shoot"",""startSec"":132.11,""endSec"":132.31,""durationSec"":0.2,""_id"":""69bf38cbe4195cf523b0a077""},{""action"":""shoot"",""startSec"":133.56,""endSec"":134.41,""durationSec"":0.85,""_id"":""69bf38cbe4195cf523b0a078""}],""_id"":""69bf38cbe4195cf523b0a06c""}",0.0,"{""alliance"":""blue"",""startPosition"":""right"",""points"":[{""x"":0.34,""y"":0.33,""tSec"":12.2,""_id"":""69bf38cbe4195cf523b09fd6""},{""x"":0.339,""y"":0.3507,""tSec"":12.2,""_id"":""69bf38cbe4195cf523b09fd7""},{""x"":0.3335,""y"":0.3456,""tSec"":12.95,""_id"":""69bf38cbe4195cf523b09fd8""},{""x"":0.3282,""y"":0.3402,""tSec"":13,""_id"":""69bf38cbe4195cf523b09fd9""},{""x"":0.3138,""y"":0.3244,""tSec"":13,""_id"":""69bf38cbe4195cf523b09fda""},{""x"":0.306,""y"":0.3169,""tSec"":13,""_id"":""69bf38cbe4195cf523b09fdb""},{""x"":0.2851,""y"":0.2961,""tSec"":13.05,""_id"":""69bf38cbe4195cf523b09fdc""},{""x"":0.2734,""y"":0.2795,""tSec"":13.1,""_id"":""69bf38cbe4195cf523b09fdd""},{""x"":0.2681,""y"":0.2709,""tSec"":13.1,""_id"":""69bf38cbe4195cf523b09fde""},{""x"":0.2621,""y"":0.2575,""tSec"":13.1,""_id"":""69bf38cbe4195cf523b09fdf""},{""x"":0.2591,""y"":0.2446,""tSec"":13.15,""_id"":""69bf38cbe4195cf523b09fe0""},{""x"":0.2573,""y"":0.2288,""tSec"":13.15,""_id"":""69bf38cbe4195cf523b09fe1""},{""x"":0.2555,""y"":0.2118,""tSec"":13.2,""_id"":""69bf38cbe4195cf523b09fe2""},{""x"":0.2515,""y"":0.1824,""tSec"":13.2,""_id"":""69bf38cbe4195cf523b09fe3""},{""x"":0.2494,""y"":0.1666,""tSec"":13.25,""_id"":""69bf38cbe4195cf523b09fe4""},{""x"":0.2461,""y"":0.1486,""tSec"":13.3,""_id"":""69bf38cbe4195cf523b09fe5""},{""x"":0.2457,""y"":0.1408,""tSec"":13.35,""_id"":""69bf38cbe4195cf523b09fe6""},{""x"":0.2534,""y"":0.1398,""tSec"":13.45,""_id"":""69bf38cbe4195cf523b09fe7""},{""x"":0.2634,""y"":0.1435,""tSec"":13.5,""_id"":""69bf38cbe4195cf523b09fe8""},{""x"":0.2708,""y"":0.1448,""tSec"":13.5,""_id"":""69bf38cbe4195cf523b09fe9""},{""x"":0.2824,""y"":0.145,""tSec"":13.55,""_id"":""69bf38cbe4195cf523b09fea""},{""x"":0.293,""y"":0.146,""tSec"":13.55,""_id"":""69bf38cbe4195cf523b09feb""},{""x"":0.3027,""y"":0.1461,""tSec"":13.6,""_id"":""69bf38cbe4195cf523b09fec""},{""x"":0.3268,""y"":0.1461,""tSec"":13.65,""_id"":""69bf38cbe4195cf523b09fed""},{""x"":0.3351,""y"":0.1461,""tSec"":13.65,""_id"":""69bf38cbe4195cf523b09fee""},{""x"":0.3461,""y"":0.1471,""tSec"":13.65,""_id"":""69bf38cbe4195cf523b09fef""},{""x"":0.3627,""y"":0.1453,""tSec"":13.7,""_id"":""69bf38cbe4195cf523b09ff0""},{""x"":0.3739,""y"":0.1422,""tSec"":13.7,""_id"":""69bf38cbe4195cf523b09ff1""},{""x"":0.3944,""y"":0.1324,""tSec"":13.75,""_id"":""69bf38cbe4195cf523b09ff2""},{""x"":0.4076,""y"":0.1255,""tSec"":13.75,""_id"":""69bf38cbe4195cf523b09ff3""},{""x"":0.4207,""y"":0.1181,""tSec"":13.75,""_id"":""69bf38cbe4195cf523b09ff4""},{""x"":0.4314,""y"":0.1116,""tSec"":13.75,""_id"":""69bf38cbe4195cf523b09ff5""},{""x"":0.4412,""y"":0.1061,""tSec"":13.8,""_id"":""69bf38cbe4195cf523b09ff6""},{""x"":0.4554,""y"":0.0997,""tSec"":13.85,""_id"":""69bf38cbe4195cf523b09ff7""},{""x"":0.4686,""y"":0.0952,""tSec"":13.9,""_id"":""69bf38cbe4195cf523b09ff8""},{""x"":0.4824,""y"":0.0937,""tSec"":13.9,""_id"":""69bf38cbe4195cf523b09ff9""},{""x"":0.4902,""y"":0.0926,""tSec"":13.95,""_id"":""69bf38cbe4195cf523b09ffa""},{""x"":0.5034,""y"":0.0924,""tSec"":13.95,""_id"":""69bf38cbe4195cf523b09ffb""},{""x"":0.5111,""y"":0.0924,""tSec"":13.95,""_id"":""69bf38cbe4195cf523b09ffc""},{""x"":0.5228,""y"":0.0914,""tSec"":14,""_id"":""69bf38cbe4195cf523b09ffd""},{""x"":0.5403,""y"":0.0904,""tSec"":14,""_id"":""69bf38cbe4195cf523b09ffe""},{""x"":0.5478,""y"":0.0893,""tSec"":14.05,""_id"":""69bf38cbe4195cf523b09fff""},{""x"":0.5625,""y"":0.0892,""tSec"":14.05,""_id"":""69bf38cbe4195cf523b0a000""},{""x"":0.575,""y"":0.0892,""tSec"":14.1,""_id"":""69bf38cbe4195cf523b0a001""},{""x"":0.5864,""y"":0.0892,""tSec"":14.1,""_id"":""69bf38cbe4195cf523b0a002""},{""x"":0.5963,""y"":0.0892,""tSec"":14.15,""_id"":""69bf38cbe4195cf523b0a003""},{""x"":0.6058,""y"":0.0882,""tSec"":14.15,""_id"":""69bf38cbe4195cf523b0a004""},{""x"":0.6154,""y"":0.0871,""tSec"":14.25,""_id"":""69bf38cbe4195cf523b0a005""},{""x"":0.6227,""y"":0.087,""tSec"":14.25,""_id"":""69bf38cbe4195cf523b0a006""},{""x"":0.6304,""y"":0.0889,""tSec"":14.3,""_id"":""69bf38cbe4195cf523b0a007""},{""x"":0.636,""y"":0.0939,""tSec"":14.35,""_id"":""69bf38cbe4195cf523b0a008""},{""x"":0.6413,""y"":0.1001,""tSec"":14.4,""_id"":""69bf38cbe4195cf523b0a009""},{""x"":0.645,""y"":0.1065,""tSec"":14.4,""_id"":""69bf38cbe4195cf523b0a00a""},{""x"":0.6477,""y"":0.1196,""tSec"":14.45,""_id"":""69bf38cbe4195cf523b0a00b""},{""x"":0.6481,""y"":0.1307,""tSec"":14.45,""_id"":""69bf38cbe4195cf523b0a00c""},{""x"":0.6481,""y"":0.1396,""tSec"":14.5,""_id"":""69bf38cbe4195cf523b0a00d""},{""x"":0.6481,""y"":0.1491,""tSec"":14.5,""_id"":""69bf38cbe4195cf523b0a00e""},{""x"":0.6504,""y"":0.1606,""tSec"":14.55,""_id"":""69bf38cbe4195cf523b0a00f""},{""x"":0.6537,""y"":0.1715,""tSec"":14.55,""_id"":""69bf38cbe4195cf523b0a010""},{""x"":0.6641,""y"":0.1946,""tSec"":14.55,""_id"":""69bf38cbe4195cf523b0a011""},{""x"":0.6715,""y"":0.2096,""tSec"":14.6,""_id"":""69bf38cbe4195cf523b0a012""},{""x"":0.6823,""y"":0.235,""tSec"":14.6,""_id"":""69bf38cbe4195cf523b0a013""},{""x"":0.6875,""y"":0.2456,""tSec"":14.6,""_id"":""69bf38cbe4195cf523b0a014""},{""x"":0.6942,""y"":0.2592,""tSec"":14.65,""_id"":""69bf38cbe4195cf523b0a015""},{""x"":0.7042,""y"":0.275,""tSec"":14.65,""_id"":""69bf38cbe4195cf523b0a016""},{""x"":0.7092,""y"":0.2827,""tSec"":14.7,""_id"":""69bf38cbe4195cf523b0a017""},{""x"":0.7183,""y"":0.2968,""tSec"":14.7,""_id"":""69bf38cbe4195cf523b0a018""},{""x"":0.7232,""y"":0.3032,""tSec"":14.7,""_id"":""69bf38cbe4195cf523b0a019""},{""x"":0.7292,""y"":0.3124,""tSec"":14.75,""_id"":""69bf38cbe4195cf523b0a01a""},{""x"":0.736,""y"":0.3193,""tSec"":14.75,""_id"":""69bf38cbe4195cf523b0a01b""},{""x"":0.7444,""y"":0.3267,""tSec"":14.8,""_id"":""69bf38cbe4195cf523b0a01c""},{""x"":0.7501,""y"":0.3314,""tSec"":14.8,""_id"":""69bf38cbe4195cf523b0a01d""},{""x"":0.7593,""y"":0.3385,""tSec"":14.8,""_id"":""69bf38cbe4195cf523b0a01e""},{""x"":0.7672,""y"":0.3451,""tSec"":14.85,""_id"":""69bf38cbe4195cf523b0a01f""},{""x"":0.7735,""y"":0.3506,""tSec"":14.85,""_id"":""69bf38cbe4195cf523b0a020""},{""x"":0.7789,""y"":0.3569,""tSec"":14.9,""_id"":""69bf38cbe4195cf523b0a021""},{""x"":0.7841,""y"":0.3624,""tSec"":15,""_id"":""69bf38cbe4195cf523b0a022""},{""x"":0.7901,""y"":0.3687,""tSec"":15.05,""_id"":""69bf38cbe4195cf523b0a023""},{""x"":0.7962,""y"":0.3752,""tSec"":15.1,""_id"":""69bf38cbe4195cf523b0a024""},{""x"":0.7885,""y"":0.3778,""tSec"":15.3,""_id"":""69bf38cbe4195cf523b0a025""},{""x"":0.7769,""y"":0.3782,""tSec"":15.35,""_id"":""69bf38cbe4195cf523b0a026""},{""x"":0.7678,""y"":0.3772,""tSec"":15.4,""_id"":""69bf38cbe4195cf523b0a027""},{""x"":0.7583,""y"":0.3753,""tSec"":15.4,""_id"":""69bf38cbe4195cf523b0a028""},{""x"":0.7456,""y"":0.3703,""tSec"":15.45,""_id"":""69bf38cbe4195cf523b0a029""},{""x"":0.7319,""y"":0.3574,""tSec"":15.5,""_id"":""69bf38cbe4195cf523b0a02a""},{""x"":0.7264,""y"":0.3492,""tSec"":15.5,""_id"":""69bf38cbe4195cf523b0a02b""},{""x"":0.7226,""y"":0.3407,""tSec"":15.5,""_id"":""69bf38cbe4195cf523b0a02c""},{""x"":0.7161,""y"":0.3264,""tSec"":15.55,""_id"":""69bf38cbe4195cf523b0a02d""},{""x"":0.7122,""y"":0.319,""tSec"":15.55,""_id"":""69bf38cbe4195cf523b0a02e""},{""x"":0.7079,""y"":0.3115,""tSec"":15.55,""_id"":""69bf38cbe4195cf523b0a02f""},{""x"":0.6936,""y"":0.2833,""tSec"":15.6,""_id"":""69bf38cbe4195cf523b0a030""},{""x"":0.6819,""y"":0.2647,""tSec"":15.6,""_id"":""69bf38cbe4195cf523b0a031""},{""x"":0.669,""y"":0.2482,""tSec"":15.6,""_id"":""69bf38cbe4195cf523b0a032""},{""x"":0.6575,""y"":0.2321,""tSec"":15.65,""_id"":""69bf38cbe4195cf523b0a033""},{""x"":0.6469,""y"":0.217,""tSec"":15.7,""_id"":""69bf38cbe4195cf523b0a034""},{""x"":0.641,""y"":0.2086,""tSec"":15.7,""_id"":""69bf38cbe4195cf523b0a035""},{""x"":0.6173,""y"":0.1735,""tSec"":15.75,""_id"":""69bf38cbe4195cf523b0a036""},{""x"":0.6107,""y"":0.1617,""tSec"":15.75,""_id"":""69bf38cbe4195cf523b0a037""},{""x"":0.606,""y"":0.1546,""tSec"":15.75,""_id"":""69bf38cbe4195cf523b0a038""},{""x"":0.5993,""y"":0.1453,""tSec"":15.8,""_id"":""69bf38cbe4195cf523b0a039""},{""x"":0.5924,""y"":0.1366,""tSec"":15.8,""_id"":""69bf38cbe4195cf523b0a03a""},{""x"":0.5824,""y"":0.1223,""tSec"":15.85,""_id"":""69bf38cbe4195cf523b0a03b""},{""x"":0.5766,""y"":0.1149,""tSec"":15.85,""_id"":""69bf38cbe4195cf523b0a03c""},{""x"":0.5713,""y"":0.1093,""tSec"":15.9,""_id"":""69bf38cbe4195cf523b0a03d""},{""x"":0.5576,""y"":0.103,""tSec"":15.95,""_id"":""69bf38cbe4195cf523b0a03e""},{""x"":0.5491,""y"":0.1012,""tSec"":15.95,""_id"":""69bf38cbe4195cf523b0a03f""},{""x"":0.5412,""y"":0.1001,""tSec"":15.95,""_id"":""69bf38cbe4195cf523b0a040""},{""x"":0.5264,""y"":0.0981,""tSec"":16,""_id"":""69bf38cbe4195cf523b0a041""},{""x"":0.5178,""y"":0.0969,""tSec"":16,""_id"":""69bf38cbe4195cf523b0a042""},{""x"":0.4875,""y"":0.0958,""tSec"":16,""_id"":""69bf38cbe4195cf523b0a043""},{""x"":0.4625,""y"":0.0976,""tSec"":16.05,""_id"":""69bf38cbe4195cf523b0a044""},{""x"":0.4495,""y"":0.0987,""tSec"":16.05,""_id"":""69bf38cbe4195cf523b0a045""},{""x"":0.4403,""y"":0.1007,""tSec"":16.05,""_id"":""69bf38cbe4195cf523b0a046""},{""x"":0.4131,""y"":0.1066,""tSec"":16.1,""_id"":""69bf38cbe4195cf523b0a047""},{""x"":0.3929,""y"":0.1111,""tSec"":16.15,""_id"":""69bf38cbe4195cf523b0a048""},{""x"":0.3814,""y"":0.1126,""tSec"":16.15,""_id"":""69bf38cbe4195cf523b0a049""},{""x"":0.3624,""y"":0.1147,""tSec"":16.15,""_id"":""69bf38cbe4195cf523b0a04a""},{""x"":0.3447,""y"":0.1168,""tSec"":16.2,""_id"":""69bf38cbe4195cf523b0a04b""},{""x"":0.3349,""y"":0.118,""tSec"":16.2,""_id"":""69bf38cbe4195cf523b0a04c""},{""x"":0.3192,""y"":0.1191,""tSec"":16.2,""_id"":""69bf38cbe4195cf523b0a04d""},{""x"":0.305,""y"":0.1211,""tSec"":16.25,""_id"":""69bf38cbe4195cf523b0a04e""},{""x"":0.2911,""y"":0.1233,""tSec"":16.25,""_id"":""69bf38cbe4195cf523b0a04f""},{""x"":0.2772,""y"":0.1254,""tSec"":16.3,""_id"":""69bf38cbe4195cf523b0a050""},{""x"":0.2702,""y"":0.1276,""tSec"":16.3,""_id"":""69bf38cbe4195cf523b0a051""},{""x"":0.2609,""y"":0.1316,""tSec"":16.3,""_id"":""69bf38cbe4195cf523b0a052""},{""x"":0.2513,""y"":0.1359,""tSec"":16.35,""_id"":""69bf38cbe4195cf523b0a053""},{""x"":0.2433,""y"":0.1402,""tSec"":16.35,""_id"":""69bf38cbe4195cf523b0a054""},{""x"":0.237,""y"":0.1454,""tSec"":16.4,""_id"":""69bf38cbe4195cf523b0a055""},{""x"":0.2385,""y"":0.1621,""tSec"":16.45,""_id"":""69bf38cbe4195cf523b0a056""},{""x"":0.2418,""y"":0.1717,""tSec"":16.45,""_id"":""69bf38cbe4195cf523b0a057""},{""x"":0.249,""y"":0.188,""tSec"":16.45,""_id"":""69bf38cbe4195cf523b0a058""},{""x"":0.2545,""y"":0.2013,""tSec"":16.5,""_id"":""69bf38cbe4195cf523b0a059""},{""x"":0.2574,""y"":0.2105,""tSec"":16.5,""_id"":""69bf38cbe4195cf523b0a05a""},{""x"":0.2601,""y"":0.22,""tSec"":16.5,""_id"":""69bf38cbe4195cf523b0a05b""},{""x"":0.2642,""y"":0.2401,""tSec"":16.55,""_id"":""69bf38cbe4195cf523b0a05c""},{""x"":0.2663,""y"":0.252,""tSec"":16.55,""_id"":""69bf38cbe4195cf523b0a05d""},{""x"":0.2689,""y"":0.2732,""tSec"":16.55,""_id"":""69bf38cbe4195cf523b0a05e""},{""x"":0.2707,""y"":0.2853,""tSec"":16.6,""_id"":""69bf38cbe4195cf523b0a05f""},{""x"":0.2724,""y"":0.3009,""tSec"":16.6,""_id"":""69bf38cbe4195cf523b0a060""},{""x"":0.2734,""y"":0.3084,""tSec"":16.6,""_id"":""69bf38cbe4195cf523b0a061""},{""x"":0.2743,""y"":0.3188,""tSec"":16.65,""_id"":""69bf38cbe4195cf523b0a062""},{""x"":0.2752,""y"":0.3294,""tSec"":16.65,""_id"":""69bf38cbe4195cf523b0a063""},{""x"":0.2753,""y"":0.3393,""tSec"":16.7,""_id"":""69bf38cbe4195cf523b0a064""},{""x"":0.2729,""y"":0.3461,""tSec"":16.75,""_id"":""69bf38cbe4195cf523b0a065""},{""x"":0.2658,""y"":0.3441,""tSec"":16.85,""_id"":""69bf38cbe4195cf523b0a066""},{""x"":0.2634,""y"":0.3524,""tSec"":16.95,""_id"":""69bf38cbe4195cf523b0a067""},{""x"":0.2646,""y"":0.3628,""tSec"":17,""_id"":""69bf38cbe4195cf523b0a068""},{""x"":0.2648,""y"":0.3764,""tSec"":17.05,""_id"":""69bf38cbe4195cf523b0a069""},{""x"":0.2648,""y"":0.3865,""tSec"":17.05,""_id"":""69bf38cbe4195cf523b0a06a""},{""x"":0.2648,""y"":0.3962,""tSec"":17.1,""_id"":""69bf38cbe4195cf523b0a06b""}],""shotMarkers"":[],""fingerprint"":""31f8fb22"",""_id"":""69bf38cbe4195cf523b09fd5""}",right,5.0,0.0,0.0,0.0,0.0,None,0.0,None,False,good,81.6,0.25,81.6,0.0,0.0,0.0,0.0,0.0,0.0,,True,36,0.05,1,0.05,0.0,0.0,0.05,0.0,0.0,0.0,0.0,False,blue_1,William,1.625,16.32,11,0.66,0.0,0.85,0.0,3.17,0.0,12.3,0.0,1661,4.25,0.0,15.85,0.0,61.5,81.6,0.0,None,12
"{""totalSec"":163,""autoEndSec"":20,""delayEndSec"":23,""intervals"":[],""_id"":""69bf38ede4195cf523b0a082""}",0.0,{},,5.0,0.0,0.0,0.0,0.0,None,0.0,None,False,ok,0.0,0.0,0.0,0.0,0.0,0.0,0.0,0.0,0.0,Nonopprable not on field,False,36,0.0,0,0.0,0.0,0.0,0.0,0.0,0.0,0.0,0.0,True,red_2,Andy,0.0,0.0,0,0.0,0.0,0.0,0.0,0.0,0.0,0.0,0.0,7230,0.0,0.0,0.0,0.0,0.0,0.0,0.0,None,0
"{""totalSec"":163,""autoEndSec"":20,""delayEndSec"":23,""intervals"":[{""action"":""shoot"",""startSec"":14.65,""endSec"":15.36,""durationSec"":0.71,""_id"":""69bf3901e4195cf523b0a0a7""},{""action"":""shoot"",""startSec"":32.9,""endSec"":33.55,""durationSec"":0.65,""_id"":""69bf3901e4195cf523b0a0a8""},{""action"":""shoot"",""startSec"":35,""endSec"":35.05,""durationSec"":0.05,""_id"":""69bf3901e4195cf523b0a0a9""},{""action"":""shoot"",""startSec"":35.8,""endSec"":37.05,""durationSec"":1.25,""_id"":""69bf3901e4195cf523b0a0aa""},{""action"":""shoot"",""startSec"":50.7,""endSec"":52.15,""durationSec"":1.45,""_id"":""69bf3901e4195cf523b0a0ab""},{""action"":""shoot"",""startSec"":59.75,""endSec"":61.8,""durationSec"":2.05,""_id"":""69bf3901e4195cf523b0a0ac""},{""action"":""shoot"",""startSec"":155.45,""endSec"":155.65,""durationSec"":0.2,""_id"":""69bf3901e4195cf523b0a0ad""}],""_id"":""69bf3901e4195cf523b0a0a6""}",3.55,"{""alliance"":""red"",""startPosition"":""left"",""points"":[{""x"":0.69,""y"":0.33,""tSec"":3.95,""_id"":""69bf3901e4195cf523b0a08b""},{""x"":0.667,""y"":0.3327,""tSec"":3.95,""_id"":""69bf3901e4195cf523b0a08c""},{""x"":0.6589,""y"":0.3301,""tSec"":3.95,""_id"":""69bf3901e4195cf523b0a08d""},{""x"":0.648,""y"":0.3261,""tSec"":3.95,""_id"":""69bf3901e4195cf523b0a08e""},{""x"":0.6352,""y"":0.3218,""tSec"":3.95,""_id"":""69bf3901e4195cf523b0a08f""},{""x"":0.531,""y"":0.3069,""tSec"":4.05,""_id"":""69bf3901e4195cf523b0a090""},{""x"":0.4711,""y"":0.2994,""tSec"":4.1,""_id"":""69bf3901e4195cf523b0a091""},{""x"":0.3942,""y"":0.291,""tSec"":4.1,""_id"":""69bf3901e4195cf523b0a092""},{""x"":0.3022,""y"":0.288,""tSec"":4.15,""_id"":""69bf3901e4195cf523b0a093""},{""x"":0.2437,""y"":0.2848,""tSec"":4.2,""_id"":""69bf3901e4195cf523b0a094""},{""x"":0.2098,""y"":0.2806,""tSec"":4.25,""_id"":""69bf3901e4195cf523b0a095""},{""x"":0.1867,""y"":0.2792,""tSec"":4.3,""_id"":""69bf3901e4195cf523b0a096""},{""x"":0.1762,""y"":0.2818,""tSec"":4.3,""_id"":""69bf3901e4195cf523b0a097""},{""x"":0.1673,""y"":0.2974,""tSec"":4.35,""_id"":""69bf3901e4195cf523b0a098""},{""x"":0.164,""y"":0.325,""tSec"":4.35,""_id"":""69bf3901e4195cf523b0a099""},{""x"":0.1636,""y"":0.3416,""tSec"":4.35,""_id"":""69bf3901e4195cf523b0a09a""},{""x"":0.1635,""y"":0.375,""tSec"":4.4,""_id"":""69bf3901e4195cf523b0a09b""},{""x"":0.1635,""y"":0.3962,""tSec"":4.4,""_id"":""69bf3901e4195cf523b0a09c""},{""x"":0.165,""y"":0.4321,""tSec"":4.4,""_id"":""69bf3901e4195cf523b0a09d""},{""x"":0.166,""y"":0.4526,""tSec"":4.45,""_id"":""69bf3901e4195cf523b0a09e""},{""x"":0.1676,""y"":0.4713,""tSec"":4.45,""_id"":""69bf3901e4195cf523b0a09f""},{""x"":0.1724,""y"":0.5021,""tSec"":4.45,""_id"":""69bf3901e4195cf523b0a0a0""},{""x"":0.1753,""y"":0.5182,""tSec"":4.5,""_id"":""69bf3901e4195cf523b0a0a1""},{""x"":0.1786,""y"":0.5458,""tSec"":4.5,""_id"":""69bf3901e4195cf523b0a0a2""},{""x"":0.1798,""y"":0.5653,""tSec"":4.55,""_id"":""69bf3901e4195cf523b0a0a3""},{""x"":0.1808,""y"":0.6058,""tSec"":4.55,""_id"":""69bf3901e4195cf523b0a0a4""},{""x"":0.184,""y"":0.6306,""tSec"":6.25,""_id"":""69bf3901e4195cf523b0a0a5""}],""shotMarkers"":[],""fingerprint"":""ea2a86bc"",""_id"":""69bf3901e4195cf523b0a08a""}",left,5.0,0.0,0.0,0.0,0.0,mechanism,0.0,None,True,good,31.8,0.0,31.8,0.0,0.0,0.0,0.0,0.0,0.0,,True,36,0.0,0,0.0,0.0,0.0,0.0,0.0,0.0,0.0,0.0,False,red_3,Quinn,11.975,6.36,7,0.71,0.71,0.2,1.95,3.5,0.0,0.0,0.0,2584,1.0,9.75,17.5,0.0,0.0,28.25,0.0,None,7
"{""totalSec"":163,""autoEndSec"":20,""delayEndSec"":23,""intervals"":[{""action"":""shoot"",""startSec"":24.23,""endSec"":25.33,""durationSec"":1.1,""_id"":""69bf3910e4195cf523b0a0b4""},{""action"":""shoot"",""startSec"":30.23,""endSec"":33.98,""durationSec"":3.75,""_id"":""69bf3910e4195cf523b0a0b5""},{""action"":""shoot"",""startSec"":47.87,""endSec"":49.22,""durationSec"":1.35,""_id"":""69bf3910e4195cf523b0a0b6""},{""action"":""shoot"",""startSec"":80.06,""endSec"":84.43,""durationSec"":4.37,""_id"":""69bf3910e4195cf523b0a0b7""},{""action"":""shoot"",""startSec"":91.06,""endSec"":94.21,""durationSec"":3.15,""_id"":""69bf3910e4195cf523b0a0b8""},{""action"":""shoot"",""startSec"":95.81,""endSec"":96.26,""durationSec"":0.45,""_id"":""69bf3910e4195cf523b0a0b9""},{""action"":""shoot"",""startSec"":97.31,""endSec"":101.26,""durationSec"":3.95,""_id"":""69bf3910e4195cf523b0a0ba""},{""action"":""shoot"",""startSec"":134.2,""endSec"":137.3,""durationSec"":3.1,""_id"":""69bf3910e4195cf523b0a0bb""},{""action"":""shoot"",""startSec"":138.25,""endSec"":141.57,""durationSec"":3.32,""_id"":""69bf3910e4195cf523b0a0bc""},{""action"":""shoot"",""startSec"":143.3,""endSec"":146,""durationSec"":2.7,""_id"":""69bf3910e4195cf523b0a0bd""},{""action"":""shoot"",""startSec"":150.2,""endSec"":152.11,""durationSec"":1.91,""_id"":""69bf3910e4195cf523b0a0be""},{""action"":""shoot"",""startSec"":153.55,""endSec"":154.9,""durationSec"":1.35,""_id"":""69bf3910e4195cf523b0a0bf""}],""_id"":""69bf3910e4195cf523b0a0b3""}",0.0,{},,5.0,0.0,0.0,0.0,0.0,None,0.0,None,False,great,152.5,0.0,152.5,0.0,0.0,0.0,0.0,0.0,0.0,,True,36,0.0,0,0.0,0.0,0.0,0.0,0.0,0.0,0.0,0.0,False,blue_2,Randy,6.0,30.5,12,2.9,0.0,12.38,6.2,0.0,11.92,0.0,0.0,4322,61.9,31.0,0.0,59.6,0.0,152.5,0.0,None,12
"{""totalSec"":163,""autoEndSec"":20,""delayEndSec"":23,""intervals"":[],""_id"":""69bf3922e4195cf523b0a0c7""}",0.0,"{""alliance"":""blue"",""startPosition"":""center"",""points"":[{""x"":0.34,""y"":0.5,""tSec"":5.55,""_id"":""69bf3922e4195cf523b0a0c5""},{""x"":0.3397,""y"":0.512,""tSec"":5.55,""_id"":""69bf3922e4195cf523b0a0c6""}],""shotMarkers"":[],""fingerprint"":""93357a8f"",""_id"":""69bf3922e4195cf523b0a0c4""}",center,5.0,0.0,0.0,0.0,0.0,None,0.0,heavy,False,ok,0.0,0.0,0.0,0.0,0.0,0.0,0.0,0.0,0.0,,False,36,0.0,0,0.0,0.0,0.0,0.0,0.0,0.0,0.0,0.0,False,blue_3,Joaquin,0.0,0.0,0,0.0,0.0,0.0,0.0,0.0,0.0,0.0,0.0,11096,0.0,0.0,0.0,0.0,0.0,0.0,0.0,None,0
"{""totalSec"":163,""autoEndSec"":20,""delayEndSec"":23,""intervals"":[{""action"":""shoot"",""startSec"":29.23,""endSec"":30.75,""durationSec"":1.52,""_id"":""69bf3955e4195cf523b0a0d0""},{""action"":""shoot"",""startSec"":65.14,""endSec"":65.84,""durationSec"":0.7,""_id"":""69bf3955e4195cf523b0a0d1""},{""action"":""pass"",""startSec"":89.79,""endSec"":90.59,""durationSec"":0.8,""_id"":""69bf3955e4195cf523b0a0d2""},{""action"":""shoot"",""startSec"":114.09,""endSec"":117.49,""durationSec"":3.4,""_id"":""69bf3955e4195cf523b0a0d3""},{""action"":""shoot"",""startSec"":120.39,""endSec"":122.49,""durationSec"":2.1,""_id"":""69bf3955e4195cf523b0a0d4""},{""action"":""shoot"",""startSec"":145.64,""endSec"":146.3,""durationSec"":0.66,""_id"":""69bf3955e4195cf523b0a0d5""},{""action"":""shoot"",""startSec"":152.59,""endSec"":153.1,""durationSec"":0.51,""_id"":""69bf3955e4195cf523b0a0d6""}],""_id"":""69bf3955e4195cf523b0a0cf""}",0.0,{},,5.0,0.0,0.0,0.0,0.0,None,0.0,some,False,great,44.45,4.0,44.45,0.0,0.0,0.0,0.0,0.0,0.0,,True,36,0.8,1,0.8,0.0,0.0,0.0,0.0,0.8,0.0,0.0,False,red_1,Aiden Chang,25.25,8.89,6,1.11,0.0,1.17,1.52,0.7,0.0,5.5,0.0,6220,5.85,7.6,3.5,0.0,27.5,44.45,0.0,None,7
"{""totalSec"":163,""autoEndSec"":20,""delayEndSec"":23,""intervals"":[{""action"":""shoot"",""startSec"":40.05,""endSec"":40.7,""durationSec"":0.65,""_id"":""69bf3ad3e4195cf523b0a0e0""},{""action"":""shoot"",""startSec"":46.75,""endSec"":47.37,""durationSec"":0.62,""_id"":""69bf3ad3e4195cf523b0a0e1""},{""action"":""shoot"",""startSec"":48.5,""endSec"":49.25,""durationSec"":0.75,""_id"":""69bf3ad3e4195cf523b0a0e2""},{""action"":""shoot"",""startSec"":57.35,""endSec"":59.2,""durationSec"":1.85,""_id"":""69bf3ad3e4195cf523b0a0e3""},{""action"":""pass"",""startSec"":73.55,""endSec"":74.25,""durationSec"":0.7,""_id"":""69bf3ad3e4195cf523b0a0e4""},{""action"":""pass"",""startSec"":79.7,""endSec"":81.5,""durationSec"":1.8,""_id"":""69bf3ad3e4195cf523b0a0e5""},{""action"":""pass"",""startSec"":83.95,""endSec"":85.35,""durationSec"":1.4,""_id"":""69bf3ad3e4195cf523b0a0e6""},{""action"":""shoot"",""startSec"":93.05,""endSec"":95,""durationSec"":1.95,""_id"":""69bf3ad3e4195cf523b0a0e7""},{""action"":""shoot"",""startSec"":97.8,""endSec"":99.4,""durationSec"":1.6,""_id"":""69bf3ad3e4195cf523b0a0e8""},{""action"":""shoot"",""startSec"":102.15,""endSec"":103.97,""durationSec"":1.82,""_id"":""69bf3ad3e4195cf523b0a0e9""},{""action"":""shoot"",""startSec"":108.7,""endSec"":110.11,""durationSec"":1.41,""_id"":""69bf3ad3e4195cf523b0a0ea""},{""action"":""pass"",""startSec"":134.45,""endSec"":135.75,""durationSec"":1.3,""_id"":""69bf3ad3e4195cf523b0a0eb""},{""action"":""pass"",""startSec"":138.1,""endSec"":139.45,""durationSec"":1.35,""_id"":""69bf3ad3e4195cf523b0a0ec""},{""action"":""shoot"",""startSec"":148.75,""endSec"":149.35,""durationSec"":0.6,""_id"":""69bf3ad3e4195cf523b0a0ed""},{""action"":""shoot"",""startSec"":162.35,""endSec"":163,""durationSec"":0.65,""_id"":""69bf3ad3e4195cf523b0a0ee""}],""_id"":""69bf3ad3e4195cf523b0a0df""}",0.0,"{""alliance"":""blue"",""startPosition"":""right"",""points"":[{""x"":0.34,""y"":0.33,""tSec"":4.6,""_id"":""69bf3ad3e4195cf523b0a0dc""},{""x"":0.3428,""y"":0.3573,""tSec"":4.6,""_id"":""69bf3ad3e4195cf523b0a0dd""}],""shotMarkers"":[{""x"":0.3428,""y"":0.3573,""tSec"":5.3,""_id"":""69bf3ad3e4195cf523b0a0de""}],""fingerprint"":""252f2e43"",""_id"":""69bf3ad3e4195cf523b0a0db""}",right,5.0,0.0,0.0,0.0,0.0,None,0.0,heavy,False,good,59.5,32.75,59.5,0.0,1.0,0.0,0.0,0.0,1.0,They flipped 6072 completely over,True,37,6.55,5,1.35,0.0,2.65,0.0,0.7,3.2,0.0,0.0,False,blue_1,William,6.7,11.9,10,1.08,0.0,1.25,2.02,1.85,5.37,1.41,0.0,4999,6.25,10.1,9.25,26.85,7.05,59.5,0.0,None,15
"{""totalSec"":163,""autoEndSec"":20,""delayEndSec"":23,""intervals"":[],""_id"":""69bf3ae8e4195cf523b0a0f6""}",0.0,"{""alliance"":""red"",""startPosition"":""center"",""points"":[{""x"":0.69,""y"":0.5,""tSec"":2.35,""_id"":""69bf3ae8e4195cf523b0a0f5""}],""shotMarkers"":[],""fingerprint"":""dd87bd1a"",""_id"":""69bf3ae8e4195cf523b0a0f4""}",center,5.0,0.0,0.0,0.0,0.0,comms,0.0,None,False,rough,0.0,0.0,0.0,0.0,0.0,0.0,0.0,0.0,0.0,Unclear mech or comms but no movement,False,37,0.0,0,0.0,0.0,0.0,0.0,0.0,0.0,0.0,0.0,False,red_2,Andy,0.0,0.0,0,0.0,0.0,0.0,0.0,0.0,0.0,0.0,0.0,5857,0.0,0.0,0.0,0.0,0.0,0.0,0.0,None,0
"{""totalSec"":163,""autoEndSec"":20,""delayEndSec"":23,""intervals"":[{""action"":""shoot"",""startSec"":4.7,""endSec"":5.6,""durationSec"":0.9,""_id"":""69bf3b02e4195cf523b0a101""},{""action"":""shoot"",""startSec"":7.15,""endSec"":8.15,""durationSec"":1,""_id"":""69bf3b02e4195cf523b0a102""},{""action"":""shoot"",""startSec"":10.6,""endSec"":11.96,""durationSec"":1.36,""_id"":""69bf3b02e4195cf523b0a103""}],""_id"":""69bf3b02e4195cf523b0a100""}",16.3,{},,5.0,0.0,0.0,0.0,0.0,mechanism,0.0,some,False,ok,16.3,0.0,16.3,0.0,0.0,0.0,0.0,0.0,0.0,Their intake wasn't working very well,True,37,0.0,0,0.0,0.0,0.0,0.0,0.0,0.0,0.0,0.0,False,blue_2,Randy,2.95,3.26,3,1.0,3.26,0.0,0.0,0.0,0.0,0.0,0.0,4470,0.0,0.0,0.0,0.0,0.0,0.0,0.0,None,3
"{""totalSec"":163,""autoEndSec"":20,""delayEndSec"":23,""intervals"":[],""_id"":""69bf3b13e4195cf523b0a10a""}",0.0,{},right,5.0,0.0,0.0,0.0,0.0,tipped,0.0,None,False,rough,0.0,0.0,0.0,0.0,0.0,0.0,0.0,0.0,0.0,"Stuck on bump, flipped over by 4999",False,37,0.0,0,0.0,0.0,0.0,0.0,0.0,0.0,0.0,0.0,False,red_3,Quinn,0.0,0.0,0,0.0,0.0,0.0,0.0,0.0,0.0,0.0,0.0,6072,0.0,0.0,0.0,0.0,0.0,0.0,0.0,None,0
"{""totalSec"":163,""autoEndSec"":20,""delayEndSec"":23,""intervals"":[{""action"":""shoot"",""startSec"":33.07,""endSec"":33.63,""durationSec"":0.56,""_id"":""69bf3b51e4195cf523b0a1a6""},{""action"":""shoot"",""startSec"":42.17,""endSec"":42.59,""durationSec"":0.42,""_id"":""69bf3b51e4195cf523b0a1a7""},{""action"":""shoot"",""startSec"":42.92,""endSec"":44.89,""durationSec"":1.97,""_id"":""69bf3b51e4195cf523b0a1a8""},{""action"":""shoot"",""startSec"":49.17,""endSec"":49.68,""durationSec"":0.51,""_id"":""69bf3b51e4195cf523b0a1a9""},{""action"":""shoot"",""startSec"":50.07,""endSec"":50.58,""durationSec"":0.51,""_id"":""69bf3b51e4195cf523b0a1aa""},{""action"":""shoot"",""startSec"":62.07,""endSec"":62.77,""durationSec"":0.7,""_id"":""69bf3b51e4195cf523b0a1ab""},{""action"":""shoot"",""startSec"":64.32,""endSec"":64.94,""durationSec"":0.62,""_id"":""69bf3b51e4195cf523b0a1ac""},{""action"":""shoot"",""startSec"":65.47,""endSec"":65.72,""durationSec"":0.25,""_id"":""69bf3b51e4195cf523b0a1ad""},{""action"":""shoot"",""startSec"":66.02,""endSec"":66.12,""durationSec"":0.1,""_id"":""69bf3b51e4195cf523b0a1ae""},{""action"":""shoot"",""startSec"":66.52,""endSec"":66.57,""durationSec"":0.05,""_id"":""69bf3b51e4195cf523b0a1af""},{""action"":""shoot"",""startSec"":66.97,""endSec"":67.07,""durationSec"":0.1,""_id"":""69bf3b51e4195cf523b0a1b0""},{""action"":""shoot"",""startSec"":67.37,""endSec"":67.42,""durationSec"":0.05,""_id"":""69bf3b51e4195cf523b0a1b1""},{""action"":""shoot"",""startSec"":68.27,""endSec"":69.22,""durationSec"":0.95,""_id"":""69bf3b51e4195cf523b0a1b2""},{""action"":""shoot"",""startSec"":81.47,""endSec"":86.37,""durationSec"":4.9,""_id"":""69bf3b51e4195cf523b0a1b3""},{""action"":""shoot"",""startSec"":112.09,""endSec"":114.34,""durationSec"":2.25,""_id"":""69bf3b51e4195cf523b0a1b4""},{""action"":""shoot"",""startSec"":134.89,""endSec"":137.74,""durationSec"":2.85,""_id"":""69bf3b51e4195cf523b0a1b5""},{""action"":""shoot"",""startSec"":153.94,""endSec"":156.74,""durationSec"":2.8,""_id"":""69bf3b51e4195cf523b0a1b6""},{""action"":""shoot"",""startSec"":162.29,""endSec"":162.39,""durationSec"":0.1,""_id"":""69bf3b51e4195cf523b0a1b7""}],""_id"":""69bf3b51e4195cf523b0a1a5""}",0.0,"{""alliance"":""red"",""startPosition"":""left"",""points"":[{""x"":0.69,""y"":0.33,""tSec"":0.95,""_id"":""69bf3b51e4195cf523b0a119""},{""x"":0.6914,""y"":0.3466,""tSec"":0.95,""_id"":""69bf3b51e4195cf523b0a11a""},{""x"":0.687,""y"":0.3362,""tSec"":1.05,""_id"":""69bf3b51e4195cf523b0a11b""},{""x"":0.6842,""y"":0.3245,""tSec"":1.1,""_id"":""69bf3b51e4195cf523b0a11c""},{""x"":0.6716,""y"":0.3059,""tSec"":1.15,""_id"":""69bf3b51e4195cf523b0a11d""},{""x"":0.6639,""y"":0.297,""tSec"":1.2,""_id"":""69bf3b51e4195cf523b0a11e""},{""x"":0.6454,""y"":0.2816,""tSec"":1.25,""_id"":""69bf3b51e4195cf523b0a11f""},{""x"":0.6294,""y"":0.2683,""tSec"":1.3,""_id"":""69bf3b51e4195cf523b0a120""},{""x"":0.629,""y"":0.2505,""tSec"":1.35,""_id"":""69bf3b51e4195cf523b0a121""},{""x"":0.6374,""y"":0.2284,""tSec"":1.4,""_id"":""69bf3b51e4195cf523b0a122""},{""x"":0.6437,""y"":0.2095,""tSec"":1.4,""_id"":""69bf3b51e4195cf523b0a123""},{""x"":0.6468,""y"":0.1863,""tSec"":1.45,""_id"":""69bf3b51e4195cf523b0a124""},{""x"":0.6449,""y"":0.1701,""tSec"":1.45,""_id"":""69bf3b51e4195cf523b0a125""},{""x"":0.6401,""y"":0.1558,""tSec"":1.5,""_id"":""69bf3b51e4195cf523b0a126""},{""x"":0.6341,""y"":0.1436,""tSec"":1.5,""_id"":""69bf3b51e4195cf523b0a127""},{""x"":0.6272,""y"":0.1326,""tSec"":1.55,""_id"":""69bf3b51e4195cf523b0a128""},{""x"":0.6202,""y"":0.1218,""tSec"":1.55,""_id"":""69bf3b51e4195cf523b0a129""},{""x"":0.6133,""y"":0.1099,""tSec"":1.6,""_id"":""69bf3b51e4195cf523b0a12a""},{""x"":0.6025,""y"":0.0952,""tSec"":1.6,""_id"":""69bf3b51e4195cf523b0a12b""},{""x"":0.5912,""y"":0.0858,""tSec"":1.65,""_id"":""69bf3b51e4195cf523b0a12c""},{""x"":0.5845,""y"":0.0818,""tSec"":1.65,""_id"":""69bf3b51e4195cf523b0a12d""},{""x"":0.5753,""y"":0.0775,""tSec"":1.65,""_id"":""69bf3b51e4195cf523b0a12e""},{""x"":0.5681,""y"":0.0751,""tSec"":1.65,""_id"":""69bf3b51e4195cf523b0a12f""},{""x"":0.5557,""y"":0.07,""tSec"":1.7,""_id"":""69bf3b51e4195cf523b0a130""},{""x"":0.5389,""y"":0.0666,""tSec"":1.75,""_id"":""69bf3b51e4195cf523b0a131""},{""x"":0.5246,""y"":0.0671,""tSec"":1.8,""_id"":""69bf3b51e4195cf523b0a132""},{""x"":0.5152,""y"":0.069,""tSec"":1.8,""_id"":""69bf3b51e4195cf523b0a133""},{""x"":0.5064,""y"":0.0712,""tSec"":1.8,""_id"":""69bf3b51e4195cf523b0a134""},{""x"":0.4908,""y"":0.0752,""tSec"":1.85,""_id"":""69bf3b51e4195cf523b0a135""},{""x"":0.4782,""y"":0.0796,""tSec"":1.85,""_id"":""69bf3b51e4195cf523b0a136""},{""x"":0.4713,""y"":0.082,""tSec"":1.85,""_id"":""69bf3b51e4195cf523b0a137""},{""x"":0.4643,""y"":0.0852,""tSec"":1.85,""_id"":""69bf3b51e4195cf523b0a138""},{""x"":0.4497,""y"":0.0913,""tSec"":1.9,""_id"":""69bf3b51e4195cf523b0a139""},{""x"":0.4419,""y"":0.0958,""tSec"":1.9,""_id"":""69bf3b51e4195cf523b0a13a""},{""x"":0.4271,""y"":0.1059,""tSec"":1.95,""_id"":""69bf3b51e4195cf523b0a13b""},{""x"":0.4123,""y"":0.1157,""tSec"":1.95,""_id"":""69bf3b51e4195cf523b0a13c""},{""x"":0.4044,""y"":0.1216,""tSec"":1.95,""_id"":""69bf3b51e4195cf523b0a13d""},{""x"":0.3981,""y"":0.1262,""tSec"":1.95,""_id"":""69bf3b51e4195cf523b0a13e""},{""x"":0.3897,""y"":0.1324,""tSec"":1.95,""_id"":""69bf3b51e4195cf523b0a13f""},{""x"":0.3756,""y"":0.1456,""tSec"":2.05,""_id"":""69bf3b51e4195cf523b0a140""},{""x"":0.3678,""y"":0.1548,""tSec"":2.05,""_id"":""69bf3b51e4195cf523b0a141""},{""x"":0.36,""y"":0.1635,""tSec"":2.1,""_id"":""69bf3b51e4195cf523b0a142""},{""x"":0.3529,""y"":0.1722,""tSec"":2.1,""_id"":""69bf3b51e4195cf523b0a143""},{""x"":0.3474,""y"":0.1799,""tSec"":2.15,""_id"":""69bf3b51e4195cf523b0a144""},{""x"":0.3383,""y"":0.1894,""tSec"":2.15,""_id"":""69bf3b51e4195cf523b0a145""},{""x"":0.3311,""y"":0.1972,""tSec"":2.2,""_id"":""69bf3b51e4195cf523b0a146""},{""x"":0.3226,""y"":0.2115,""tSec"":2.2,""_id"":""69bf3b51e4195cf523b0a147""},{""x"":0.3185,""y"":0.2189,""tSec"":2.25,""_id"":""69bf3b51e4195cf523b0a148""},{""x"":0.315,""y"":0.2255,""tSec"":2.25,""_id"":""69bf3b51e4195cf523b0a149""},{""x"":0.3092,""y"":0.2377,""tSec"":2.25,""_id"":""69bf3b51e4195cf523b0a14a""},{""x"":0.3038,""y"":0.2526,""tSec"":2.3,""_id"":""69bf3b51e4195cf523b0a14b""},{""x"":0.3009,""y"":0.262,""tSec"":2.3,""_id"":""69bf3b51e4195cf523b0a14c""},{""x"":0.2968,""y"":0.2756,""tSec"":2.3,""_id"":""69bf3b51e4195cf523b0a14d""},{""x"":0.2947,""y"":0.2829,""tSec"":2.3,""_id"":""69bf3b51e4195cf523b0a14e""},{""x"":0.2914,""y"":0.2923,""tSec"":2.35,""_id"":""69bf3b51e4195cf523b0a14f""},{""x"":0.2864,""y"":0.3001,""tSec"":2.4,""_id"":""69bf3b51e4195cf523b0a150""},{""x"":0.275,""y"":0.3115,""tSec"":2.45,""_id"":""69bf3b51e4195cf523b0a151""},{""x"":0.2699,""y"":0.3186,""tSec"":2.45,""_id"":""69bf3b51e4195cf523b0a152""},{""x"":0.2623,""y"":0.3309,""tSec"":2.45,""_id"":""69bf3b51e4195cf523b0a153""},{""x"":0.2538,""y"":0.3438,""tSec"":2.5,""_id"":""69bf3b51e4195cf523b0a154""},{""x"":0.249,""y"":0.3501,""tSec"":2.5,""_id"":""69bf3b51e4195cf523b0a155""},{""x"":0.2406,""y"":0.3595,""tSec"":2.5,""_id"":""69bf3b51e4195cf523b0a156""},{""x"":0.2336,""y"":0.3683,""tSec"":2.55,""_id"":""69bf3b51e4195cf523b0a157""},{""x"":0.2281,""y"":0.376,""tSec"":2.55,""_id"":""69bf3b51e4195cf523b0a158""},{""x"":0.2236,""y"":0.3836,""tSec"":2.6,""_id"":""69bf3b51e4195cf523b0a159""},{""x"":0.2192,""y"":0.3893,""tSec"":2.65,""_id"":""69bf3b51e4195cf523b0a15a""},{""x"":0.2164,""y"":0.3966,""tSec"":2.75,""_id"":""69bf3b51e4195cf523b0a15b""},{""x"":0.2146,""y"":0.4042,""tSec"":2.8,""_id"":""69bf3b51e4195cf523b0a15c""},{""x"":0.2143,""y"":0.4127,""tSec"":2.85,""_id"":""69bf3b51e4195cf523b0a15d""},{""x"":0.2127,""y"":0.4214,""tSec"":2.9,""_id"":""69bf3b51e4195cf523b0a15e""},{""x"":0.211,""y"":0.432,""tSec"":3,""_id"":""69bf3b51e4195cf523b0a15f""},{""x"":0.21,""y"":0.4399,""tSec"":3.05,""_id"":""69bf3b51e4195cf523b0a160""},{""x"":0.2092,""y"":0.4484,""tSec"":3.1,""_id"":""69bf3b51e4195cf523b0a161""},{""x"":0.2091,""y"":0.4561,""tSec"":3.2,""_id"":""69bf3b51e4195cf523b0a162""},{""x"":0.2091,""y"":0.4638,""tSec"":3.25,""_id"":""69bf3b51e4195cf523b0a163""},{""x"":0.2083,""y"":0.4714,""tSec"":3.35,""_id"":""69bf3b51e4195cf523b0a164""},{""x"":0.2074,""y"":0.479,""tSec"":3.5,""_id"":""69bf3b51e4195cf523b0a165""},{""x"":0.2065,""y"":0.4866,""tSec"":3.55,""_id"":""69bf3b51e4195cf523b0a166""},{""x"":0.2064,""y"":0.4941,""tSec"":3.65,""_id"":""69bf3b51e4195cf523b0a167""},{""x"":0.2064,""y"":0.5017,""tSec"":3.85,""_id"":""69bf3b51e4195cf523b0a168""},{""x"":0.2064,""y"":0.5093,""tSec"":4,""_id"":""69bf3b51e4195cf523b0a169""},{""x"":0.2064,""y"":0.5169,""tSec"":4.05,""_id"":""69bf3b51e4195cf523b0a16a""},{""x"":0.2064,""y"":0.5245,""tSec"":4.15,""_id"":""69bf3b51e4195cf523b0a16b""},{""x"":0.2064,""y"":0.533,""tSec"":4.2,""_id"":""69bf3b51e4195cf523b0a16c""},{""x"":0.208,""y"":0.5407,""tSec"":4.3,""_id"":""69bf3b51e4195cf523b0a16d""},{""x"":0.2113,""y"":0.5492,""tSec"":4.35,""_id"":""69bf3b51e4195cf523b0a16e""},{""x"":0.2147,""y"":0.5636,""tSec"":4.45,""_id"":""69bf3b51e4195cf523b0a16f""},{""x"":0.2174,""y"":0.5739,""tSec"":4.45,""_id"":""69bf3b51e4195cf523b0a170""},{""x"":0.2192,""y"":0.5809,""tSec"":4.45,""_id"":""69bf3b51e4195cf523b0a171""},{""x"":0.2225,""y"":0.5931,""tSec"":4.5,""_id"":""69bf3b51e4195cf523b0a172""},{""x"":0.2244,""y"":0.606,""tSec"":4.5,""_id"":""69bf3b51e4195cf523b0a173""},{""x"":0.2262,""y"":0.6162,""tSec"":4.55,""_id"":""69bf3b51e4195cf523b0a174""},{""x"":0.2302,""y"":0.6279,""tSec"":4.55,""_id"":""69bf3b51e4195cf523b0a175""},{""x"":0.233,""y"":0.635,""tSec"":4.55,""_id"":""69bf3b51e4195cf523b0a176""},{""x"":0.2387,""y"":0.6483,""tSec"":4.6,""_id"":""69bf3b51e4195cf523b0a177""},{""x"":0.2501,""y"":0.668,""tSec"":4.6,""_id"":""69bf3b51e4195cf523b0a178""},{""x"":0.2593,""y"":0.6828,""tSec"":4.65,""_id"":""69bf3b51e4195cf523b0a179""},{""x"":0.2856,""y"":0.7132,""tSec"":4.7,""_id"":""69bf3b51e4195cf523b0a17a""},{""x"":0.321,""y"":0.7387,""tSec"":4.75,""_id"":""69bf3b51e4195cf523b0a17b""},{""x"":0.3397,""y"":0.7523,""tSec"":4.75,""_id"":""69bf3b51e4195cf523b0a17c""},{""x"":0.3704,""y"":0.7787,""tSec"":4.8,""_id"":""69bf3b51e4195cf523b0a17d""},{""x"":0.3878,""y"":0.7943,""tSec"":4.85,""_id"":""69bf3b51e4195cf523b0a17e""},{""x"":0.4114,""y"":0.819,""tSec"":4.85,""_id"":""69bf3b51e4195cf523b0a17f""},{""x"":0.4272,""y"":0.8353,""tSec"":4.9,""_id"":""69bf3b51e4195cf523b0a180""},{""x"":0.4491,""y"":0.8554,""tSec"":4.9,""_id"":""69bf3b51e4195cf523b0a181""},{""x"":0.4701,""y"":0.874,""tSec"":4.95,""_id"":""69bf3b51e4195cf523b0a182""},{""x"":0.4818,""y"":0.8829,""tSec"":4.95,""_id"":""69bf3b51e4195cf523b0a183""},{""x"":0.491,""y"":0.8878,""tSec"":5,""_id"":""69bf3b51e4195cf523b0a184""},{""x"":0.4989,""y"":0.8893,""tSec"":5.15,""_id"":""69bf3b51e4195cf523b0a185""},{""x"":0.5075,""y"":0.8952,""tSec"":5.2,""_id"":""69bf3b51e4195cf523b0a186""},{""x"":0.5131,""y"":0.9016,""tSec"":5.25,""_id"":""69bf3b51e4195cf523b0a187""},{""x"":0.5185,""y"":0.9091,""tSec"":5.25,""_id"":""69bf3b51e4195cf523b0a188""},{""x"":0.5229,""y"":0.9157,""tSec"":5.3,""_id"":""69bf3b51e4195cf523b0a189""},{""x"":0.5311,""y"":0.9175,""tSec"":5.45,""_id"":""69bf3b51e4195cf523b0a18a""},{""x"":0.5428,""y"":0.9186,""tSec"":5.45,""_id"":""69bf3b51e4195cf523b0a18b""},{""x"":0.5557,""y"":0.9188,""tSec"":5.5,""_id"":""69bf3b51e4195cf523b0a18c""},{""x"":0.5765,""y"":0.9188,""tSec"":5.5,""_id"":""69bf3b51e4195cf523b0a18d""},{""x"":0.5897,""y"":0.9169,""tSec"":5.5,""_id"":""69bf3b51e4195cf523b0a18e""},{""x"":0.6196,""y"":0.9099,""tSec"":5.55,""_id"":""69bf3b51e4195cf523b0a18f""},{""x"":0.6592,""y"":0.8929,""tSec"":5.6,""_id"":""69bf3b51e4195cf523b0a190""},{""x"":0.6839,""y"":0.8747,""tSec"":5.6,""_id"":""69bf3b51e4195cf523b0a191""},{""x"":0.7068,""y"":0.8467,""tSec"":5.65,""_id"":""69bf3b51e4195cf523b0a192""},{""x"":0.7241,""y"":0.8129,""tSec"":5.7,""_id"":""69bf3b51e4195cf523b0a193""},{""x"":0.7308,""y"":0.7907,""tSec"":5.7,""_id"":""69bf3b51e4195cf523b0a194""},{""x"":0.7347,""y"":0.7595,""tSec"":5.75,""_id"":""69bf3b51e4195cf523b0a195""},{""x"":0.7366,""y"":0.7299,""tSec"":5.75,""_id"":""69bf3b51e4195cf523b0a196""},{""x"":0.7369,""y"":0.6997,""tSec"":5.8,""_id"":""69bf3b51e4195cf523b0a197""},{""x"":0.7362,""y"":0.6722,""tSec"":5.85,""_id"":""69bf3b51e4195cf523b0a198""},{""x"":0.7353,""y"":0.6451,""tSec"":5.85,""_id"":""69bf3b51e4195cf523b0a199""},{""x"":0.7344,""y"":0.6247,""tSec"":5.9,""_id"":""69bf3b51e4195cf523b0a19a""},{""x"":0.732,""y"":0.6108,""tSec"":5.95,""_id"":""69bf3b51e4195cf523b0a19b""},{""x"":0.7302,""y"":0.6034,""tSec"":5.95,""_id"":""69bf3b51e4195cf523b0a19c""},{""x"":0.7284,""y"":0.594,""tSec"":6.05,""_id"":""69bf3b51e4195cf523b0a19d""},{""x"":0.7244,""y"":0.5871,""tSec"":6.1,""_id"":""69bf3b51e4195cf523b0a19e""},{""x"":0.717,""y"":0.5787,""tSec"":6.15,""_id"":""69bf3b51e4195cf523b0a19f""},{""x"":0.71,""y"":0.5719,""tSec"":6.2,""_id"":""69bf3b51e4195cf523b0a1a0""},{""x"":0.7045,""y"":0.5635,""tSec"":6.2,""_id"":""69bf3b51e4195cf523b0a1a1""},{""x"":0.6993,""y"":0.5539,""tSec"":6.25,""_id"":""69bf3b51e4195cf523b0a1a2""},{""x"":0.6964,""y"":0.5461,""tSec"":6.3,""_id"":""69bf3b51e4195cf523b0a1a3""},{""x"":0.6938,""y"":0.5375,""tSec"":6.35,""_id"":""69bf3b51e4195cf523b0a1a4""}],""shotMarkers"":[],""fingerprint"":""77138d7d"",""_id"":""69bf3b51e4195cf523b0a118""}",left,5.0,0.0,0.0,0.0,0.0,None,0.0,None,False,good,98.45,0.0,98.45,0.0,0.0,0.0,0.0,0.0,0.0,,True,37,0.0,0,0.0,0.0,0.0,0.0,0.0,0.0,0.0,0.0,False,red_1,Aiden Chang,2.25,19.69,18,0.535,0.0,5.75,3.89,2.9,4.9,2.25,0.0,4123,28.75,19.45,14.5,24.5,11.25,98.45,0.0,None,18
"{""totalSec"":163,""autoEndSec"":20,""delayEndSec"":23,""intervals"":[],""_id"":""69bf3ba0e4195cf523b0a1c4""}",0.0,{},,5.0,0.0,0.0,0.0,0.0,None,0.0,None,False,ok,0.0,0.0,0.0,0.0,0.0,0.0,0.0,0.0,0.0,,False,37,0.0,0,0.0,0.0,0.0,0.0,0.0,0.0,0.0,0.0,True,blue_3,Joaquin,0.0,0.0,0,0.0,0.0,0.0,0.0,0.0,0.0,0.0,0.0,867,0.0,0.0,0.0,0.0,0.0,0.0,0.0,None,0
"{""totalSec"":163,""autoEndSec"":20,""delayEndSec"":23,""intervals"":[{""action"":""pass"",""startSec"":35.15,""endSec"":36.45,""durationSec"":1.3,""_id"":""69bf3ce5e4195cf523b0a227""},{""action"":""pass"",""startSec"":77.9,""endSec"":77.96,""durationSec"":0.06,""_id"":""69bf3ce5e4195cf523b0a228""},{""action"":""pass"",""startSec"":78.5,""endSec"":79.15,""durationSec"":0.65,""_id"":""69bf3ce5e4195cf523b0a229""},{""action"":""pass"",""startSec"":111.2,""endSec"":111.46,""durationSec"":0.26,""_id"":""69bf3ce5e4195cf523b0a22a""},{""action"":""pass"",""startSec"":112.85,""endSec"":113.53,""durationSec"":0.68,""_id"":""69bf3ce5e4195cf523b0a22b""},{""action"":""shoot"",""startSec"":128.05,""endSec"":128.32,""durationSec"":0.27,""_id"":""69bf3ce5e4195cf523b0a22c""},{""action"":""shoot"",""startSec"":128.5,""endSec"":128.77,""durationSec"":0.27,""_id"":""69bf3ce5e4195cf523b0a22d""},{""action"":""shoot"",""startSec"":129.4,""endSec"":130.2,""durationSec"":0.8,""_id"":""69bf3ce5e4195cf523b0a22e""},{""action"":""pass"",""startSec"":157.15,""endSec"":158.7,""durationSec"":1.55,""_id"":""69bf3ce5e4195cf523b0a22f""}],""_id"":""69bf3ce5e4195cf523b0a226""}",0.0,"{""alliance"":""blue"",""startPosition"":""center"",""points"":[{""x"":0.34,""y"":0.5,""tSec"":5,""_id"":""69bf3ce5e4195cf523b0a1d0""},{""x"":0.3259,""y"":0.5006,""tSec"":5,""_id"":""69bf3ce5e4195cf523b0a1d1""},{""x"":0.3312,""y"":0.5281,""tSec"":5.55,""_id"":""69bf3ce5e4195cf523b0a1d2""},{""x"":0.3219,""y"":0.5351,""tSec"":5.6,""_id"":""69bf3ce5e4195cf523b0a1d3""},{""x"":0.3076,""y"":0.5445,""tSec"":5.65,""_id"":""69bf3ce5e4195cf523b0a1d4""},{""x"":0.2999,""y"":0.5504,""tSec"":5.65,""_id"":""69bf3ce5e4195cf523b0a1d5""},{""x"":0.2928,""y"":0.5577,""tSec"":5.65,""_id"":""69bf3ce5e4195cf523b0a1d6""},{""x"":0.2828,""y"":0.5756,""tSec"":5.7,""_id"":""69bf3ce5e4195cf523b0a1d7""},{""x"":0.2792,""y"":0.5853,""tSec"":5.7,""_id"":""69bf3ce5e4195cf523b0a1d8""},{""x"":0.2765,""y"":0.5978,""tSec"":5.7,""_id"":""69bf3ce5e4195cf523b0a1d9""},{""x"":0.2754,""y"":0.6069,""tSec"":5.75,""_id"":""69bf3ce5e4195cf523b0a1da""},{""x"":0.2706,""y"":0.6231,""tSec"":6.9,""_id"":""69bf3ce5e4195cf523b0a1db""},{""x"":0.2609,""y"":0.6204,""tSec"":7,""_id"":""69bf3ce5e4195cf523b0a1dc""},{""x"":0.2521,""y"":0.62,""tSec"":7,""_id"":""69bf3ce5e4195cf523b0a1dd""},{""x"":0.241,""y"":0.6218,""tSec"":7.05,""_id"":""69bf3ce5e4195cf523b0a1de""},{""x"":0.2328,""y"":0.6268,""tSec"":7.05,""_id"":""69bf3ce5e4195cf523b0a1df""},{""x"":0.2227,""y"":0.6359,""tSec"":7.1,""_id"":""69bf3ce5e4195cf523b0a1e0""},{""x"":0.2168,""y"":0.6427,""tSec"":7.15,""_id"":""69bf3ce5e4195cf523b0a1e1""},{""x"":0.2115,""y"":0.6491,""tSec"":7.15,""_id"":""69bf3ce5e4195cf523b0a1e2""},{""x"":0.2047,""y"":0.6528,""tSec"":7.25,""_id"":""69bf3ce5e4195cf523b0a1e3""},{""x"":0.1985,""y"":0.657,""tSec"":7.35,""_id"":""69bf3ce5e4195cf523b0a1e4""},{""x"":0.1917,""y"":0.6594,""tSec"":7.4,""_id"":""69bf3ce5e4195cf523b0a1e5""},{""x"":0.184,""y"":0.6597,""tSec"":7.65,""_id"":""69bf3ce5e4195cf523b0a1e6""},{""x"":0.1731,""y"":0.6625,""tSec"":7.7,""_id"":""69bf3ce5e4195cf523b0a1e7""},{""x"":0.184,""y"":0.6865,""tSec"":10.25,""_id"":""69bf3ce5e4195cf523b0a1e8""},{""x"":0.1938,""y"":0.6866,""tSec"":10.35,""_id"":""69bf3ce5e4195cf523b0a1e9""},{""x"":0.2026,""y"":0.6866,""tSec"":10.35,""_id"":""69bf3ce5e4195cf523b0a1ea""},{""x"":0.2106,""y"":0.6856,""tSec"":10.4,""_id"":""69bf3ce5e4195cf523b0a1eb""},{""x"":0.2238,""y"":0.6817,""tSec"":10.45,""_id"":""69bf3ce5e4195cf523b0a1ec""},{""x"":0.2315,""y"":0.6813,""tSec"":10.45,""_id"":""69bf3ce5e4195cf523b0a1ed""},{""x"":0.2401,""y"":0.6812,""tSec"":10.5,""_id"":""69bf3ce5e4195cf523b0a1ee""},{""x"":0.2488,""y"":0.6784,""tSec"":10.55,""_id"":""69bf3ce5e4195cf523b0a1ef""},{""x"":0.2476,""y"":0.6988,""tSec"":11.2,""_id"":""69bf3ce5e4195cf523b0a1f0""},{""x"":0.2359,""y"":0.7013,""tSec"":11.25,""_id"":""69bf3ce5e4195cf523b0a1f1""},{""x"":0.2215,""y"":0.7025,""tSec"":11.3,""_id"":""69bf3ce5e4195cf523b0a1f2""},{""x"":0.2059,""y"":0.7045,""tSec"":11.3,""_id"":""69bf3ce5e4195cf523b0a1f3""},{""x"":0.1987,""y"":0.7057,""tSec"":11.3,""_id"":""69bf3ce5e4195cf523b0a1f4""},{""x"":0.1887,""y"":0.7078,""tSec"":11.3,""_id"":""69bf3ce5e4195cf523b0a1f5""},{""x"":0.179,""y"":0.7109,""tSec"":11.35,""_id"":""69bf3ce5e4195cf523b0a1f6""},{""x"":0.171,""y"":0.7141,""tSec"":11.4,""_id"":""69bf3ce5e4195cf523b0a1f7""},{""x"":0.1577,""y"":0.7182,""tSec"":11.45,""_id"":""69bf3ce5e4195cf523b0a1f8""},{""x"":0.147,""y"":0.7187,""tSec"":11.5,""_id"":""69bf3ce5e4195cf523b0a1f9""},{""x"":0.1327,""y"":0.7273,""tSec"":12.1,""_id"":""69bf3ce5e4195cf523b0a1fa""},{""x"":0.1409,""y"":0.7284,""tSec"":12.2,""_id"":""69bf3ce5e4195cf523b0a1fb""},{""x"":0.1564,""y"":0.7285,""tSec"":12.2,""_id"":""69bf3ce5e4195cf523b0a1fc""},{""x"":0.1644,""y"":0.7285,""tSec"":12.25,""_id"":""69bf3ce5e4195cf523b0a1fd""},{""x"":0.1753,""y"":0.7266,""tSec"":12.25,""_id"":""69bf3ce5e4195cf523b0a1fe""},{""x"":0.1881,""y"":0.7197,""tSec"":12.3,""_id"":""69bf3ce5e4195cf523b0a1ff""},{""x"":0.1958,""y"":0.7151,""tSec"":12.3,""_id"":""69bf3ce5e4195cf523b0a200""},{""x"":0.2021,""y"":0.7108,""tSec"":12.35,""_id"":""69bf3ce5e4195cf523b0a201""},{""x"":0.2098,""y"":0.7075,""tSec"":12.35,""_id"":""69bf3ce5e4195cf523b0a202""},{""x"":0.2191,""y"":0.7051,""tSec"":12.4,""_id"":""69bf3ce5e4195cf523b0a203""},{""x"":0.231,""y"":0.7048,""tSec"":12.45,""_id"":""69bf3ce5e4195cf523b0a204""},{""x"":0.2324,""y"":0.7209,""tSec"":13.75,""_id"":""69bf3ce5e4195cf523b0a205""},{""x"":0.2233,""y"":0.7209,""tSec"":13.85,""_id"":""69bf3ce5e4195cf523b0a206""},{""x"":0.2092,""y"":0.7219,""tSec"":13.85,""_id"":""69bf3ce5e4195cf523b0a207""},{""x"":0.1937,""y"":0.7267,""tSec"":13.9,""_id"":""69bf3ce5e4195cf523b0a208""},{""x"":0.1865,""y"":0.7311,""tSec"":13.9,""_id"":""69bf3ce5e4195cf523b0a209""},{""x"":0.1749,""y"":0.741,""tSec"":13.9,""_id"":""69bf3ce5e4195cf523b0a20a""},{""x"":0.1674,""y"":0.748,""tSec"":13.9,""_id"":""69bf3ce5e4195cf523b0a20b""},{""x"":0.1527,""y"":0.7582,""tSec"":13.95,""_id"":""69bf3ce5e4195cf523b0a20c""},{""x"":0.1348,""y"":0.768,""tSec"":14,""_id"":""69bf3ce5e4195cf523b0a20d""},{""x"":0.1265,""y"":0.771,""tSec"":14,""_id"":""69bf3ce5e4195cf523b0a20e""},{""x"":0.1202,""y"":0.7743,""tSec"":14.05,""_id"":""69bf3ce5e4195cf523b0a20f""},{""x"":0.1248,""y"":0.7643,""tSec"":14.55,""_id"":""69bf3ce5e4195cf523b0a210""},{""x"":0.143,""y"":0.7639,""tSec"":14.7,""_id"":""69bf3ce5e4195cf523b0a211""},{""x"":0.1536,""y"":0.7639,""tSec"":14.7,""_id"":""69bf3ce5e4195cf523b0a212""},{""x"":0.1694,""y"":0.7611,""tSec"":14.7,""_id"":""69bf3ce5e4195cf523b0a213""},{""x"":0.1782,""y"":0.7579,""tSec"":14.7,""_id"":""69bf3ce5e4195cf523b0a214""},{""x"":0.19,""y"":0.7518,""tSec"":14.75,""_id"":""69bf3ce5e4195cf523b0a215""},{""x"":0.2052,""y"":0.7407,""tSec"":14.8,""_id"":""69bf3ce5e4195cf523b0a216""},{""x"":0.2147,""y"":0.7328,""tSec"":14.8,""_id"":""69bf3ce5e4195cf523b0a217""},{""x"":0.2305,""y"":0.7223,""tSec"":14.85,""_id"":""69bf3ce5e4195cf523b0a218""},{""x"":0.2462,""y"":0.7136,""tSec"":14.85,""_id"":""69bf3ce5e4195cf523b0a219""},{""x"":0.2473,""y"":0.705,""tSec"":14.9,""_id"":""69bf3ce5e4195cf523b0a21a""},{""x"":0.2374,""y"":0.7134,""tSec"":17.2,""_id"":""69bf3ce5e4195cf523b0a21b""},{""x"":0.2224,""y"":0.7285,""tSec"":17.25,""_id"":""69bf3ce5e4195cf523b0a21c""},{""x"":0.2114,""y"":0.7399,""tSec"":17.25,""_id"":""69bf3ce5e4195cf523b0a21d""},{""x"":0.1902,""y"":0.7564,""tSec"":17.25,""_id"":""69bf3ce5e4195cf523b0a21e""},{""x"":0.1708,""y"":0.7696,""tSec"":17.3,""_id"":""69bf3ce5e4195cf523b0a21f""},{""x"":0.1616,""y"":0.7759,""tSec"":17.3,""_id"":""69bf3ce5e4195cf523b0a220""},{""x"":0.1543,""y"":0.7805,""tSec"":17.3,""_id"":""69bf3ce5e4195cf523b0a221""},{""x"":0.145,""y"":0.7876,""tSec"":17.35,""_id"":""69bf3ce5e4195cf523b0a222""},{""x"":0.1393,""y"":0.7923,""tSec"":17.35,""_id"":""69bf3ce5e4195cf523b0a223""}],""shotMarkers"":[{""x"":0.2754,""y"":0.6069,""tSec"":6.35,""_id"":""69bf3ce5e4195cf523b0a224""},{""x"":0.1731,""y"":0.6625,""tSec"":8.6,""_id"":""69bf3ce5e4195cf523b0a225""}],""fingerprint"":""041eaa8f"",""_id"":""69bf3ce5e4195cf523b0a1cf""}",center,5.0,0.0,0.0,0.0,1.0,mechanism,1.0,some,False,good,6.7,22.5,6.7,0.0,0.0,0.0,0.0,0.0,0.0,Their shooter stopped shooting most of the match,True,38,4.5,6,0.665,0.0,1.55,1.3,0.06,0.65,0.94,0.0,False,blue_1,William,0.675,1.34,3,0.27,0.0,0.0,0.0,0.0,0.0,1.34,0.0,1836,0.0,0.0,0.0,0.0,6.7,6.7,0.0,None,9
"{""totalSec"":163,""autoEndSec"":20,""delayEndSec"":23,""intervals"":[{""action"":""shoot"",""startSec"":39.2,""endSec"":40.5,""durationSec"":1.3,""_id"":""69bf3cf0e4195cf523b0a236""},{""action"":""shoot"",""startSec"":57.1,""endSec"":57.8,""durationSec"":0.7,""_id"":""69bf3cf0e4195cf523b0a237""},{""action"":""shoot"",""startSec"":84.25,""endSec"":84.56,""durationSec"":0.31,""_id"":""69bf3cf0e4195cf523b0a238""},{""action"":""shoot"",""startSec"":85.15,""endSec"":85.25,""durationSec"":0.1,""_id"":""69bf3cf0e4195cf523b0a239""},{""action"":""shoot"",""startSec"":85.7,""endSec"":86.35,""durationSec"":0.65,""_id"":""69bf3cf0e4195cf523b0a23a""},{""action"":""shoot"",""startSec"":90.95,""endSec"":91.4,""durationSec"":0.45,""_id"":""69bf3cf0e4195cf523b0a23b""},{""action"":""shoot"",""startSec"":105.2,""endSec"":107.55,""durationSec"":2.35,""_id"":""69bf3cf0e4195cf523b0a23c""},{""action"":""shoot"",""startSec"":137.1,""endSec"":137.2,""durationSec"":0.1,""_id"":""69bf3cf0e4195cf523b0a23d""},{""action"":""shoot"",""startSec"":146.2,""endSec"":147.04,""durationSec"":0.84,""_id"":""69bf3cf0e4195cf523b0a23e""},{""action"":""shoot"",""startSec"":158.35,""endSec"":159.85,""durationSec"":1.5,""_id"":""69bf3cf0e4195cf523b0a23f""}],""_id"":""69bf3cf0e4195cf523b0a235""}",0.0,{},right,5.0,0.0,0.0,0.0,0.0,None,0.0,None,False,good,41.5,0.0,41.5,0.0,0.0,0.0,0.0,0.0,0.0,,True,38,0.0,0,0.0,0.0,0.0,0.0,0.0,0.0,0.0,0.0,False,red_2,Andy,12.15,8.3,10,0.675,0.0,2.44,1.3,0.7,1.81,2.05,0.0,5137,12.2,6.5,3.5,9.05,10.25,41.5,0.0,None,10
"{""totalSec"":163,""autoEndSec"":20,""delayEndSec"":23,""intervals"":[{""action"":""shoot"",""startSec"":4.2,""endSec"":6.45,""durationSec"":2.25,""_id"":""69bf3d10e4195cf523b0a246""}],""_id"":""69bf3d10e4195cf523b0a245""}",11.25,{},left,5.0,0.0,0.0,0.0,0.0,None,0.0,None,False,ok,11.25,0.0,11.25,0.0,0.0,0.0,0.0,0.0,0.0,Pass fuel to hp,True,38,0.0,0,0.0,0.0,0.0,0.0,0.0,0.0,0.0,0.0,False,red_3,Quinn,0.0,2.25,1,2.25,2.25,0.0,0.0,0.0,0.0,0.0,0.0,8898,0.0,0.0,0.0,0.0,0.0,0.0,0.0,None,1
"{""totalSec"":163,""autoEndSec"":20,""delayEndSec"":23,""intervals"":[{""action"":""shoot"",""startSec"":7.9,""endSec"":10.7,""durationSec"":2.8,""_id"":""69bf3d23e4195cf523b0a24f""},{""action"":""shoot"",""startSec"":16.9,""endSec"":20.1,""durationSec"":3.2,""_id"":""69bf3d23e4195cf523b0a250""},{""action"":""pass"",""startSec"":44.05,""endSec"":46.48,""durationSec"":2.43,""_id"":""69bf3d23e4195cf523b0a251""},{""action"":""shoot"",""startSec"":55.43,""endSec"":59.64,""durationSec"":4.21,""_id"":""69bf3d23e4195cf523b0a252""},{""action"":""shoot"",""startSec"":70.05,""endSec"":72.2,""durationSec"":2.15,""_id"":""69bf3d23e4195cf523b0a253""},{""action"":""pass"",""startSec"":79.53,""endSec"":80.05,""durationSec"":0.52,""_id"":""69bf3d23e4195cf523b0a254""},{""action"":""pass"",""startSec"":82.93,""endSec"":83.98,""durationSec"":1.05,""_id"":""69bf3d23e4195cf523b0a255""},{""action"":""pass"",""startSec"":86.53,""endSec"":88.2,""durationSec"":1.67,""_id"":""69bf3d23e4195cf523b0a256""},{""action"":""shoot"",""startSec"":108.33,""endSec"":111.63,""durationSec"":3.3,""_id"":""69bf3d23e4195cf523b0a257""},{""action"":""shoot"",""startSec"":115.83,""endSec"":119.68,""durationSec"":3.85,""_id"":""69bf3d23e4195cf523b0a258""},{""action"":""shoot"",""startSec"":121.63,""endSec"":123.23,""durationSec"":1.6,""_id"":""69bf3d23e4195cf523b0a259""},{""action"":""shoot"",""startSec"":129.81,""endSec"":130.86,""durationSec"":1.05,""_id"":""69bf3d23e4195cf523b0a25a""},{""action"":""shoot"",""startSec"":139.94,""endSec"":141.8,""durationSec"":1.86,""_id"":""69bf3d23e4195cf523b0a25b""}],""_id"":""69bf3d23e4195cf523b0a24e""}",29.5,{},,5.0,0.0,0.0,0.0,0.0,None,0.0,None,True,great,120.1,28.35,120.1,0.0,0.0,0.0,0.0,0.0,0.0,,True,38,5.67,4,1.36,0.0,0.0,2.43,0.0,3.24,0.0,0.0,False,blue_2,Randy,9.565,24.02,9,2.8,5.9,1.86,0.0,6.36,0.0,9.8,0.1,687,9.3,0.0,31.8,0.0,49.0,90.6,0.5,None,13
"{""totalSec"":163,""autoEndSec"":20,""delayEndSec"":23,""intervals"":[{""action"":""shoot"",""startSec"":30.5,""endSec"":31.15,""durationSec"":0.65,""_id"":""69bf3d33e4195cf523b0a26a""},{""action"":""shoot"",""startSec"":39.6,""endSec"":39.66,""durationSec"":0.06,""_id"":""69bf3d33e4195cf523b0a26b""},{""action"":""shoot"",""startSec"":44.45,""endSec"":44.55,""durationSec"":0.1,""_id"":""69bf3d33e4195cf523b0a26c""},{""action"":""shoot"",""startSec"":44.95,""endSec"":45.05,""durationSec"":0.1,""_id"":""69bf3d33e4195cf523b0a26d""}],""_id"":""69bf3d33e4195cf523b0a269""}",0.0,"{""alliance"":""red"",""startPosition"":""right"",""points"":[{""x"":0.69,""y"":0.67,""tSec"":2.75,""_id"":""69bf3d33e4195cf523b0a262""},{""x"":0.6999,""y"":0.6792,""tSec"":2.75,""_id"":""69bf3d33e4195cf523b0a263""},{""x"":0.7072,""y"":0.685,""tSec"":2.8,""_id"":""69bf3d33e4195cf523b0a264""},{""x"":0.7211,""y"":0.6914,""tSec"":2.85,""_id"":""69bf3d33e4195cf523b0a265""},{""x"":0.7304,""y"":0.6932,""tSec"":2.9,""_id"":""69bf3d33e4195cf523b0a266""},{""x"":0.74,""y"":0.6906,""tSec"":2.95,""_id"":""69bf3d33e4195cf523b0a267""},{""x"":0.7465,""y"":0.6845,""tSec"":3.05,""_id"":""69bf3d33e4195cf523b0a268""}],""shotMarkers"":[],""fingerprint"":""60fed2db"",""_id"":""69bf3d33e4195cf523b0a261""}",right,5.0,0.0,0.0,0.0,0.0,None,0.0,some,True,rough,4.55,0.0,4.55,0.0,0.0,0.0,0.0,0.0,0.0,,True,38,0.0,0,0.0,0.0,0.0,0.0,0.0,0.0,0.0,0.0,False,red_1,Lucas,4.85,0.91,4,0.1,0.0,0.0,0.91,0.0,0.0,0.0,0.0,1759,0.0,4.55,0.0,0.0,0.0,4.55,0.0,None,4
"{""totalSec"":163,""autoEndSec"":20,""delayEndSec"":23,""intervals"":[{""action"":""pass"",""startSec"":121.72,""endSec"":122.62,""durationSec"":0.9,""_id"":""69bf3d64e4195cf523b0a277""},{""action"":""pass"",""startSec"":149.85,""endSec"":150.57,""durationSec"":0.72,""_id"":""69bf3d64e4195cf523b0a278""},{""action"":""pass"",""startSec"":152.1,""endSec"":152.76,""durationSec"":0.66,""_id"":""69bf3d64e4195cf523b0a279""},{""action"":""pass"",""startSec"":154.3,""endSec"":155.71,""durationSec"":1.41,""_id"":""69bf3d64e4195cf523b0a27a""}],""_id"":""69bf3d64e4195cf523b0a276""}",0.0,"{""alliance"":""blue"",""startPosition"":""right"",""points"":[{""x"":0.34,""y"":0.33,""tSec"":1.75,""_id"":""69bf3d64e4195cf523b0a274""},{""x"":0.339,""y"":0.3601,""tSec"":1.75,""_id"":""69bf3d64e4195cf523b0a275""}],""shotMarkers"":[],""fingerprint"":""ccbaf494"",""_id"":""69bf3d64e4195cf523b0a273""}",right,5.0,0.0,0.0,0.0,0.0,None,0.0,None,True,ok,0.0,18.45,0.0,0.0,0.0,0.0,0.0,0.0,0.0,Was just pushing fuel,True,38,3.69,4,0.81,0.0,2.79,0.0,0.0,0.0,0.9,0.0,False,blue_3,Joaquin,0.0,0.0,0,0.0,0.0,0.0,0.0,0.0,0.0,0.0,0.0,5124,0.0,0.0,0.0,0.0,0.0,0.0,0.0,None,4
"{""totalSec"":163,""autoEndSec"":20,""delayEndSec"":23,""intervals"":[{""action"":""pass"",""startSec"":7.9,""endSec"":7.95,""durationSec"":0.05,""_id"":""69bf3f35e4195cf523b0a284""}],""_id"":""69bf3f35e4195cf523b0a283""}",0.0,{},center,5.0,0.0,0.0,0.0,0.0,None,0.0,some,False,good,0.0,0.25,0.0,0.0,0.0,0.0,0.0,0.0,0.0,,True,39,0.05,1,0.05,0.05,0.0,0.0,0.0,0.0,0.0,0.0,False,blue_1,William,0.0,0.0,0,0.0,0.0,0.0,0.0,0.0,0.0,0.0,0.0,3759,0.0,0.0,0.0,0.0,0.0,0.0,0.0,None,1
"{""totalSec"":163,""autoEndSec"":20,""delayEndSec"":23,""intervals"":[{""action"":""shoot"",""startSec"":30.69,""endSec"":33.95,""durationSec"":3.26,""_id"":""69bf3fc0e4195cf523b0a2fc""},{""action"":""shoot"",""startSec"":80.48,""endSec"":80.63,""durationSec"":0.15,""_id"":""69bf3fc0e4195cf523b0a2fd""},{""action"":""shoot"",""startSec"":81.28,""endSec"":83.58,""durationSec"":2.3,""_id"":""69bf3fc0e4195cf523b0a2fe""},{""action"":""shoot"",""startSec"":88.93,""endSec"":88.98,""durationSec"":0.05,""_id"":""69bf3fc0e4195cf523b0a2ff""},{""action"":""shoot"",""startSec"":98.43,""endSec"":98.53,""durationSec"":0.1,""_id"":""69bf3fc0e4195cf523b0a300""},{""action"":""shoot"",""startSec"":98.88,""endSec"":100.03,""durationSec"":1.15,""_id"":""69bf3fc0e4195cf523b0a301""},{""action"":""shoot"",""startSec"":101.33,""endSec"":101.55,""durationSec"":0.22,""_id"":""69bf3fc0e4195cf523b0a302""},{""action"":""shoot"",""startSec"":101.83,""endSec"":102.23,""durationSec"":0.4,""_id"":""69bf3fc0e4195cf523b0a303""},{""action"":""shoot"",""startSec"":102.58,""endSec"":102.83,""durationSec"":0.25,""_id"":""69bf3fc0e4195cf523b0a304""},{""action"":""shoot"",""startSec"":106.78,""endSec"":107.48,""durationSec"":0.7,""_id"":""69bf3fc0e4195cf523b0a305""},{""action"":""shoot"",""startSec"":133.03,""endSec"":133.08,""durationSec"":0.05,""_id"":""69bf3fc0e4195cf523b0a306""},{""action"":""shoot"",""startSec"":137.88,""endSec"":139.19,""durationSec"":1.31,""_id"":""69bf3fc0e4195cf523b0a307""},{""action"":""shoot"",""startSec"":150.88,""endSec"":151.08,""durationSec"":0.2,""_id"":""69bf3fc0e4195cf523b0a308""},{""action"":""shoot"",""startSec"":156.48,""endSec"":157.78,""durationSec"":1.3,""_id"":""69bf3fc0e4195cf523b0a309""}],""_id"":""69bf3fc0e4195cf523b0a2fb""}",0.0,"{""alliance"":""red"",""startPosition"":""right"",""points"":[{""x"":0.69,""y"":0.67,""tSec"":10.25,""_id"":""69bf3fc0e4195cf523b0a292""},{""x"":0.6876,""y"":0.6801,""tSec"":10.25,""_id"":""69bf3fc0e4195cf523b0a293""},{""x"":0.6858,""y"":0.688,""tSec"":11.3,""_id"":""69bf3fc0e4195cf523b0a294""},{""x"":0.6863,""y"":0.6994,""tSec"":11.3,""_id"":""69bf3fc0e4195cf523b0a295""},{""x"":0.688,""y"":0.7142,""tSec"":11.3,""_id"":""69bf3fc0e4195cf523b0a296""},{""x"":0.6897,""y"":0.7312,""tSec"":11.3,""_id"":""69bf3fc0e4195cf523b0a297""},{""x"":0.686,""y"":0.7981,""tSec"":11.35,""_id"":""69bf3fc0e4195cf523b0a298""},{""x"":0.6833,""y"":0.8156,""tSec"":11.35,""_id"":""69bf3fc0e4195cf523b0a299""},{""x"":0.6784,""y"":0.8339,""tSec"":11.4,""_id"":""69bf3fc0e4195cf523b0a29a""},{""x"":0.6724,""y"":0.8504,""tSec"":11.45,""_id"":""69bf3fc0e4195cf523b0a29b""},{""x"":0.6663,""y"":0.8667,""tSec"":11.45,""_id"":""69bf3fc0e4195cf523b0a29c""},{""x"":0.6594,""y"":0.881,""tSec"":11.45,""_id"":""69bf3fc0e4195cf523b0a29d""},{""x"":0.6472,""y"":0.9009,""tSec"":11.5,""_id"":""69bf3fc0e4195cf523b0a29e""},{""x"":0.6388,""y"":0.9109,""tSec"":11.5,""_id"":""69bf3fc0e4195cf523b0a29f""},{""x"":0.6109,""y"":0.9321,""tSec"":11.55,""_id"":""69bf3fc0e4195cf523b0a2a0""},{""x"":0.5777,""y"":0.9452,""tSec"":11.6,""_id"":""69bf3fc0e4195cf523b0a2a1""},{""x"":0.5377,""y"":0.9534,""tSec"":11.65,""_id"":""69bf3fc0e4195cf523b0a2a2""},{""x"":0.5007,""y"":0.9506,""tSec"":11.7,""_id"":""69bf3fc0e4195cf523b0a2a3""},{""x"":0.4748,""y"":0.9436,""tSec"":11.7,""_id"":""69bf3fc0e4195cf523b0a2a4""},{""x"":0.4563,""y"":0.9399,""tSec"":11.75,""_id"":""69bf3fc0e4195cf523b0a2a5""},{""x"":0.4404,""y"":0.9375,""tSec"":11.75,""_id"":""69bf3fc0e4195cf523b0a2a6""},{""x"":0.4193,""y"":0.9335,""tSec"":11.8,""_id"":""69bf3fc0e4195cf523b0a2a7""},{""x"":0.4114,""y"":0.932,""tSec"":11.8,""_id"":""69bf3fc0e4195cf523b0a2a8""},{""x"":0.4005,""y"":0.928,""tSec"":11.8,""_id"":""69bf3fc0e4195cf523b0a2a9""},{""x"":0.3891,""y"":0.9199,""tSec"":11.85,""_id"":""69bf3fc0e4195cf523b0a2aa""},{""x"":0.3778,""y"":0.9037,""tSec"":11.9,""_id"":""69bf3fc0e4195cf523b0a2ab""},{""x"":0.3727,""y"":0.8951,""tSec"":11.9,""_id"":""69bf3fc0e4195cf523b0a2ac""},{""x"":0.369,""y"":0.8864,""tSec"":11.9,""_id"":""69bf3fc0e4195cf523b0a2ad""},{""x"":0.3624,""y"":0.8692,""tSec"":11.95,""_id"":""69bf3fc0e4195cf523b0a2ae""},{""x"":0.3577,""y"":0.8518,""tSec"":11.95,""_id"":""69bf3fc0e4195cf523b0a2af""},{""x"":0.3557,""y"":0.8431,""tSec"":11.95,""_id"":""69bf3fc0e4195cf523b0a2b0""},{""x"":0.3546,""y"":0.8354,""tSec"":12,""_id"":""69bf3fc0e4195cf523b0a2b1""},{""x"":0.3545,""y"":0.823,""tSec"":12,""_id"":""69bf3fc0e4195cf523b0a2b2""},{""x"":0.3561,""y"":0.811,""tSec"":12,""_id"":""69bf3fc0e4195cf523b0a2b3""},{""x"":0.3609,""y"":0.7952,""tSec"":12.05,""_id"":""69bf3fc0e4195cf523b0a2b4""},{""x"":0.3645,""y"":0.7867,""tSec"":12.1,""_id"":""69bf3fc0e4195cf523b0a2b5""},{""x"":0.3726,""y"":0.7761,""tSec"":12.15,""_id"":""69bf3fc0e4195cf523b0a2b6""},{""x"":0.3766,""y"":0.7701,""tSec"":12.15,""_id"":""69bf3fc0e4195cf523b0a2b7""},{""x"":0.3809,""y"":0.7627,""tSec"":12.2,""_id"":""69bf3fc0e4195cf523b0a2b8""},{""x"":0.3853,""y"":0.7523,""tSec"":12.25,""_id"":""69bf3fc0e4195cf523b0a2b9""},{""x"":0.3873,""y"":0.7444,""tSec"":12.25,""_id"":""69bf3fc0e4195cf523b0a2ba""},{""x"":0.3884,""y"":0.7348,""tSec"":12.3,""_id"":""69bf3fc0e4195cf523b0a2bb""},{""x"":0.3885,""y"":0.7251,""tSec"":12.3,""_id"":""69bf3fc0e4195cf523b0a2bc""},{""x"":0.3885,""y"":0.7106,""tSec"":12.35,""_id"":""69bf3fc0e4195cf523b0a2bd""},{""x"":0.3885,""y"":0.6993,""tSec"":12.4,""_id"":""69bf3fc0e4195cf523b0a2be""},{""x"":0.387,""y"":0.6903,""tSec"":12.45,""_id"":""69bf3fc0e4195cf523b0a2bf""},{""x"":0.3837,""y"":0.6826,""tSec"":12.5,""_id"":""69bf3fc0e4195cf523b0a2c0""},{""x"":0.3803,""y"":0.6731,""tSec"":12.55,""_id"":""69bf3fc0e4195cf523b0a2c1""},{""x"":0.3783,""y"":0.6662,""tSec"":12.6,""_id"":""69bf3fc0e4195cf523b0a2c2""},{""x"":0.3804,""y"":0.6883,""tSec"":12.75,""_id"":""69bf3fc0e4195cf523b0a2c3""},{""x"":0.3807,""y"":0.7119,""tSec"":12.75,""_id"":""69bf3fc0e4195cf523b0a2c4""},{""x"":0.3799,""y"":0.7252,""tSec"":12.75,""_id"":""69bf3fc0e4195cf523b0a2c5""},{""x"":0.3775,""y"":0.7459,""tSec"":12.75,""_id"":""69bf3fc0e4195cf523b0a2c6""},{""x"":0.3764,""y"":0.756,""tSec"":12.8,""_id"":""69bf3fc0e4195cf523b0a2c7""},{""x"":0.3748,""y"":0.7696,""tSec"":12.8,""_id"":""69bf3fc0e4195cf523b0a2c8""},{""x"":0.373,""y"":0.7779,""tSec"":12.85,""_id"":""69bf3fc0e4195cf523b0a2c9""},{""x"":0.3728,""y"":0.7856,""tSec"":12.9,""_id"":""69bf3fc0e4195cf523b0a2ca""},{""x"":0.3736,""y"":0.7951,""tSec"":12.95,""_id"":""69bf3fc0e4195cf523b0a2cb""},{""x"":0.376,""y"":0.8028,""tSec"":13,""_id"":""69bf3fc0e4195cf523b0a2cc""},{""x"":0.3778,""y"":0.8114,""tSec"":13.05,""_id"":""69bf3fc0e4195cf523b0a2cd""},{""x"":0.3796,""y"":0.8201,""tSec"":13.05,""_id"":""69bf3fc0e4195cf523b0a2ce""},{""x"":0.3813,""y"":0.8278,""tSec"":13.1,""_id"":""69bf3fc0e4195cf523b0a2cf""},{""x"":0.3846,""y"":0.8363,""tSec"":13.1,""_id"":""69bf3fc0e4195cf523b0a2d0""},{""x"":0.3872,""y"":0.8431,""tSec"":13.15,""_id"":""69bf3fc0e4195cf523b0a2d1""},{""x"":0.3906,""y"":0.8496,""tSec"":13.15,""_id"":""69bf3fc0e4195cf523b0a2d2""},{""x"":0.3941,""y"":0.8561,""tSec"":13.15,""_id"":""69bf3fc0e4195cf523b0a2d3""},{""x"":0.4014,""y"":0.8655,""tSec"":13.2,""_id"":""69bf3fc0e4195cf523b0a2d4""},{""x"":0.4084,""y"":0.8724,""tSec"":13.2,""_id"":""69bf3fc0e4195cf523b0a2d5""},{""x"":0.4169,""y"":0.8789,""tSec"":13.25,""_id"":""69bf3fc0e4195cf523b0a2d6""},{""x"":0.4249,""y"":0.8835,""tSec"":13.3,""_id"":""69bf3fc0e4195cf523b0a2d7""},{""x"":0.4358,""y"":0.8879,""tSec"":13.35,""_id"":""69bf3fc0e4195cf523b0a2d8""},{""x"":0.444,""y"":0.8912,""tSec"":13.4,""_id"":""69bf3fc0e4195cf523b0a2d9""},{""x"":0.4526,""y"":0.8945,""tSec"":13.4,""_id"":""69bf3fc0e4195cf523b0a2da""},{""x"":0.4606,""y"":0.8978,""tSec"":13.45,""_id"":""69bf3fc0e4195cf523b0a2db""},{""x"":0.4684,""y"":0.9001,""tSec"":13.5,""_id"":""69bf3fc0e4195cf523b0a2dc""},{""x"":0.4778,""y"":0.9013,""tSec"":13.5,""_id"":""69bf3fc0e4195cf523b0a2dd""},{""x"":0.4881,""y"":0.9024,""tSec"":13.55,""_id"":""69bf3fc0e4195cf523b0a2de""},{""x"":0.5001,""y"":0.9025,""tSec"":13.6,""_id"":""69bf3fc0e4195cf523b0a2df""},{""x"":0.5122,""y"":0.9025,""tSec"":13.6,""_id"":""69bf3fc0e4195cf523b0a2e0""},{""x"":0.5206,""y"":0.9016,""tSec"":13.65,""_id"":""69bf3fc0e4195cf523b0a2e1""},{""x"":0.5339,""y"":0.9005,""tSec"":13.65,""_id"":""69bf3fc0e4195cf523b0a2e2""},{""x"":0.5447,""y"":0.8994,""tSec"":13.7,""_id"":""69bf3fc0e4195cf523b0a2e3""},{""x"":0.5544,""y"":0.8974,""tSec"":13.7,""_id"":""69bf3fc0e4195cf523b0a2e4""},{""x"":0.564,""y"":0.8953,""tSec"":13.75,""_id"":""69bf3fc0e4195cf523b0a2e5""},{""x"":0.5736,""y"":0.8921,""tSec"":13.75,""_id"":""69bf3fc0e4195cf523b0a2e6""},{""x"":0.5832,""y"":0.888,""tSec"":13.8,""_id"":""69bf3fc0e4195cf523b0a2e7""},{""x"":0.5959,""y"":0.8818,""tSec"":13.8,""_id"":""69bf3fc0e4195cf523b0a2e8""},{""x"":0.6043,""y"":0.8781,""tSec"":13.85,""_id"":""69bf3fc0e4195cf523b0a2e9""},{""x"":0.6114,""y"":0.8748,""tSec"":13.85,""_id"":""69bf3fc0e4195cf523b0a2ea""},{""x"":0.6176,""y"":0.8715,""tSec"":13.9,""_id"":""69bf3fc0e4195cf523b0a2eb""},{""x"":0.6253,""y"":0.8674,""tSec"":13.9,""_id"":""69bf3fc0e4195cf523b0a2ec""},{""x"":0.633,""y"":0.863,""tSec"":13.95,""_id"":""69bf3fc0e4195cf523b0a2ed""},{""x"":0.6409,""y"":0.8577,""tSec"":14,""_id"":""69bf3fc0e4195cf523b0a2ee""},{""x"":0.6472,""y"":0.8523,""tSec"":14,""_id"":""69bf3fc0e4195cf523b0a2ef""},{""x"":0.6526,""y"":0.8469,""tSec"":14.05,""_id"":""69bf3fc0e4195cf523b0a2f0""},{""x"":0.6571,""y"":0.8406,""tSec"":14.1,""_id"":""69bf3fc0e4195cf523b0a2f1""},{""x"":0.6599,""y"":0.8341,""tSec"":14.2,""_id"":""69bf3fc0e4195cf523b0a2f2""},{""x"":0.6663,""y"":0.8295,""tSec"":14.35,""_id"":""69bf3fc0e4195cf523b0a2f3""},{""x"":0.6687,""y"":0.8213,""tSec"":14.4,""_id"":""69bf3fc0e4195cf523b0a2f4""},{""x"":0.6698,""y"":0.8136,""tSec"":14.5,""_id"":""69bf3fc0e4195cf523b0a2f5""},{""x"":0.6699,""y"":0.8051,""tSec"":14.55,""_id"":""69bf3fc0e4195cf523b0a2f6""},{""x"":0.6699,""y"":0.7965,""tSec"":14.6,""_id"":""69bf3fc0e4195cf523b0a2f7""},{""x"":0.6699,""y"":0.7888,""tSec"":14.65,""_id"":""69bf3fc0e4195cf523b0a2f8""},{""x"":0.6699,""y"":0.7811,""tSec"":15.4,""_id"":""69bf3fc0e4195cf523b0a2f9""},{""x"":0.6699,""y"":0.7735,""tSec"":19.3,""_id"":""69bf3fc0e4195cf523b0a2fa""}],""shotMarkers"":[],""fingerprint"":""7f2b9213"",""_id"":""69bf3fc0e4195cf523b0a291""}",right,5.0,0.0,0.0,0.0,0.0,None,0.0,None,False,good,57.2,0.0,57.2,0.0,0.0,0.0,0.0,0.0,0.0,Shot all over the place,True,39,0.0,0,0.0,0.0,0.0,0.0,0.0,0.0,0.0,0.0,False,red_1,Lucas,4.85,11.44,14,0.325,0.0,2.86,3.26,0.0,4.62,0.7,0.0,294,14.3,16.3,0.0,23.1,3.5,57.2,0.0,None,14
"{""totalSec"":163,""autoEndSec"":20,""delayEndSec"":23,""intervals"":[{""action"":""pass"",""startSec"":42.37,""endSec"":70.11,""durationSec"":27.74,""_id"":""69bf4150e4195cf523b0a311""},{""action"":""pass"",""startSec"":82.06,""endSec"":86.11,""durationSec"":4.05,""_id"":""69bf4150e4195cf523b0a312""},{""action"":""pass"",""startSec"":151.01,""endSec"":151.61,""durationSec"":0.6,""_id"":""69bf4150e4195cf523b0a313""}],""_id"":""69bf4150e4195cf523b0a310""}",0.0,{},,5.0,0.0,0.0,0.0,0.0,None,0.0,None,False,ok,0.0,161.95,0.0,0.0,0.0,0.0,0.0,0.0,0.0,,True,40,32.39,3,4.05,0.0,0.6,8.13,19.61,4.05,0.0,0.0,False,blue_1,William,0.0,0.0,0,0.0,0.0,0.0,0.0,0.0,0.0,0.0,0.0,6000,0.0,0.0,0.0,0.0,0.0,0.0,0.0,None,3
"{""totalSec"":163,""autoEndSec"":20,""delayEndSec"":23,""intervals"":[],""_id"":""69bf43eae4195cf523b0a4f4""}",0.0,{},,5.0,0.0,0.0,0.0,0.0,None,0.0,None,False,ok,0.0,0.0,0.0,0.0,0.0,0.0,0.0,0.0,0.0,,False,40,0.0,0,0.0,0.0,0.0,0.0,0.0,0.0,0.0,0.0,False,blue_2,Randy,0.0,0.0,0,0.0,0.0,0.0,0.0,0.0,0.0,0.0,0.0,980,0.0,0.0,0.0,0.0,0.0,0.0,0.0,None,0
"{""totalSec"":163,""autoEndSec"":20,""delayEndSec"":23,""intervals"":[{""action"":""pass"",""startSec"":28.61,""endSec"":29.36,""durationSec"":0.75,""_id"":""69bf5039e4195cf523b0adc8""},{""action"":""pass"",""startSec"":31.61,""endSec"":32.26,""durationSec"":0.65,""_id"":""69bf5039e4195cf523b0adc9""},{""action"":""pass"",""startSec"":39.86,""endSec"":40.46,""durationSec"":0.6,""_id"":""69bf5039e4195cf523b0adca""},{""action"":""pass"",""startSec"":41.96,""endSec"":42.62,""durationSec"":0.66,""_id"":""69bf5039e4195cf523b0adcb""},{""action"":""pass"",""startSec"":46.56,""endSec"":47.22,""durationSec"":0.66,""_id"":""69bf5039e4195cf523b0adcc""},{""action"":""pass"",""startSec"":53.51,""endSec"":53.56,""durationSec"":0.05,""_id"":""69bf5039e4195cf523b0adcd""},{""action"":""pass"",""startSec"":68.11,""endSec"":68.76,""durationSec"":0.65,""_id"":""69bf5039e4195cf523b0adce""},{""action"":""pass"",""startSec"":74.16,""endSec"":74.81,""durationSec"":0.65,""_id"":""69bf5039e4195cf523b0adcf""},{""action"":""pass"",""startSec"":76.96,""endSec"":81.36,""durationSec"":4.4,""_id"":""69bf5039e4195cf523b0add0""},{""action"":""pass"",""startSec"":86.76,""endSec"":88.01,""durationSec"":1.25,""_id"":""69bf5039e4195cf523b0add1""},{""action"":""pass"",""startSec"":99.71,""endSec"":100.41,""durationSec"":0.7,""_id"":""69bf5039e4195cf523b0add2""},{""action"":""pass"",""startSec"":105.21,""endSec"":108.56,""durationSec"":3.35,""_id"":""69bf5039e4195cf523b0add3""}],""_id"":""69bf5039e4195cf523b0adc7""}",0.0,{},,5.0,0.0,0.0,0.0,0.0,None,0.0,None,False,ok,0.0,71.85,0.0,0.0,0.0,0.0,0.0,0.0,0.0,,True,41,14.37,12,0.66,0.0,0.0,3.32,2.39,5.6,3.06,0.0,False,blue_2,C,0.0,0.0,0,0.0,0.0,0.0,0.0,0.0,0.0,0.0,0.0,9505,0.0,0.0,0.0,0.0,0.0,0.0,0.0,None,12
"{""totalSec"":163,""autoEndSec"":20,""delayEndSec"":23,""intervals"":[{""action"":""shoot"",""startSec"":27.95,""endSec"":28.1,""durationSec"":0.15,""_id"":""69bf503ae4195cf523b0ae20""},{""action"":""shoot"",""startSec"":39.5,""endSec"":39.91,""durationSec"":0.41,""_id"":""69bf503ae4195cf523b0ae21""},{""action"":""pass"",""startSec"":40.15,""endSec"":40.26,""durationSec"":0.11,""_id"":""69bf503ae4195cf523b0ae22""},{""action"":""pass"",""startSec"":42.95,""endSec"":43.61,""durationSec"":0.66,""_id"":""69bf503ae4195cf523b0ae23""},{""action"":""shoot"",""startSec"":55.85,""endSec"":56.27,""durationSec"":0.42,""_id"":""69bf503ae4195cf523b0ae24""},{""action"":""shoot"",""startSec"":60,""endSec"":64.35,""durationSec"":4.35,""_id"":""69bf503ae4195cf523b0ae25""},{""action"":""shoot"",""startSec"":71.35,""endSec"":79.91,""durationSec"":8.56,""_id"":""69bf503ae4195cf523b0ae26""},{""action"":""shoot"",""startSec"":112.8,""endSec"":113.37,""durationSec"":0.57,""_id"":""69bf503ae4195cf523b0ae27""},{""action"":""shoot"",""startSec"":120.6,""endSec"":127.45,""durationSec"":6.85,""_id"":""69bf503ae4195cf523b0ae28""},{""action"":""shoot"",""startSec"":137.75,""endSec"":140.11,""durationSec"":2.36,""_id"":""69bf503ae4195cf523b0ae29""},{""action"":""shoot"",""startSec"":148.5,""endSec"":148.66,""durationSec"":0.16,""_id"":""69bf503ae4195cf523b0ae2a""},{""action"":""shoot"",""startSec"":152.4,""endSec"":155.81,""durationSec"":3.41,""_id"":""69bf503ae4195cf523b0ae2b""},{""action"":""shoot"",""startSec"":160.05,""endSec"":160.78,""durationSec"":0.73,""_id"":""69bf503ae4195cf523b0ae2c""}],""_id"":""69bf503ae4195cf523b0ae1f""}",0.0,{},right,5.0,0.0,0.0,0.0,0.0,None,0.0,None,False,ok,139.85,3.85,139.85,0.0,0.0,0.0,0.0,0.0,0.0,,True,43,0.77,2,0.385,0.0,0.0,0.77,0.0,0.0,0.0,0.0,False,blue_2,C,11.05,27.97,11,0.73,0.0,6.66,0.56,11.42,1.91,7.42,0.0,4322,33.3,2.8,57.1,9.55,37.1,139.85000000000002,0.0,None,13
"{""totalSec"":163,""autoEndSec"":20,""delayEndSec"":23,""intervals"":[{""action"":""shoot"",""startSec"":43.1,""endSec"":43.75,""durationSec"":0.65,""_id"":""69bf503ae4195cf523b0ae1a""},{""action"":""shoot"",""startSec"":49.65,""endSec"":49.85,""durationSec"":0.2,""_id"":""69bf503ae4195cf523b0ae1b""},{""action"":""shoot"",""startSec"":59.15,""endSec"":59.27,""durationSec"":0.12,""_id"":""69bf503ae4195cf523b0ae1c""},{""action"":""shoot"",""startSec"":139.95,""endSec"":141.26,""durationSec"":1.31,""_id"":""69bf503ae4195cf523b0ae1d""}],""_id"":""69bf503ae4195cf523b0ae19""}",0.0,{},,5.0,0.0,0.0,0.0,0.0,other,0.0,None,False,rough,11.4,0.0,11.4,0.0,0.0,0.0,0.0,0.0,0.0,Kept to back of their side but did a little bit of shooting. No auto.,True,42,0.0,0,0.0,0.0,0.0,0.0,0.0,0.0,0.0,0.0,False,blue_2,C,9.5,2.28,4,0.425,0.0,1.31,0.85,0.12,0.0,0.0,0.0,6904,6.55,4.25,0.6,0.0,0.0,11.399999999999999,0.0,None,4
"{""totalSec"":163,""autoEndSec"":20,""delayEndSec"":23,""intervals"":[{""action"":""shoot"",""startSec"":161.87,""endSec"":161.97,""durationSec"":0.1,""_id"":""69bf41cbe4195cf523b0a347""}],""_id"":""69bf41cbe4195cf523b0a346""}",0.0,{},left,5.0,0.0,0.0,0.0,0.0,None,0.0,None,False,ok,0.5,0.0,0.5,0.0,0.0,0.0,0.0,0.0,0.0,,True,39,0.0,0,0.0,0.0,0.0,0.0,0.0,0.0,0.0,0.0,False,blue_3,Kasandra,0.0,0.1,1,0.1,0.0,0.1,0.0,0.0,0.0,0.0,0.0,5669,0.5,0.0,0.0,0.0,0.0,0.5,0.0,Failed,1
"{""totalSec"":163,""autoEndSec"":20,""delayEndSec"":23,""intervals"":[],""_id"":""69bf41cbe4195cf523b0a351""}",0.0,{},,5.0,0.0,0.0,0.0,2.0,mechanism,2.0,heavy,False,rough,0.0,0.0,0.0,0.0,0.0,0.0,0.0,0.0,0.0,Intake,False,40,0.0,0,0.0,0.0,0.0,0.0,0.0,0.0,0.0,0.0,False,blue_3,Kasandra,0.0,0.0,0,0.0,0.0,0.0,0.0,0.0,0.0,0.0,0.0,5835,0.0,0.0,0.0,0.0,0.0,0.0,0.0,None,0
"{""totalSec"":163,""autoEndSec"":20,""delayEndSec"":23,""intervals"":[],""_id"":""69bf41eae4195cf523b0a359""}",0.0,"{""alliance"":""red"",""startPosition"":""center"",""points"":[{""x"":0.69,""y"":0.5,""tSec"":4.7,""_id"":""69bf41eae4195cf523b0a357""},{""x"":0.6914,""y"":0.5177,""tSec"":4.7,""_id"":""69bf41eae4195cf523b0a358""}],""shotMarkers"":[],""fingerprint"":""58ab4604"",""_id"":""69bf41eae4195cf523b0a356""}",center,5.0,0.0,0.0,0.0,0.0,None,0.0,some,False,ok,0.0,0.0,0.0,0.0,0.0,0.0,0.0,0.0,0.0,,False,39,0.0,0,0.0,0.0,0.0,0.0,0.0,0.0,0.0,0.0,False,red_2,Andy,0.0,0.0,0,0.0,0.0,0.0,0.0,0.0,0.0,0.0,0.0,4501,0.0,0.0,0.0,0.0,0.0,0.0,0.0,None,0
"{""totalSec"":163,""autoEndSec"":20,""delayEndSec"":23,""intervals"":[{""action"":""shoot"",""startSec"":47.1,""endSec"":49.55,""durationSec"":2.45,""_id"":""69bf41eae4195cf523b0a35c""},{""action"":""shoot"",""startSec"":54.75,""endSec"":54.9,""durationSec"":0.15,""_id"":""69bf41eae4195cf523b0a35d""},{""action"":""pass"",""startSec"":63.3,""endSec"":64,""durationSec"":0.7,""_id"":""69bf41eae4195cf523b0a35e""},{""action"":""pass"",""startSec"":67.3,""endSec"":67.71,""durationSec"":0.41,""_id"":""69bf41eae4195cf523b0a35f""},{""action"":""pass"",""startSec"":75.25,""endSec"":76.96,""durationSec"":1.71,""_id"":""69bf41eae4195cf523b0a360""},{""action"":""shoot"",""startSec"":85.65,""endSec"":86.87,""durationSec"":1.22,""_id"":""69bf41eae4195cf523b0a361""},{""action"":""shoot"",""startSec"":98.1,""endSec"":99.2,""durationSec"":1.1,""_id"":""69bf41eae4195cf523b0a362""},{""action"":""shoot"",""startSec"":106.25,""endSec"":107.15,""durationSec"":0.9,""_id"":""69bf41eae4195cf523b0a363""},{""action"":""shoot"",""startSec"":135.25,""endSec"":136.03,""durationSec"":0.78,""_id"":""69bf41eae4195cf523b0a364""},{""action"":""shoot"",""startSec"":139,""endSec"":139.06,""durationSec"":0.06,""_id"":""69bf41eae4195cf523b0a365""},{""action"":""shoot"",""startSec"":148.7,""endSec"":149.8,""durationSec"":1.1,""_id"":""69bf41eae4195cf523b0a366""},{""action"":""shoot"",""startSec"":157.5,""endSec"":158.36,""durationSec"":0.86,""_id"":""69bf41eae4195cf523b0a367""},{""action"":""shoot"",""startSec"":161.9,""endSec"":162.65,""durationSec"":0.75,""_id"":""69bf41eae4195cf523b0a368""}],""_id"":""69bf41eae4195cf523b0a35b""}",0.0,{},,5.0,0.0,0.0,0.0,0.0,None,0.0,None,False,good,46.85,14.1,46.85,0.0,0.0,0.0,0.0,0.0,0.0,,True,40,2.82,3,0.7,0.0,0.0,0.0,2.82,0.0,0.0,0.0,False,red_2,Andy,8.8,9.37,10,0.88,0.0,3.55,2.45,0.15,2.32,0.9,0.0,4415,17.75,12.25,0.75,11.6,4.5,46.85,0.0,None,13
"{""totalSec"":163,""autoEndSec"":20,""delayEndSec"":23,""intervals"":[{""action"":""shoot"",""startSec"":21.4,""endSec"":22.45,""durationSec"":1.05,""_id"":""69bf42d1e4195cf523b0a3c5""},{""action"":""shoot"",""startSec"":46.7,""endSec"":47.1,""durationSec"":0.4,""_id"":""69bf42d1e4195cf523b0a3c6""},{""action"":""shoot"",""startSec"":119.9,""endSec"":121.45,""durationSec"":1.55,""_id"":""69bf42d1e4195cf523b0a3c7""},{""action"":""shoot"",""startSec"":131.75,""endSec"":132.52,""durationSec"":0.77,""_id"":""69bf42d1e4195cf523b0a3c8""}],""_id"":""69bf42d1e4195cf523b0a3c4""}",0.0,"{""alliance"":""red"",""startPosition"":""center"",""points"":[{""x"":0.69,""y"":0.5,""tSec"":1.85,""_id"":""69bf42d1e4195cf523b0a375""},{""x"":0.693,""y"":0.5129,""tSec"":1.85,""_id"":""69bf42d1e4195cf523b0a376""},{""x"":0.6673,""y"":0.5402,""tSec"":2,""_id"":""69bf42d1e4195cf523b0a377""},{""x"":0.6527,""y"":0.5626,""tSec"":2,""_id"":""69bf42d1e4195cf523b0a378""},{""x"":0.6303,""y"":0.5996,""tSec"":2.05,""_id"":""69bf42d1e4195cf523b0a379""},{""x"":0.6176,""y"":0.6192,""tSec"":2.05,""_id"":""69bf42d1e4195cf523b0a37a""},{""x"":0.6046,""y"":0.6407,""tSec"":2.1,""_id"":""69bf42d1e4195cf523b0a37b""},{""x"":0.5861,""y"":0.6661,""tSec"":2.15,""_id"":""69bf42d1e4195cf523b0a37c""},{""x"":0.5747,""y"":0.6777,""tSec"":2.2,""_id"":""69bf42d1e4195cf523b0a37d""},{""x"":0.555,""y"":0.6897,""tSec"":2.25,""_id"":""69bf42d1e4195cf523b0a37e""},{""x"":0.5357,""y"":0.7034,""tSec"":2.3,""_id"":""69bf42d1e4195cf523b0a37f""},{""x"":0.4989,""y"":0.7165,""tSec"":2.35,""_id"":""69bf42d1e4195cf523b0a380""},{""x"":0.4569,""y"":0.7133,""tSec"":2.4,""_id"":""69bf42d1e4195cf523b0a381""},{""x"":0.4213,""y"":0.7044,""tSec"":2.4,""_id"":""69bf42d1e4195cf523b0a382""},{""x"":0.3856,""y"":0.6929,""tSec"":2.45,""_id"":""69bf42d1e4195cf523b0a383""},{""x"":0.3421,""y"":0.6781,""tSec"":2.5,""_id"":""69bf42d1e4195cf523b0a384""},{""x"":0.3101,""y"":0.6611,""tSec"":2.5,""_id"":""69bf42d1e4195cf523b0a385""},{""x"":0.2986,""y"":0.6524,""tSec"":2.55,""_id"":""69bf42d1e4195cf523b0a386""},{""x"":0.2911,""y"":0.6447,""tSec"":2.55,""_id"":""69bf42d1e4195cf523b0a387""},{""x"":0.2818,""y"":0.638,""tSec"":2.6,""_id"":""69bf42d1e4195cf523b0a388""},{""x"":0.266,""y"":0.6325,""tSec"":2.6,""_id"":""69bf42d1e4195cf523b0a389""},{""x"":0.2496,""y"":0.6261,""tSec"":2.65,""_id"":""69bf42d1e4195cf523b0a38a""},{""x"":0.2346,""y"":0.6196,""tSec"":2.65,""_id"":""69bf42d1e4195cf523b0a38b""},{""x"":0.2229,""y"":0.6131,""tSec"":2.7,""_id"":""69bf42d1e4195cf523b0a38c""},{""x"":0.2137,""y"":0.6066,""tSec"":2.7,""_id"":""69bf42d1e4195cf523b0a38d""},{""x"":0.205,""y"":0.5972,""tSec"":2.75,""_id"":""69bf42d1e4195cf523b0a38e""},{""x"":0.1994,""y"":0.5894,""tSec"":2.75,""_id"":""69bf42d1e4195cf523b0a38f""},{""x"":0.1941,""y"":0.577,""tSec"":2.8,""_id"":""69bf42d1e4195cf523b0a390""},{""x"":0.1904,""y"":0.5631,""tSec"":2.85,""_id"":""69bf42d1e4195cf523b0a391""},{""x"":0.1885,""y"":0.5519,""tSec"":2.85,""_id"":""69bf42d1e4195cf523b0a392""},{""x"":0.1882,""y"":0.5429,""tSec"":2.9,""_id"":""69bf42d1e4195cf523b0a393""},{""x"":0.1889,""y"":0.5343,""tSec"":2.95,""_id"":""69bf42d1e4195cf523b0a394""},{""x"":0.1913,""y"":0.5275,""tSec"":3.1,""_id"":""69bf42d1e4195cf523b0a395""},{""x"":0.1946,""y"":0.5343,""tSec"":3.25,""_id"":""69bf42d1e4195cf523b0a396""},{""x"":0.1996,""y"":0.5437,""tSec"":3.35,""_id"":""69bf42d1e4195cf523b0a397""},{""x"":0.2033,""y"":0.5515,""tSec"":3.35,""_id"":""69bf42d1e4195cf523b0a398""},{""x"":0.2068,""y"":0.56,""tSec"":3.4,""_id"":""69bf42d1e4195cf523b0a399""},{""x"":0.2126,""y"":0.5706,""tSec"":3.4,""_id"":""69bf42d1e4195cf523b0a39a""},{""x"":0.2195,""y"":0.5834,""tSec"":3.45,""_id"":""69bf42d1e4195cf523b0a39b""},{""x"":0.2272,""y"":0.5992,""tSec"":3.45,""_id"":""69bf42d1e4195cf523b0a39c""},{""x"":0.2365,""y"":0.6154,""tSec"":3.5,""_id"":""69bf42d1e4195cf523b0a39d""},{""x"":0.253,""y"":0.643,""tSec"":3.5,""_id"":""69bf42d1e4195cf523b0a39e""},{""x"":0.2596,""y"":0.6559,""tSec"":3.55,""_id"":""69bf42d1e4195cf523b0a39f""},{""x"":0.2695,""y"":0.6737,""tSec"":3.55,""_id"":""69bf42d1e4195cf523b0a3a0""},{""x"":0.2845,""y"":0.6977,""tSec"":3.6,""_id"":""69bf42d1e4195cf523b0a3a1""},{""x"":0.2917,""y"":0.7073,""tSec"":3.6,""_id"":""69bf42d1e4195cf523b0a3a2""},{""x"":0.3048,""y"":0.7209,""tSec"":3.6,""_id"":""69bf42d1e4195cf523b0a3a3""},{""x"":0.3202,""y"":0.731,""tSec"":3.65,""_id"":""69bf42d1e4195cf523b0a3a4""},{""x"":0.3289,""y"":0.7351,""tSec"":3.65,""_id"":""69bf42d1e4195cf523b0a3a5""},{""x"":0.3369,""y"":0.7375,""tSec"":3.65,""_id"":""69bf42d1e4195cf523b0a3a6""},{""x"":0.3509,""y"":0.7416,""tSec"":3.65,""_id"":""69bf42d1e4195cf523b0a3a7""},{""x"":0.3594,""y"":0.7431,""tSec"":3.7,""_id"":""69bf42d1e4195cf523b0a3a8""},{""x"":0.3758,""y"":0.7442,""tSec"":3.7,""_id"":""69bf42d1e4195cf523b0a3a9""},{""x"":0.3977,""y"":0.7453,""tSec"":3.75,""_id"":""69bf42d1e4195cf523b0a3aa""},{""x"":0.4187,""y"":0.7454,""tSec"":3.75,""_id"":""69bf42d1e4195cf523b0a3ab""},{""x"":0.4359,""y"":0.7454,""tSec"":3.8,""_id"":""69bf42d1e4195cf523b0a3ac""},{""x"":0.4502,""y"":0.7454,""tSec"":3.8,""_id"":""69bf42d1e4195cf523b0a3ad""},{""x"":0.4634,""y"":0.7436,""tSec"":3.85,""_id"":""69bf42d1e4195cf523b0a3ae""},{""x"":0.4772,""y"":0.7395,""tSec"":3.85,""_id"":""69bf42d1e4195cf523b0a3af""},{""x"":0.5011,""y"":0.7285,""tSec"":3.85,""_id"":""69bf42d1e4195cf523b0a3b0""},{""x"":0.5147,""y"":0.7195,""tSec"":3.9,""_id"":""69bf42d1e4195cf523b0a3b1""},{""x"":0.5332,""y"":0.7052,""tSec"":3.9,""_id"":""69bf42d1e4195cf523b0a3b2""},{""x"":0.5477,""y"":0.693,""tSec"":3.95,""_id"":""69bf42d1e4195cf523b0a3b3""},{""x"":0.5578,""y"":0.6829,""tSec"":3.95,""_id"":""69bf42d1e4195cf523b0a3b4""},{""x"":0.5667,""y"":0.6731,""tSec"":3.95,""_id"":""69bf42d1e4195cf523b0a3b5""},{""x"":0.5839,""y"":0.6566,""tSec"":4,""_id"":""69bf42d1e4195cf523b0a3b6""},{""x"":0.6074,""y"":0.6357,""tSec"":4,""_id"":""69bf42d1e4195cf523b0a3b7""},{""x"":0.624,""y"":0.6188,""tSec"":4.05,""_id"":""69bf42d1e4195cf523b0a3b8""},{""x"":0.6368,""y"":0.6063,""tSec"":4.05,""_id"":""69bf42d1e4195cf523b0a3b9""},{""x"":0.6414,""y"":0.6001,""tSec"":4.1,""_id"":""69bf42d1e4195cf523b0a3ba""},{""x"":0.6511,""y"":0.5792,""tSec"":4.1,""_id"":""69bf42d1e4195cf523b0a3bb""},{""x"":0.6623,""y"":0.5568,""tSec"":4.15,""_id"":""69bf42d1e4195cf523b0a3bc""},{""x"":0.669,""y"":0.5426,""tSec"":4.15,""_id"":""69bf42d1e4195cf523b0a3bd""},{""x"":0.6789,""y"":0.5228,""tSec"":4.15,""_id"":""69bf42d1e4195cf523b0a3be""},{""x"":0.6863,""y"":0.507,""tSec"":4.2,""_id"":""69bf42d1e4195cf523b0a3bf""},{""x"":0.6895,""y"":0.4965,""tSec"":4.2,""_id"":""69bf42d1e4195cf523b0a3c0""},{""x"":0.6906,""y"":0.4867,""tSec"":4.25,""_id"":""69bf42d1e4195cf523b0a3c1""},{""x"":0.6908,""y"":0.4769,""tSec"":4.3,""_id"":""69bf42d1e4195cf523b0a3c2""},{""x"":0.6908,""y"":0.4692,""tSec"":4.4,""_id"":""69bf42d1e4195cf523b0a3c3""}],""shotMarkers"":[],""fingerprint"":""8e8d3eb0"",""_id"":""69bf42d1e4195cf523b0a374""}",center,5.0,0.0,0.0,0.0,0.0,None,0.0,None,False,great,18.85,0.0,18.85,0.0,0.0,0.0,0.0,0.0,0.0,,True,41,0.0,0,0.0,0.0,0.0,0.0,0.0,0.0,0.0,0.0,False,red_2,A,25.3,3.77,4,0.91,0.0,0.0,0.4,0.0,0.0,2.32,1.05,4201,0.0,2.0,0.0,0.0,11.6,18.85,5.25,None,4
"{""totalSec"":163,""autoEndSec"":20,""delayEndSec"":23,""intervals"":[{""action"":""shoot"",""startSec"":50.52,""endSec"":53.17,""durationSec"":2.65,""_id"":""69bf45ece4195cf523b0a61a""},{""action"":""shoot"",""startSec"":59.42,""endSec"":64.42,""durationSec"":5,""_id"":""69bf45ece4195cf523b0a61b""},{""action"":""shoot"",""startSec"":74.92,""endSec"":75.62,""durationSec"":0.7,""_id"":""69bf45ece4195cf523b0a61c""},{""action"":""pass"",""startSec"":84.37,""endSec"":87.67,""durationSec"":3.3,""_id"":""69bf45ece4195cf523b0a61d""},{""action"":""shoot"",""startSec"":99.82,""endSec"":100.48,""durationSec"":0.66,""_id"":""69bf45ece4195cf523b0a61e""},{""action"":""shoot"",""startSec"":103.87,""endSec"":106.37,""durationSec"":2.5,""_id"":""69bf45ece4195cf523b0a61f""},{""action"":""shoot"",""startSec"":119.02,""endSec"":119.67,""durationSec"":0.65,""_id"":""69bf45ece4195cf523b0a620""},{""action"":""shoot"",""startSec"":121.27,""endSec"":122.03,""durationSec"":0.76,""_id"":""69bf45ece4195cf523b0a621""},{""action"":""shoot"",""startSec"":122.67,""endSec"":124.07,""durationSec"":1.4,""_id"":""69bf45ece4195cf523b0a622""},{""action"":""shoot"",""startSec"":132.67,""endSec"":133.02,""durationSec"":0.35,""_id"":""69bf45ece4195cf523b0a623""},{""action"":""shoot"",""startSec"":134.47,""endSec"":134.94,""durationSec"":0.47,""_id"":""69bf45ece4195cf523b0a624""},{""action"":""shoot"",""startSec"":136.57,""endSec"":137.05,""durationSec"":0.48,""_id"":""69bf45ece4195cf523b0a625""},{""action"":""shoot"",""startSec"":138.32,""endSec"":139.57,""durationSec"":1.25,""_id"":""69bf45ece4195cf523b0a626""},{""action"":""shoot"",""startSec"":148.02,""endSec"":151.32,""durationSec"":3.3,""_id"":""69bf45ece4195cf523b0a627""},{""action"":""shoot"",""startSec"":153.82,""endSec"":153.92,""durationSec"":0.1,""_id"":""69bf45ece4195cf523b0a628""},{""action"":""shoot"",""startSec"":154.82,""endSec"":156.88,""durationSec"":2.06,""_id"":""69bf45ece4195cf523b0a629""}],""_id"":""69bf45ece4195cf523b0a619""}",0.0,"{""alliance"":""red"",""startPosition"":""right"",""points"":[{""x"":0.69,""y"":0.67,""tSec"":3.05,""_id"":""69bf45ece4195cf523b0a54a""},{""x"":0.673,""y"":0.663,""tSec"":3.05,""_id"":""69bf45ece4195cf523b0a54b""},{""x"":0.6488,""y"":0.6536,""tSec"":3.75,""_id"":""69bf45ece4195cf523b0a54c""},{""x"":0.642,""y"":0.6582,""tSec"":3.85,""_id"":""69bf45ece4195cf523b0a54d""},{""x"":0.6343,""y"":0.674,""tSec"":3.9,""_id"":""69bf45ece4195cf523b0a54e""},{""x"":0.6303,""y"":0.6835,""tSec"":3.9,""_id"":""69bf45ece4195cf523b0a54f""},{""x"":0.6245,""y"":0.697,""tSec"":3.95,""_id"":""69bf45ece4195cf523b0a550""},{""x"":0.6176,""y"":0.71,""tSec"":3.95,""_id"":""69bf45ece4195cf523b0a551""},{""x"":0.6107,""y"":0.7202,""tSec"":4,""_id"":""69bf45ece4195cf523b0a552""},{""x"":0.6045,""y"":0.7281,""tSec"":4,""_id"":""69bf45ece4195cf523b0a553""},{""x"":0.5984,""y"":0.7329,""tSec"":4,""_id"":""69bf45ece4195cf523b0a554""},{""x"":0.5877,""y"":0.7382,""tSec"":4.05,""_id"":""69bf45ece4195cf523b0a555""},{""x"":0.5727,""y"":0.7388,""tSec"":4.1,""_id"":""69bf45ece4195cf523b0a556""},{""x"":0.5655,""y"":0.7351,""tSec"":4.2,""_id"":""69bf45ece4195cf523b0a557""},{""x"":0.5401,""y"":0.7252,""tSec"":4.25,""_id"":""69bf45ece4195cf523b0a558""},{""x"":0.5217,""y"":0.7201,""tSec"":4.3,""_id"":""69bf45ece4195cf523b0a559""},{""x"":0.5103,""y"":0.7176,""tSec"":4.3,""_id"":""69bf45ece4195cf523b0a55a""},{""x"":0.4874,""y"":0.7106,""tSec"":4.35,""_id"":""69bf45ece4195cf523b0a55b""},{""x"":0.4709,""y"":0.7031,""tSec"":4.35,""_id"":""69bf45ece4195cf523b0a55c""},{""x"":0.4566,""y"":0.6975,""tSec"":4.4,""_id"":""69bf45ece4195cf523b0a55d""},{""x"":0.4442,""y"":0.6958,""tSec"":4.45,""_id"":""69bf45ece4195cf523b0a55e""},{""x"":0.435,""y"":0.6956,""tSec"":4.45,""_id"":""69bf45ece4195cf523b0a55f""},{""x"":0.4255,""y"":0.6956,""tSec"":4.5,""_id"":""69bf45ece4195cf523b0a560""},{""x"":0.4182,""y"":0.6956,""tSec"":4.5,""_id"":""69bf45ece4195cf523b0a561""},{""x"":0.4082,""y"":0.6956,""tSec"":4.55,""_id"":""69bf45ece4195cf523b0a562""},{""x"":0.4001,""y"":0.6975,""tSec"":4.6,""_id"":""69bf45ece4195cf523b0a563""},{""x"":0.393,""y"":0.6996,""tSec"":4.65,""_id"":""69bf45ece4195cf523b0a564""},{""x"":0.3868,""y"":0.7046,""tSec"":4.75,""_id"":""69bf45ece4195cf523b0a565""},{""x"":0.3798,""y"":0.7091,""tSec"":4.8,""_id"":""69bf45ece4195cf523b0a566""},{""x"":0.3736,""y"":0.7144,""tSec"":4.9,""_id"":""69bf45ece4195cf523b0a567""},{""x"":0.3668,""y"":0.7178,""tSec"":5,""_id"":""69bf45ece4195cf523b0a568""},{""x"":0.3598,""y"":0.7202,""tSec"":5.1,""_id"":""69bf45ece4195cf523b0a569""},{""x"":0.3514,""y"":0.7205,""tSec"":5.2,""_id"":""69bf45ece4195cf523b0a56a""},{""x"":0.345,""y"":0.7167,""tSec"":5.25,""_id"":""69bf45ece4195cf523b0a56b""},{""x"":0.3396,""y"":0.7105,""tSec"":5.35,""_id"":""69bf45ece4195cf523b0a56c""},{""x"":0.3312,""y"":0.6974,""tSec"":5.4,""_id"":""69bf45ece4195cf523b0a56d""},{""x"":0.3279,""y"":0.6853,""tSec"":5.45,""_id"":""69bf45ece4195cf523b0a56e""},{""x"":0.3268,""y"":0.6772,""tSec"":5.45,""_id"":""69bf45ece4195cf523b0a56f""},{""x"":0.3259,""y"":0.6629,""tSec"":5.45,""_id"":""69bf45ece4195cf523b0a570""},{""x"":0.3258,""y"":0.6545,""tSec"":5.45,""_id"":""69bf45ece4195cf523b0a571""},{""x"":0.3258,""y"":0.6382,""tSec"":5.45,""_id"":""69bf45ece4195cf523b0a572""},{""x"":0.3258,""y"":0.6277,""tSec"":5.5,""_id"":""69bf45ece4195cf523b0a573""},{""x"":0.3258,""y"":0.6131,""tSec"":5.5,""_id"":""69bf45ece4195cf523b0a574""},{""x"":0.3258,""y"":0.6047,""tSec"":5.55,""_id"":""69bf45ece4195cf523b0a575""},{""x"":0.3258,""y"":0.5893,""tSec"":5.55,""_id"":""69bf45ece4195cf523b0a576""},{""x"":0.325,""y"":0.5799,""tSec"":5.55,""_id"":""69bf45ece4195cf523b0a577""},{""x"":0.3218,""y"":0.5654,""tSec"":5.6,""_id"":""69bf45ece4195cf523b0a578""},{""x"":0.32,""y"":0.557,""tSec"":5.6,""_id"":""69bf45ece4195cf523b0a579""},{""x"":0.3182,""y"":0.5435,""tSec"":5.6,""_id"":""69bf45ece4195cf523b0a57a""},{""x"":0.3149,""y"":0.5286,""tSec"":5.65,""_id"":""69bf45ece4195cf523b0a57b""},{""x"":0.3115,""y"":0.5135,""tSec"":5.65,""_id"":""69bf45ece4195cf523b0a57c""},{""x"":0.3072,""y"":0.4955,""tSec"":5.7,""_id"":""69bf45ece4195cf523b0a57d""},{""x"":0.3036,""y"":0.4809,""tSec"":5.75,""_id"":""69bf45ece4195cf523b0a57e""},{""x"":0.3025,""y"":0.4734,""tSec"":5.75,""_id"":""69bf45ece4195cf523b0a57f""},{""x"":0.2992,""y"":0.463,""tSec"":5.75,""_id"":""69bf45ece4195cf523b0a580""},{""x"":0.2958,""y"":0.4512,""tSec"":5.8,""_id"":""69bf45ece4195cf523b0a581""},{""x"":0.2923,""y"":0.4432,""tSec"":5.85,""_id"":""69bf45ece4195cf523b0a582""},{""x"":0.2842,""y"":0.4279,""tSec"":5.85,""_id"":""69bf45ece4195cf523b0a583""},{""x"":0.2779,""y"":0.4175,""tSec"":5.9,""_id"":""69bf45ece4195cf523b0a584""},{""x"":0.2709,""y"":0.4039,""tSec"":5.9,""_id"":""69bf45ece4195cf523b0a585""},{""x"":0.2617,""y"":0.3841,""tSec"":5.95,""_id"":""69bf45ece4195cf523b0a586""},{""x"":0.2514,""y"":0.3617,""tSec"":6,""_id"":""69bf45ece4195cf523b0a587""},{""x"":0.2463,""y"":0.3523,""tSec"":6,""_id"":""69bf45ece4195cf523b0a588""},{""x"":0.2342,""y"":0.3312,""tSec"":6.05,""_id"":""69bf45ece4195cf523b0a589""},{""x"":0.2182,""y"":0.2953,""tSec"":6.1,""_id"":""69bf45ece4195cf523b0a58a""},{""x"":0.2156,""y"":0.2862,""tSec"":6.1,""_id"":""69bf45ece4195cf523b0a58b""},{""x"":0.2152,""y"":0.2765,""tSec"":6.15,""_id"":""69bf45ece4195cf523b0a58c""},{""x"":0.2152,""y"":0.2687,""tSec"":6.2,""_id"":""69bf45ece4195cf523b0a58d""},{""x"":0.2175,""y"":0.2782,""tSec"":6.25,""_id"":""69bf45ece4195cf523b0a58e""},{""x"":0.2193,""y"":0.3166,""tSec"":6.25,""_id"":""69bf45ece4195cf523b0a58f""},{""x"":0.218,""y"":0.3403,""tSec"":6.25,""_id"":""69bf45ece4195cf523b0a590""},{""x"":0.2162,""y"":0.3621,""tSec"":6.3,""_id"":""69bf45ece4195cf523b0a591""},{""x"":0.2137,""y"":0.3858,""tSec"":6.3,""_id"":""69bf45ece4195cf523b0a592""},{""x"":0.2081,""y"":0.4496,""tSec"":6.35,""_id"":""69bf45ece4195cf523b0a593""},{""x"":0.2066,""y"":0.4744,""tSec"":6.35,""_id"":""69bf45ece4195cf523b0a594""},{""x"":0.2064,""y"":0.507,""tSec"":6.35,""_id"":""69bf45ece4195cf523b0a595""},{""x"":0.2103,""y"":0.5395,""tSec"":6.4,""_id"":""69bf45ece4195cf523b0a596""},{""x"":0.2138,""y"":0.5529,""tSec"":6.45,""_id"":""69bf45ece4195cf523b0a597""},{""x"":0.2173,""y"":0.5602,""tSec"":6.45,""_id"":""69bf45ece4195cf523b0a598""},{""x"":0.2215,""y"":0.5659,""tSec"":6.5,""_id"":""69bf45ece4195cf523b0a599""},{""x"":0.2282,""y"":0.5761,""tSec"":6.55,""_id"":""69bf45ece4195cf523b0a59a""},{""x"":0.2321,""y"":0.5831,""tSec"":6.55,""_id"":""69bf45ece4195cf523b0a59b""},{""x"":0.2371,""y"":0.5896,""tSec"":6.6,""_id"":""69bf45ece4195cf523b0a59c""},{""x"":0.2439,""y"":0.5971,""tSec"":6.6,""_id"":""69bf45ece4195cf523b0a59d""},{""x"":0.2501,""y"":0.6047,""tSec"":6.65,""_id"":""69bf45ece4195cf523b0a59e""},{""x"":0.2569,""y"":0.6151,""tSec"":6.65,""_id"":""69bf45ece4195cf523b0a59f""},{""x"":0.2631,""y"":0.6268,""tSec"":6.7,""_id"":""69bf45ece4195cf523b0a5a0""},{""x"":0.2685,""y"":0.6378,""tSec"":6.7,""_id"":""69bf45ece4195cf523b0a5a1""},{""x"":0.2737,""y"":0.6467,""tSec"":6.7,""_id"":""69bf45ece4195cf523b0a5a2""},{""x"":0.2797,""y"":0.6564,""tSec"":6.75,""_id"":""69bf45ece4195cf523b0a5a3""},{""x"":0.2842,""y"":0.6642,""tSec"":6.8,""_id"":""69bf45ece4195cf523b0a5a4""},{""x"":0.2878,""y"":0.6709,""tSec"":6.8,""_id"":""69bf45ece4195cf523b0a5a5""},{""x"":0.2921,""y"":0.6802,""tSec"":6.85,""_id"":""69bf45ece4195cf523b0a5a6""},{""x"":0.2957,""y"":0.688,""tSec"":6.9,""_id"":""69bf45ece4195cf523b0a5a7""},{""x"":0.3015,""y"":0.6957,""tSec"":6.95,""_id"":""69bf45ece4195cf523b0a5a8""},{""x"":0.3076,""y"":0.7023,""tSec"":7,""_id"":""69bf45ece4195cf523b0a5a9""},{""x"":0.3152,""y"":0.7059,""tSec"":7,""_id"":""69bf45ece4195cf523b0a5aa""},{""x"":0.3222,""y"":0.7083,""tSec"":7.05,""_id"":""69bf45ece4195cf523b0a5ab""},{""x"":0.3345,""y"":0.7095,""tSec"":7.1,""_id"":""69bf45ece4195cf523b0a5ac""},{""x"":0.3429,""y"":0.7097,""tSec"":7.1,""_id"":""69bf45ece4195cf523b0a5ad""},{""x"":0.35,""y"":0.7097,""tSec"":7.15,""_id"":""69bf45ece4195cf523b0a5ae""},{""x"":0.3586,""y"":0.7097,""tSec"":7.2,""_id"":""69bf45ece4195cf523b0a5af""},{""x"":0.3665,""y"":0.7087,""tSec"":7.2,""_id"":""69bf45ece4195cf523b0a5b0""},{""x"":0.3736,""y"":0.7076,""tSec"":7.2,""_id"":""69bf45ece4195cf523b0a5b1""},{""x"":0.3806,""y"":0.7056,""tSec"":7.25,""_id"":""69bf45ece4195cf523b0a5b2""},{""x"":0.389,""y"":0.7025,""tSec"":7.3,""_id"":""69bf45ece4195cf523b0a5b3""},{""x"":0.397,""y"":0.6992,""tSec"":7.3,""_id"":""69bf45ece4195cf523b0a5b4""},{""x"":0.4079,""y"":0.6951,""tSec"":7.35,""_id"":""69bf45ece4195cf523b0a5b5""},{""x"":0.4185,""y"":0.6936,""tSec"":7.4,""_id"":""69bf45ece4195cf523b0a5b6""},{""x"":0.4289,""y"":0.6925,""tSec"":7.45,""_id"":""69bf45ece4195cf523b0a5b7""},{""x"":0.4386,""y"":0.6923,""tSec"":7.45,""_id"":""69bf45ece4195cf523b0a5b8""},{""x"":0.4497,""y"":0.6923,""tSec"":7.5,""_id"":""69bf45ece4195cf523b0a5b9""},{""x"":0.4572,""y"":0.6923,""tSec"":7.5,""_id"":""69bf45ece4195cf523b0a5ba""},{""x"":0.4742,""y"":0.6914,""tSec"":7.55,""_id"":""69bf45ece4195cf523b0a5bb""},{""x"":0.4823,""y"":0.6913,""tSec"":7.55,""_id"":""69bf45ece4195cf523b0a5bc""},{""x"":0.4956,""y"":0.6903,""tSec"":7.55,""_id"":""69bf45ece4195cf523b0a5bd""},{""x"":0.5071,""y"":0.6892,""tSec"":7.6,""_id"":""69bf45ece4195cf523b0a5be""},{""x"":0.5177,""y"":0.6891,""tSec"":7.6,""_id"":""69bf45ece4195cf523b0a5bf""},{""x"":0.5282,""y"":0.6891,""tSec"":7.65,""_id"":""69bf45ece4195cf523b0a5c0""},{""x"":0.5425,""y"":0.6891,""tSec"":7.65,""_id"":""69bf45ece4195cf523b0a5c1""},{""x"":0.5518,""y"":0.6891,""tSec"":7.7,""_id"":""69bf45ece4195cf523b0a5c2""},{""x"":0.5622,""y"":0.6891,""tSec"":7.7,""_id"":""69bf45ece4195cf523b0a5c3""},{""x"":0.5734,""y"":0.6891,""tSec"":7.75,""_id"":""69bf45ece4195cf523b0a5c4""},{""x"":0.5832,""y"":0.6891,""tSec"":7.8,""_id"":""69bf45ece4195cf523b0a5c5""},{""x"":0.592,""y"":0.6891,""tSec"":7.85,""_id"":""69bf45ece4195cf523b0a5c6""},{""x"":0.6038,""y"":0.6891,""tSec"":7.9,""_id"":""69bf45ece4195cf523b0a5c7""},{""x"":0.6114,""y"":0.6891,""tSec"":7.9,""_id"":""69bf45ece4195cf523b0a5c8""},{""x"":0.6199,""y"":0.6891,""tSec"":7.95,""_id"":""69bf45ece4195cf523b0a5c9""},{""x"":0.6309,""y"":0.6891,""tSec"":8.05,""_id"":""69bf45ece4195cf523b0a5ca""},{""x"":0.6376,""y"":0.6862,""tSec"":8.1,""_id"":""69bf45ece4195cf523b0a5cb""},{""x"":0.643,""y"":0.6811,""tSec"":8.15,""_id"":""69bf45ece4195cf523b0a5cc""},{""x"":0.6483,""y"":0.6738,""tSec"":8.2,""_id"":""69bf45ece4195cf523b0a5cd""},{""x"":0.6527,""y"":0.6663,""tSec"":8.25,""_id"":""69bf45ece4195cf523b0a5ce""},{""x"":0.6571,""y"":0.6606,""tSec"":8.3,""_id"":""69bf45ece4195cf523b0a5cf""},{""x"":0.663,""y"":0.6551,""tSec"":8.4,""_id"":""69bf45ece4195cf523b0a5d0""},{""x"":0.666,""y"":0.6478,""tSec"":8.65,""_id"":""69bf45ece4195cf523b0a5d1""},{""x"":0.6633,""y"":0.6412,""tSec"":9,""_id"":""69bf45ece4195cf523b0a5d2""},{""x"":0.6561,""y"":0.6452,""tSec"":15.75,""_id"":""69bf45ece4195cf523b0a5d3""},{""x"":0.6483,""y"":0.658,""tSec"":15.8,""_id"":""69bf45ece4195cf523b0a5d4""},{""x"":0.642,""y"":0.6701,""tSec"":15.8,""_id"":""69bf45ece4195cf523b0a5d5""},{""x"":0.6297,""y"":0.6896,""tSec"":15.8,""_id"":""69bf45ece4195cf523b0a5d6""},{""x"":0.5968,""y"":0.7244,""tSec"":15.9,""_id"":""69bf45ece4195cf523b0a5d7""},{""x"":0.5722,""y"":0.7401,""tSec"":15.95,""_id"":""69bf45ece4195cf523b0a5d8""},{""x"":0.5401,""y"":0.7477,""tSec"":16,""_id"":""69bf45ece4195cf523b0a5d9""},{""x"":0.5286,""y"":0.7486,""tSec"":16.05,""_id"":""69bf45ece4195cf523b0a5da""},{""x"":0.521,""y"":0.741,""tSec"":16.15,""_id"":""69bf45ece4195cf523b0a5db""},{""x"":0.5102,""y"":0.7373,""tSec"":16.15,""_id"":""69bf45ece4195cf523b0a5dc""},{""x"":0.4897,""y"":0.7369,""tSec"":16.2,""_id"":""69bf45ece4195cf523b0a5dd""},{""x"":0.4758,""y"":0.7358,""tSec"":16.2,""_id"":""69bf45ece4195cf523b0a5de""},{""x"":0.468,""y"":0.7347,""tSec"":16.2,""_id"":""69bf45ece4195cf523b0a5df""},{""x"":0.4517,""y"":0.7317,""tSec"":16.25,""_id"":""69bf45ece4195cf523b0a5e0""},{""x"":0.4413,""y"":0.7295,""tSec"":16.3,""_id"":""69bf45ece4195cf523b0a5e1""},{""x"":0.4339,""y"":0.7273,""tSec"":16.3,""_id"":""69bf45ece4195cf523b0a5e2""},{""x"":0.4192,""y"":0.728,""tSec"":16.35,""_id"":""69bf45ece4195cf523b0a5e3""},{""x"":0.4037,""y"":0.7319,""tSec"":16.35,""_id"":""69bf45ece4195cf523b0a5e4""},{""x"":0.3957,""y"":0.7343,""tSec"":16.4,""_id"":""69bf45ece4195cf523b0a5e5""},{""x"":0.3871,""y"":0.7298,""tSec"":16.5,""_id"":""69bf45ece4195cf523b0a5e6""},{""x"":0.3853,""y"":0.7226,""tSec"":16.55,""_id"":""69bf45ece4195cf523b0a5e7""},{""x"":0.382,""y"":0.716,""tSec"":16.6,""_id"":""69bf45ece4195cf523b0a5e8""},{""x"":0.3755,""y"":0.7133,""tSec"":16.7,""_id"":""69bf45ece4195cf523b0a5e9""},{""x"":0.3678,""y"":0.712,""tSec"":16.8,""_id"":""69bf45ece4195cf523b0a5ea""},{""x"":0.36,""y"":0.709,""tSec"":16.9,""_id"":""69bf45ece4195cf523b0a5eb""},{""x"":0.3537,""y"":0.7039,""tSec"":17,""_id"":""69bf45ece4195cf523b0a5ec""},{""x"":0.3498,""y"":0.6976,""tSec"":17.05,""_id"":""69bf45ece4195cf523b0a5ed""},{""x"":0.3494,""y"":0.6892,""tSec"":17.15,""_id"":""69bf45ece4195cf523b0a5ee""},{""x"":0.3493,""y"":0.6805,""tSec"":17.2,""_id"":""69bf45ece4195cf523b0a5ef""},{""x"":0.3493,""y"":0.6719,""tSec"":17.25,""_id"":""69bf45ece4195cf523b0a5f0""},{""x"":0.3485,""y"":0.6622,""tSec"":17.3,""_id"":""69bf45ece4195cf523b0a5f1""},{""x"":0.3461,""y"":0.6468,""tSec"":17.3,""_id"":""69bf45ece4195cf523b0a5f2""},{""x"":0.345,""y"":0.6392,""tSec"":17.35,""_id"":""69bf45ece4195cf523b0a5f3""},{""x"":0.3434,""y"":0.6259,""tSec"":17.35,""_id"":""69bf45ece4195cf523b0a5f4""},{""x"":0.3424,""y"":0.6186,""tSec"":17.35,""_id"":""69bf45ece4195cf523b0a5f5""},{""x"":0.3408,""y"":0.6091,""tSec"":17.35,""_id"":""69bf45ece4195cf523b0a5f6""},{""x"":0.3398,""y"":0.6004,""tSec"":17.4,""_id"":""69bf45ece4195cf523b0a5f7""},{""x"":0.3397,""y"":0.5917,""tSec"":17.45,""_id"":""69bf45ece4195cf523b0a5f8""},{""x"":0.3397,""y"":0.582,""tSec"":17.5,""_id"":""69bf45ece4195cf523b0a5f9""},{""x"":0.3428,""y"":0.5923,""tSec"":17.6,""_id"":""69bf45ece4195cf523b0a5fa""},{""x"":0.3446,""y"":0.6088,""tSec"":17.6,""_id"":""69bf45ece4195cf523b0a5fb""},{""x"":0.3472,""y"":0.6327,""tSec"":17.6,""_id"":""69bf45ece4195cf523b0a5fc""},{""x"":0.3505,""y"":0.6537,""tSec"":17.65,""_id"":""69bf45ece4195cf523b0a5fd""},{""x"":0.3571,""y"":0.6753,""tSec"":17.65,""_id"":""69bf45ece4195cf523b0a5fe""},{""x"":0.3663,""y"":0.6941,""tSec"":17.7,""_id"":""69bf45ece4195cf523b0a5ff""},{""x"":0.3759,""y"":0.7097,""tSec"":17.7,""_id"":""69bf45ece4195cf523b0a600""},{""x"":0.3901,""y"":0.724,""tSec"":17.75,""_id"":""69bf45ece4195cf523b0a601""},{""x"":0.4033,""y"":0.7324,""tSec"":17.75,""_id"":""69bf45ece4195cf523b0a602""},{""x"":0.4171,""y"":0.7381,""tSec"":17.75,""_id"":""69bf45ece4195cf523b0a603""},{""x"":0.4256,""y"":0.7407,""tSec"":17.8,""_id"":""69bf45ece4195cf523b0a604""},{""x"":0.452,""y"":0.7411,""tSec"":17.85,""_id"":""69bf45ece4195cf523b0a605""},{""x"":0.4744,""y"":0.7373,""tSec"":17.85,""_id"":""69bf45ece4195cf523b0a606""},{""x"":0.5,""y"":0.7302,""tSec"":17.9,""_id"":""69bf45ece4195cf523b0a607""},{""x"":0.5399,""y"":0.7179,""tSec"":17.9,""_id"":""69bf45ece4195cf523b0a608""},{""x"":0.5669,""y"":0.7107,""tSec"":17.95,""_id"":""69bf45ece4195cf523b0a609""},{""x"":0.5969,""y"":0.7022,""tSec"":17.95,""_id"":""69bf45ece4195cf523b0a60a""},{""x"":0.6136,""y"":0.6964,""tSec"":18,""_id"":""69bf45ece4195cf523b0a60b""},{""x"":0.6332,""y"":0.689,""tSec"":18,""_id"":""69bf45ece4195cf523b0a60c""},{""x"":0.6447,""y"":0.6834,""tSec"":18.05,""_id"":""69bf45ece4195cf523b0a60d""},{""x"":0.6553,""y"":0.6789,""tSec"":18.1,""_id"":""69bf45ece4195cf523b0a60e""},{""x"":0.6681,""y"":0.6774,""tSec"":18.15,""_id"":""69bf45ece4195cf523b0a60f""},{""x"":0.6765,""y"":0.6772,""tSec"":18.15,""_id"":""69bf45ece4195cf523b0a610""},{""x"":0.6837,""y"":0.6772,""tSec"":18.2,""_id"":""69bf45ece4195cf523b0a611""},{""x"":0.6922,""y"":0.6782,""tSec"":18.3,""_id"":""69bf45ece4195cf523b0a612""},{""x"":0.6925,""y"":0.6697,""tSec"":18.45,""_id"":""69bf45ece4195cf523b0a613""},{""x"":0.6871,""y"":0.6591,""tSec"":18.5,""_id"":""69bf45ece4195cf523b0a614""},{""x"":0.6796,""y"":0.6474,""tSec"":18.55,""_id"":""69bf45ece4195cf523b0a615""},{""x"":0.6741,""y"":0.6403,""tSec"":18.55,""_id"":""69bf45ece4195cf523b0a616""},{""x"":0.6673,""y"":0.6346,""tSec"":18.6,""_id"":""69bf45ece4195cf523b0a617""}],""shotMarkers"":[{""x"":0.6633,""y"":0.6412,""tSec"":9.95,""_id"":""69bf45ece4195cf523b0a618""}],""fingerprint"":""3abbe4fb"",""_id"":""69bf45ece4195cf523b0a549""}",right,5.0,0.0,0.0,0.0,0.0,None,0.0,None,False,good,111.65,16.5,111.65,0.0,0.0,0.0,0.0,0.0,0.0,,True,42,3.3,1,3.3,0.0,0.0,0.0,0.0,3.3,0.0,0.0,False,red_2,Jax,4.925,22.33,15,0.76,0.0,7.68,0.0,8.35,2.29,4.01,0.0,3476,38.4,0.0,41.75,11.45,20.05,111.65,0.0,None,16
"{""totalSec"":163,""autoEndSec"":20,""delayEndSec"":23,""intervals"":[{""action"":""shoot"",""startSec"":0.4,""endSec"":1.41,""durationSec"":1.01,""_id"":""69bf4321e4195cf523b0a3d5""},{""action"":""shoot"",""startSec"":83.99,""endSec"":84.71,""durationSec"":0.72,""_id"":""69bf4321e4195cf523b0a3d6""},{""action"":""shoot"",""startSec"":135.28,""endSec"":136.24,""durationSec"":0.96,""_id"":""69bf4321e4195cf523b0a3d7""}],""_id"":""69bf4321e4195cf523b0a3d4""}",5.05,{},,5.0,0.0,0.0,0.0,0.0,None,0.0,None,False,ok,13.45,0.0,13.45,0.0,0.0,0.0,0.0,0.0,0.0,,True,39,0.0,0,0.0,0.0,0.0,0.0,0.0,0.0,0.0,0.0,False,red_3,Quinn,67.44,2.69,3,0.96,1.01,0.96,0.0,0.0,0.72,0.0,0.0,7042,4.8,0.0,0.0,3.6,0.0,8.4,0.0,level1,3
"{""totalSec"":163,""autoEndSec"":20,""delayEndSec"":23,""intervals"":[],""_id"":""69bf4321e4195cf523b0a3d9""}",0.0,{},,5.0,0.0,0.0,0.0,0.0,None,0.0,None,False,ok,0.0,0.0,0.0,0.0,0.0,0.0,0.0,0.0,0.0,Pass to hp,False,40,0.0,0,0.0,0.0,0.0,0.0,0.0,0.0,0.0,0.0,False,red_3,Quinn,0.0,0.0,0,0.0,0.0,0.0,0.0,0.0,0.0,0.0,0.0,9696,0.0,0.0,0.0,0.0,0.0,0.0,0.0,None,0
"{""totalSec"":163,""autoEndSec"":20,""delayEndSec"":23,""intervals"":[{""action"":""pass"",""startSec"":32.25,""endSec"":33.26,""durationSec"":1.01,""_id"":""69bf4321e4195cf523b0a3e1""},{""action"":""shoot"",""startSec"":157.25,""endSec"":157.68,""durationSec"":0.43,""_id"":""69bf4321e4195cf523b0a3e2""}],""_id"":""69bf4321e4195cf523b0a3e0""}",0.0,{},,5.0,0.0,0.0,0.0,0.0,None,0.0,some,False,ok,2.15,5.05,2.15,0.0,0.0,0.0,0.0,0.0,0.0,,True,41,1.01,1,1.01,0.0,0.0,1.01,0.0,0.0,0.0,0.0,False,red_3,Quinn,0.0,0.43,1,0.43,0.0,0.43,0.0,0.0,0.0,0.0,0.0,1159,2.15,0.0,0.0,0.0,0.0,2.15,0.0,None,2
"{""totalSec"":163,""autoEndSec"":20,""delayEndSec"":23,""intervals"":[{""action"":""shoot"",""startSec"":19.2,""endSec"":19.67,""durationSec"":0.47,""_id"":""69bf435de4195cf523b0a469""},{""action"":""shoot"",""startSec"":23.35,""endSec"":24.06,""durationSec"":0.71,""_id"":""69bf435de4195cf523b0a46a""},{""action"":""shoot"",""startSec"":24.5,""endSec"":25.01,""durationSec"":0.51,""_id"":""69bf435de4195cf523b0a46b""},{""action"":""shoot"",""startSec"":84.11,""endSec"":86.26,""durationSec"":2.15,""_id"":""69bf435de4195cf523b0a46c""},{""action"":""shoot"",""startSec"":98.51,""endSec"":100.12,""durationSec"":1.61,""_id"":""69bf435de4195cf523b0a46d""}],""_id"":""69bf435de4195cf523b0a468""}",2.35,"{""alliance"":""blue"",""startPosition"":""center"",""points"":[{""x"":0.34,""y"":0.5,""tSec"":1.05,""_id"":""69bf435de4195cf523b0a3ec""},{""x"":0.339,""y"":0.5214,""tSec"":1.05,""_id"":""69bf435de4195cf523b0a3ed""},{""x"":0.3289,""y"":0.5335,""tSec"":1.15,""_id"":""69bf435de4195cf523b0a3ee""},{""x"":0.3239,""y"":0.5387,""tSec"":1.15,""_id"":""69bf435de4195cf523b0a3ef""},{""x"":0.3049,""y"":0.5573,""tSec"":1.2,""_id"":""69bf435de4195cf523b0a3f0""},{""x"":0.2826,""y"":0.5803,""tSec"":1.25,""_id"":""69bf435de4195cf523b0a3f1""},{""x"":0.2547,""y"":0.6085,""tSec"":1.3,""_id"":""69bf435de4195cf523b0a3f2""},{""x"":0.2176,""y"":0.6526,""tSec"":1.35,""_id"":""69bf435de4195cf523b0a3f3""},{""x"":0.1917,""y"":0.7023,""tSec"":1.4,""_id"":""69bf435de4195cf523b0a3f4""},{""x"":0.1794,""y"":0.7282,""tSec"":1.45,""_id"":""69bf435de4195cf523b0a3f5""},{""x"":0.1695,""y"":0.7474,""tSec"":1.5,""_id"":""69bf435de4195cf523b0a3f6""},{""x"":0.1568,""y"":0.7647,""tSec"":1.55,""_id"":""69bf435de4195cf523b0a3f7""},{""x"":0.1415,""y"":0.7839,""tSec"":1.55,""_id"":""69bf435de4195cf523b0a3f8""},{""x"":0.1312,""y"":0.7985,""tSec"":1.6,""_id"":""69bf435de4195cf523b0a3f9""},{""x"":0.1207,""y"":0.8115,""tSec"":1.65,""_id"":""69bf435de4195cf523b0a3fa""},{""x"":0.1157,""y"":0.8188,""tSec"":1.65,""_id"":""69bf435de4195cf523b0a3fb""},{""x"":0.1112,""y"":0.8272,""tSec"":1.7,""_id"":""69bf435de4195cf523b0a3fc""},{""x"":0.1069,""y"":0.833,""tSec"":1.75,""_id"":""69bf435de4195cf523b0a3fd""},{""x"":0.0979,""y"":0.8451,""tSec"":1.75,""_id"":""69bf435de4195cf523b0a3fe""},{""x"":0.0915,""y"":0.8531,""tSec"":1.8,""_id"":""69bf435de4195cf523b0a3ff""},{""x"":0.0861,""y"":0.8588,""tSec"":1.8,""_id"":""69bf435de4195cf523b0a400""},{""x"":0.0808,""y"":0.8651,""tSec"":1.85,""_id"":""69bf435de4195cf523b0a401""},{""x"":0.0748,""y"":0.8763,""tSec"":1.9,""_id"":""69bf435de4195cf523b0a402""},{""x"":0.0687,""y"":0.8918,""tSec"":1.9,""_id"":""69bf435de4195cf523b0a403""},{""x"":0.0657,""y"":0.906,""tSec"":1.95,""_id"":""69bf435de4195cf523b0a404""},{""x"":0.0631,""y"":0.9171,""tSec"":2,""_id"":""69bf435de4195cf523b0a405""},{""x"":0.059,""y"":0.9251,""tSec"":2.05,""_id"":""69bf435de4195cf523b0a406""},{""x"":0.0554,""y"":0.9327,""tSec"":2.15,""_id"":""69bf435de4195cf523b0a407""},{""x"":0.0527,""y"":0.9392,""tSec"":2.25,""_id"":""69bf435de4195cf523b0a408""},{""x"":0.0508,""y"":0.9324,""tSec"":3.25,""_id"":""69bf435de4195cf523b0a409""},{""x"":0.0582,""y"":0.926,""tSec"":3.3,""_id"":""69bf435de4195cf523b0a40a""},{""x"":0.0675,""y"":0.9205,""tSec"":3.35,""_id"":""69bf435de4195cf523b0a40b""},{""x"":0.0732,""y"":0.916,""tSec"":3.4,""_id"":""69bf435de4195cf523b0a40c""},{""x"":0.0831,""y"":0.9079,""tSec"":3.45,""_id"":""69bf435de4195cf523b0a40d""},{""x"":0.0889,""y"":0.9013,""tSec"":3.45,""_id"":""69bf435de4195cf523b0a40e""},{""x"":0.0981,""y"":0.8882,""tSec"":3.5,""_id"":""69bf435de4195cf523b0a40f""},{""x"":0.1084,""y"":0.8762,""tSec"":3.5,""_id"":""69bf435de4195cf523b0a410""},{""x"":0.1188,""y"":0.8634,""tSec"":3.55,""_id"":""69bf435de4195cf523b0a411""},{""x"":0.1246,""y"":0.8563,""tSec"":3.55,""_id"":""69bf435de4195cf523b0a412""},{""x"":0.133,""y"":0.8421,""tSec"":3.55,""_id"":""69bf435de4195cf523b0a413""},{""x"":0.1378,""y"":0.8338,""tSec"":3.55,""_id"":""69bf435de4195cf523b0a414""},{""x"":0.1461,""y"":0.8195,""tSec"":3.6,""_id"":""69bf435de4195cf523b0a415""},{""x"":0.1509,""y"":0.8112,""tSec"":3.6,""_id"":""69bf435de4195cf523b0a416""},{""x"":0.1592,""y"":0.797,""tSec"":3.65,""_id"":""69bf435de4195cf523b0a417""},{""x"":0.1678,""y"":0.782,""tSec"":3.65,""_id"":""69bf435de4195cf523b0a418""},{""x"":0.175,""y"":0.768,""tSec"":3.7,""_id"":""69bf435de4195cf523b0a419""},{""x"":0.1866,""y"":0.7484,""tSec"":3.7,""_id"":""69bf435de4195cf523b0a41a""},{""x"":0.1972,""y"":0.7347,""tSec"":3.75,""_id"":""69bf435de4195cf523b0a41b""},{""x"":0.2061,""y"":0.7217,""tSec"":3.75,""_id"":""69bf435de4195cf523b0a41c""},{""x"":0.211,""y"":0.7154,""tSec"":3.75,""_id"":""69bf435de4195cf523b0a41d""},{""x"":0.2177,""y"":0.7061,""tSec"":3.8,""_id"":""69bf435de4195cf523b0a41e""},{""x"":0.2262,""y"":0.6974,""tSec"":3.8,""_id"":""69bf435de4195cf523b0a41f""},{""x"":0.2341,""y"":0.6888,""tSec"":3.85,""_id"":""69bf435de4195cf523b0a420""},{""x"":0.2412,""y"":0.6811,""tSec"":3.85,""_id"":""69bf435de4195cf523b0a421""},{""x"":0.2489,""y"":0.6717,""tSec"":3.9,""_id"":""69bf435de4195cf523b0a422""},{""x"":0.2537,""y"":0.6649,""tSec"":3.9,""_id"":""69bf435de4195cf523b0a423""},{""x"":0.2573,""y"":0.6585,""tSec"":3.95,""_id"":""69bf435de4195cf523b0a424""},{""x"":0.2601,""y"":0.652,""tSec"":4,""_id"":""69bf435de4195cf523b0a425""},{""x"":0.2627,""y"":0.6446,""tSec"":4.05,""_id"":""69bf435de4195cf523b0a426""},{""x"":0.2638,""y"":0.6371,""tSec"":4.1,""_id"":""69bf435de4195cf523b0a427""},{""x"":0.2678,""y"":0.6305,""tSec"":4.15,""_id"":""69bf435de4195cf523b0a428""},{""x"":0.2744,""y"":0.6269,""tSec"":4.2,""_id"":""69bf435de4195cf523b0a429""},{""x"":0.2821,""y"":0.6255,""tSec"":4.35,""_id"":""69bf435de4195cf523b0a42a""},{""x"":0.2807,""y"":0.6178,""tSec"":5.5,""_id"":""69bf435de4195cf523b0a42b""},{""x"":0.2759,""y"":0.6112,""tSec"":5.6,""_id"":""69bf435de4195cf523b0a42c""},{""x"":0.273,""y"":0.6047,""tSec"":6,""_id"":""69bf435de4195cf523b0a42d""},{""x"":0.2681,""y"":0.5992,""tSec"":6.35,""_id"":""69bf435de4195cf523b0a42e""},{""x"":0.2637,""y"":0.5929,""tSec"":6.55,""_id"":""69bf435de4195cf523b0a42f""},{""x"":0.2601,""y"":0.5865,""tSec"":6.65,""_id"":""69bf435de4195cf523b0a430""},{""x"":0.2574,""y"":0.58,""tSec"":6.85,""_id"":""69bf435de4195cf523b0a431""},{""x"":0.2563,""y"":0.5726,""tSec"":7.05,""_id"":""69bf435de4195cf523b0a432""},{""x"":0.2515,""y"":0.567,""tSec"":8,""_id"":""69bf435de4195cf523b0a433""},{""x"":0.2487,""y"":0.5597,""tSec"":8.3,""_id"":""69bf435de4195cf523b0a434""},{""x"":0.2445,""y"":0.5532,""tSec"":8.55,""_id"":""69bf435de4195cf523b0a435""},{""x"":0.2401,""y"":0.5477,""tSec"":8.7,""_id"":""69bf435de4195cf523b0a436""},{""x"":0.2342,""y"":0.5432,""tSec"":8.8,""_id"":""69bf435de4195cf523b0a437""},{""x"":0.2274,""y"":0.5389,""tSec"":8.9,""_id"":""69bf435de4195cf523b0a438""},{""x"":0.2204,""y"":0.5346,""tSec"":9,""_id"":""69bf435de4195cf523b0a439""},{""x"":0.212,""y"":0.5313,""tSec"":9.05,""_id"":""69bf435de4195cf523b0a43a""},{""x"":0.2048,""y"":0.528,""tSec"":9.1,""_id"":""69bf435de4195cf523b0a43b""},{""x"":0.1948,""y"":0.5247,""tSec"":9.15,""_id"":""69bf435de4195cf523b0a43c""},{""x"":0.1874,""y"":0.5225,""tSec"":9.2,""_id"":""69bf435de4195cf523b0a43d""},{""x"":0.1804,""y"":0.5203,""tSec"":9.25,""_id"":""69bf435de4195cf523b0a43e""},{""x"":0.1719,""y"":0.5172,""tSec"":9.3,""_id"":""69bf435de4195cf523b0a43f""},{""x"":0.1648,""y"":0.515,""tSec"":9.3,""_id"":""69bf435de4195cf523b0a440""},{""x"":0.1578,""y"":0.5118,""tSec"":9.35,""_id"":""69bf435de4195cf523b0a441""},{""x"":0.1477,""y"":0.5086,""tSec"":9.4,""_id"":""69bf435de4195cf523b0a442""},{""x"":0.1388,""y"":0.5054,""tSec"":9.45,""_id"":""69bf435de4195cf523b0a443""},{""x"":0.1324,""y"":0.5022,""tSec"":9.45,""_id"":""69bf435de4195cf523b0a444""},{""x"":0.1225,""y"":0.4961,""tSec"":9.5,""_id"":""69bf435de4195cf523b0a445""},{""x"":0.1151,""y"":0.4898,""tSec"":9.5,""_id"":""69bf435de4195cf523b0a446""},{""x"":0.1066,""y"":0.4814,""tSec"":9.55,""_id"":""69bf435de4195cf523b0a447""},{""x"":0.1025,""y"":0.4757,""tSec"":9.55,""_id"":""69bf435de4195cf523b0a448""},{""x"":0.0912,""y"":0.4561,""tSec"":9.55,""_id"":""69bf435de4195cf523b0a449""},{""x"":0.083,""y"":0.4414,""tSec"":9.6,""_id"":""69bf435de4195cf523b0a44a""},{""x"":0.0782,""y"":0.433,""tSec"":9.6,""_id"":""69bf435de4195cf523b0a44b""},{""x"":0.0691,""y"":0.4179,""tSec"":9.65,""_id"":""69bf435de4195cf523b0a44c""},{""x"":0.0597,""y"":0.4009,""tSec"":9.65,""_id"":""69bf435de4195cf523b0a44d""},{""x"":0.0509,""y"":0.3847,""tSec"":9.7,""_id"":""69bf435de4195cf523b0a44e""},{""x"":0.0421,""y"":0.3686,""tSec"":9.7,""_id"":""69bf435de4195cf523b0a44f""},{""x"":0.0319,""y"":0.3477,""tSec"":9.75,""_id"":""69bf435de4195cf523b0a450""},{""x"":0.0214,""y"":0.3283,""tSec"":9.8,""_id"":""69bf435de4195cf523b0a451""},{""x"":0.0179,""y"":0.3221,""tSec"":9.8,""_id"":""69bf435de4195cf523b0a452""},{""x"":0.0144,""y"":0.3147,""tSec"":9.8,""_id"":""69bf435de4195cf523b0a453""},{""x"":0.011,""y"":0.3082,""tSec"":9.85,""_id"":""69bf435de4195cf523b0a454""},{""x"":0.0082,""y"":0.3008,""tSec"":9.85,""_id"":""69bf435de4195cf523b0a455""},{""x"":0.0064,""y"":0.2932,""tSec"":9.95,""_id"":""69bf435de4195cf523b0a456""},{""x"":0.0138,""y"":0.2952,""tSec"":11.1,""_id"":""69bf435de4195cf523b0a457""},{""x"":0.02,""y"":0.3001,""tSec"":11.4,""_id"":""69bf435de4195cf523b0a458""},{""x"":0.0277,""y"":0.3112,""tSec"":11.5,""_id"":""69bf435de4195cf523b0a459""},{""x"":0.0317,""y"":0.3182,""tSec"":11.5,""_id"":""69bf435de4195cf523b0a45a""},{""x"":0.0368,""y"":0.3247,""tSec"":11.55,""_id"":""69bf435de4195cf523b0a45b""},{""x"":0.0443,""y"":0.3349,""tSec"":11.55,""_id"":""69bf435de4195cf523b0a45c""},{""x"":0.0636,""y"":0.3588,""tSec"":11.6,""_id"":""69bf435de4195cf523b0a45d""},{""x"":0.082,""y"":0.3815,""tSec"":11.6,""_id"":""69bf435de4195cf523b0a45e""},{""x"":0.1034,""y"":0.4079,""tSec"":11.65,""_id"":""69bf435de4195cf523b0a45f""},{""x"":0.1243,""y"":0.4338,""tSec"":11.65,""_id"":""69bf435de4195cf523b0a460""},{""x"":0.1506,""y"":0.469,""tSec"":11.7,""_id"":""69bf435de4195cf523b0a461""},{""x"":0.1691,""y"":0.4931,""tSec"":11.7,""_id"":""69bf435de4195cf523b0a462""},{""x"":0.1736,""y"":0.4998,""tSec"":11.7,""_id"":""69bf435de4195cf523b0a463""},{""x"":0.178,""y"":0.5072,""tSec"":11.75,""_id"":""69bf435de4195cf523b0a464""},{""x"":0.1792,""y"":0.5156,""tSec"":11.8,""_id"":""69bf435de4195cf523b0a465""},{""x"":0.1771,""y"":0.5233,""tSec"":11.9,""_id"":""69bf435de4195cf523b0a466""},{""x"":0.1776,""y"":0.5308,""tSec"":12.05,""_id"":""69bf435de4195cf523b0a467""}],""shotMarkers"":[],""fingerprint"":""b7431923"",""_id"":""69bf435de4195cf523b0a3eb""}",center,5.0,0.0,0.0,0.0,1.0,mechanism,1.0,None,False,ok,27.25,0.0,27.25,0.0,0.0,0.0,0.0,0.0,0.0,Their hopper lwk blew up,True,41,0.0,0,0.0,0.0,0.0,0.0,0.0,0.0,0.0,0.0,False,blue_3,Joaquin,9.275,5.45,5,0.71,0.47,0.0,1.22,0.0,3.76,0.0,0.0,2710,0.0,6.1,0.0,18.8,0.0,24.9,0.0,None,5
"{""totalSec"":163,""autoEndSec"":20,""delayEndSec"":23,""intervals"":[{""action"":""shoot"",""startSec"":47.35,""endSec"":47.45,""durationSec"":0.1,""_id"":""69bf45c5e4195cf523b0a53b""},{""action"":""shoot"",""startSec"":49.95,""endSec"":51.35,""durationSec"":1.4,""_id"":""69bf45c5e4195cf523b0a53c""}],""_id"":""69bf45c5e4195cf523b0a53a""}",0.0,"{""alliance"":""blue"",""startPosition"":""right"",""points"":[{""x"":0.34,""y"":0.33,""tSec"":14.15,""_id"":""69bf45c5e4195cf523b0a51f""},{""x"":0.3352,""y"":0.3545,""tSec"":14.15,""_id"":""69bf45c5e4195cf523b0a520""},{""x"":0.3269,""y"":0.3205,""tSec"":14.3,""_id"":""69bf45c5e4195cf523b0a521""},{""x"":0.3229,""y"":0.3041,""tSec"":14.3,""_id"":""69bf45c5e4195cf523b0a522""},{""x"":0.3185,""y"":0.289,""tSec"":14.3,""_id"":""69bf45c5e4195cf523b0a523""},{""x"":0.3103,""y"":0.2578,""tSec"":14.3,""_id"":""69bf45c5e4195cf523b0a524""},{""x"":0.3063,""y"":0.2418,""tSec"":14.3,""_id"":""69bf45c5e4195cf523b0a525""},{""x"":0.2974,""y"":0.203,""tSec"":14.4,""_id"":""69bf45c5e4195cf523b0a526""},{""x"":0.2941,""y"":0.1842,""tSec"":14.4,""_id"":""69bf45c5e4195cf523b0a527""},{""x"":0.2921,""y"":0.1753,""tSec"":14.45,""_id"":""69bf45c5e4195cf523b0a528""},{""x"":0.2918,""y"":0.1676,""tSec"":14.5,""_id"":""69bf45c5e4195cf523b0a529""},{""x"":0.2918,""y"":0.16,""tSec"":14.7,""_id"":""69bf45c5e4195cf523b0a52a""},{""x"":0.2949,""y"":0.1525,""tSec"":14.9,""_id"":""69bf45c5e4195cf523b0a52b""},{""x"":0.2998,""y"":0.1469,""tSec"":14.95,""_id"":""69bf45c5e4195cf523b0a52c""},{""x"":0.3058,""y"":0.1424,""tSec"":15,""_id"":""69bf45c5e4195cf523b0a52d""},{""x"":0.3135,""y"":0.1391,""tSec"":15,""_id"":""69bf45c5e4195cf523b0a52e""},{""x"":0.3212,""y"":0.1358,""tSec"":15.05,""_id"":""69bf45c5e4195cf523b0a52f""},{""x"":0.3283,""y"":0.1335,""tSec"":15.05,""_id"":""69bf45c5e4195cf523b0a530""},{""x"":0.3353,""y"":0.1314,""tSec"":15.1,""_id"":""69bf45c5e4195cf523b0a531""},{""x"":0.3415,""y"":0.1264,""tSec"":15.15,""_id"":""69bf45c5e4195cf523b0a532""},{""x"":0.3453,""y"":0.1202,""tSec"":15.25,""_id"":""69bf45c5e4195cf523b0a533""},{""x"":0.3457,""y"":0.1127,""tSec"":15.3,""_id"":""69bf45c5e4195cf523b0a534""},{""x"":0.3458,""y"":0.1052,""tSec"":15.45,""_id"":""69bf45c5e4195cf523b0a535""},{""x"":0.3458,""y"":0.0977,""tSec"":15.8,""_id"":""69bf45c5e4195cf523b0a536""},{""x"":0.3458,""y"":0.0902,""tSec"":16.5,""_id"":""69bf45c5e4195cf523b0a537""},{""x"":0.3458,""y"":0.0827,""tSec"":16.8,""_id"":""69bf45c5e4195cf523b0a538""},{""x"":0.3404,""y"":0.078,""tSec"":17.5,""_id"":""69bf45c5e4195cf523b0a539""}],""shotMarkers"":[],""fingerprint"":""577b7220"",""_id"":""69bf45c5e4195cf523b0a51e""}",right,5.0,0.0,0.0,0.0,1.0,mechanism,1.0,None,False,rough,7.5,0.0,7.5,0.0,0.0,0.0,0.0,0.0,0.0,I think their intake blew up,True,42,0.0,0,0.0,0.0,0.0,0.0,0.0,0.0,0.0,0.0,False,blue_3,Joaquin,2.6,1.5,2,0.75,0.0,0.0,0.65,0.85,0.0,0.0,0.0,1515,0.0,3.25,4.25,0.0,0.0,7.5,0.0,None,2
"{""totalSec"":163,""autoEndSec"":20,""delayEndSec"":23,""intervals"":[{""action"":""shoot"",""startSec"":18.54,""endSec"":19.25,""durationSec"":0.71,""_id"":""69bf4374e4195cf523b0a4d7""},{""action"":""shoot"",""startSec"":70.74,""endSec"":73.01,""durationSec"":2.27,""_id"":""69bf4374e4195cf523b0a4d8""}],""_id"":""69bf4374e4195cf523b0a4d6""}",3.55,"{""alliance"":""blue"",""startPosition"":""right"",""points"":[{""x"":0.34,""y"":0.33,""tSec"":1.8,""_id"":""69bf4374e4195cf523b0a479""},{""x"":0.3114,""y"":0.3223,""tSec"":1.9,""_id"":""69bf4374e4195cf523b0a47a""},{""x"":0.2658,""y"":0.2713,""tSec"":2,""_id"":""69bf4374e4195cf523b0a47b""},{""x"":0.2596,""y"":0.2548,""tSec"":2,""_id"":""69bf4374e4195cf523b0a47c""},{""x"":0.2588,""y"":0.2376,""tSec"":2.15,""_id"":""69bf4374e4195cf523b0a47d""},{""x"":0.2587,""y"":0.229,""tSec"":2.3,""_id"":""69bf4374e4195cf523b0a47e""},{""x"":0.2603,""y"":0.2176,""tSec"":2.35,""_id"":""69bf4374e4195cf523b0a47f""},{""x"":0.2635,""y"":0.1991,""tSec"":2.35,""_id"":""69bf4374e4195cf523b0a480""},{""x"":0.2677,""y"":0.1875,""tSec"":2.4,""_id"":""69bf4374e4195cf523b0a481""},{""x"":0.2751,""y"":0.1757,""tSec"":2.4,""_id"":""69bf4374e4195cf523b0a482""},{""x"":0.2852,""y"":0.1638,""tSec"":2.45,""_id"":""69bf4374e4195cf523b0a483""},{""x"":0.291,""y"":0.1577,""tSec"":2.45,""_id"":""69bf4374e4195cf523b0a484""},{""x"":0.2987,""y"":0.1494,""tSec"":2.45,""_id"":""69bf4374e4195cf523b0a485""},{""x"":0.3057,""y"":0.1418,""tSec"":2.5,""_id"":""69bf4374e4195cf523b0a486""},{""x"":0.3111,""y"":0.1352,""tSec"":2.5,""_id"":""69bf4374e4195cf523b0a487""},{""x"":0.3171,""y"":0.1288,""tSec"":2.55,""_id"":""69bf4374e4195cf523b0a488""},{""x"":0.324,""y"":0.1223,""tSec"":2.55,""_id"":""69bf4374e4195cf523b0a489""},{""x"":0.3371,""y"":0.1102,""tSec"":2.6,""_id"":""69bf4374e4195cf523b0a48a""},{""x"":0.354,""y"":0.0983,""tSec"":2.65,""_id"":""69bf4374e4195cf523b0a48b""},{""x"":0.3645,""y"":0.0921,""tSec"":2.7,""_id"":""69bf4374e4195cf523b0a48c""},{""x"":0.3741,""y"":0.0876,""tSec"":2.7,""_id"":""69bf4374e4195cf523b0a48d""},{""x"":0.386,""y"":0.0833,""tSec"":2.75,""_id"":""69bf4374e4195cf523b0a48e""},{""x"":0.3951,""y"":0.0809,""tSec"":2.75,""_id"":""69bf4374e4195cf523b0a48f""},{""x"":0.4039,""y"":0.0787,""tSec"":2.8,""_id"":""69bf4374e4195cf523b0a490""},{""x"":0.4133,""y"":0.0776,""tSec"":2.8,""_id"":""69bf4374e4195cf523b0a491""},{""x"":0.4221,""y"":0.0765,""tSec"":2.85,""_id"":""69bf4374e4195cf523b0a492""},{""x"":0.4324,""y"":0.0754,""tSec"":2.85,""_id"":""69bf4374e4195cf523b0a493""},{""x"":0.4429,""y"":0.0752,""tSec"":2.9,""_id"":""69bf4374e4195cf523b0a494""},{""x"":0.4548,""y"":0.0742,""tSec"":2.95,""_id"":""69bf4374e4195cf523b0a495""},{""x"":0.4654,""y"":0.0732,""tSec"":2.95,""_id"":""69bf4374e4195cf523b0a496""},{""x"":0.4744,""y"":0.0721,""tSec"":3,""_id"":""69bf4374e4195cf523b0a497""},{""x"":0.4831,""y"":0.072,""tSec"":3.05,""_id"":""69bf4374e4195cf523b0a498""},{""x"":0.4926,""y"":0.071,""tSec"":3.05,""_id"":""69bf4374e4195cf523b0a499""},{""x"":0.503,""y"":0.0699,""tSec"":3.1,""_id"":""69bf4374e4195cf523b0a49a""},{""x"":0.5119,""y"":0.0689,""tSec"":3.15,""_id"":""69bf4374e4195cf523b0a49b""},{""x"":0.5198,""y"":0.0688,""tSec"":3.15,""_id"":""69bf4374e4195cf523b0a49c""},{""x"":0.5292,""y"":0.0678,""tSec"":3.2,""_id"":""69bf4374e4195cf523b0a49d""},{""x"":0.5395,""y"":0.0677,""tSec"":3.25,""_id"":""69bf4374e4195cf523b0a49e""},{""x"":0.55,""y"":0.0677,""tSec"":3.25,""_id"":""69bf4374e4195cf523b0a49f""},{""x"":0.5589,""y"":0.0677,""tSec"":3.3,""_id"":""69bf4374e4195cf523b0a4a0""},{""x"":0.5684,""y"":0.0677,""tSec"":3.35,""_id"":""69bf4374e4195cf523b0a4a1""},{""x"":0.578,""y"":0.0695,""tSec"":3.35,""_id"":""69bf4374e4195cf523b0a4a2""},{""x"":0.5876,""y"":0.0707,""tSec"":3.4,""_id"":""69bf4374e4195cf523b0a4a3""},{""x"":0.5964,""y"":0.0728,""tSec"":3.45,""_id"":""69bf4374e4195cf523b0a4a4""},{""x"":0.6043,""y"":0.0749,""tSec"":3.45,""_id"":""69bf4374e4195cf523b0a4a5""},{""x"":0.6129,""y"":0.0761,""tSec"":3.5,""_id"":""69bf4374e4195cf523b0a4a6""},{""x"":0.6232,""y"":0.0763,""tSec"":3.55,""_id"":""69bf4374e4195cf523b0a4a7""},{""x"":0.6352,""y"":0.0773,""tSec"":3.55,""_id"":""69bf4374e4195cf523b0a4a8""},{""x"":0.6458,""y"":0.0783,""tSec"":3.6,""_id"":""69bf4374e4195cf523b0a4a9""},{""x"":0.6547,""y"":0.0794,""tSec"":3.65,""_id"":""69bf4374e4195cf523b0a4aa""},{""x"":0.665,""y"":0.0814,""tSec"":3.65,""_id"":""69bf4374e4195cf523b0a4ab""},{""x"":0.6754,""y"":0.0845,""tSec"":3.7,""_id"":""69bf4374e4195cf523b0a4ac""},{""x"":0.6828,""y"":0.0867,""tSec"":3.75,""_id"":""69bf4374e4195cf523b0a4ad""},{""x"":0.6898,""y"":0.0899,""tSec"":3.75,""_id"":""69bf4374e4195cf523b0a4ae""},{""x"":0.7006,""y"":0.0959,""tSec"":3.8,""_id"":""69bf4374e4195cf523b0a4af""},{""x"":0.7088,""y"":0.1004,""tSec"":3.8,""_id"":""69bf4374e4195cf523b0a4b0""},{""x"":0.7167,""y"":0.1047,""tSec"":3.8,""_id"":""69bf4374e4195cf523b0a4b1""},{""x"":0.733,""y"":0.1146,""tSec"":3.85,""_id"":""69bf4374e4195cf523b0a4b2""},{""x"":0.7411,""y"":0.1216,""tSec"":3.85,""_id"":""69bf4374e4195cf523b0a4b3""},{""x"":0.752,""y"":0.13,""tSec"":3.85,""_id"":""69bf4374e4195cf523b0a4b4""},{""x"":0.7625,""y"":0.1366,""tSec"":3.95,""_id"":""69bf4374e4195cf523b0a4b5""},{""x"":0.7691,""y"":0.1421,""tSec"":3.95,""_id"":""69bf4374e4195cf523b0a4b6""},{""x"":0.7746,""y"":0.1484,""tSec"":4,""_id"":""69bf4374e4195cf523b0a4b7""},{""x"":0.7813,""y"":0.1577,""tSec"":4.05,""_id"":""69bf4374e4195cf523b0a4b8""},{""x"":0.786,""y"":0.1674,""tSec"":4.05,""_id"":""69bf4374e4195cf523b0a4b9""},{""x"":0.7896,""y"":0.1771,""tSec"":4.1,""_id"":""69bf4374e4195cf523b0a4ba""},{""x"":0.7938,""y"":0.1858,""tSec"":4.15,""_id"":""69bf4374e4195cf523b0a4bb""},{""x"":0.7974,""y"":0.1953,""tSec"":4.15,""_id"":""69bf4374e4195cf523b0a4bc""},{""x"":0.8017,""y"":0.205,""tSec"":4.2,""_id"":""69bf4374e4195cf523b0a4bd""},{""x"":0.8052,""y"":0.2118,""tSec"":4.2,""_id"":""69bf4374e4195cf523b0a4be""},{""x"":0.8087,""y"":0.2183,""tSec"":4.25,""_id"":""69bf4374e4195cf523b0a4bf""},{""x"":0.8122,""y"":0.2257,""tSec"":4.25,""_id"":""69bf4374e4195cf523b0a4c0""},{""x"":0.8172,""y"":0.2351,""tSec"":4.3,""_id"":""69bf4374e4195cf523b0a4c1""},{""x"":0.8202,""y"":0.2428,""tSec"":4.35,""_id"":""69bf4374e4195cf523b0a4c2""},{""x"":0.8228,""y"":0.2494,""tSec"":4.35,""_id"":""69bf4374e4195cf523b0a4c3""},{""x"":0.8262,""y"":0.2578,""tSec"":4.4,""_id"":""69bf4374e4195cf523b0a4c4""},{""x"":0.8289,""y"":0.2663,""tSec"":4.45,""_id"":""69bf4374e4195cf523b0a4c5""},{""x"":0.8315,""y"":0.2769,""tSec"":4.5,""_id"":""69bf4374e4195cf523b0a4c6""},{""x"":0.8326,""y"":0.2847,""tSec"":4.5,""_id"":""69bf4374e4195cf523b0a4c7""},{""x"":0.8335,""y"":0.2942,""tSec"":4.55,""_id"":""69bf4374e4195cf523b0a4c8""},{""x"":0.8352,""y"":0.3048,""tSec"":4.65,""_id"":""69bf4374e4195cf523b0a4c9""},{""x"":0.8361,""y"":0.3136,""tSec"":4.7,""_id"":""69bf4374e4195cf523b0a4ca""},{""x"":0.8362,""y"":0.3222,""tSec"":4.75,""_id"":""69bf4374e4195cf523b0a4cb""},{""x"":0.8362,""y"":0.3328,""tSec"":4.8,""_id"":""69bf4374e4195cf523b0a4cc""},{""x"":0.8362,""y"":0.3434,""tSec"":4.85,""_id"":""69bf4374e4195cf523b0a4cd""},{""x"":0.8362,""y"":0.3523,""tSec"":4.9,""_id"":""69bf4374e4195cf523b0a4ce""},{""x"":0.8362,""y"":0.3609,""tSec"":5,""_id"":""69bf4374e4195cf523b0a4cf""},{""x"":0.8362,""y"":0.3686,""tSec"":5.05,""_id"":""69bf4374e4195cf523b0a4d0""},{""x"":0.8362,""y"":0.3761,""tSec"":5.1,""_id"":""69bf4374e4195cf523b0a4d1""},{""x"":0.8362,""y"":0.3845,""tSec"":5.15,""_id"":""69bf4374e4195cf523b0a4d2""},{""x"":0.8355,""y"":0.3931,""tSec"":5.2,""_id"":""69bf4374e4195cf523b0a4d3""},{""x"":0.8346,""y"":0.4027,""tSec"":5.25,""_id"":""69bf4374e4195cf523b0a4d4""},{""x"":0.8345,""y"":0.4104,""tSec"":5.3,""_id"":""69bf4374e4195cf523b0a4d5""}],""shotMarkers"":[],""fingerprint"":""7b098434"",""_id"":""69bf4374e4195cf523b0a478""}",right,5.0,0.0,0.0,0.0,0.0,None,0.0,None,False,great,14.9,0.0,14.9,0.0,0.0,0.0,0.0,0.0,0.0,,True,41,0.0,0,0.0,0.0,0.0,0.0,0.0,0.0,0.0,0.0,False,blue_1,Aiden Chang,52.2,2.98,2,1.49,0.71,0.0,0.0,2.27,0.0,0.0,0.0,5089,0.0,0.0,11.35,0.0,0.0,11.35,0.0,None,2
"{""totalSec"":163,""autoEndSec"":20,""delayEndSec"":23,""intervals"":[{""action"":""shoot"",""startSec"":4.93,""endSec"":7.13,""durationSec"":2.2,""_id"":""69bf43eae4195cf523b0a4e7""},{""action"":""shoot"",""startSec"":9.38,""endSec"":12.07,""durationSec"":2.69,""_id"":""69bf43eae4195cf523b0a4e8""},{""action"":""shoot"",""startSec"":27.1,""endSec"":29.97,""durationSec"":2.87,""_id"":""69bf43eae4195cf523b0a4e9""},{""action"":""shoot"",""startSec"":32.95,""endSec"":36.77,""durationSec"":3.82,""_id"":""69bf43eae4195cf523b0a4ea""},{""action"":""shoot"",""startSec"":81.34,""endSec"":84.65,""durationSec"":3.31,""_id"":""69bf43eae4195cf523b0a4eb""},{""action"":""shoot"",""startSec"":89.84,""endSec"":91.14,""durationSec"":1.3,""_id"":""69bf43eae4195cf523b0a4ec""},{""action"":""shoot"",""startSec"":108.75,""endSec"":113.35,""durationSec"":4.6,""_id"":""69bf43eae4195cf523b0a4ed""},{""action"":""shoot"",""startSec"":126.8,""endSec"":128.21,""durationSec"":1.41,""_id"":""69bf43eae4195cf523b0a4ee""},{""action"":""shoot"",""startSec"":129.4,""endSec"":131.55,""durationSec"":2.15,""_id"":""69bf43eae4195cf523b0a4ef""},{""action"":""shoot"",""startSec"":148.6,""endSec"":152.35,""durationSec"":3.75,""_id"":""69bf43eae4195cf523b0a4f0""}],""_id"":""69bf43eae4195cf523b0a4e6""}",24.45,{},,5.0,0.0,0.0,0.0,0.0,None,0.0,None,True,great,140.5,0.0,140.5,0.0,0.0,0.0,0.0,0.0,0.0,There's something really confusing about the match thing that confuses me every time and I can't figure out what. It also makes it really hard if you miss something.,True,39,0.0,0,0.0,0.0,0.0,0.0,0.0,0.0,0.0,0.0,False,blue_2,Randy,17.72,28.1,10,2.78,4.89,3.75,6.69,0.0,4.61,8.16,0.0,9408,18.75,33.45,0.0,23.05,40.8,116.05,0.0,None,10
"{""totalSec"":163,""autoEndSec"":20,""delayEndSec"":23,""intervals"":[{""action"":""shoot"",""startSec"":7.98,""endSec"":8.38,""durationSec"":0.4,""_id"":""69bf43ebe4195cf523b0a4fc""},{""action"":""shoot"",""startSec"":8.93,""endSec"":9.09,""durationSec"":0.16,""_id"":""69bf43ebe4195cf523b0a4fd""},{""action"":""shoot"",""startSec"":9.38,""endSec"":9.53,""durationSec"":0.15,""_id"":""69bf43ebe4195cf523b0a4fe""},{""action"":""shoot"",""startSec"":9.83,""endSec"":9.98,""durationSec"":0.15,""_id"":""69bf43ebe4195cf523b0a4ff""},{""action"":""shoot"",""startSec"":10.33,""endSec"":10.46,""durationSec"":0.13,""_id"":""69bf43ebe4195cf523b0a500""},{""action"":""pass"",""startSec"":10.93,""endSec"":13.7,""durationSec"":2.77,""_id"":""69bf43ebe4195cf523b0a501""},{""action"":""shoot"",""startSec"":15.93,""endSec"":16.63,""durationSec"":0.7,""_id"":""69bf43ebe4195cf523b0a502""},{""action"":""shoot"",""startSec"":24.23,""endSec"":28.38,""durationSec"":4.15,""_id"":""69bf43ebe4195cf523b0a503""},{""action"":""pass"",""startSec"":28.83,""endSec"":30.24,""durationSec"":1.41,""_id"":""69bf43ebe4195cf523b0a504""},{""action"":""shoot"",""startSec"":33.55,""endSec"":34.2,""durationSec"":0.65,""_id"":""69bf43ebe4195cf523b0a505""},{""action"":""shoot"",""startSec"":35.15,""endSec"":35.27,""durationSec"":0.12,""_id"":""69bf43ebe4195cf523b0a506""},{""action"":""shoot"",""startSec"":35.6,""endSec"":35.7,""durationSec"":0.1,""_id"":""69bf43ebe4195cf523b0a507""},{""action"":""shoot"",""startSec"":35.85,""endSec"":36.15,""durationSec"":0.3,""_id"":""69bf43ebe4195cf523b0a508""},{""action"":""shoot"",""startSec"":63.28,""endSec"":63.98,""durationSec"":0.7,""_id"":""69bf43ebe4195cf523b0a509""},{""action"":""shoot"",""startSec"":65.13,""endSec"":65.78,""durationSec"":0.65,""_id"":""69bf43ebe4195cf523b0a50a""}],""_id"":""69bf43ebe4195cf523b0a4fb""}",8.45,{},,5.0,0.0,0.0,0.0,0.0,None,0.0,None,False,rough,41.8,20.9,41.8,0.0,0.0,0.0,0.0,0.0,0.0,,True,40,4.18,2,2.09,2.77,0.0,1.41,0.0,0.0,0.0,0.0,False,blue_2,Randy,1.275,8.36,13,0.3,1.69,0.0,5.32,1.35,0.0,0.0,0.0,4964,0.0,26.6,6.75,0.0,0.0,33.35,0.0,None,15
"{""totalSec"":163,""autoEndSec"":20,""delayEndSec"":23,""intervals"":[],""_id"":""69bf460de4195cf523b0a635""}",0.0,{},,5.0,0.0,0.0,0.0,1.0,mechanism,1.0,None,False,ok,0.0,0.0,0.0,0.0,0.0,0.0,0.0,0.0,0.0,,False,42,0.0,0,0.0,0.0,0.0,0.0,0.0,0.0,0.0,0.0,False,red_1,Noah,0.0,0.0,0,0.0,0.0,0.0,0.0,0.0,0.0,0.0,0.0,3408,0.0,0.0,0.0,0.0,0.0,0.0,0.0,None,0
"{""totalSec"":163,""autoEndSec"":20,""delayEndSec"":23,""intervals"":[],""_id"":""69bf471fe4195cf523b0a65e""}",0.0,{},,5.0,0.0,0.0,0.0,0.0,None,0.0,None,False,ok,0.0,0.0,0.0,0.0,0.0,0.0,0.0,0.0,0.0,,False,43,0.0,0,0.0,0.0,0.0,0.0,0.0,0.0,0.0,0.0,True,red_1,Noah,0.0,0.0,0,0.0,0.0,0.0,0.0,0.0,0.0,0.0,0.0,6072,0.0,0.0,0.0,0.0,0.0,0.0,0.0,None,0
"{""totalSec"":163,""autoEndSec"":20,""delayEndSec"":23,""intervals"":[],""_id"":""69bf4709e4195cf523b0a656""}",0.0,{},,5.0,0.0,0.0,0.0,0.0,None,0.0,None,False,ok,0.0,0.0,0.0,0.0,0.0,0.0,0.0,0.0,0.0,,False,43,0.0,0,0.0,0.0,0.0,0.0,0.0,0.0,0.0,0.0,True,red_2,Jax,0.0,0.0,0,0.0,0.0,0.0,0.0,0.0,0.0,0.0,0.0,867,0.0,0.0,0.0,0.0,0.0,0.0,0.0,None,0
"{""totalSec"":163,""autoEndSec"":20,""delayEndSec"":23,""intervals"":[{""action"":""shoot"",""startSec"":42.65,""endSec"":43.35,""durationSec"":0.7,""_id"":""69bf4745e4195cf523b0a66a""},{""action"":""shoot"",""startSec"":160.46,""endSec"":161.87,""durationSec"":1.41,""_id"":""69bf4745e4195cf523b0a66b""},{""action"":""shoot"",""startSec"":162.21,""endSec"":163,""durationSec"":0.79,""_id"":""69bf4745e4195cf523b0a66c""}],""_id"":""69bf4745e4195cf523b0a669""}",0.0,"{""alliance"":""blue"",""startPosition"":""right"",""points"":[{""x"":0.34,""y"":0.33,""tSec"":6.4,""_id"":""69bf4745e4195cf523b0a667""},{""x"":0.3474,""y"":0.3308,""tSec"":6.4,""_id"":""69bf4745e4195cf523b0a668""}],""shotMarkers"":[],""fingerprint"":""9097d75b"",""_id"":""69bf4745e4195cf523b0a666""}",right,5.0,0.0,0.0,0.0,0.0,None,0.0,None,False,ok,14.5,0.0,14.5,0.0,0.0,0.0,0.0,0.0,0.0,Accidentally hit timeline,True,43,0.0,0,0.0,0.0,0.0,0.0,0.0,0.0,0.0,0.0,False,blue_1,Ellyse,59.78,2.9,3,0.79,0.0,2.2,0.7,0.0,0.0,0.0,0.0,4999,11.0,3.5,0.0,0.0,0.0,14.5,0.0,None,3
"{""totalSec"":163,""autoEndSec"":20,""delayEndSec"":23,""intervals"":[{""action"":""shoot"",""startSec"":44.2,""endSec"":45.1,""durationSec"":0.9,""_id"":""69bf4754e4195cf523b0a68e""}],""_id"":""69bf4754e4195cf523b0a68d""}",0.0,"{""alliance"":""blue"",""startPosition"":""left"",""points"":[{""x"":0.34,""y"":0.67,""tSec"":16.25,""_id"":""69bf4754e4195cf523b0a674""},{""x"":0.3213,""y"":0.6799,""tSec"":16.25,""_id"":""69bf4754e4195cf523b0a675""},{""x"":0.3199,""y"":0.6886,""tSec"":16.4,""_id"":""69bf4754e4195cf523b0a676""},{""x"":0.3205,""y"":0.7066,""tSec"":16.45,""_id"":""69bf4754e4195cf523b0a677""},{""x"":0.3206,""y"":0.7202,""tSec"":16.45,""_id"":""69bf4754e4195cf523b0a678""},{""x"":0.3206,""y"":0.753,""tSec"":16.55,""_id"":""69bf4754e4195cf523b0a679""},{""x"":0.3206,""y"":0.7607,""tSec"":16.55,""_id"":""69bf4754e4195cf523b0a67a""},{""x"":0.3206,""y"":0.7692,""tSec"":16.55,""_id"":""69bf4754e4195cf523b0a67b""},{""x"":0.3206,""y"":0.7769,""tSec"":16.7,""_id"":""69bf4754e4195cf523b0a67c""},{""x"":0.3206,""y"":0.7844,""tSec"":16.75,""_id"":""69bf4754e4195cf523b0a67d""},{""x"":0.3206,""y"":0.7938,""tSec"":16.8,""_id"":""69bf4754e4195cf523b0a67e""},{""x"":0.3206,""y"":0.8035,""tSec"":16.8,""_id"":""69bf4754e4195cf523b0a67f""},{""x"":0.3206,""y"":0.8121,""tSec"":16.85,""_id"":""69bf4754e4195cf523b0a680""},{""x"":0.3206,""y"":0.8198,""tSec"":16.9,""_id"":""69bf4754e4195cf523b0a681""},{""x"":0.3206,""y"":0.8283,""tSec"":16.95,""_id"":""69bf4754e4195cf523b0a682""},{""x"":0.3198,""y"":0.836,""tSec"":17,""_id"":""69bf4754e4195cf523b0a683""},{""x"":0.3181,""y"":0.8435,""tSec"":17,""_id"":""69bf4754e4195cf523b0a684""},{""x"":0.3164,""y"":0.8519,""tSec"":17.05,""_id"":""69bf4754e4195cf523b0a685""},{""x"":0.3154,""y"":0.8596,""tSec"":17.05,""_id"":""69bf4754e4195cf523b0a686""},{""x"":0.3146,""y"":0.868,""tSec"":17.1,""_id"":""69bf4754e4195cf523b0a687""},{""x"":0.3145,""y"":0.8757,""tSec"":17.15,""_id"":""69bf4754e4195cf523b0a688""},{""x"":0.3145,""y"":0.8841,""tSec"":17.25,""_id"":""69bf4754e4195cf523b0a689""},{""x"":0.3175,""y"":0.8909,""tSec"":17.35,""_id"":""69bf4754e4195cf523b0a68a""},{""x"":0.3202,""y"":0.8983,""tSec"":17.45,""_id"":""69bf4754e4195cf523b0a68b""},{""x"":0.3206,""y"":0.9058,""tSec"":17.55,""_id"":""69bf4754e4195cf523b0a68c""}],""shotMarkers"":[],""fingerprint"":""732c286f"",""_id"":""69bf4754e4195cf523b0a673""}",left,5.0,0.0,0.0,0.0,1.0,mechanism,1.0,some,False,rough,4.5,0.0,4.5,0.0,0.0,0.0,0.0,0.0,0.0,Intake blew up,True,43,0.0,0,0.0,0.0,0.0,0.0,0.0,0.0,0.0,0.0,False,blue_3,Joaquin,0.0,0.9,1,0.9,0.0,0.0,0.9,0.0,0.0,0.0,0.0,7230,0.0,4.5,0.0,0.0,0.0,4.5,0.0,None,1
"{""totalSec"":163,""autoEndSec"":20,""delayEndSec"":23,""intervals"":[{""action"":""shoot"",""startSec"":57.6,""endSec"":57.75,""durationSec"":0.15,""_id"":""69bf492fe4195cf523b0a7bd""},{""action"":""shoot"",""startSec"":92.7,""endSec"":93.06,""durationSec"":0.36,""_id"":""69bf492fe4195cf523b0a7be""},{""action"":""shoot"",""startSec"":95.45,""endSec"":96.7,""durationSec"":1.25,""_id"":""69bf492fe4195cf523b0a7bf""},{""action"":""shoot"",""startSec"":111.85,""endSec"":112.6,""durationSec"":0.75,""_id"":""69bf492fe4195cf523b0a7c0""},{""action"":""shoot"",""startSec"":115.25,""endSec"":115.55,""durationSec"":0.3,""_id"":""69bf492fe4195cf523b0a7c1""},{""action"":""shoot"",""startSec"":117.25,""endSec"":117.63,""durationSec"":0.38,""_id"":""69bf492fe4195cf523b0a7c2""},{""action"":""shoot"",""startSec"":157.4,""endSec"":157.52,""durationSec"":0.12,""_id"":""69bf492fe4195cf523b0a7c3""},{""action"":""shoot"",""startSec"":160.9,""endSec"":161.8,""durationSec"":0.9,""_id"":""69bf492fe4195cf523b0a7c4""}],""_id"":""69bf492fe4195cf523b0a7bc""}",0.0,"{""alliance"":""blue"",""startPosition"":""right"",""points"":[{""x"":0.34,""y"":0.33,""tSec"":1.55,""_id"":""69bf492fe4195cf523b0a72c""},{""x"":0.3405,""y"":0.3119,""tSec"":1.55,""_id"":""69bf492fe4195cf523b0a72d""},{""x"":0.3152,""y"":0.3248,""tSec"":3.6,""_id"":""69bf492fe4195cf523b0a72e""},{""x"":0.32,""y"":0.2971,""tSec"":3.7,""_id"":""69bf492fe4195cf523b0a72f""},{""x"":0.3251,""y"":0.2673,""tSec"":3.75,""_id"":""69bf492fe4195cf523b0a730""},{""x"":0.328,""y"":0.2495,""tSec"":3.75,""_id"":""69bf492fe4195cf523b0a731""},{""x"":0.3337,""y"":0.2191,""tSec"":3.75,""_id"":""69bf492fe4195cf523b0a732""},{""x"":0.3375,""y"":0.2003,""tSec"":3.8,""_id"":""69bf492fe4195cf523b0a733""},{""x"":0.344,""y"":0.1659,""tSec"":3.8,""_id"":""69bf492fe4195cf523b0a734""},{""x"":0.3525,""y"":0.1287,""tSec"":3.85,""_id"":""69bf492fe4195cf523b0a735""},{""x"":0.3681,""y"":0.0788,""tSec"":3.85,""_id"":""69bf492fe4195cf523b0a736""},{""x"":0.3999,""y"":0.0274,""tSec"":3.9,""_id"":""69bf492fe4195cf523b0a737""},{""x"":0.4259,""y"":0.0043,""tSec"":3.95,""_id"":""69bf492fe4195cf523b0a738""},{""x"":0.4505,""y"":0.0005,""tSec"":3.95,""_id"":""69bf492fe4195cf523b0a739""},{""x"":0.4611,""y"":0.0001,""tSec"":3.95,""_id"":""69bf492fe4195cf523b0a73a""},{""x"":0.4747,""y"":0,""tSec"":4,""_id"":""69bf492fe4195cf523b0a73b""},{""x"":0.4854,""y"":0,""tSec"":4,""_id"":""69bf492fe4195cf523b0a73c""},{""x"":0.5051,""y"":0,""tSec"":4.05,""_id"":""69bf492fe4195cf523b0a73d""},{""x"":0.532,""y"":0,""tSec"":4.05,""_id"":""69bf492fe4195cf523b0a73e""},{""x"":0.5644,""y"":0.0132,""tSec"":4.1,""_id"":""69bf492fe4195cf523b0a73f""},{""x"":0.5951,""y"":0.0394,""tSec"":4.1,""_id"":""69bf492fe4195cf523b0a740""},{""x"":0.6226,""y"":0.0643,""tSec"":4.15,""_id"":""69bf492fe4195cf523b0a741""},{""x"":0.6366,""y"":0.0767,""tSec"":4.15,""_id"":""69bf492fe4195cf523b0a742""},{""x"":0.6582,""y"":0.0991,""tSec"":4.15,""_id"":""69bf492fe4195cf523b0a743""},{""x"":0.6708,""y"":0.1121,""tSec"":4.15,""_id"":""69bf492fe4195cf523b0a744""},{""x"":0.6891,""y"":0.1336,""tSec"":4.2,""_id"":""69bf492fe4195cf523b0a745""},{""x"":0.699,""y"":0.1456,""tSec"":4.2,""_id"":""69bf492fe4195cf523b0a746""},{""x"":0.7125,""y"":0.1631,""tSec"":4.2,""_id"":""69bf492fe4195cf523b0a747""},{""x"":0.7195,""y"":0.1728,""tSec"":4.25,""_id"":""69bf492fe4195cf523b0a748""},{""x"":0.7272,""y"":0.1881,""tSec"":4.25,""_id"":""69bf492fe4195cf523b0a749""},{""x"":0.7304,""y"":0.1956,""tSec"":4.25,""_id"":""69bf492fe4195cf523b0a74a""},{""x"":0.733,""y"":0.2022,""tSec"":4.3,""_id"":""69bf492fe4195cf523b0a74b""},{""x"":0.7364,""y"":0.2124,""tSec"":4.3,""_id"":""69bf492fe4195cf523b0a74c""},{""x"":0.7391,""y"":0.2231,""tSec"":4.35,""_id"":""69bf492fe4195cf523b0a74d""},{""x"":0.7418,""y"":0.2367,""tSec"":4.35,""_id"":""69bf492fe4195cf523b0a74e""},{""x"":0.7429,""y"":0.2459,""tSec"":4.4,""_id"":""69bf492fe4195cf523b0a74f""},{""x"":0.743,""y"":0.2536,""tSec"":4.4,""_id"":""69bf492fe4195cf523b0a750""},{""x"":0.7423,""y"":0.2612,""tSec"":4.45,""_id"":""69bf492fe4195cf523b0a751""},{""x"":0.7414,""y"":0.2687,""tSec"":4.45,""_id"":""69bf492fe4195cf523b0a752""},{""x"":0.7413,""y"":0.2771,""tSec"":4.5,""_id"":""69bf492fe4195cf523b0a753""},{""x"":0.7413,""y"":0.2848,""tSec"":4.5,""_id"":""69bf492fe4195cf523b0a754""},{""x"":0.7413,""y"":0.2961,""tSec"":4.55,""_id"":""69bf492fe4195cf523b0a755""},{""x"":0.7413,""y"":0.3031,""tSec"":4.6,""_id"":""69bf492fe4195cf523b0a756""},{""x"":0.7413,""y"":0.3106,""tSec"":4.65,""_id"":""69bf492fe4195cf523b0a757""},{""x"":0.7382,""y"":0.3181,""tSec"":4.75,""_id"":""69bf492fe4195cf523b0a758""},{""x"":0.7348,""y"":0.3256,""tSec"":4.8,""_id"":""69bf492fe4195cf523b0a759""},{""x"":0.729,""y"":0.334,""tSec"":4.85,""_id"":""69bf492fe4195cf523b0a75a""},{""x"":0.7222,""y"":0.337,""tSec"":4.95,""_id"":""69bf492fe4195cf523b0a75b""},{""x"":0.7145,""y"":0.3374,""tSec"":5.05,""_id"":""69bf492fe4195cf523b0a75c""},{""x"":0.712,""y"":0.3308,""tSec"":5.35,""_id"":""69bf492fe4195cf523b0a75d""},{""x"":0.714,""y"":0.3233,""tSec"":5.6,""_id"":""69bf492fe4195cf523b0a75e""},{""x"":0.7143,""y"":0.3149,""tSec"":5.8,""_id"":""69bf492fe4195cf523b0a75f""},{""x"":0.7127,""y"":0.3063,""tSec"":5.9,""_id"":""69bf492fe4195cf523b0a760""},{""x"":0.7095,""y"":0.2949,""tSec"":5.95,""_id"":""69bf492fe4195cf523b0a761""},{""x"":0.7084,""y"":0.2869,""tSec"":6,""_id"":""69bf492fe4195cf523b0a762""},{""x"":0.7082,""y"":0.2746,""tSec"":6.05,""_id"":""69bf492fe4195cf523b0a763""},{""x"":0.7066,""y"":0.2655,""tSec"":6.1,""_id"":""69bf492fe4195cf523b0a764""},{""x"":0.7057,""y"":0.2559,""tSec"":6.1,""_id"":""69bf492fe4195cf523b0a765""},{""x"":0.704,""y"":0.2444,""tSec"":6.15,""_id"":""69bf492fe4195cf523b0a766""},{""x"":0.7023,""y"":0.2374,""tSec"":6.2,""_id"":""69bf492fe4195cf523b0a767""},{""x"":0.7005,""y"":0.229,""tSec"":6.25,""_id"":""69bf492fe4195cf523b0a768""},{""x"":0.698,""y"":0.2204,""tSec"":6.3,""_id"":""69bf492fe4195cf523b0a769""},{""x"":0.6962,""y"":0.2118,""tSec"":6.35,""_id"":""69bf492fe4195cf523b0a76a""},{""x"":0.6952,""y"":0.2041,""tSec"":6.4,""_id"":""69bf492fe4195cf523b0a76b""},{""x"":0.6944,""y"":0.1957,""tSec"":6.45,""_id"":""69bf492fe4195cf523b0a76c""},{""x"":0.6927,""y"":0.188,""tSec"":6.5,""_id"":""69bf492fe4195cf523b0a76d""},{""x"":0.6902,""y"":0.1814,""tSec"":6.55,""_id"":""69bf492fe4195cf523b0a76e""},{""x"":0.6854,""y"":0.1702,""tSec"":6.65,""_id"":""69bf492fe4195cf523b0a76f""},{""x"":0.6825,""y"":0.1632,""tSec"":6.65,""_id"":""69bf492fe4195cf523b0a770""},{""x"":0.6798,""y"":0.1567,""tSec"":6.7,""_id"":""69bf492fe4195cf523b0a771""},{""x"":0.6757,""y"":0.1493,""tSec"":6.75,""_id"":""69bf492fe4195cf523b0a772""},{""x"":0.6721,""y"":0.1427,""tSec"":6.75,""_id"":""69bf492fe4195cf523b0a773""},{""x"":0.6663,""y"":0.1353,""tSec"":6.8,""_id"":""69bf492fe4195cf523b0a774""},{""x"":0.6602,""y"":0.1288,""tSec"":6.8,""_id"":""69bf492fe4195cf523b0a775""},{""x"":0.6526,""y"":0.1223,""tSec"":6.85,""_id"":""69bf492fe4195cf523b0a776""},{""x"":0.6471,""y"":0.1177,""tSec"":6.9,""_id"":""69bf492fe4195cf523b0a777""},{""x"":0.6403,""y"":0.1144,""tSec"":6.9,""_id"":""69bf492fe4195cf523b0a778""},{""x"":0.6319,""y"":0.1082,""tSec"":6.95,""_id"":""69bf492fe4195cf523b0a779""},{""x"":0.6224,""y"":0.1019,""tSec"":6.95,""_id"":""69bf492fe4195cf523b0a77a""},{""x"":0.6136,""y"":0.0955,""tSec"":7,""_id"":""69bf492fe4195cf523b0a77b""},{""x"":0.6056,""y"":0.0909,""tSec"":7.05,""_id"":""69bf492fe4195cf523b0a77c""},{""x"":0.5978,""y"":0.0875,""tSec"":7.05,""_id"":""69bf492fe4195cf523b0a77d""},{""x"":0.5907,""y"":0.0842,""tSec"":7.1,""_id"":""69bf492fe4195cf523b0a77e""},{""x"":0.583,""y"":0.081,""tSec"":7.15,""_id"":""69bf492fe4195cf523b0a77f""},{""x"":0.5751,""y"":0.0787,""tSec"":7.2,""_id"":""69bf492fe4195cf523b0a780""},{""x"":0.5681,""y"":0.0784,""tSec"":7.2,""_id"":""69bf492fe4195cf523b0a781""},{""x"":0.5611,""y"":0.0784,""tSec"":7.25,""_id"":""69bf492fe4195cf523b0a782""},{""x"":0.5541,""y"":0.0784,""tSec"":7.3,""_id"":""69bf492fe4195cf523b0a783""},{""x"":0.5464,""y"":0.0784,""tSec"":7.4,""_id"":""69bf492fe4195cf523b0a784""},{""x"":0.5378,""y"":0.0822,""tSec"":7.5,""_id"":""69bf492fe4195cf523b0a785""},{""x"":0.5291,""y"":0.0855,""tSec"":7.6,""_id"":""69bf492fe4195cf523b0a786""},{""x"":0.5219,""y"":0.0868,""tSec"":7.7,""_id"":""69bf492fe4195cf523b0a787""},{""x"":0.5149,""y"":0.0908,""tSec"":7.75,""_id"":""69bf492fe4195cf523b0a788""},{""x"":0.5087,""y"":0.0941,""tSec"":7.8,""_id"":""69bf492fe4195cf523b0a789""},{""x"":0.5018,""y"":0.0964,""tSec"":7.9,""_id"":""69bf492fe4195cf523b0a78a""},{""x"":0.4948,""y"":0.1004,""tSec"":8.4,""_id"":""69bf492fe4195cf523b0a78b""},{""x"":0.4878,""y"":0.1037,""tSec"":8.5,""_id"":""69bf492fe4195cf523b0a78c""},{""x"":0.4809,""y"":0.107,""tSec"":8.55,""_id"":""69bf492fe4195cf523b0a78d""},{""x"":0.4739,""y"":0.1103,""tSec"":8.6,""_id"":""69bf492fe4195cf523b0a78e""},{""x"":0.4662,""y"":0.1107,""tSec"":8.65,""_id"":""69bf492fe4195cf523b0a78f""},{""x"":0.4584,""y"":0.1107,""tSec"":8.7,""_id"":""69bf492fe4195cf523b0a790""},{""x"":0.4498,""y"":0.1116,""tSec"":8.7,""_id"":""69bf492fe4195cf523b0a791""},{""x"":0.438,""y"":0.1146,""tSec"":8.75,""_id"":""69bf492fe4195cf523b0a792""},{""x"":0.4281,""y"":0.1158,""tSec"":8.8,""_id"":""69bf492fe4195cf523b0a793""},{""x"":0.4193,""y"":0.1179,""tSec"":8.8,""_id"":""69bf492fe4195cf523b0a794""},{""x"":0.4098,""y"":0.1191,""tSec"":8.85,""_id"":""69bf492fe4195cf523b0a795""},{""x"":0.4003,""y"":0.1202,""tSec"":8.9,""_id"":""69bf492fe4195cf523b0a796""},{""x"":0.3899,""y"":0.1232,""tSec"":8.9,""_id"":""69bf492fe4195cf523b0a797""},{""x"":0.3787,""y"":0.1254,""tSec"":8.95,""_id"":""69bf492fe4195cf523b0a798""},{""x"":0.3681,""y"":0.1276,""tSec"":9,""_id"":""69bf492fe4195cf523b0a799""},{""x"":0.3577,""y"":0.1287,""tSec"":9,""_id"":""69bf492fe4195cf523b0a79a""},{""x"":0.3472,""y"":0.1289,""tSec"":9.05,""_id"":""69bf492fe4195cf523b0a79b""},{""x"":0.336,""y"":0.1289,""tSec"":9.1,""_id"":""69bf492fe4195cf523b0a79c""},{""x"":0.3262,""y"":0.1289,""tSec"":9.15,""_id"":""69bf492fe4195cf523b0a79d""},{""x"":0.3174,""y"":0.1289,""tSec"":9.15,""_id"":""69bf492fe4195cf523b0a79e""},{""x"":0.3079,""y"":0.1289,""tSec"":9.2,""_id"":""69bf492fe4195cf523b0a79f""},{""x"":0.2991,""y"":0.1289,""tSec"":9.25,""_id"":""69bf492fe4195cf523b0a7a0""},{""x"":0.2896,""y"":0.1308,""tSec"":9.25,""_id"":""69bf492fe4195cf523b0a7a1""},{""x"":0.2816,""y"":0.1339,""tSec"":9.3,""_id"":""69bf492fe4195cf523b0a7a2""},{""x"":0.2737,""y"":0.138,""tSec"":9.35,""_id"":""69bf492fe4195cf523b0a7a3""},{""x"":0.2675,""y"":0.1442,""tSec"":9.35,""_id"":""69bf492fe4195cf523b0a7a4""},{""x"":0.262,""y"":0.1525,""tSec"":9.4,""_id"":""69bf492fe4195cf523b0a7a5""},{""x"":0.256,""y"":0.163,""tSec"":9.45,""_id"":""69bf492fe4195cf523b0a7a6""},{""x"":0.253,""y"":0.1699,""tSec"":9.5,""_id"":""69bf492fe4195cf523b0a7a7""},{""x"":0.2496,""y"":0.1783,""tSec"":9.55,""_id"":""69bf492fe4195cf523b0a7a8""},{""x"":0.2469,""y"":0.185,""tSec"":9.55,""_id"":""69bf492fe4195cf523b0a7a9""},{""x"":0.2428,""y"":0.1924,""tSec"":9.6,""_id"":""69bf492fe4195cf523b0a7aa""},{""x"":0.2376,""y"":0.2008,""tSec"":9.65,""_id"":""69bf492fe4195cf523b0a7ab""},{""x"":0.2316,""y"":0.2085,""tSec"":9.65,""_id"":""69bf492fe4195cf523b0a7ac""},{""x"":0.2255,""y"":0.216,""tSec"":9.7,""_id"":""69bf492fe4195cf523b0a7ad""},{""x"":0.2194,""y"":0.2236,""tSec"":9.75,""_id"":""69bf492fe4195cf523b0a7ae""},{""x"":0.2149,""y"":0.2291,""tSec"":9.75,""_id"":""69bf492fe4195cf523b0a7af""},{""x"":0.2098,""y"":0.2374,""tSec"":9.8,""_id"":""69bf492fe4195cf523b0a7b0""},{""x"":0.2045,""y"":0.245,""tSec"":9.85,""_id"":""69bf492fe4195cf523b0a7b1""},{""x"":0.1978,""y"":0.2534,""tSec"":9.85,""_id"":""69bf492fe4195cf523b0a7b2""},{""x"":0.1923,""y"":0.2602,""tSec"":9.9,""_id"":""69bf492fe4195cf523b0a7b3""},{""x"":0.1856,""y"":0.2648,""tSec"":9.95,""_id"":""69bf492fe4195cf523b0a7b4""},{""x"":0.1772,""y"":0.2701,""tSec"":10,""_id"":""69bf492fe4195cf523b0a7b5""},{""x"":0.17,""y"":0.2745,""tSec"":10.05,""_id"":""69bf492fe4195cf523b0a7b6""},{""x"":0.1645,""y"":0.2797,""tSec"":10.1,""_id"":""69bf492fe4195cf523b0a7b7""},{""x"":0.1577,""y"":0.286,""tSec"":10.15,""_id"":""69bf492fe4195cf523b0a7b8""},{""x"":0.1515,""y"":0.2915,""tSec"":10.2,""_id"":""69bf492fe4195cf523b0a7b9""},{""x"":0.1469,""y"":0.2969,""tSec"":10.25,""_id"":""69bf492fe4195cf523b0a7ba""}],""shotMarkers"":[{""x"":0.1469,""y"":0.2969,""tSec"":13.25,""_id"":""69bf492fe4195cf523b0a7bb""}],""fingerprint"":""a02006c1"",""_id"":""69bf492fe4195cf523b0a72b""}",right,5.0,0.0,0.0,0.0,0.0,None,0.0,None,False,ok,21.05,0.0,21.05,0.0,0.0,0.0,0.0,0.0,0.0,,True,44,0.0,0,0.0,0.0,0.0,0.0,0.0,0.0,0.0,0.0,False,blue_1,William,3.5,4.21,8,0.37,0.0,1.02,0.0,0.15,1.61,1.43,0.0,294,5.1,0.0,0.75,8.05,7.15,21.05,0.0,None,8
"{""totalSec"":163,""autoEndSec"":20,""delayEndSec"":23,""intervals"":[],""_id"":""69bf4941e4195cf523b0a7c8""}",0.0,{},,5.0,0.0,0.0,0.0,0.0,None,0.0,None,False,ok,0.0,0.0,0.0,0.0,0.0,0.0,0.0,0.0,0.0,,False,44,0.0,0,0.0,0.0,0.0,0.0,0.0,0.0,0.0,0.0,False,red_2,Jax,0.0,0.0,0,0.0,0.0,0.0,0.0,0.0,0.0,0.0,0.0,4123,0.0,0.0,0.0,0.0,0.0,0.0,0.0,None,0
"{""totalSec"":163,""autoEndSec"":20,""delayEndSec"":23,""intervals"":[],""_id"":""69bf49ace4195cf523b0a7f2""}",0.0,{},,5.0,0.0,0.0,0.0,0.0,None,0.0,None,False,ok,0.0,0.0,0.0,0.0,0.0,0.0,0.0,0.0,0.0,Robot had trouble intaking,False,44,0.0,0,0.0,0.0,0.0,0.0,0.0,0.0,0.0,0.0,False,red_1,Aiden chang,0.0,0.0,0,0.0,0.0,0.0,0.0,0.0,0.0,0.0,0.0,11096,0.0,0.0,0.0,0.0,0.0,0.0,0.0,None,0
"{""totalSec"":163,""autoEndSec"":20,""delayEndSec"":23,""intervals"":[{""action"":""shoot"",""startSec"":2.2,""endSec"":3,""durationSec"":0.8,""_id"":""69bf503ae4195cf523b0addf""},{""action"":""shoot"",""startSec"":6.35,""endSec"":7.11,""durationSec"":0.76,""_id"":""69bf503ae4195cf523b0ade0""}],""_id"":""69bf503ae4195cf523b0adde""}",7.8,{},,5.0,0.0,0.0,0.0,0.0,mechanism,0.0,None,False,ok,7.8,0.0,7.8,0.0,0.0,0.0,0.0,0.0,0.0,"Intake broke, still used bot to push fuel on to their side. ",True,44,0.0,0,0.0,0.0,0.0,0.0,0.0,0.0,0.0,0.0,False,blue_2,C,4.15,1.56,2,0.78,1.56,0.0,0.0,0.0,0.0,0.0,0.0,8898,0.0,0.0,0.0,0.0,0.0,0.0,0.0,None,2
"{""totalSec"":163,""autoEndSec"":20,""delayEndSec"":23,""intervals"":[{""action"":""shoot"",""startSec"":54.4,""endSec"":54.9,""durationSec"":0.5,""_id"":""69bf499be4195cf523b0a7ec""}],""_id"":""69bf499be4195cf523b0a7eb""}",0.0,{},left,5.0,1.0,0.0,0.0,1.0,mechanism,2.0,None,False,rough,2.5,0.0,2.5,0.0,0.0,0.0,0.0,0.0,0.0,"They kinda just shot preload and waited around all match, intake",True,44,0.0,0,0.0,0.0,0.0,0.0,0.0,0.0,0.0,0.0,False,blue_3,Joaquin,0.0,0.5,1,0.5,0.0,0.0,0.0,0.5,0.0,0.0,0.0,4470,0.0,0.0,2.5,0.0,0.0,2.5,0.0,None,1
"{""totalSec"":163,""autoEndSec"":20,""delayEndSec"":23,""intervals"":[{""action"":""shoot"",""startSec"":64.16,""endSec"":66.76,""durationSec"":2.6,""_id"":""69bf4b10e4195cf523b0a801""},{""action"":""shoot"",""startSec"":68.76,""endSec"":71.66,""durationSec"":2.9,""_id"":""69bf4b10e4195cf523b0a802""},{""action"":""shoot"",""startSec"":76.81,""endSec"":77.57,""durationSec"":0.76,""_id"":""69bf4b10e4195cf523b0a803""},{""action"":""shoot"",""startSec"":78.11,""endSec"":79.66,""durationSec"":1.55,""_id"":""69bf4b10e4195cf523b0a804""},{""action"":""shoot"",""startSec"":148.06,""endSec"":149.46,""durationSec"":1.4,""_id"":""69bf4b10e4195cf523b0a805""}],""_id"":""69bf4b10e4195cf523b0a800""}",0.0,{},,5.0,0.0,0.0,0.0,0.0,None,0.0,None,False,ok,46.05,0.0,46.05,0.0,0.0,0.0,0.0,0.0,0.0,,True,45,0.0,0,0.0,0.0,0.0,0.0,0.0,0.0,0.0,0.0,False,blue_1,William,6.325,9.21,5,1.55,0.0,1.4,0.0,6.26,1.55,0.0,0.0,5124,7.0,0.0,31.3,7.75,0.0,46.05,0.0,None,5
"{""totalSec"":163,""autoEndSec"":20,""delayEndSec"":23,""intervals"":[{""action"":""shoot"",""startSec"":46.3,""endSec"":48.07,""durationSec"":1.77,""_id"":""69bf4b21e4195cf523b0a80f""}],""_id"":""69bf4b21e4195cf523b0a80e""}",0.0,"{""alliance"":""red"",""startPosition"":""center"",""points"":[{""x"":0.69,""y"":0.5,""tSec"":1.3,""_id"":""69bf4b21e4195cf523b0a80c""},{""x"":0.6899,""y"":0.4824,""tSec"":1.3,""_id"":""69bf4b21e4195cf523b0a80d""}],""shotMarkers"":[],""fingerprint"":""dddb8b36"",""_id"":""69bf4b21e4195cf523b0a80b""}",center,5.0,0.0,0.0,1.0,0.0,comms,1.0,some,False,ok,8.85,0.0,8.85,0.0,0.0,0.0,0.0,0.0,0.0,,True,45,0.0,0,0.0,0.0,0.0,0.0,0.0,0.0,0.0,0.0,False,red_2,Jax,0.0,1.77,1,1.77,0.0,0.0,1.77,0.0,0.0,0.0,0.0,5835,0.0,8.85,0.0,0.0,0.0,8.85,0.0,None,1
"{""totalSec"":163,""autoEndSec"":20,""delayEndSec"":23,""intervals"":[{""action"":""shoot"",""startSec"":3.9,""endSec"":4.56,""durationSec"":0.66,""_id"":""69bf503ae4195cf523b0ade3""},{""action"":""shoot"",""startSec"":8,""endSec"":8.1,""durationSec"":0.1,""_id"":""69bf503ae4195cf523b0ade4""},{""action"":""shoot"",""startSec"":9,""endSec"":9.1,""durationSec"":0.1,""_id"":""69bf503ae4195cf523b0ade5""},{""action"":""shoot"",""startSec"":9.45,""endSec"":9.51,""durationSec"":0.06,""_id"":""69bf503ae4195cf523b0ade6""},{""action"":""shoot"",""startSec"":10.65,""endSec"":12.03,""durationSec"":1.38,""_id"":""69bf503ae4195cf523b0ade7""},{""action"":""shoot"",""startSec"":15.25,""endSec"":15.9,""durationSec"":0.65,""_id"":""69bf503ae4195cf523b0ade8""},{""action"":""shoot"",""startSec"":27.85,""endSec"":28.05,""durationSec"":0.2,""_id"":""69bf503ae4195cf523b0ade9""},{""action"":""shoot"",""startSec"":30.8,""endSec"":31.46,""durationSec"":0.66,""_id"":""69bf503ae4195cf523b0adea""},{""action"":""shoot"",""startSec"":32.9,""endSec"":33.1,""durationSec"":0.2,""_id"":""69bf503ae4195cf523b0adeb""},{""action"":""shoot"",""startSec"":33.5,""endSec"":33.61,""durationSec"":0.11,""_id"":""69bf503ae4195cf523b0adec""},{""action"":""shoot"",""startSec"":34,""endSec"":34.05,""durationSec"":0.05,""_id"":""69bf503ae4195cf523b0aded""},{""action"":""shoot"",""startSec"":35.05,""endSec"":36.82,""durationSec"":1.77,""_id"":""69bf503ae4195cf523b0adee""},{""action"":""pass"",""startSec"":40.55,""endSec"":44.3,""durationSec"":3.75,""_id"":""69bf503ae4195cf523b0adef""},{""action"":""shoot"",""startSec"":52.95,""endSec"":56.77,""durationSec"":3.82,""_id"":""69bf503ae4195cf523b0adf0""},{""action"":""shoot"",""startSec"":65.65,""endSec"":67.4,""durationSec"":1.75,""_id"":""69bf503ae4195cf523b0adf1""},{""action"":""shoot"",""startSec"":78.1,""endSec"":78.36,""durationSec"":0.26,""_id"":""69bf503ae4195cf523b0adf2""},{""action"":""pass"",""startSec"":84.65,""endSec"":84.86,""durationSec"":0.21,""_id"":""69bf503ae4195cf523b0adf3""},{""action"":""pass"",""startSec"":86.3,""endSec"":88.06,""durationSec"":1.76,""_id"":""69bf503ae4195cf523b0adf4""},{""action"":""shoot"",""startSec"":98.95,""endSec"":99.36,""durationSec"":0.41,""_id"":""69bf503ae4195cf523b0adf5""},{""action"":""shoot"",""startSec"":102.85,""endSec"":106,""durationSec"":3.15,""_id"":""69bf503ae4195cf523b0adf6""},{""action"":""shoot"",""startSec"":115.25,""endSec"":115.43,""durationSec"":0.18,""_id"":""69bf503ae4195cf523b0adf7""},{""action"":""shoot"",""startSec"":116.85,""endSec"":117,""durationSec"":0.15,""_id"":""69bf503ae4195cf523b0adf8""},{""action"":""shoot"",""startSec"":118.65,""endSec"":121.2,""durationSec"":2.55,""_id"":""69bf503ae4195cf523b0adf9""},{""action"":""shoot"",""startSec"":128.65,""endSec"":129.4,""durationSec"":0.75,""_id"":""69bf503ae4195cf523b0adfa""},{""action"":""shoot"",""startSec"":138.5,""endSec"":139.16,""durationSec"":0.66,""_id"":""69bf503ae4195cf523b0adfb""},{""action"":""shoot"",""startSec"":141.05,""endSec"":141.12,""durationSec"":0.07,""_id"":""69bf503ae4195cf523b0adfc""},{""action"":""shoot"",""startSec"":142.7,""endSec"":144.7,""durationSec"":2,""_id"":""69bf503ae4195cf523b0adfd""},{""action"":""shoot"",""startSec"":148.85,""endSec"":151.2,""durationSec"":2.35,""_id"":""69bf503ae4195cf523b0adfe""},{""action"":""shoot"",""startSec"":158,""endSec"":160.25,""durationSec"":2.25,""_id"":""69bf503ae4195cf523b0adff""}],""_id"":""69bf503ae4195cf523b0ade2""}",14.75,{},left,5.0,0.0,0.0,0.0,0.0,None,0.0,None,False,ok,131.45,28.6,131.45,0.0,0.0,0.0,0.0,0.0,0.0,,True,45,5.72,3,1.76,0.0,0.0,3.75,0.0,1.97,0.0,0.0,False,blue_2,C,3.9,26.29,26,0.655,2.95,7.33,2.99,5.57,3.32,4.13,0.0,2584,36.65,14.95,27.85,16.6,20.65,116.69999999999999,0.0,None,29
"{""totalSec"":163,""autoEndSec"":20,""delayEndSec"":23,""intervals"":[{""action"":""shoot"",""startSec"":50.6,""endSec"":54.1,""durationSec"":3.5,""_id"":""69bf4b5ce4195cf523b0aaa5""},{""action"":""shoot"",""startSec"":87.65,""endSec"":89.1,""durationSec"":1.45,""_id"":""69bf4b5ce4195cf523b0aaa6""},{""action"":""shoot"",""startSec"":90.15,""endSec"":91.35,""durationSec"":1.2,""_id"":""69bf4b5ce4195cf523b0aaa7""},{""action"":""shoot"",""startSec"":93.05,""endSec"":98,""durationSec"":4.95,""_id"":""69bf4b5ce4195cf523b0aaa8""},{""action"":""shoot"",""startSec"":100.6,""endSec"":101.42,""durationSec"":0.82,""_id"":""69bf4b5ce4195cf523b0aaa9""},{""action"":""shoot"",""startSec"":103.1,""endSec"":104.02,""durationSec"":0.92,""_id"":""69bf4b5ce4195cf523b0aaaa""},{""action"":""shoot"",""startSec"":135.8,""endSec"":139.95,""durationSec"":4.15,""_id"":""69bf4b5ce4195cf523b0aaab""},{""action"":""shoot"",""startSec"":140.85,""endSec"":147.35,""durationSec"":6.5,""_id"":""69bf4b5ce4195cf523b0aaac""}],""_id"":""69bf4b5ce4195cf523b0aaa4""}",0.0,"{""alliance"":""red"",""startPosition"":""right"",""points"":[{""x"":0.69,""y"":0.67,""tSec"":6.65,""_id"":""69bf4b5ce4195cf523b0a9ce""},{""x"":0.6914,""y"":0.7011,""tSec"":6.65,""_id"":""69bf4b5ce4195cf523b0a9cf""},{""x"":0.6916,""y"":0.6915,""tSec"":6.8,""_id"":""69bf4b5ce4195cf523b0a9d0""},{""x"":0.6986,""y"":0.6846,""tSec"":6.85,""_id"":""69bf4b5ce4195cf523b0a9d1""},{""x"":0.7055,""y"":0.6819,""tSec"":6.9,""_id"":""69bf4b5ce4195cf523b0a9d2""},{""x"":0.7194,""y"":0.6796,""tSec"":6.95,""_id"":""69bf4b5ce4195cf523b0a9d3""},{""x"":0.7333,""y"":0.6793,""tSec"":7,""_id"":""69bf4b5ce4195cf523b0a9d4""},{""x"":0.7441,""y"":0.6812,""tSec"":7.05,""_id"":""69bf4b5ce4195cf523b0a9d5""},{""x"":0.7532,""y"":0.6852,""tSec"":7.05,""_id"":""69bf4b5ce4195cf523b0a9d6""},{""x"":0.7596,""y"":0.6896,""tSec"":7.1,""_id"":""69bf4b5ce4195cf523b0a9d7""},{""x"":0.7718,""y"":0.7054,""tSec"":7.15,""_id"":""69bf4b5ce4195cf523b0a9d8""},{""x"":0.7795,""y"":0.7225,""tSec"":7.15,""_id"":""69bf4b5ce4195cf523b0a9d9""},{""x"":0.7865,""y"":0.7484,""tSec"":7.2,""_id"":""69bf4b5ce4195cf523b0a9da""},{""x"":0.7904,""y"":0.7763,""tSec"":7.2,""_id"":""69bf4b5ce4195cf523b0a9db""},{""x"":0.7908,""y"":0.7997,""tSec"":7.25,""_id"":""69bf4b5ce4195cf523b0a9dc""},{""x"":0.7909,""y"":0.8254,""tSec"":7.25,""_id"":""69bf4b5ce4195cf523b0a9dd""},{""x"":0.7909,""y"":0.8494,""tSec"":7.3,""_id"":""69bf4b5ce4195cf523b0a9de""},{""x"":0.7902,""y"":0.8704,""tSec"":7.3,""_id"":""69bf4b5ce4195cf523b0a9df""},{""x"":0.7885,""y"":0.8891,""tSec"":7.35,""_id"":""69bf4b5ce4195cf523b0a9e0""},{""x"":0.786,""y"":0.9066,""tSec"":7.35,""_id"":""69bf4b5ce4195cf523b0a9e1""},{""x"":0.7834,""y"":0.9164,""tSec"":7.4,""_id"":""69bf4b5ce4195cf523b0a9e2""},{""x"":0.7801,""y"":0.9252,""tSec"":7.4,""_id"":""69bf4b5ce4195cf523b0a9e3""},{""x"":0.7751,""y"":0.932,""tSec"":7.45,""_id"":""69bf4b5ce4195cf523b0a9e4""},{""x"":0.7691,""y"":0.9385,""tSec"":7.45,""_id"":""69bf4b5ce4195cf523b0a9e5""},{""x"":0.7607,""y"":0.944,""tSec"":7.5,""_id"":""69bf4b5ce4195cf523b0a9e6""},{""x"":0.7513,""y"":0.9495,""tSec"":7.5,""_id"":""69bf4b5ce4195cf523b0a9e7""},{""x"":0.7379,""y"":0.9558,""tSec"":7.55,""_id"":""69bf4b5ce4195cf523b0a9e8""},{""x"":0.7309,""y"":0.9585,""tSec"":7.55,""_id"":""69bf4b5ce4195cf523b0a9e9""},{""x"":0.7201,""y"":0.9626,""tSec"":7.55,""_id"":""69bf4b5ce4195cf523b0a9ea""},{""x"":0.708,""y"":0.966,""tSec"":7.6,""_id"":""69bf4b5ce4195cf523b0a9eb""},{""x"":0.6966,""y"":0.9683,""tSec"":7.6,""_id"":""69bf4b5ce4195cf523b0a9ec""},{""x"":0.6845,""y"":0.9705,""tSec"":7.65,""_id"":""69bf4b5ce4195cf523b0a9ed""},{""x"":0.677,""y"":0.9717,""tSec"":7.65,""_id"":""69bf4b5ce4195cf523b0a9ee""},{""x"":0.6646,""y"":0.9728,""tSec"":7.65,""_id"":""69bf4b5ce4195cf523b0a9ef""},{""x"":0.6509,""y"":0.973,""tSec"":7.7,""_id"":""69bf4b5ce4195cf523b0a9f0""},{""x"":0.6439,""y"":0.973,""tSec"":7.7,""_id"":""69bf4b5ce4195cf523b0a9f1""},{""x"":0.6307,""y"":0.973,""tSec"":7.7,""_id"":""69bf4b5ce4195cf523b0a9f2""},{""x"":0.6184,""y"":0.973,""tSec"":7.75,""_id"":""69bf4b5ce4195cf523b0a9f3""},{""x"":0.6085,""y"":0.973,""tSec"":7.75,""_id"":""69bf4b5ce4195cf523b0a9f4""},{""x"":0.5973,""y"":0.973,""tSec"":7.8,""_id"":""69bf4b5ce4195cf523b0a9f5""},{""x"":0.5852,""y"":0.9739,""tSec"":7.8,""_id"":""69bf4b5ce4195cf523b0a9f6""},{""x"":0.5731,""y"":0.9759,""tSec"":7.85,""_id"":""69bf4b5ce4195cf523b0a9f7""},{""x"":0.5555,""y"":0.9791,""tSec"":7.85,""_id"":""69bf4b5ce4195cf523b0a9f8""},{""x"":0.548,""y"":0.9795,""tSec"":7.9,""_id"":""69bf4b5ce4195cf523b0a9f9""},{""x"":0.5364,""y"":0.9813,""tSec"":7.9,""_id"":""69bf4b5ce4195cf523b0a9fa""},{""x"":0.5213,""y"":0.9825,""tSec"":7.95,""_id"":""69bf4b5ce4195cf523b0a9fb""},{""x"":0.4903,""y"":0.9836,""tSec"":8,""_id"":""69bf4b5ce4195cf523b0a9fc""},{""x"":0.4789,""y"":0.9838,""tSec"":8,""_id"":""69bf4b5ce4195cf523b0a9fd""},{""x"":0.4661,""y"":0.9838,""tSec"":8.05,""_id"":""69bf4b5ce4195cf523b0a9fe""},{""x"":0.4576,""y"":0.9838,""tSec"":8.05,""_id"":""69bf4b5ce4195cf523b0a9ff""},{""x"":0.4497,""y"":0.9838,""tSec"":8.1,""_id"":""69bf4b5ce4195cf523b0aa00""},{""x"":0.4411,""y"":0.9838,""tSec"":8.1,""_id"":""69bf4b5ce4195cf523b0aa01""},{""x"":0.4339,""y"":0.9819,""tSec"":8.2,""_id"":""69bf4b5ce4195cf523b0aa02""},{""x"":0.4269,""y"":0.9788,""tSec"":8.25,""_id"":""69bf4b5ce4195cf523b0aa03""},{""x"":0.4169,""y"":0.9765,""tSec"":8.3,""_id"":""69bf4b5ce4195cf523b0aa04""},{""x"":0.4049,""y"":0.9753,""tSec"":8.3,""_id"":""69bf4b5ce4195cf523b0aa05""},{""x"":0.3973,""y"":0.9751,""tSec"":8.35,""_id"":""69bf4b5ce4195cf523b0aa06""},{""x"":0.3857,""y"":0.9741,""tSec"":8.35,""_id"":""69bf4b5ce4195cf523b0aa07""},{""x"":0.3766,""y"":0.974,""tSec"":8.4,""_id"":""69bf4b5ce4195cf523b0aa08""},{""x"":0.3672,""y"":0.9731,""tSec"":8.4,""_id"":""69bf4b5ce4195cf523b0aa09""},{""x"":0.3545,""y"":0.9711,""tSec"":8.45,""_id"":""69bf4b5ce4195cf523b0aa0a""},{""x"":0.3453,""y"":0.9689,""tSec"":8.45,""_id"":""69bf4b5ce4195cf523b0aa0b""},{""x"":0.3366,""y"":0.9668,""tSec"":8.5,""_id"":""69bf4b5ce4195cf523b0aa0c""},{""x"":0.3248,""y"":0.9608,""tSec"":8.55,""_id"":""69bf4b5ce4195cf523b0aa0d""},{""x"":0.3172,""y"":0.9562,""tSec"":8.55,""_id"":""69bf4b5ce4195cf523b0aa0e""},{""x"":0.3102,""y"":0.95,""tSec"":8.6,""_id"":""69bf4b5ce4195cf523b0aa0f""},{""x"":0.2986,""y"":0.9387,""tSec"":8.6,""_id"":""69bf4b5ce4195cf523b0aa10""},{""x"":0.2926,""y"":0.9336,""tSec"":8.65,""_id"":""69bf4b5ce4195cf523b0aa11""},{""x"":0.2827,""y"":0.9253,""tSec"":8.65,""_id"":""69bf4b5ce4195cf523b0aa12""},{""x"":0.27,""y"":0.9158,""tSec"":8.7,""_id"":""69bf4b5ce4195cf523b0aa13""},{""x"":0.2623,""y"":0.9089,""tSec"":8.7,""_id"":""69bf4b5ce4195cf523b0aa14""},{""x"":0.2568,""y"":0.9033,""tSec"":8.75,""_id"":""69bf4b5ce4195cf523b0aa15""},{""x"":0.2508,""y"":0.896,""tSec"":8.75,""_id"":""69bf4b5ce4195cf523b0aa16""},{""x"":0.247,""y"":0.8884,""tSec"":8.8,""_id"":""69bf4b5ce4195cf523b0aa17""},{""x"":0.242,""y"":0.8761,""tSec"":8.8,""_id"":""69bf4b5ce4195cf523b0aa18""},{""x"":0.2383,""y"":0.8669,""tSec"":8.85,""_id"":""69bf4b5ce4195cf523b0aa19""},{""x"":0.2348,""y"":0.8582,""tSec"":8.85,""_id"":""69bf4b5ce4195cf523b0aa1a""},{""x"":0.2313,""y"":0.8496,""tSec"":8.9,""_id"":""69bf4b5ce4195cf523b0aa1b""},{""x"":0.2279,""y"":0.839,""tSec"":8.9,""_id"":""69bf4b5ce4195cf523b0aa1c""},{""x"":0.2251,""y"":0.8282,""tSec"":8.95,""_id"":""69bf4b5ce4195cf523b0aa1d""},{""x"":0.2225,""y"":0.8125,""tSec"":8.95,""_id"":""69bf4b5ce4195cf523b0aa1e""},{""x"":0.2207,""y"":0.7992,""tSec"":9,""_id"":""69bf4b5ce4195cf523b0aa1f""},{""x"":0.2196,""y"":0.7919,""tSec"":9,""_id"":""69bf4b5ce4195cf523b0aa20""},{""x"":0.2187,""y"":0.7787,""tSec"":9,""_id"":""69bf4b5ce4195cf523b0aa21""},{""x"":0.2186,""y"":0.7704,""tSec"":9,""_id"":""69bf4b5ce4195cf523b0aa22""},{""x"":0.2171,""y"":0.758,""tSec"":9.05,""_id"":""69bf4b5ce4195cf523b0aa23""},{""x"":0.2161,""y"":0.7498,""tSec"":9.05,""_id"":""69bf4b5ce4195cf523b0aa24""},{""x"":0.2153,""y"":0.7374,""tSec"":9.05,""_id"":""69bf4b5ce4195cf523b0aa25""},{""x"":0.2144,""y"":0.7254,""tSec"":9.1,""_id"":""69bf4b5ce4195cf523b0aa26""},{""x"":0.2143,""y"":0.7134,""tSec"":9.15,""_id"":""69bf4b5ce4195cf523b0aa27""},{""x"":0.2135,""y"":0.7025,""tSec"":9.15,""_id"":""69bf4b5ce4195cf523b0aa28""},{""x"":0.2119,""y"":0.6926,""tSec"":9.2,""_id"":""69bf4b5ce4195cf523b0aa29""},{""x"":0.2109,""y"":0.6838,""tSec"":9.2,""_id"":""69bf4b5ce4195cf523b0aa2a""},{""x"":0.2093,""y"":0.6751,""tSec"":9.2,""_id"":""69bf4b5ce4195cf523b0aa2b""},{""x"":0.2075,""y"":0.6665,""tSec"":9.25,""_id"":""69bf4b5ce4195cf523b0aa2c""},{""x"":0.2058,""y"":0.6578,""tSec"":9.25,""_id"":""69bf4b5ce4195cf523b0aa2d""},{""x"":0.204,""y"":0.6501,""tSec"":9.3,""_id"":""69bf4b5ce4195cf523b0aa2e""},{""x"":0.2007,""y"":0.6387,""tSec"":9.35,""_id"":""69bf4b5ce4195cf523b0aa2f""},{""x"":0.1981,""y"":0.6306,""tSec"":9.35,""_id"":""69bf4b5ce4195cf523b0aa30""},{""x"":0.1955,""y"":0.6239,""tSec"":9.4,""_id"":""69bf4b5ce4195cf523b0aa31""},{""x"":0.1929,""y"":0.6164,""tSec"":9.45,""_id"":""69bf4b5ce4195cf523b0aa32""},{""x"":0.1911,""y"":0.6088,""tSec"":9.45,""_id"":""69bf4b5ce4195cf523b0aa33""},{""x"":0.1885,""y"":0.6004,""tSec"":9.5,""_id"":""69bf4b5ce4195cf523b0aa34""},{""x"":0.1882,""y"":0.5907,""tSec"":9.55,""_id"":""69bf4b5ce4195cf523b0aa35""},{""x"":0.1882,""y"":0.5829,""tSec"":9.6,""_id"":""69bf4b5ce4195cf523b0aa36""},{""x"":0.1882,""y"":0.5752,""tSec"":9.7,""_id"":""69bf4b5ce4195cf523b0aa37""},{""x"":0.1905,""y"":0.5658,""tSec"":9.75,""_id"":""69bf4b5ce4195cf523b0aa38""},{""x"":0.1953,""y"":0.5589,""tSec"":9.75,""_id"":""69bf4b5ce4195cf523b0aa39""},{""x"":0.2021,""y"":0.5514,""tSec"":9.8,""_id"":""69bf4b5ce4195cf523b0aa3a""},{""x"":0.2083,""y"":0.5448,""tSec"":9.85,""_id"":""69bf4b5ce4195cf523b0aa3b""},{""x"":0.2136,""y"":0.5383,""tSec"":9.85,""_id"":""69bf4b5ce4195cf523b0aa3c""},{""x"":0.2196,""y"":0.5337,""tSec"":9.9,""_id"":""69bf4b5ce4195cf523b0aa3d""},{""x"":0.2288,""y"":0.5312,""tSec"":9.95,""_id"":""69bf4b5ce4195cf523b0aa3e""},{""x"":0.2359,""y"":0.5309,""tSec"":9.95,""_id"":""69bf4b5ce4195cf523b0aa3f""},{""x"":0.2452,""y"":0.5309,""tSec"":10,""_id"":""69bf4b5ce4195cf523b0aa40""},{""x"":0.2548,""y"":0.5338,""tSec"":10.05,""_id"":""69bf4b5ce4195cf523b0aa41""},{""x"":0.2621,""y"":0.5379,""tSec"":10.05,""_id"":""69bf4b5ce4195cf523b0aa42""},{""x"":0.2713,""y"":0.5441,""tSec"":10.1,""_id"":""69bf4b5ce4195cf523b0aa43""},{""x"":0.2778,""y"":0.5496,""tSec"":10.15,""_id"":""69bf4b5ce4195cf523b0aa44""},{""x"":0.284,""y"":0.5551,""tSec"":10.15,""_id"":""69bf4b5ce4195cf523b0aa45""},{""x"":0.2894,""y"":0.5614,""tSec"":10.15,""_id"":""69bf4b5ce4195cf523b0aa46""},{""x"":0.2946,""y"":0.5679,""tSec"":10.2,""_id"":""69bf4b5ce4195cf523b0aa47""},{""x"":0.2998,""y"":0.5744,""tSec"":10.2,""_id"":""69bf4b5ce4195cf523b0aa48""},{""x"":0.305,""y"":0.5799,""tSec"":10.25,""_id"":""69bf4b5ce4195cf523b0aa49""},{""x"":0.3126,""y"":0.5892,""tSec"":10.3,""_id"":""69bf4b5ce4195cf523b0aa4a""},{""x"":0.3203,""y"":0.5989,""tSec"":10.3,""_id"":""69bf4b5ce4195cf523b0aa4b""},{""x"":0.3259,""y"":0.6067,""tSec"":10.35,""_id"":""69bf4b5ce4195cf523b0aa4c""},{""x"":0.3304,""y"":0.6144,""tSec"":10.35,""_id"":""69bf4b5ce4195cf523b0aa4d""},{""x"":0.334,""y"":0.621,""tSec"":10.4,""_id"":""69bf4b5ce4195cf523b0aa4e""},{""x"":0.3375,""y"":0.6275,""tSec"":10.4,""_id"":""69bf4b5ce4195cf523b0aa4f""},{""x"":0.3425,""y"":0.6359,""tSec"":10.45,""_id"":""69bf4b5ce4195cf523b0aa50""},{""x"":0.3454,""y"":0.6436,""tSec"":10.45,""_id"":""69bf4b5ce4195cf523b0aa51""},{""x"":0.3488,""y"":0.6521,""tSec"":10.5,""_id"":""69bf4b5ce4195cf523b0aa52""},{""x"":0.3523,""y"":0.6608,""tSec"":10.5,""_id"":""69bf4b5ce4195cf523b0aa53""},{""x"":0.3573,""y"":0.6733,""tSec"":10.55,""_id"":""69bf4b5ce4195cf523b0aa54""},{""x"":0.3625,""y"":0.6872,""tSec"":10.55,""_id"":""69bf4b5ce4195cf523b0aa55""},{""x"":0.3685,""y"":0.7041,""tSec"":10.6,""_id"":""69bf4b5ce4195cf523b0aa56""},{""x"":0.3708,""y"":0.7109,""tSec"":10.6,""_id"":""69bf4b5ce4195cf523b0aa57""},{""x"":0.3741,""y"":0.7213,""tSec"":10.65,""_id"":""69bf4b5ce4195cf523b0aa58""},{""x"":0.3775,""y"":0.7301,""tSec"":10.65,""_id"":""69bf4b5ce4195cf523b0aa59""},{""x"":0.3795,""y"":0.7398,""tSec"":10.7,""_id"":""69bf4b5ce4195cf523b0aa5a""},{""x"":0.3813,""y"":0.7496,""tSec"":10.7,""_id"":""69bf4b5ce4195cf523b0aa5b""},{""x"":0.3831,""y"":0.764,""tSec"":10.75,""_id"":""69bf4b5ce4195cf523b0aa5c""},{""x"":0.3833,""y"":0.7744,""tSec"":10.75,""_id"":""69bf4b5ce4195cf523b0aa5d""},{""x"":0.3833,""y"":0.7832,""tSec"":10.8,""_id"":""69bf4b5ce4195cf523b0aa5e""},{""x"":0.384,""y"":0.7919,""tSec"":10.8,""_id"":""69bf4b5ce4195cf523b0aa5f""},{""x"":0.3849,""y"":0.8016,""tSec"":10.85,""_id"":""69bf4b5ce4195cf523b0aa60""},{""x"":0.3873,""y"":0.8189,""tSec"":10.85,""_id"":""69bf4b5ce4195cf523b0aa61""},{""x"":0.3914,""y"":0.8362,""tSec"":10.9,""_id"":""69bf4b5ce4195cf523b0aa62""},{""x"":0.3957,""y"":0.8478,""tSec"":10.9,""_id"":""69bf4b5ce4195cf523b0aa63""},{""x"":0.4024,""y"":0.8588,""tSec"":10.95,""_id"":""69bf4b5ce4195cf523b0aa64""},{""x"":0.4094,""y"":0.8687,""tSec"":10.95,""_id"":""69bf4b5ce4195cf523b0aa65""},{""x"":0.4178,""y"":0.8785,""tSec"":11,""_id"":""69bf4b5ce4195cf523b0aa66""},{""x"":0.4327,""y"":0.8921,""tSec"":11,""_id"":""69bf4b5ce4195cf523b0aa67""},{""x"":0.4444,""y"":0.8994,""tSec"":11.05,""_id"":""69bf4b5ce4195cf523b0aa68""},{""x"":0.4704,""y"":0.907,""tSec"":11.1,""_id"":""69bf4b5ce4195cf523b0aa69""},{""x"":0.4903,""y"":0.9107,""tSec"":11.15,""_id"":""69bf4b5ce4195cf523b0aa6a""},{""x"":0.5073,""y"":0.914,""tSec"":11.15,""_id"":""69bf4b5ce4195cf523b0aa6b""},{""x"":0.5231,""y"":0.9173,""tSec"":11.2,""_id"":""69bf4b5ce4195cf523b0aa6c""},{""x"":0.5388,""y"":0.9206,""tSec"":11.25,""_id"":""69bf4b5ce4195cf523b0aa6d""},{""x"":0.5499,""y"":0.9218,""tSec"":11.25,""_id"":""69bf4b5ce4195cf523b0aa6e""},{""x"":0.5612,""y"":0.922,""tSec"":11.3,""_id"":""69bf4b5ce4195cf523b0aa6f""},{""x"":0.5778,""y"":0.9211,""tSec"":11.3,""_id"":""69bf4b5ce4195cf523b0aa70""},{""x"":0.5899,""y"":0.9191,""tSec"":11.35,""_id"":""69bf4b5ce4195cf523b0aa71""},{""x"":0.6043,""y"":0.9159,""tSec"":11.35,""_id"":""69bf4b5ce4195cf523b0aa72""},{""x"":0.6145,""y"":0.9147,""tSec"":11.4,""_id"":""69bf4b5ce4195cf523b0aa73""},{""x"":0.6234,""y"":0.9126,""tSec"":11.4,""_id"":""69bf4b5ce4195cf523b0aa74""},{""x"":0.6313,""y"":0.9114,""tSec"":11.45,""_id"":""69bf4b5ce4195cf523b0aa75""},{""x"":0.6415,""y"":0.9084,""tSec"":11.45,""_id"":""69bf4b5ce4195cf523b0aa76""},{""x"":0.6488,""y"":0.9061,""tSec"":11.5,""_id"":""69bf4b5ce4195cf523b0aa77""},{""x"":0.6558,""y"":0.9039,""tSec"":11.5,""_id"":""69bf4b5ce4195cf523b0aa78""},{""x"":0.6628,""y"":0.9018,""tSec"":11.55,""_id"":""69bf4b5ce4195cf523b0aa79""},{""x"":0.6705,""y"":0.8996,""tSec"":11.55,""_id"":""69bf4b5ce4195cf523b0aa7a""},{""x"":0.6776,""y"":0.8974,""tSec"":11.6,""_id"":""69bf4b5ce4195cf523b0aa7b""},{""x"":0.6869,""y"":0.8943,""tSec"":11.6,""_id"":""69bf4b5ce4195cf523b0aa7c""},{""x"":0.6957,""y"":0.8901,""tSec"":11.65,""_id"":""69bf4b5ce4195cf523b0aa7d""},{""x"":0.7013,""y"":0.8839,""tSec"":11.7,""_id"":""69bf4b5ce4195cf523b0aa7e""},{""x"":0.7074,""y"":0.8774,""tSec"":11.7,""_id"":""69bf4b5ce4195cf523b0aa7f""},{""x"":0.715,""y"":0.8681,""tSec"":11.75,""_id"":""69bf4b5ce4195cf523b0aa80""},{""x"":0.7198,""y"":0.8612,""tSec"":11.8,""_id"":""69bf4b5ce4195cf523b0aa81""},{""x"":0.7234,""y"":0.8547,""tSec"":11.85,""_id"":""69bf4b5ce4195cf523b0aa82""},{""x"":0.7269,""y"":0.8453,""tSec"":11.9,""_id"":""69bf4b5ce4195cf523b0aa83""},{""x"":0.7303,""y"":0.8356,""tSec"":11.9,""_id"":""69bf4b5ce4195cf523b0aa84""},{""x"":0.7307,""y"":0.8268,""tSec"":11.95,""_id"":""69bf4b5ce4195cf523b0aa85""},{""x"":0.7308,""y"":0.8124,""tSec"":12.05,""_id"":""69bf4b5ce4195cf523b0aa86""},{""x"":0.7308,""y"":0.8021,""tSec"":12.1,""_id"":""69bf4b5ce4195cf523b0aa87""},{""x"":0.7308,""y"":0.7914,""tSec"":12.15,""_id"":""69bf4b5ce4195cf523b0aa88""},{""x"":0.7308,""y"":0.7824,""tSec"":12.2,""_id"":""69bf4b5ce4195cf523b0aa89""},{""x"":0.7308,""y"":0.7737,""tSec"":12.25,""_id"":""69bf4b5ce4195cf523b0aa8a""},{""x"":0.7293,""y"":0.7555,""tSec"":12.3,""_id"":""69bf4b5ce4195cf523b0aa8b""},{""x"":0.7276,""y"":0.7456,""tSec"":12.3,""_id"":""69bf4b5ce4195cf523b0aa8c""},{""x"":0.7258,""y"":0.7369,""tSec"":12.3,""_id"":""69bf4b5ce4195cf523b0aa8d""},{""x"":0.7241,""y"":0.7282,""tSec"":12.35,""_id"":""69bf4b5ce4195cf523b0aa8e""},{""x"":0.7208,""y"":0.7195,""tSec"":12.35,""_id"":""69bf4b5ce4195cf523b0aa8f""},{""x"":0.7189,""y"":0.7109,""tSec"":12.4,""_id"":""69bf4b5ce4195cf523b0aa90""},{""x"":0.7171,""y"":0.7022,""tSec"":12.4,""_id"":""69bf4b5ce4195cf523b0aa91""},{""x"":0.7138,""y"":0.6907,""tSec"":12.45,""_id"":""69bf4b5ce4195cf523b0aa92""},{""x"":0.7112,""y"":0.6826,""tSec"":12.5,""_id"":""69bf4b5ce4195cf523b0aa93""},{""x"":0.7094,""y"":0.674,""tSec"":12.5,""_id"":""69bf4b5ce4195cf523b0aa94""},{""x"":0.7061,""y"":0.6615,""tSec"":12.55,""_id"":""69bf4b5ce4195cf523b0aa95""},{""x"":0.7034,""y"":0.6534,""tSec"":12.55,""_id"":""69bf4b5ce4195cf523b0aa96""},{""x"":0.7007,""y"":0.6457,""tSec"":12.55,""_id"":""69bf4b5ce4195cf523b0aa97""},{""x"":0.6974,""y"":0.6362,""tSec"":12.6,""_id"":""69bf4b5ce4195cf523b0aa98""},{""x"":0.6954,""y"":0.6293,""tSec"":12.65,""_id"":""69bf4b5ce4195cf523b0aa99""},{""x"":0.6921,""y"":0.6218,""tSec"":12.65,""_id"":""69bf4b5ce4195cf523b0aa9a""},{""x"":0.6894,""y"":0.6152,""tSec"":12.7,""_id"":""69bf4b5ce4195cf523b0aa9b""},{""x"":0.686,""y"":0.6068,""tSec"":12.75,""_id"":""69bf4b5ce4195cf523b0aa9c""},{""x"":0.6826,""y"":0.6001,""tSec"":12.8,""_id"":""69bf4b5ce4195cf523b0aa9d""},{""x"":0.6798,""y"":0.5936,""tSec"":12.8,""_id"":""69bf4b5ce4195cf523b0aa9e""},{""x"":0.6749,""y"":0.5822,""tSec"":12.85,""_id"":""69bf4b5ce4195cf523b0aa9f""},{""x"":0.672,""y"":0.5752,""tSec"":12.9,""_id"":""69bf4b5ce4195cf523b0aaa0""},{""x"":0.6686,""y"":0.5686,""tSec"":12.95,""_id"":""69bf4b5ce4195cf523b0aaa1""},{""x"":0.6659,""y"":0.5621,""tSec"":13,""_id"":""69bf4b5ce4195cf523b0aaa2""}],""shotMarkers"":[{""x"":0.6659,""y"":0.5621,""tSec"":14.7,""_id"":""69bf4b5ce4195cf523b0aaa3""}],""fingerprint"":""15fe42da"",""_id"":""69bf4b5ce4195cf523b0a9cd""}",right,5.0,0.0,0.0,0.0,0.0,None,0.0,None,False,great,117.45,0.0,117.45,0.0,0.0,0.0,0.0,0.0,0.0,,True,45,0.0,0,0.0,0.0,0.0,0.0,0.0,0.0,0.0,0.0,False,red_1,Aiden chang,5.05,23.49,8,2.475,0.0,10.65,0.0,3.5,9.34,0.0,0.0,1661,53.25,0.0,17.5,46.7,0.0,117.45,0.0,None,8
"{""totalSec"":163,""autoEndSec"":20,""delayEndSec"":23,""intervals"":[{""action"":""shoot"",""startSec"":113.95,""endSec"":114.05,""durationSec"":0.1,""_id"":""69bf4b6ae4195cf523b0aab3""},{""action"":""shoot"",""startSec"":116.45,""endSec"":116.55,""durationSec"":0.1,""_id"":""69bf4b6ae4195cf523b0aab4""},{""action"":""shoot"",""startSec"":124.46,""endSec"":125.13,""durationSec"":0.67,""_id"":""69bf4b6ae4195cf523b0aab5""},{""action"":""shoot"",""startSec"":125.6,""endSec"":125.68,""durationSec"":0.08,""_id"":""69bf4b6ae4195cf523b0aab6""},{""action"":""shoot"",""startSec"":126.05,""endSec"":126.15,""durationSec"":0.1,""_id"":""69bf4b6ae4195cf523b0aab7""},{""action"":""shoot"",""startSec"":142.35,""endSec"":142.55,""durationSec"":0.2,""_id"":""69bf4b6ae4195cf523b0aab8""},{""action"":""shoot"",""startSec"":143.3,""endSec"":143.51,""durationSec"":0.21,""_id"":""69bf4b6ae4195cf523b0aab9""},{""action"":""shoot"",""startSec"":153.21,""endSec"":154.56,""durationSec"":1.35,""_id"":""69bf4b6ae4195cf523b0aaba""}],""_id"":""69bf4b6ae4195cf523b0aab2""}",0.0,{},right,5.0,0.0,0.0,0.0,0.0,None,0.0,None,False,ok,14.05,0.0,14.05,0.0,0.0,0.0,0.0,0.0,0.0,This scouting this game was bad,True,45,0.0,0,0.0,0.0,0.0,0.0,0.0,0.0,0.0,0.0,False,blue_3,Joaquin,2.5,2.81,8,0.15,0.0,1.76,0.0,0.0,0.0,1.05,0.0,4964,8.8,0.0,0.0,0.0,5.25,14.05,0.0,None,8
"{""totalSec"":163,""autoEndSec"":20,""delayEndSec"":23,""intervals"":[{""action"":""shoot"",""startSec"":38.5,""endSec"":39.07,""durationSec"":0.57,""_id"":""69bf4d5ae4195cf523b0ab6b""},{""action"":""pass"",""startSec"":111.49,""endSec"":116.99,""durationSec"":5.5,""_id"":""69bf4d5ae4195cf523b0ab6c""}],""_id"":""69bf4d5ae4195cf523b0ab6a""}",0.0,"{""alliance"":""red"",""startPosition"":""left"",""points"":[{""x"":0.69,""y"":0.33,""tSec"":1.15,""_id"":""69bf4d5ae4195cf523b0aac8""},{""x"":0.6715,""y"":0.3247,""tSec"":1.15,""_id"":""69bf4d5ae4195cf523b0aac9""},{""x"":0.6654,""y"":0.3097,""tSec"":3.3,""_id"":""69bf4d5ae4195cf523b0aaca""},{""x"":0.6632,""y"":0.2994,""tSec"":3.3,""_id"":""69bf4d5ae4195cf523b0aacb""},{""x"":0.6606,""y"":0.2819,""tSec"":3.3,""_id"":""69bf4d5ae4195cf523b0aacc""},{""x"":0.655,""y"":0.2531,""tSec"":3.35,""_id"":""69bf4d5ae4195cf523b0aacd""},{""x"":0.6497,""y"":0.2325,""tSec"":3.35,""_id"":""69bf4d5ae4195cf523b0aace""},{""x"":0.6437,""y"":0.2129,""tSec"":3.4,""_id"":""69bf4d5ae4195cf523b0aacf""},{""x"":0.6368,""y"":0.1914,""tSec"":3.4,""_id"":""69bf4d5ae4195cf523b0aad0""},{""x"":0.6245,""y"":0.1641,""tSec"":3.45,""_id"":""69bf4d5ae4195cf523b0aad1""},{""x"":0.61,""y"":0.1398,""tSec"":3.5,""_id"":""69bf4d5ae4195cf523b0aad2""},{""x"":0.5853,""y"":0.114,""tSec"":3.55,""_id"":""69bf4d5ae4195cf523b0aad3""},{""x"":0.5662,""y"":0.1024,""tSec"":3.55,""_id"":""69bf4d5ae4195cf523b0aad4""},{""x"":0.5463,""y"":0.0943,""tSec"":3.6,""_id"":""69bf4d5ae4195cf523b0aad5""},{""x"":0.5278,""y"":0.0886,""tSec"":3.65,""_id"":""69bf4d5ae4195cf523b0aad6""},{""x"":0.5156,""y"":0.086,""tSec"":3.65,""_id"":""69bf4d5ae4195cf523b0aad7""},{""x"":0.5034,""y"":0.0847,""tSec"":3.65,""_id"":""69bf4d5ae4195cf523b0aad8""},{""x"":0.492,""y"":0.0845,""tSec"":3.7,""_id"":""69bf4d5ae4195cf523b0aad9""},{""x"":0.4814,""y"":0.0845,""tSec"":3.7,""_id"":""69bf4d5ae4195cf523b0aada""},{""x"":0.4656,""y"":0.0845,""tSec"":3.75,""_id"":""69bf4d5ae4195cf523b0aadb""},{""x"":0.4552,""y"":0.0845,""tSec"":3.8,""_id"":""69bf4d5ae4195cf523b0aadc""},{""x"":0.4463,""y"":0.0845,""tSec"":3.8,""_id"":""69bf4d5ae4195cf523b0aadd""},{""x"":0.4392,""y"":0.0845,""tSec"":3.8,""_id"":""69bf4d5ae4195cf523b0aade""},{""x"":0.4299,""y"":0.0845,""tSec"":3.85,""_id"":""69bf4d5ae4195cf523b0aadf""},{""x"":0.4195,""y"":0.0845,""tSec"":3.9,""_id"":""69bf4d5ae4195cf523b0aae0""},{""x"":0.4114,""y"":0.0864,""tSec"":3.9,""_id"":""69bf4d5ae4195cf523b0aae1""},{""x"":0.4043,""y"":0.0895,""tSec"":3.95,""_id"":""69bf4d5ae4195cf523b0aae2""},{""x"":0.3973,""y"":0.0937,""tSec"":4,""_id"":""69bf4d5ae4195cf523b0aae3""},{""x"":0.3918,""y"":0.099,""tSec"":4.05,""_id"":""69bf4d5ae4195cf523b0aae4""},{""x"":0.3866,""y"":0.1053,""tSec"":4.1,""_id"":""69bf4d5ae4195cf523b0aae5""},{""x"":0.3798,""y"":0.1099,""tSec"":4.2,""_id"":""69bf4d5ae4195cf523b0aae6""},{""x"":0.3721,""y"":0.1133,""tSec"":4.3,""_id"":""69bf4d5ae4195cf523b0aae7""},{""x"":0.3636,""y"":0.1175,""tSec"":4.35,""_id"":""69bf4d5ae4195cf523b0aae8""},{""x"":0.3572,""y"":0.1218,""tSec"":4.45,""_id"":""69bf4d5ae4195cf523b0aae9""},{""x"":0.3517,""y"":0.1272,""tSec"":4.5,""_id"":""69bf4d5ae4195cf523b0aaea""},{""x"":0.3496,""y"":0.1354,""tSec"":4.6,""_id"":""69bf4d5ae4195cf523b0aaeb""},{""x"":0.3485,""y"":0.1431,""tSec"":4.7,""_id"":""69bf4d5ae4195cf523b0aaec""},{""x"":0.3469,""y"":0.1507,""tSec"":4.8,""_id"":""69bf4d5ae4195cf523b0aaed""},{""x"":0.3459,""y"":0.1583,""tSec"":4.9,""_id"":""69bf4d5ae4195cf523b0aaee""},{""x"":0.345,""y"":0.1659,""tSec"":5,""_id"":""69bf4d5ae4195cf523b0aaef""},{""x"":0.3449,""y"":0.1734,""tSec"":5.1,""_id"":""69bf4d5ae4195cf523b0aaf0""},{""x"":0.3449,""y"":0.181,""tSec"":5.2,""_id"":""69bf4d5ae4195cf523b0aaf1""},{""x"":0.3449,""y"":0.1886,""tSec"":5.35,""_id"":""69bf4d5ae4195cf523b0aaf2""},{""x"":0.3449,""y"":0.1962,""tSec"":5.5,""_id"":""69bf4d5ae4195cf523b0aaf3""},{""x"":0.3449,""y"":0.2038,""tSec"":5.65,""_id"":""69bf4d5ae4195cf523b0aaf4""},{""x"":0.3449,""y"":0.2114,""tSec"":5.8,""_id"":""69bf4d5ae4195cf523b0aaf5""},{""x"":0.3426,""y"":0.2189,""tSec"":6,""_id"":""69bf4d5ae4195cf523b0aaf6""},{""x"":0.3393,""y"":0.2255,""tSec"":6.1,""_id"":""69bf4d5ae4195cf523b0aaf7""},{""x"":0.3351,""y"":0.232,""tSec"":6.2,""_id"":""69bf4d5ae4195cf523b0aaf8""},{""x"":0.3307,""y"":0.2376,""tSec"":6.25,""_id"":""69bf4d5ae4195cf523b0aaf9""},{""x"":0.3256,""y"":0.2431,""tSec"":6.3,""_id"":""69bf4d5ae4195cf523b0aafa""},{""x"":0.3188,""y"":0.2465,""tSec"":6.4,""_id"":""69bf4d5ae4195cf523b0aafb""},{""x"":0.3104,""y"":0.2451,""tSec"":6.45,""_id"":""69bf4d5ae4195cf523b0aafc""},{""x"":0.3048,""y"":0.2382,""tSec"":6.5,""_id"":""69bf4d5ae4195cf523b0aafd""},{""x"":0.2979,""y"":0.2278,""tSec"":6.55,""_id"":""69bf4d5ae4195cf523b0aafe""},{""x"":0.2925,""y"":0.2208,""tSec"":6.6,""_id"":""69bf4d5ae4195cf523b0aaff""},{""x"":0.285,""y"":0.2143,""tSec"":6.6,""_id"":""69bf4d5ae4195cf523b0ab00""},{""x"":0.2772,""y"":0.2117,""tSec"":6.65,""_id"":""69bf4d5ae4195cf523b0ab01""},{""x"":0.2694,""y"":0.2132,""tSec"":6.7,""_id"":""69bf4d5ae4195cf523b0ab02""},{""x"":0.2639,""y"":0.2182,""tSec"":6.75,""_id"":""69bf4d5ae4195cf523b0ab03""},{""x"":0.2601,""y"":0.2264,""tSec"":6.8,""_id"":""69bf4d5ae4195cf523b0ab04""},{""x"":0.2574,""y"":0.2341,""tSec"":6.8,""_id"":""69bf4d5ae4195cf523b0ab05""},{""x"":0.2548,""y"":0.2464,""tSec"":6.85,""_id"":""69bf4d5ae4195cf523b0ab06""},{""x"":0.2521,""y"":0.2603,""tSec"":6.9,""_id"":""69bf4d5ae4195cf523b0ab07""},{""x"":0.251,""y"":0.2724,""tSec"":6.9,""_id"":""69bf4d5ae4195cf523b0ab08""},{""x"":0.2501,""y"":0.2835,""tSec"":6.95,""_id"":""69bf4d5ae4195cf523b0ab09""},{""x"":0.25,""y"":0.2924,""tSec"":7,""_id"":""69bf4d5ae4195cf523b0ab0a""},{""x"":0.25,""y"":0.3011,""tSec"":7,""_id"":""69bf4d5ae4195cf523b0ab0b""},{""x"":0.25,""y"":0.3088,""tSec"":7,""_id"":""69bf4d5ae4195cf523b0ab0c""},{""x"":0.2515,""y"":0.3212,""tSec"":7.05,""_id"":""69bf4d5ae4195cf523b0ab0d""},{""x"":0.2525,""y"":0.3294,""tSec"":7.1,""_id"":""69bf4d5ae4195cf523b0ab0e""},{""x"":0.2526,""y"":0.3379,""tSec"":7.15,""_id"":""69bf4d5ae4195cf523b0ab0f""},{""x"":0.2542,""y"":0.3504,""tSec"":7.2,""_id"":""69bf4d5ae4195cf523b0ab10""},{""x"":0.2551,""y"":0.3615,""tSec"":7.25,""_id"":""69bf4d5ae4195cf523b0ab11""},{""x"":0.256,""y"":0.3694,""tSec"":7.25,""_id"":""69bf4d5ae4195cf523b0ab12""},{""x"":0.2561,""y"":0.378,""tSec"":7.3,""_id"":""69bf4d5ae4195cf523b0ab13""},{""x"":0.2569,""y"":0.3886,""tSec"":7.35,""_id"":""69bf4d5ae4195cf523b0ab14""},{""x"":0.257,""y"":0.3965,""tSec"":7.4,""_id"":""69bf4d5ae4195cf523b0ab15""},{""x"":0.257,""y"":0.4051,""tSec"":7.45,""_id"":""69bf4d5ae4195cf523b0ab16""},{""x"":0.2585,""y"":0.4157,""tSec"":7.5,""_id"":""69bf4d5ae4195cf523b0ab17""},{""x"":0.2587,""y"":0.4236,""tSec"":7.55,""_id"":""69bf4d5ae4195cf523b0ab18""},{""x"":0.2587,""y"":0.4313,""tSec"":7.65,""_id"":""69bf4d5ae4195cf523b0ab19""},{""x"":0.261,""y"":0.4245,""tSec"":8.2,""_id"":""69bf4d5ae4195cf523b0ab1a""},{""x"":0.2621,""y"":0.4171,""tSec"":8.35,""_id"":""69bf4d5ae4195cf523b0ab1b""},{""x"":0.2637,""y"":0.4095,""tSec"":8.5,""_id"":""69bf4d5ae4195cf523b0ab1c""},{""x"":0.2647,""y"":0.4019,""tSec"":8.7,""_id"":""69bf4d5ae4195cf523b0ab1d""},{""x"":0.2656,""y"":0.3943,""tSec"":8.8,""_id"":""69bf4d5ae4195cf523b0ab1e""},{""x"":0.2665,""y"":0.3867,""tSec"":8.9,""_id"":""69bf4d5ae4195cf523b0ab1f""},{""x"":0.2666,""y"":0.3791,""tSec"":8.95,""_id"":""69bf4d5ae4195cf523b0ab20""},{""x"":0.2689,""y"":0.3715,""tSec"":9.05,""_id"":""69bf4d5ae4195cf523b0ab21""},{""x"":0.2715,""y"":0.3611,""tSec"":9.15,""_id"":""69bf4d5ae4195cf523b0ab22""},{""x"":0.2733,""y"":0.3494,""tSec"":9.2,""_id"":""69bf4d5ae4195cf523b0ab23""},{""x"":0.2735,""y"":0.3423,""tSec"":9.2,""_id"":""69bf4d5ae4195cf523b0ab24""},{""x"":0.2743,""y"":0.3338,""tSec"":9.3,""_id"":""69bf4d5ae4195cf523b0ab25""},{""x"":0.2759,""y"":0.3242,""tSec"":9.35,""_id"":""69bf4d5ae4195cf523b0ab26""},{""x"":0.2777,""y"":0.3164,""tSec"":9.4,""_id"":""69bf4d5ae4195cf523b0ab27""},{""x"":0.2786,""y"":0.3059,""tSec"":9.45,""_id"":""69bf4d5ae4195cf523b0ab28""},{""x"":0.2803,""y"":0.297,""tSec"":9.5,""_id"":""69bf4d5ae4195cf523b0ab29""},{""x"":0.2813,""y"":0.2864,""tSec"":9.55,""_id"":""69bf4d5ae4195cf523b0ab2a""},{""x"":0.2821,""y"":0.2775,""tSec"":9.6,""_id"":""69bf4d5ae4195cf523b0ab2b""},{""x"":0.283,""y"":0.2698,""tSec"":9.7,""_id"":""69bf4d5ae4195cf523b0ab2c""},{""x"":0.2831,""y"":0.2612,""tSec"":9.8,""_id"":""69bf4d5ae4195cf523b0ab2d""},{""x"":0.2839,""y"":0.2497,""tSec"":9.85,""_id"":""69bf4d5ae4195cf523b0ab2e""},{""x"":0.284,""y"":0.2416,""tSec"":9.85,""_id"":""69bf4d5ae4195cf523b0ab2f""},{""x"":0.284,""y"":0.2339,""tSec"":9.9,""_id"":""69bf4d5ae4195cf523b0ab30""},{""x"":0.284,""y"":0.2264,""tSec"":9.9,""_id"":""69bf4d5ae4195cf523b0ab31""},{""x"":0.2832,""y"":0.2188,""tSec"":9.95,""_id"":""69bf4d5ae4195cf523b0ab32""},{""x"":0.2831,""y"":0.2103,""tSec"":9.95,""_id"":""69bf4d5ae4195cf523b0ab33""},{""x"":0.2831,""y"":0.1978,""tSec"":10,""_id"":""69bf4d5ae4195cf523b0ab34""},{""x"":0.2823,""y"":0.1868,""tSec"":10,""_id"":""69bf4d5ae4195cf523b0ab35""},{""x"":0.2807,""y"":0.1769,""tSec"":10.05,""_id"":""69bf4d5ae4195cf523b0ab36""},{""x"":0.2797,""y"":0.1681,""tSec"":10.1,""_id"":""69bf4d5ae4195cf523b0ab37""},{""x"":0.2796,""y"":0.1594,""tSec"":10.2,""_id"":""69bf4d5ae4195cf523b0ab38""},{""x"":0.2796,""y"":0.1517,""tSec"":10.25,""_id"":""69bf4d5ae4195cf523b0ab39""},{""x"":0.2819,""y"":0.145,""tSec"":10.45,""_id"":""69bf4d5ae4195cf523b0ab3a""},{""x"":0.2891,""y"":0.1461,""tSec"":10.55,""_id"":""69bf4d5ae4195cf523b0ab3b""},{""x"":0.2968,""y"":0.1472,""tSec"":10.65,""_id"":""69bf4d5ae4195cf523b0ab3c""},{""x"":0.3039,""y"":0.1474,""tSec"":10.75,""_id"":""69bf4d5ae4195cf523b0ab3d""},{""x"":0.3116,""y"":0.1474,""tSec"":10.85,""_id"":""69bf4d5ae4195cf523b0ab3e""},{""x"":0.3187,""y"":0.1474,""tSec"":10.9,""_id"":""69bf4d5ae4195cf523b0ab3f""},{""x"":0.3272,""y"":0.1464,""tSec"":10.95,""_id"":""69bf4d5ae4195cf523b0ab40""},{""x"":0.3359,""y"":0.1463,""tSec"":11.05,""_id"":""69bf4d5ae4195cf523b0ab41""},{""x"":0.3431,""y"":0.1463,""tSec"":11.1,""_id"":""69bf4d5ae4195cf523b0ab42""},{""x"":0.3508,""y"":0.1463,""tSec"":11.2,""_id"":""69bf4d5ae4195cf523b0ab43""},{""x"":0.3602,""y"":0.1444,""tSec"":11.25,""_id"":""69bf4d5ae4195cf523b0ab44""},{""x"":0.3675,""y"":0.1432,""tSec"":11.3,""_id"":""69bf4d5ae4195cf523b0ab45""},{""x"":0.3745,""y"":0.1421,""tSec"":11.35,""_id"":""69bf4d5ae4195cf523b0ab46""},{""x"":0.3829,""y"":0.1401,""tSec"":11.45,""_id"":""69bf4d5ae4195cf523b0ab47""},{""x"":0.3909,""y"":0.1379,""tSec"":11.55,""_id"":""69bf4d5ae4195cf523b0ab48""},{""x"":0.398,""y"":0.1376,""tSec"":11.6,""_id"":""69bf4d5ae4195cf523b0ab49""},{""x"":0.4057,""y"":0.1366,""tSec"":11.65,""_id"":""69bf4d5ae4195cf523b0ab4a""},{""x"":0.4151,""y"":0.1355,""tSec"":11.7,""_id"":""69bf4d5ae4195cf523b0ab4b""},{""x"":0.4223,""y"":0.1345,""tSec"":11.75,""_id"":""69bf4d5ae4195cf523b0ab4c""},{""x"":0.4309,""y"":0.1344,""tSec"":11.8,""_id"":""69bf4d5ae4195cf523b0ab4d""},{""x"":0.4388,""y"":0.1344,""tSec"":11.85,""_id"":""69bf4d5ae4195cf523b0ab4e""},{""x"":0.4466,""y"":0.1344,""tSec"":11.9,""_id"":""69bf4d5ae4195cf523b0ab4f""},{""x"":0.4545,""y"":0.1334,""tSec"":11.95,""_id"":""69bf4d5ae4195cf523b0ab50""},{""x"":0.4623,""y"":0.1323,""tSec"":11.95,""_id"":""69bf4d5ae4195cf523b0ab51""},{""x"":0.4702,""y"":0.1303,""tSec"":12,""_id"":""69bf4d5ae4195cf523b0ab52""},{""x"":0.4772,""y"":0.1291,""tSec"":12.05,""_id"":""69bf4d5ae4195cf523b0ab53""},{""x"":0.4842,""y"":0.128,""tSec"":12.05,""_id"":""69bf4d5ae4195cf523b0ab54""},{""x"":0.4912,""y"":0.1269,""tSec"":12.1,""_id"":""69bf4d5ae4195cf523b0ab55""},{""x"":0.502,""y"":0.1249,""tSec"":12.15,""_id"":""69bf4d5ae4195cf523b0ab56""},{""x"":0.511,""y"":0.1217,""tSec"":12.2,""_id"":""69bf4d5ae4195cf523b0ab57""},{""x"":0.5197,""y"":0.1205,""tSec"":12.25,""_id"":""69bf4d5ae4195cf523b0ab58""},{""x"":0.5276,""y"":0.1194,""tSec"":12.3,""_id"":""69bf4d5ae4195cf523b0ab59""},{""x"":0.5363,""y"":0.1183,""tSec"":12.35,""_id"":""69bf4d5ae4195cf523b0ab5a""},{""x"":0.545,""y"":0.1172,""tSec"":12.4,""_id"":""69bf4d5ae4195cf523b0ab5b""},{""x"":0.5529,""y"":0.1151,""tSec"":12.45,""_id"":""69bf4d5ae4195cf523b0ab5c""},{""x"":0.56,""y"":0.113,""tSec"":12.5,""_id"":""69bf4d5ae4195cf523b0ab5d""},{""x"":0.5677,""y"":0.1108,""tSec"":12.55,""_id"":""69bf4d5ae4195cf523b0ab5e""},{""x"":0.5756,""y"":0.1105,""tSec"":12.6,""_id"":""69bf4d5ae4195cf523b0ab5f""},{""x"":0.5826,""y"":0.1105,""tSec"":12.65,""_id"":""69bf4d5ae4195cf523b0ab60""},{""x"":0.5896,""y"":0.1105,""tSec"":12.7,""_id"":""69bf4d5ae4195cf523b0ab61""},{""x"":0.5966,""y"":0.1105,""tSec"":12.75,""_id"":""69bf4d5ae4195cf523b0ab62""},{""x"":0.6043,""y"":0.1105,""tSec"":12.85,""_id"":""69bf4d5ae4195cf523b0ab63""},{""x"":0.6114,""y"":0.1105,""tSec"":12.95,""_id"":""69bf4d5ae4195cf523b0ab64""},{""x"":0.6191,""y"":0.1134,""tSec"":13.05,""_id"":""69bf4d5ae4195cf523b0ab65""},{""x"":0.6262,""y"":0.1138,""tSec"":13.1,""_id"":""69bf4d5ae4195cf523b0ab66""},{""x"":0.6339,""y"":0.1138,""tSec"":13.2,""_id"":""69bf4d5ae4195cf523b0ab67""},{""x"":0.641,""y"":0.1147,""tSec"":13.3,""_id"":""69bf4d5ae4195cf523b0ab68""}],""shotMarkers"":[{""x"":0.641,""y"":0.1147,""tSec"":14.7,""_id"":""69bf4d5ae4195cf523b0ab69""}],""fingerprint"":""f45b4787"",""_id"":""69bf4d5ae4195cf523b0aac7""}",left,5.0,2.0,0.0,0.0,2.0,mechanism,4.0,some,False,ok,2.85,27.5,2.85,0.0,0.0,0.0,0.0,0.0,0.0,,True,46,5.5,1,5.5,0.0,0.0,0.0,0.0,0.0,5.5,0.0,False,red_2,Jax,0.0,0.57,1,0.57,0.0,0.0,0.57,0.0,0.0,0.0,0.0,4415,0.0,2.85,0.0,0.0,0.0,2.85,0.0,None,2
"{""totalSec"":163,""autoEndSec"":20,""delayEndSec"":23,""intervals"":[{""action"":""shoot"",""startSec"":12.5,""endSec"":12.95,""durationSec"":0.45,""_id"":""69bf503ae4195cf523b0ae02""},{""action"":""shoot"",""startSec"":14.65,""endSec"":16.95,""durationSec"":2.3,""_id"":""69bf503ae4195cf523b0ae03""},{""action"":""shoot"",""startSec"":17.5,""endSec"":20.63,""durationSec"":3.13,""_id"":""69bf503ae4195cf523b0ae04""},{""action"":""shoot"",""startSec"":36.6,""endSec"":39,""durationSec"":2.4,""_id"":""69bf503ae4195cf523b0ae05""},{""action"":""pass"",""startSec"":42.25,""endSec"":42.7,""durationSec"":0.45,""_id"":""69bf503ae4195cf523b0ae06""},{""action"":""pass"",""startSec"":44.7,""endSec"":46.25,""durationSec"":1.55,""_id"":""69bf503ae4195cf523b0ae07""},{""action"":""shoot"",""startSec"":62,""endSec"":62.15,""durationSec"":0.15,""_id"":""69bf503ae4195cf523b0ae08""},{""action"":""shoot"",""startSec"":63.7,""endSec"":65.85,""durationSec"":2.15,""_id"":""69bf503ae4195cf523b0ae09""},{""action"":""shoot"",""startSec"":79.4,""endSec"":79.58,""durationSec"":0.18,""_id"":""69bf503ae4195cf523b0ae0a""},{""action"":""shoot"",""startSec"":81.75,""endSec"":81.87,""durationSec"":0.12,""_id"":""69bf503ae4195cf523b0ae0b""},{""action"":""shoot"",""startSec"":84.1,""endSec"":84.76,""durationSec"":0.66,""_id"":""69bf503ae4195cf523b0ae0c""},{""action"":""pass"",""startSec"":91.5,""endSec"":93.11,""durationSec"":1.61,""_id"":""69bf503ae4195cf523b0ae0d""},{""action"":""shoot"",""startSec"":115.6,""endSec"":120.07,""durationSec"":4.47,""_id"":""69bf503ae4195cf523b0ae0e""},{""action"":""pass"",""startSec"":127.4,""endSec"":128.65,""durationSec"":1.25,""_id"":""69bf503ae4195cf523b0ae0f""},{""action"":""shoot"",""startSec"":136.3,""endSec"":137.3,""durationSec"":1,""_id"":""69bf503ae4195cf523b0ae10""},{""action"":""shoot"",""startSec"":152.2,""endSec"":152.35,""durationSec"":0.15,""_id"":""69bf503ae4195cf523b0ae11""},{""action"":""shoot"",""startSec"":154.9,""endSec"":157.13,""durationSec"":2.23,""_id"":""69bf503ae4195cf523b0ae12""},{""action"":""shoot"",""startSec"":160.2,""endSec"":161.8,""durationSec"":1.6,""_id"":""69bf503ae4195cf523b0ae13""}],""_id"":""69bf503ae4195cf523b0ae01""}",26.25,{},right,5.0,0.0,0.0,0.0,0.0,None,0.0,None,False,ok,104.95,24.3,104.95,0.0,0.0,0.0,0.0,0.0,0.0,,True,46,4.86,4,1.4,0.0,0.0,2.0,0.0,1.61,1.25,0.0,False,blue_2,C,5.3,20.99,14,1.3,5.25,4.98,2.4,2.3,0.96,4.47,0.63,687,24.9,12.0,11.5,4.8,22.35,78.69999999999999,3.15,None,18
"{""totalSec"":163,""autoEndSec"":20,""delayEndSec"":23,""intervals"":[],""_id"":""69bf4db8e4195cf523b0ac5c""}",0.0,"{""alliance"":""red"",""startPosition"":""center"",""points"":[{""x"":0.69,""y"":0.5,""tSec"":5.95,""_id"":""69bf4db8e4195cf523b0ac4a""},{""x"":0.6692,""y"":0.5177,""tSec"":5.95,""_id"":""69bf4db8e4195cf523b0ac4b""},{""x"":0.6568,""y"":0.5246,""tSec"":6.05,""_id"":""69bf4db8e4195cf523b0ac4c""},{""x"":0.6392,""y"":0.5388,""tSec"":6.1,""_id"":""69bf4db8e4195cf523b0ac4d""},{""x"":0.6286,""y"":0.5423,""tSec"":6.15,""_id"":""69bf4db8e4195cf523b0ac4e""},{""x"":0.6258,""y"":0.5313,""tSec"":6.25,""_id"":""69bf4db8e4195cf523b0ac4f""},{""x"":0.6331,""y"":0.5205,""tSec"":6.3,""_id"":""69bf4db8e4195cf523b0ac50""},{""x"":0.6379,""y"":0.5545,""tSec"":11.2,""_id"":""69bf4db8e4195cf523b0ac51""},{""x"":0.6446,""y"":0.549,""tSec"":11.3,""_id"":""69bf4db8e4195cf523b0ac52""},{""x"":0.6515,""y"":0.5455,""tSec"":11.35,""_id"":""69bf4db8e4195cf523b0ac53""},{""x"":0.6592,""y"":0.5451,""tSec"":11.4,""_id"":""69bf4db8e4195cf523b0ac54""},{""x"":0.6662,""y"":0.545,""tSec"":11.4,""_id"":""69bf4db8e4195cf523b0ac55""},{""x"":0.6763,""y"":0.5507,""tSec"":11.45,""_id"":""69bf4db8e4195cf523b0ac56""},{""x"":0.6821,""y"":0.5571,""tSec"":11.5,""_id"":""69bf4db8e4195cf523b0ac57""},{""x"":0.6851,""y"":0.5636,""tSec"":11.55,""_id"":""69bf4db8e4195cf523b0ac58""},{""x"":0.6878,""y"":0.5701,""tSec"":11.6,""_id"":""69bf4db8e4195cf523b0ac59""},{""x"":0.6896,""y"":0.5776,""tSec"":11.65,""_id"":""69bf4db8e4195cf523b0ac5a""}],""shotMarkers"":[{""x"":0.6331,""y"":0.5205,""tSec"":7.05,""_id"":""69bf4db8e4195cf523b0ac5b""}],""fingerprint"":""82b79f01"",""_id"":""69bf4db8e4195cf523b0ac49""}",center,5.0,0.0,0.0,0.0,0.0,None,0.0,heavy,False,great,0.0,0.0,0.0,0.0,0.0,0.0,0.0,0.0,0.0,Played defense throughout game,False,46,0.0,0,0.0,0.0,0.0,0.0,0.0,0.0,0.0,0.0,False,red_1,Aiden chang,0.0,0.0,0,0.0,0.0,0.0,0.0,0.0,0.0,0.0,0.0,980,0.0,0.0,0.0,0.0,0.0,0.0,0.0,None,0
"{""totalSec"":163,""autoEndSec"":20,""delayEndSec"":23,""intervals"":[],""_id"":""69bf4da2e4195cf523b0ac43""}",0.0,"{""alliance"":""blue"",""startPosition"":""right"",""points"":[{""x"":0.34,""y"":0.33,""tSec"":9.6,""_id"":""69bf4da2e4195cf523b0ab8f""},{""x"":0.339,""y"":0.3469,""tSec"":9.6,""_id"":""69bf4da2e4195cf523b0ab90""},{""x"":0.3389,""y"":0.2506,""tSec"":9.7,""_id"":""69bf4da2e4195cf523b0ab91""},{""x"":0.3389,""y"":0.2154,""tSec"":9.7,""_id"":""69bf4da2e4195cf523b0ab92""},{""x"":0.3488,""y"":0.1147,""tSec"":9.8,""_id"":""69bf4da2e4195cf523b0ab93""},{""x"":0.3531,""y"":0.0857,""tSec"":9.85,""_id"":""69bf4da2e4195cf523b0ab94""},{""x"":0.3574,""y"":0.0755,""tSec"":9.85,""_id"":""69bf4da2e4195cf523b0ab95""},{""x"":0.3672,""y"":0.0724,""tSec"":9.9,""_id"":""69bf4da2e4195cf523b0ab96""},{""x"":0.3952,""y"":0.0815,""tSec"":9.95,""_id"":""69bf4da2e4195cf523b0ab97""},{""x"":0.4529,""y"":0.0911,""tSec"":9.95,""_id"":""69bf4da2e4195cf523b0ab98""},{""x"":0.4813,""y"":0.0932,""tSec"":10,""_id"":""69bf4da2e4195cf523b0ab99""},{""x"":0.5192,""y"":0.0925,""tSec"":10,""_id"":""69bf4da2e4195cf523b0ab9a""},{""x"":0.5475,""y"":0.0906,""tSec"":10.05,""_id"":""69bf4da2e4195cf523b0ab9b""},{""x"":0.5571,""y"":0.0894,""tSec"":10.05,""_id"":""69bf4da2e4195cf523b0ab9c""},{""x"":0.5643,""y"":0.0892,""tSec"":10.1,""_id"":""69bf4da2e4195cf523b0ab9d""},{""x"":0.5721,""y"":0.0892,""tSec"":10.2,""_id"":""69bf4da2e4195cf523b0ab9e""},{""x"":0.5807,""y"":0.0882,""tSec"":10.3,""_id"":""69bf4da2e4195cf523b0ab9f""},{""x"":0.5795,""y"":0.0985,""tSec"":11.3,""_id"":""69bf4da2e4195cf523b0aba0""},{""x"":0.5755,""y"":0.1139,""tSec"":11.35,""_id"":""69bf4da2e4195cf523b0aba1""},{""x"":0.5688,""y"":0.1394,""tSec"":11.35,""_id"":""69bf4da2e4195cf523b0aba2""},{""x"":0.5626,""y"":0.169,""tSec"":11.35,""_id"":""69bf4da2e4195cf523b0aba3""},{""x"":0.5558,""y"":0.2293,""tSec"":11.4,""_id"":""69bf4da2e4195cf523b0aba4""},{""x"":0.5519,""y"":0.2894,""tSec"":11.4,""_id"":""69bf4da2e4195cf523b0aba5""},{""x"":0.5476,""y"":0.3392,""tSec"":11.45,""_id"":""69bf4da2e4195cf523b0aba6""},{""x"":0.5433,""y"":0.3735,""tSec"":11.45,""_id"":""69bf4da2e4195cf523b0aba7""},{""x"":0.542,""y"":0.3852,""tSec"":11.5,""_id"":""69bf4da2e4195cf523b0aba8""},{""x"":0.541,""y"":0.396,""tSec"":11.5,""_id"":""69bf4da2e4195cf523b0aba9""},{""x"":0.5463,""y"":0.3907,""tSec"":12.05,""_id"":""69bf4da2e4195cf523b0abaa""},{""x"":0.5539,""y"":0.3901,""tSec"":12.3,""_id"":""69bf4da2e4195cf523b0abab""},{""x"":0.5609,""y"":0.3938,""tSec"":12.55,""_id"":""69bf4da2e4195cf523b0abac""},{""x"":0.5686,""y"":0.398,""tSec"":12.65,""_id"":""69bf4da2e4195cf523b0abad""},{""x"":0.5795,""y"":0.4023,""tSec"":12.7,""_id"":""69bf4da2e4195cf523b0abae""},{""x"":0.5878,""y"":0.4028,""tSec"":12.75,""_id"":""69bf4da2e4195cf523b0abaf""},{""x"":0.6048,""y"":0.4039,""tSec"":12.8,""_id"":""69bf4da2e4195cf523b0abb0""},{""x"":0.6222,""y"":0.4012,""tSec"":12.8,""_id"":""69bf4da2e4195cf523b0abb1""},{""x"":0.645,""y"":0.3961,""tSec"":12.8,""_id"":""69bf4da2e4195cf523b0abb2""},{""x"":0.6746,""y"":0.386,""tSec"":12.85,""_id"":""69bf4da2e4195cf523b0abb3""},{""x"":0.7019,""y"":0.3773,""tSec"":12.9,""_id"":""69bf4da2e4195cf523b0abb4""},{""x"":0.7243,""y"":0.3696,""tSec"":12.9,""_id"":""69bf4da2e4195cf523b0abb5""},{""x"":0.7401,""y"":0.364,""tSec"":12.95,""_id"":""69bf4da2e4195cf523b0abb6""},{""x"":0.7496,""y"":0.3614,""tSec"":13,""_id"":""69bf4da2e4195cf523b0abb7""},{""x"":0.7576,""y"":0.361,""tSec"":13.15,""_id"":""69bf4da2e4195cf523b0abb8""},{""x"":0.7647,""y"":0.36,""tSec"":13.2,""_id"":""69bf4da2e4195cf523b0abb9""},{""x"":0.7694,""y"":0.3543,""tSec"":13.3,""_id"":""69bf4da2e4195cf523b0abba""},{""x"":0.7753,""y"":0.3479,""tSec"":13.35,""_id"":""69bf4da2e4195cf523b0abbb""},{""x"":0.7837,""y"":0.3424,""tSec"":13.45,""_id"":""69bf4da2e4195cf523b0abbc""},{""x"":0.7893,""y"":0.338,""tSec"":13.5,""_id"":""69bf4da2e4195cf523b0abbd""},{""x"":0.7907,""y"":0.3309,""tSec"":13.6,""_id"":""69bf4da2e4195cf523b0abbe""},{""x"":0.7855,""y"":0.3233,""tSec"":13.7,""_id"":""69bf4da2e4195cf523b0abbf""},{""x"":0.778,""y"":0.3168,""tSec"":13.7,""_id"":""69bf4da2e4195cf523b0abc0""},{""x"":0.7725,""y"":0.3122,""tSec"":13.7,""_id"":""69bf4da2e4195cf523b0abc1""},{""x"":0.7642,""y"":0.3069,""tSec"":13.75,""_id"":""69bf4da2e4195cf523b0abc2""},{""x"":0.7571,""y"":0.3025,""tSec"":13.8,""_id"":""69bf4da2e4195cf523b0abc3""},{""x"":0.757,""y"":0.2944,""tSec"":13.85,""_id"":""69bf4da2e4195cf523b0abc4""},{""x"":0.7639,""y"":0.2878,""tSec"":13.9,""_id"":""69bf4da2e4195cf523b0abc5""},{""x"":0.7739,""y"":0.2813,""tSec"":13.95,""_id"":""69bf4da2e4195cf523b0abc6""},{""x"":0.7843,""y"":0.2758,""tSec"":13.95,""_id"":""69bf4da2e4195cf523b0abc7""},{""x"":0.7932,""y"":0.2714,""tSec"":14,""_id"":""69bf4da2e4195cf523b0abc8""},{""x"":0.8004,""y"":0.2699,""tSec"":14,""_id"":""69bf4da2e4195cf523b0abc9""},{""x"":0.8081,""y"":0.2697,""tSec"":14.05,""_id"":""69bf4da2e4195cf523b0abca""},{""x"":0.8144,""y"":0.2735,""tSec"":14.1,""_id"":""69bf4da2e4195cf523b0abcb""},{""x"":0.8191,""y"":0.2796,""tSec"":14.15,""_id"":""69bf4da2e4195cf523b0abcc""},{""x"":0.8227,""y"":0.2869,""tSec"":14.15,""_id"":""69bf4da2e4195cf523b0abcd""},{""x"":0.8262,""y"":0.2953,""tSec"":14.2,""_id"":""69bf4da2e4195cf523b0abce""},{""x"":0.8281,""y"":0.3039,""tSec"":14.25,""_id"":""69bf4da2e4195cf523b0abcf""},{""x"":0.8299,""y"":0.3116,""tSec"":14.25,""_id"":""69bf4da2e4195cf523b0abd0""},{""x"":0.8317,""y"":0.3192,""tSec"":14.3,""_id"":""69bf4da2e4195cf523b0abd1""},{""x"":0.8319,""y"":0.3276,""tSec"":14.35,""_id"":""69bf4da2e4195cf523b0abd2""},{""x"":0.8327,""y"":0.3362,""tSec"":14.4,""_id"":""69bf4da2e4195cf523b0abd3""},{""x"":0.8312,""y"":0.3448,""tSec"":14.5,""_id"":""69bf4da2e4195cf523b0abd4""},{""x"":0.8287,""y"":0.3515,""tSec"":14.5,""_id"":""69bf4da2e4195cf523b0abd5""},{""x"":0.8239,""y"":0.3589,""tSec"":14.55,""_id"":""69bf4da2e4195cf523b0abd6""},{""x"":0.8171,""y"":0.3665,""tSec"":14.6,""_id"":""69bf4da2e4195cf523b0abd7""},{""x"":0.8109,""y"":0.3712,""tSec"":14.65,""_id"":""69bf4da2e4195cf523b0abd8""},{""x"":0.8017,""y"":0.3774,""tSec"":14.65,""_id"":""69bf4da2e4195cf523b0abd9""},{""x"":0.7938,""y"":0.3809,""tSec"":14.7,""_id"":""69bf4da2e4195cf523b0abda""},{""x"":0.7852,""y"":0.3823,""tSec"":14.75,""_id"":""69bf4da2e4195cf523b0abdb""},{""x"":0.7765,""y"":0.3815,""tSec"":14.8,""_id"":""69bf4da2e4195cf523b0abdc""},{""x"":0.7701,""y"":0.3786,""tSec"":14.85,""_id"":""69bf4da2e4195cf523b0abdd""},{""x"":0.7631,""y"":0.3754,""tSec"":14.9,""_id"":""69bf4da2e4195cf523b0abde""},{""x"":0.7554,""y"":0.3713,""tSec"":14.95,""_id"":""69bf4da2e4195cf523b0abdf""},{""x"":0.7499,""y"":0.366,""tSec"":15.15,""_id"":""69bf4da2e4195cf523b0abe0""},{""x"":0.7492,""y"":0.3588,""tSec"":15.3,""_id"":""69bf4da2e4195cf523b0abe1""},{""x"":0.7514,""y"":0.3438,""tSec"":15.4,""_id"":""69bf4da2e4195cf523b0abe2""},{""x"":0.754,""y"":0.3344,""tSec"":15.4,""_id"":""69bf4da2e4195cf523b0abe3""},{""x"":0.7566,""y"":0.3247,""tSec"":15.4,""_id"":""69bf4da2e4195cf523b0abe4""},{""x"":0.7615,""y"":0.3094,""tSec"":15.45,""_id"":""69bf4da2e4195cf523b0abe5""},{""x"":0.7644,""y"":0.3018,""tSec"":15.45,""_id"":""69bf4da2e4195cf523b0abe6""},{""x"":0.7709,""y"":0.2905,""tSec"":15.5,""_id"":""69bf4da2e4195cf523b0abe7""},{""x"":0.7831,""y"":0.2882,""tSec"":15.55,""_id"":""69bf4da2e4195cf523b0abe8""},{""x"":0.7938,""y"":0.2946,""tSec"":15.55,""_id"":""69bf4da2e4195cf523b0abe9""},{""x"":0.8051,""y"":0.3086,""tSec"":15.6,""_id"":""69bf4da2e4195cf523b0abea""},{""x"":0.8134,""y"":0.3254,""tSec"":15.6,""_id"":""69bf4da2e4195cf523b0abeb""},{""x"":0.8159,""y"":0.335,""tSec"":15.65,""_id"":""69bf4da2e4195cf523b0abec""},{""x"":0.8162,""y"":0.3437,""tSec"":15.65,""_id"":""69bf4da2e4195cf523b0abed""},{""x"":0.8139,""y"":0.3523,""tSec"":15.65,""_id"":""69bf4da2e4195cf523b0abee""},{""x"":0.8037,""y"":0.3657,""tSec"":15.7,""_id"":""69bf4da2e4195cf523b0abef""},{""x"":0.7955,""y"":0.3719,""tSec"":15.7,""_id"":""69bf4da2e4195cf523b0abf0""},{""x"":0.7861,""y"":0.3746,""tSec"":15.7,""_id"":""69bf4da2e4195cf523b0abf1""},{""x"":0.7758,""y"":0.3721,""tSec"":15.75,""_id"":""69bf4da2e4195cf523b0abf2""},{""x"":0.7653,""y"":0.3651,""tSec"":15.75,""_id"":""69bf4da2e4195cf523b0abf3""},{""x"":0.7442,""y"":0.3322,""tSec"":15.75,""_id"":""69bf4da2e4195cf523b0abf4""},{""x"":0.7347,""y"":0.3113,""tSec"":15.8,""_id"":""69bf4da2e4195cf523b0abf5""},{""x"":0.7298,""y"":0.2907,""tSec"":15.8,""_id"":""69bf4da2e4195cf523b0abf6""},{""x"":0.7292,""y"":0.2722,""tSec"":15.8,""_id"":""69bf4da2e4195cf523b0abf7""},{""x"":0.7314,""y"":0.2558,""tSec"":15.85,""_id"":""69bf4da2e4195cf523b0abf8""},{""x"":0.7424,""y"":0.234,""tSec"":15.85,""_id"":""69bf4da2e4195cf523b0abf9""},{""x"":0.753,""y"":0.2228,""tSec"":15.9,""_id"":""69bf4da2e4195cf523b0abfa""},{""x"":0.7657,""y"":0.2168,""tSec"":15.9,""_id"":""69bf4da2e4195cf523b0abfb""},{""x"":0.7864,""y"":0.2199,""tSec"":15.9,""_id"":""69bf4da2e4195cf523b0abfc""},{""x"":0.7965,""y"":0.2278,""tSec"":15.95,""_id"":""69bf4da2e4195cf523b0abfd""},{""x"":0.8054,""y"":0.24,""tSec"":15.95,""_id"":""69bf4da2e4195cf523b0abfe""},{""x"":0.8149,""y"":0.2718,""tSec"":15.95,""_id"":""69bf4da2e4195cf523b0abff""},{""x"":0.8153,""y"":0.2898,""tSec"":16,""_id"":""69bf4da2e4195cf523b0ac00""},{""x"":0.8122,""y"":0.3042,""tSec"":16,""_id"":""69bf4da2e4195cf523b0ac01""},{""x"":0.7988,""y"":0.323,""tSec"":16.05,""_id"":""69bf4da2e4195cf523b0ac02""},{""x"":0.7742,""y"":0.3375,""tSec"":16.05,""_id"":""69bf4da2e4195cf523b0ac03""},{""x"":0.7537,""y"":0.3374,""tSec"":16.1,""_id"":""69bf4da2e4195cf523b0ac04""},{""x"":0.7459,""y"":0.3346,""tSec"":16.1,""_id"":""69bf4da2e4195cf523b0ac05""},{""x"":0.7388,""y"":0.3257,""tSec"":16.15,""_id"":""69bf4da2e4195cf523b0ac06""},{""x"":0.7364,""y"":0.318,""tSec"":16.15,""_id"":""69bf4da2e4195cf523b0ac07""},{""x"":0.7415,""y"":0.3038,""tSec"":16.15,""_id"":""69bf4da2e4195cf523b0ac08""},{""x"":0.7482,""y"":0.2965,""tSec"":16.2,""_id"":""69bf4da2e4195cf523b0ac09""},{""x"":0.7644,""y"":0.2889,""tSec"":16.2,""_id"":""69bf4da2e4195cf523b0ac0a""},{""x"":0.7786,""y"":0.289,""tSec"":16.25,""_id"":""69bf4da2e4195cf523b0ac0b""},{""x"":0.7871,""y"":0.2928,""tSec"":16.25,""_id"":""69bf4da2e4195cf523b0ac0c""},{""x"":0.7912,""y"":0.3008,""tSec"":16.35,""_id"":""69bf4da2e4195cf523b0ac0d""},{""x"":0.7886,""y"":0.3075,""tSec"":16.4,""_id"":""69bf4da2e4195cf523b0ac0e""},{""x"":0.7815,""y"":0.3083,""tSec"":17.35,""_id"":""69bf4da2e4195cf523b0ac0f""},{""x"":0.776,""y"":0.3027,""tSec"":17.4,""_id"":""69bf4da2e4195cf523b0ac10""},{""x"":0.7715,""y"":0.2926,""tSec"":17.5,""_id"":""69bf4da2e4195cf523b0ac11""},{""x"":0.7679,""y"":0.2838,""tSec"":17.55,""_id"":""69bf4da2e4195cf523b0ac12""},{""x"":0.7652,""y"":0.277,""tSec"":17.6,""_id"":""69bf4da2e4195cf523b0ac13""},{""x"":0.7618,""y"":0.2696,""tSec"":17.65,""_id"":""69bf4da2e4195cf523b0ac14""},{""x"":0.7583,""y"":0.2621,""tSec"":17.7,""_id"":""69bf4da2e4195cf523b0ac15""},{""x"":0.7549,""y"":0.2555,""tSec"":17.75,""_id"":""69bf4da2e4195cf523b0ac16""},{""x"":0.7514,""y"":0.2481,""tSec"":17.8,""_id"":""69bf4da2e4195cf523b0ac17""},{""x"":0.7487,""y"":0.2416,""tSec"":17.85,""_id"":""69bf4da2e4195cf523b0ac18""},{""x"":0.746,""y"":0.2351,""tSec"":17.9,""_id"":""69bf4da2e4195cf523b0ac19""},{""x"":0.7434,""y"":0.2267,""tSec"":17.95,""_id"":""69bf4da2e4195cf523b0ac1a""},{""x"":0.7408,""y"":0.2173,""tSec"":18,""_id"":""69bf4da2e4195cf523b0ac1b""},{""x"":0.7367,""y"":0.2057,""tSec"":18.05,""_id"":""69bf4da2e4195cf523b0ac1c""},{""x"":0.7338,""y"":0.1987,""tSec"":18.05,""_id"":""69bf4da2e4195cf523b0ac1d""},{""x"":0.7305,""y"":0.1922,""tSec"":18.1,""_id"":""69bf4da2e4195cf523b0ac1e""},{""x"":0.7278,""y"":0.1847,""tSec"":18.1,""_id"":""69bf4da2e4195cf523b0ac1f""},{""x"":0.7251,""y"":0.1782,""tSec"":18.15,""_id"":""69bf4da2e4195cf523b0ac20""},{""x"":0.7218,""y"":0.1708,""tSec"":18.2,""_id"":""69bf4da2e4195cf523b0ac21""},{""x"":0.7183,""y"":0.1642,""tSec"":18.2,""_id"":""69bf4da2e4195cf523b0ac22""},{""x"":0.7148,""y"":0.1549,""tSec"":18.25,""_id"":""69bf4da2e4195cf523b0ac23""},{""x"":0.7121,""y"":0.1462,""tSec"":18.3,""_id"":""69bf4da2e4195cf523b0ac24""},{""x"":0.7071,""y"":0.1377,""tSec"":18.35,""_id"":""69bf4da2e4195cf523b0ac25""},{""x"":0.6996,""y"":0.1291,""tSec"":18.35,""_id"":""69bf4da2e4195cf523b0ac26""},{""x"":0.6919,""y"":0.1233,""tSec"":18.4,""_id"":""69bf4da2e4195cf523b0ac27""},{""x"":0.6786,""y"":0.1178,""tSec"":18.45,""_id"":""69bf4da2e4195cf523b0ac28""},{""x"":0.6686,""y"":0.1153,""tSec"":18.45,""_id"":""69bf4da2e4195cf523b0ac29""},{""x"":0.6574,""y"":0.115,""tSec"":18.5,""_id"":""69bf4da2e4195cf523b0ac2a""},{""x"":0.6362,""y"":0.114,""tSec"":18.55,""_id"":""69bf4da2e4195cf523b0ac2b""},{""x"":0.6244,""y"":0.1129,""tSec"":18.55,""_id"":""69bf4da2e4195cf523b0ac2c""},{""x"":0.6145,""y"":0.1128,""tSec"":18.55,""_id"":""69bf4da2e4195cf523b0ac2d""},{""x"":0.592,""y"":0.1118,""tSec"":18.6,""_id"":""69bf4da2e4195cf523b0ac2e""},{""x"":0.5678,""y"":0.1108,""tSec"":18.6,""_id"":""69bf4da2e4195cf523b0ac2f""},{""x"":0.5542,""y"":0.1107,""tSec"":18.65,""_id"":""69bf4da2e4195cf523b0ac30""},{""x"":0.5326,""y"":0.1088,""tSec"":18.65,""_id"":""69bf4da2e4195cf523b0ac31""},{""x"":0.5132,""y"":0.1067,""tSec"":18.7,""_id"":""69bf4da2e4195cf523b0ac32""},{""x"":0.5031,""y"":0.1045,""tSec"":18.7,""_id"":""69bf4da2e4195cf523b0ac33""},{""x"":0.495,""y"":0.1024,""tSec"":18.7,""_id"":""69bf4da2e4195cf523b0ac34""},{""x"":0.4825,""y"":0.1002,""tSec"":18.75,""_id"":""69bf4da2e4195cf523b0ac35""},{""x"":0.4733,""y"":0.0981,""tSec"":18.8,""_id"":""69bf4da2e4195cf523b0ac36""},{""x"":0.4662,""y"":0.0959,""tSec"":18.8,""_id"":""69bf4da2e4195cf523b0ac37""},{""x"":0.4569,""y"":0.0956,""tSec"":18.85,""_id"":""69bf4da2e4195cf523b0ac38""},{""x"":0.4496,""y"":0.0956,""tSec"":18.85,""_id"":""69bf4da2e4195cf523b0ac39""},{""x"":0.438,""y"":0.0947,""tSec"":18.9,""_id"":""69bf4da2e4195cf523b0ac3a""},{""x"":0.4304,""y"":0.0936,""tSec"":18.95,""_id"":""69bf4da2e4195cf523b0ac3b""},{""x"":0.4227,""y"":0.0925,""tSec"":19,""_id"":""69bf4da2e4195cf523b0ac3c""},{""x"":0.4149,""y"":0.0914,""tSec"":19,""_id"":""69bf4da2e4195cf523b0ac3d""},{""x"":0.407,""y"":0.0904,""tSec"":19.05,""_id"":""69bf4da2e4195cf523b0ac3e""},{""x"":0.3969,""y"":0.0884,""tSec"":19.05,""_id"":""69bf4da2e4195cf523b0ac3f""},{""x"":0.388,""y"":0.0872,""tSec"":19.1,""_id"":""69bf4da2e4195cf523b0ac40""},{""x"":0.3785,""y"":0.0842,""tSec"":19.15,""_id"":""69bf4da2e4195cf523b0ac41""},{""x"":0.3712,""y"":0.082,""tSec"":19.25,""_id"":""69bf4da2e4195cf523b0ac42""}],""shotMarkers"":[],""fingerprint"":""b11cdb67"",""_id"":""69bf4da2e4195cf523b0ab8e""}",right,5.0,0.0,0.0,0.0,0.0,mechanism,0.0,heavy,False,good,0.0,0.0,0.0,0.0,0.0,0.0,0.0,0.0,0.0,Hopper blew up,False,46,0.0,0,0.0,0.0,0.0,0.0,0.0,0.0,0.0,0.0,False,blue_3,Joaquin,0.0,0.0,0,0.0,0.0,0.0,0.0,0.0,0.0,0.0,0.0,1159,0.0,0.0,0.0,0.0,0.0,0.0,0.0,None,0
"{""totalSec"":163,""autoEndSec"":20,""delayEndSec"":23,""intervals"":[],""_id"":""69bf4dd2e4195cf523b0ac61""}",0.0,{},,5.0,0.0,0.0,0.0,0.0,None,0.0,None,False,ok,0.0,0.0,0.0,0.0,0.0,0.0,0.0,0.0,0.0,,False,46,0.0,0,0.0,0.0,0.0,0.0,0.0,0.0,0.0,0.0,False,blue_1,William,0.0,0.0,0,0.0,0.0,0.0,0.0,0.0,0.0,0.0,0.0,5089,0.0,0.0,0.0,0.0,0.0,0.0,0.0,None,0
"{""totalSec"":163,""autoEndSec"":20,""delayEndSec"":23,""intervals"":[{""action"":""shoot"",""startSec"":31.1,""endSec"":34,""durationSec"":2.9,""_id"":""69bf4f5fe4195cf523b0ad67""},{""action"":""pass"",""startSec"":42,""endSec"":42.51,""durationSec"":0.51,""_id"":""69bf4f5fe4195cf523b0ad68""},{""action"":""pass"",""startSec"":46.55,""endSec"":48.36,""durationSec"":1.81,""_id"":""69bf4f5fe4195cf523b0ad69""},{""action"":""shoot"",""startSec"":63.5,""endSec"":65.25,""durationSec"":1.75,""_id"":""69bf4f5fe4195cf523b0ad6a""},{""action"":""shoot"",""startSec"":78.3,""endSec"":80.97,""durationSec"":2.67,""_id"":""69bf4f5fe4195cf523b0ad6b""},{""action"":""pass"",""startSec"":90.5,""endSec"":92.2,""durationSec"":1.7,""_id"":""69bf4f5fe4195cf523b0ad6c""},{""action"":""shoot"",""startSec"":110.55,""endSec"":112.4,""durationSec"":1.85,""_id"":""69bf4f5fe4195cf523b0ad6d""},{""action"":""shoot"",""startSec"":147.9,""endSec"":149.65,""durationSec"":1.75,""_id"":""69bf4f5fe4195cf523b0ad6e""},{""action"":""shoot"",""startSec"":152.6,""endSec"":152.95,""durationSec"":0.35,""_id"":""69bf4f5fe4195cf523b0ad6f""},{""action"":""shoot"",""startSec"":157.5,""endSec"":160.71,""durationSec"":3.21,""_id"":""69bf4f5fe4195cf523b0ad70""}],""_id"":""69bf4f5fe4195cf523b0ad66""}",0.0,"{""alliance"":""blue"",""startPosition"":""right"",""points"":[{""x"":0.34,""y"":0.33,""tSec"":1.25,""_id"":""69bf4f5fe4195cf523b0ac6b""},{""x"":0.3436,""y"":0.3554,""tSec"":1.9,""_id"":""69bf4f5fe4195cf523b0ac6c""},{""x"":0.3532,""y"":0.3367,""tSec"":2,""_id"":""69bf4f5fe4195cf523b0ac6d""},{""x"":0.3644,""y"":0.326,""tSec"":2,""_id"":""69bf4f5fe4195cf523b0ac6e""},{""x"":0.3757,""y"":0.3181,""tSec"":2,""_id"":""69bf4f5fe4195cf523b0ac6f""},{""x"":0.387,""y"":0.3104,""tSec"":2.05,""_id"":""69bf4f5fe4195cf523b0ac70""},{""x"":0.3952,""y"":0.3057,""tSec"":2.1,""_id"":""69bf4f5fe4195cf523b0ac71""},{""x"":0.4062,""y"":0.3033,""tSec"":2.15,""_id"":""69bf4f5fe4195cf523b0ac72""},{""x"":0.4144,""y"":0.3021,""tSec"":2.15,""_id"":""69bf4f5fe4195cf523b0ac73""},{""x"":0.4215,""y"":0.301,""tSec"":2.15,""_id"":""69bf4f5fe4195cf523b0ac74""},{""x"":0.4323,""y"":0.2999,""tSec"":2.25,""_id"":""69bf4f5fe4195cf523b0ac75""},{""x"":0.4405,""y"":0.2979,""tSec"":2.25,""_id"":""69bf4f5fe4195cf523b0ac76""},{""x"":0.4522,""y"":0.2967,""tSec"":2.3,""_id"":""69bf4f5fe4195cf523b0ac77""},{""x"":0.4606,""y"":0.2956,""tSec"":2.3,""_id"":""69bf4f5fe4195cf523b0ac78""},{""x"":0.4676,""y"":0.2955,""tSec"":2.35,""_id"":""69bf4f5fe4195cf523b0ac79""},{""x"":0.4762,""y"":0.2955,""tSec"":2.35,""_id"":""69bf4f5fe4195cf523b0ac7a""},{""x"":0.4879,""y"":0.2955,""tSec"":2.35,""_id"":""69bf4f5fe4195cf523b0ac7b""},{""x"":0.4963,""y"":0.2955,""tSec"":2.4,""_id"":""69bf4f5fe4195cf523b0ac7c""},{""x"":0.5095,""y"":0.2955,""tSec"":2.4,""_id"":""69bf4f5fe4195cf523b0ac7d""},{""x"":0.5203,""y"":0.2964,""tSec"":2.4,""_id"":""69bf4f5fe4195cf523b0ac7e""},{""x"":0.5324,""y"":0.2975,""tSec"":2.45,""_id"":""69bf4f5fe4195cf523b0ac7f""},{""x"":0.5399,""y"":0.2986,""tSec"":2.45,""_id"":""69bf4f5fe4195cf523b0ac80""},{""x"":0.5531,""y"":0.3005,""tSec"":2.5,""_id"":""69bf4f5fe4195cf523b0ac81""},{""x"":0.5754,""y"":0.3045,""tSec"":2.55,""_id"":""69bf4f5fe4195cf523b0ac82""},{""x"":0.5873,""y"":0.307,""tSec"":2.55,""_id"":""69bf4f5fe4195cf523b0ac83""},{""x"":0.5964,""y"":0.3091,""tSec"":2.6,""_id"":""69bf4f5fe4195cf523b0ac84""},{""x"":0.6043,""y"":0.3131,""tSec"":2.65,""_id"":""69bf4f5fe4195cf523b0ac85""},{""x"":0.6091,""y"":0.3184,""tSec"":2.65,""_id"":""69bf4f5fe4195cf523b0ac86""},{""x"":0.6143,""y"":0.3266,""tSec"":2.7,""_id"":""69bf4f5fe4195cf523b0ac87""},{""x"":0.6203,""y"":0.3351,""tSec"":2.75,""_id"":""69bf4f5fe4195cf523b0ac88""},{""x"":0.6256,""y"":0.3418,""tSec"":2.75,""_id"":""69bf4f5fe4195cf523b0ac89""},{""x"":0.6324,""y"":0.3483,""tSec"":2.8,""_id"":""69bf4f5fe4195cf523b0ac8a""},{""x"":0.6393,""y"":0.3529,""tSec"":2.85,""_id"":""69bf4f5fe4195cf523b0ac8b""},{""x"":0.6463,""y"":0.3562,""tSec"":2.95,""_id"":""69bf4f5fe4195cf523b0ac8c""},{""x"":0.6494,""y"":0.3642,""tSec"":3.05,""_id"":""69bf4f5fe4195cf523b0ac8d""},{""x"":0.6467,""y"":0.3709,""tSec"":3.15,""_id"":""69bf4f5fe4195cf523b0ac8e""},{""x"":0.6372,""y"":0.3717,""tSec"":3.15,""_id"":""69bf4f5fe4195cf523b0ac8f""},{""x"":0.6291,""y"":0.3718,""tSec"":3.2,""_id"":""69bf4f5fe4195cf523b0ac90""},{""x"":0.6175,""y"":0.3718,""tSec"":3.2,""_id"":""69bf4f5fe4195cf523b0ac91""},{""x"":0.6091,""y"":0.3718,""tSec"":3.2,""_id"":""69bf4f5fe4195cf523b0ac92""},{""x"":0.6005,""y"":0.3727,""tSec"":3.3,""_id"":""69bf4f5fe4195cf523b0ac93""},{""x"":0.5926,""y"":0.3747,""tSec"":3.3,""_id"":""69bf4f5fe4195cf523b0ac94""},{""x"":0.5801,""y"":0.3778,""tSec"":3.35,""_id"":""69bf4f5fe4195cf523b0ac95""},{""x"":0.5717,""y"":0.3782,""tSec"":3.35,""_id"":""69bf4f5fe4195cf523b0ac96""},{""x"":0.5646,""y"":0.3782,""tSec"":3.4,""_id"":""69bf4f5fe4195cf523b0ac97""},{""x"":0.5576,""y"":0.3754,""tSec"":3.45,""_id"":""69bf4f5fe4195cf523b0ac98""},{""x"":0.5506,""y"":0.3713,""tSec"":3.5,""_id"":""69bf4f5fe4195cf523b0ac99""},{""x"":0.5421,""y"":0.366,""tSec"":3.55,""_id"":""69bf4f5fe4195cf523b0ac9a""},{""x"":0.5357,""y"":0.3616,""tSec"":3.6,""_id"":""69bf4f5fe4195cf523b0ac9b""},{""x"":0.528,""y"":0.3563,""tSec"":3.65,""_id"":""69bf4f5fe4195cf523b0ac9c""},{""x"":0.5232,""y"":0.351,""tSec"":3.7,""_id"":""69bf4f5fe4195cf523b0ac9d""},{""x"":0.5181,""y"":0.3447,""tSec"":3.75,""_id"":""69bf4f5fe4195cf523b0ac9e""},{""x"":0.5129,""y"":0.3383,""tSec"":3.85,""_id"":""69bf4f5fe4195cf523b0ac9f""},{""x"":0.5084,""y"":0.3328,""tSec"":3.9,""_id"":""69bf4f5fe4195cf523b0aca0""},{""x"":0.5033,""y"":0.3265,""tSec"":3.95,""_id"":""69bf4f5fe4195cf523b0aca1""},{""x"":0.4973,""y"":0.3219,""tSec"":4.05,""_id"":""69bf4f5fe4195cf523b0aca2""},{""x"":0.505,""y"":0.3166,""tSec"":4.9,""_id"":""69bf4f5fe4195cf523b0aca3""},{""x"":0.5121,""y"":0.315,""tSec"":4.9,""_id"":""69bf4f5fe4195cf523b0aca4""},{""x"":0.5237,""y"":0.3139,""tSec"":4.95,""_id"":""69bf4f5fe4195cf523b0aca5""},{""x"":0.5396,""y"":0.3119,""tSec"":4.95,""_id"":""69bf4f5fe4195cf523b0aca6""},{""x"":0.5538,""y"":0.3097,""tSec"":5,""_id"":""69bf4f5fe4195cf523b0aca7""},{""x"":0.5647,""y"":0.3076,""tSec"":5,""_id"":""69bf4f5fe4195cf523b0aca8""},{""x"":0.5745,""y"":0.3054,""tSec"":5,""_id"":""69bf4f5fe4195cf523b0aca9""},{""x"":0.5895,""y"":0.3023,""tSec"":5.05,""_id"":""69bf4f5fe4195cf523b0acaa""},{""x"":0.6012,""y"":0.2982,""tSec"":5.1,""_id"":""69bf4f5fe4195cf523b0acab""},{""x"":0.6103,""y"":0.292,""tSec"":5.15,""_id"":""69bf4f5fe4195cf523b0acac""},{""x"":0.6175,""y"":0.2875,""tSec"":5.15,""_id"":""69bf4f5fe4195cf523b0acad""},{""x"":0.6275,""y"":0.2804,""tSec"":5.2,""_id"":""69bf4f5fe4195cf523b0acae""},{""x"":0.6349,""y"":0.2757,""tSec"":5.2,""_id"":""69bf4f5fe4195cf523b0acaf""},{""x"":0.6419,""y"":0.2714,""tSec"":5.25,""_id"":""69bf4f5fe4195cf523b0acb0""},{""x"":0.6458,""y"":0.2652,""tSec"":5.3,""_id"":""69bf4f5fe4195cf523b0acb1""},{""x"":0.6501,""y"":0.2568,""tSec"":5.35,""_id"":""69bf4f5fe4195cf523b0acb2""},{""x"":0.6545,""y"":0.2511,""tSec"":5.35,""_id"":""69bf4f5fe4195cf523b0acb3""},{""x"":0.6611,""y"":0.2428,""tSec"":5.4,""_id"":""69bf4f5fe4195cf523b0acb4""},{""x"":0.6658,""y"":0.2352,""tSec"":5.45,""_id"":""69bf4f5fe4195cf523b0acb5""},{""x"":0.6686,""y"":0.2287,""tSec"":5.45,""_id"":""69bf4f5fe4195cf523b0acb6""},{""x"":0.6727,""y"":0.2184,""tSec"":5.5,""_id"":""69bf4f5fe4195cf523b0acb7""},{""x"":0.6748,""y"":0.2087,""tSec"":5.55,""_id"":""69bf4f5fe4195cf523b0acb8""},{""x"":0.6743,""y"":0.1971,""tSec"":5.6,""_id"":""69bf4f5fe4195cf523b0acb9""},{""x"":0.6734,""y"":0.1891,""tSec"":5.6,""_id"":""69bf4f5fe4195cf523b0acba""},{""x"":0.6726,""y"":0.1806,""tSec"":5.6,""_id"":""69bf4f5fe4195cf523b0acbb""},{""x"":0.6725,""y"":0.172,""tSec"":5.65,""_id"":""69bf4f5fe4195cf523b0acbc""},{""x"":0.6725,""y"":0.1643,""tSec"":5.65,""_id"":""69bf4f5fe4195cf523b0acbd""},{""x"":0.6725,""y"":0.1568,""tSec"":5.7,""_id"":""69bf4f5fe4195cf523b0acbe""},{""x"":0.6725,""y"":0.1493,""tSec"":5.75,""_id"":""69bf4f5fe4195cf523b0acbf""},{""x"":0.6779,""y"":0.1446,""tSec"":5.85,""_id"":""69bf4f5fe4195cf523b0acc0""},{""x"":0.6885,""y"":0.1582,""tSec"":5.9,""_id"":""69bf4f5fe4195cf523b0acc1""},{""x"":0.7028,""y"":0.1798,""tSec"":5.95,""_id"":""69bf4f5fe4195cf523b0acc2""},{""x"":0.709,""y"":0.188,""tSec"":5.95,""_id"":""69bf4f5fe4195cf523b0acc3""},{""x"":0.7145,""y"":0.1946,""tSec"":5.95,""_id"":""69bf4f5fe4195cf523b0acc4""},{""x"":0.7235,""y"":0.2067,""tSec"":6,""_id"":""69bf4f5fe4195cf523b0acc5""},{""x"":0.7322,""y"":0.2205,""tSec"":6,""_id"":""69bf4f5fe4195cf523b0acc6""},{""x"":0.7394,""y"":0.2345,""tSec"":6,""_id"":""69bf4f5fe4195cf523b0acc7""},{""x"":0.7456,""y"":0.2456,""tSec"":6.05,""_id"":""69bf4f5fe4195cf523b0acc8""},{""x"":0.754,""y"":0.2573,""tSec"":6.1,""_id"":""69bf4f5fe4195cf523b0acc9""},{""x"":0.7612,""y"":0.2663,""tSec"":6.1,""_id"":""69bf4f5fe4195cf523b0acca""},{""x"":0.7712,""y"":0.2816,""tSec"":6.15,""_id"":""69bf4f5fe4195cf523b0accb""},{""x"":0.7748,""y"":0.2881,""tSec"":6.15,""_id"":""69bf4f5fe4195cf523b0accc""},{""x"":0.779,""y"":0.2974,""tSec"":6.15,""_id"":""69bf4f5fe4195cf523b0accd""},{""x"":0.7826,""y"":0.3051,""tSec"":6.2,""_id"":""69bf4f5fe4195cf523b0acce""},{""x"":0.7861,""y"":0.3118,""tSec"":6.2,""_id"":""69bf4f5fe4195cf523b0accf""},{""x"":0.7903,""y"":0.3192,""tSec"":6.2,""_id"":""69bf4f5fe4195cf523b0acd0""},{""x"":0.7947,""y"":0.3267,""tSec"":6.25,""_id"":""69bf4f5fe4195cf523b0acd1""},{""x"":0.7998,""y"":0.3351,""tSec"":6.3,""_id"":""69bf4f5fe4195cf523b0acd2""},{""x"":0.8035,""y"":0.3418,""tSec"":6.3,""_id"":""69bf4f5fe4195cf523b0acd3""},{""x"":0.8062,""y"":0.3483,""tSec"":6.3,""_id"":""69bf4f5fe4195cf523b0acd4""},{""x"":0.8088,""y"":0.3567,""tSec"":6.4,""_id"":""69bf4f5fe4195cf523b0acd5""},{""x"":0.8008,""y"":0.3595,""tSec"":6.65,""_id"":""69bf4f5fe4195cf523b0acd6""},{""x"":0.7921,""y"":0.359,""tSec"":6.7,""_id"":""69bf4f5fe4195cf523b0acd7""},{""x"":0.7788,""y"":0.3532,""tSec"":6.7,""_id"":""69bf4f5fe4195cf523b0acd8""},{""x"":0.7627,""y"":0.344,""tSec"":6.75,""_id"":""69bf4f5fe4195cf523b0acd9""},{""x"":0.7515,""y"":0.3391,""tSec"":6.75,""_id"":""69bf4f5fe4195cf523b0acda""},{""x"":0.7433,""y"":0.3357,""tSec"":6.75,""_id"":""69bf4f5fe4195cf523b0acdb""},{""x"":0.737,""y"":0.3324,""tSec"":6.8,""_id"":""69bf4f5fe4195cf523b0acdc""},{""x"":0.7293,""y"":0.332,""tSec"":6.9,""_id"":""69bf4f5fe4195cf523b0acdd""},{""x"":0.7223,""y"":0.3339,""tSec"":7,""_id"":""69bf4f5fe4195cf523b0acde""},{""x"":0.7145,""y"":0.3379,""tSec"":7.1,""_id"":""69bf4f5fe4195cf523b0acdf""},{""x"":0.7067,""y"":0.3383,""tSec"":7.2,""_id"":""69bf4f5fe4195cf523b0ace0""},{""x"":0.6996,""y"":0.3384,""tSec"":7.65,""_id"":""69bf4f5fe4195cf523b0ace1""},{""x"":0.6949,""y"":0.3441,""tSec"":8.15,""_id"":""69bf4f5fe4195cf523b0ace2""},{""x"":0.6882,""y"":0.3496,""tSec"":8.3,""_id"":""69bf4f5fe4195cf523b0ace3""},{""x"":0.682,""y"":0.353,""tSec"":8.35,""_id"":""69bf4f5fe4195cf523b0ace4""},{""x"":0.6751,""y"":0.3553,""tSec"":8.35,""_id"":""69bf4f5fe4195cf523b0ace5""},{""x"":0.6652,""y"":0.3556,""tSec"":8.45,""_id"":""69bf4f5fe4195cf523b0ace6""},{""x"":0.6578,""y"":0.3528,""tSec"":8.5,""_id"":""69bf4f5fe4195cf523b0ace7""},{""x"":0.6523,""y"":0.3468,""tSec"":8.55,""_id"":""69bf4f5fe4195cf523b0ace8""},{""x"":0.6486,""y"":0.3404,""tSec"":8.65,""_id"":""69bf4f5fe4195cf523b0ace9""},{""x"":0.6412,""y"":0.3396,""tSec"":8.8,""_id"":""69bf4f5fe4195cf523b0acea""},{""x"":0.6304,""y"":0.3405,""tSec"":8.85,""_id"":""69bf4f5fe4195cf523b0aceb""},{""x"":0.623,""y"":0.3416,""tSec"":8.9,""_id"":""69bf4f5fe4195cf523b0acec""},{""x"":0.6152,""y"":0.3417,""tSec"":8.95,""_id"":""69bf4f5fe4195cf523b0aced""},{""x"":0.6081,""y"":0.3426,""tSec"":9,""_id"":""69bf4f5fe4195cf523b0acee""},{""x"":0.6004,""y"":0.3437,""tSec"":9.05,""_id"":""69bf4f5fe4195cf523b0acef""},{""x"":0.5918,""y"":0.3457,""tSec"":9.1,""_id"":""69bf4f5fe4195cf523b0acf0""},{""x"":0.5846,""y"":0.3468,""tSec"":9.15,""_id"":""69bf4f5fe4195cf523b0acf1""},{""x"":0.5746,""y"":0.347,""tSec"":9.15,""_id"":""69bf4f5fe4195cf523b0acf2""},{""x"":0.5657,""y"":0.347,""tSec"":9.2,""_id"":""69bf4f5fe4195cf523b0acf3""},{""x"":0.5569,""y"":0.347,""tSec"":9.25,""_id"":""69bf4f5fe4195cf523b0acf4""},{""x"":0.5452,""y"":0.3442,""tSec"":9.25,""_id"":""69bf4f5fe4195cf523b0acf5""},{""x"":0.5384,""y"":0.341,""tSec"":9.25,""_id"":""69bf4f5fe4195cf523b0acf6""},{""x"":0.5261,""y"":0.335,""tSec"":9.25,""_id"":""69bf4f5fe4195cf523b0acf7""},{""x"":0.5147,""y"":0.3276,""tSec"":9.3,""_id"":""69bf4f5fe4195cf523b0acf8""},{""x"":0.5041,""y"":0.3211,""tSec"":9.35,""_id"":""69bf4f5fe4195cf523b0acf9""},{""x"":0.4905,""y"":0.3127,""tSec"":9.35,""_id"":""69bf4f5fe4195cf523b0acfa""},{""x"":0.4828,""y"":0.3079,""tSec"":9.4,""_id"":""69bf4f5fe4195cf523b0acfb""},{""x"":0.4757,""y"":0.3036,""tSec"":9.4,""_id"":""69bf4f5fe4195cf523b0acfc""},{""x"":0.4695,""y"":0.2993,""tSec"":9.45,""_id"":""69bf4f5fe4195cf523b0acfd""},{""x"":0.4596,""y"":0.2931,""tSec"":9.45,""_id"":""69bf4f5fe4195cf523b0acfe""},{""x"":0.4499,""y"":0.2885,""tSec"":9.5,""_id"":""69bf4f5fe4195cf523b0acff""},{""x"":0.4388,""y"":0.2852,""tSec"":9.55,""_id"":""69bf4f5fe4195cf523b0ad00""},{""x"":0.4298,""y"":0.2839,""tSec"":9.55,""_id"":""69bf4f5fe4195cf523b0ad01""},{""x"":0.4203,""y"":0.2837,""tSec"":9.55,""_id"":""69bf4f5fe4195cf523b0ad02""},{""x"":0.4115,""y"":0.2837,""tSec"":9.6,""_id"":""69bf4f5fe4195cf523b0ad03""},{""x"":0.4028,""y"":0.2846,""tSec"":9.6,""_id"":""69bf4f5fe4195cf523b0ad04""},{""x"":0.3933,""y"":0.2875,""tSec"":9.65,""_id"":""69bf4f5fe4195cf523b0ad05""},{""x"":0.386,""y"":0.2898,""tSec"":9.7,""_id"":""69bf4f5fe4195cf523b0ad06""},{""x"":0.3798,""y"":0.2938,""tSec"":9.8,""_id"":""69bf4f5fe4195cf523b0ad07""},{""x"":0.3729,""y"":0.2962,""tSec"":9.85,""_id"":""69bf4f5fe4195cf523b0ad08""},{""x"":0.3652,""y"":0.2984,""tSec"":10,""_id"":""69bf4f5fe4195cf523b0ad09""},{""x"":0.3589,""y"":0.3015,""tSec"":10.15,""_id"":""69bf4f5fe4195cf523b0ad0a""},{""x"":0.3519,""y"":0.3038,""tSec"":10.3,""_id"":""69bf4f5fe4195cf523b0ad0b""},{""x"":0.3442,""y"":0.3059,""tSec"":10.45,""_id"":""69bf4f5fe4195cf523b0ad0c""},{""x"":0.3365,""y"":0.3081,""tSec"":10.55,""_id"":""69bf4f5fe4195cf523b0ad0d""},{""x"":0.3279,""y"":0.3112,""tSec"":10.6,""_id"":""69bf4f5fe4195cf523b0ad0e""},{""x"":0.3207,""y"":0.3134,""tSec"":10.6,""_id"":""69bf4f5fe4195cf523b0ad0f""},{""x"":0.3137,""y"":0.3146,""tSec"":10.65,""_id"":""69bf4f5fe4195cf523b0ad10""},{""x"":0.306,""y"":0.3176,""tSec"":10.7,""_id"":""69bf4f5fe4195cf523b0ad11""},{""x"":0.2974,""y"":0.3217,""tSec"":10.7,""_id"":""69bf4f5fe4195cf523b0ad12""},{""x"":0.2871,""y"":0.3279,""tSec"":10.75,""_id"":""69bf4f5fe4195cf523b0ad13""},{""x"":0.2774,""y"":0.3353,""tSec"":10.8,""_id"":""69bf4f5fe4195cf523b0ad14""},{""x"":0.2694,""y"":0.3437,""tSec"":10.8,""_id"":""69bf4f5fe4195cf523b0ad15""},{""x"":0.2646,""y"":0.3504,""tSec"":10.85,""_id"":""69bf4f5fe4195cf523b0ad16""},{""x"":0.2617,""y"":0.3569,""tSec"":10.9,""_id"":""69bf4f5fe4195cf523b0ad17""},{""x"":0.2675,""y"":0.3624,""tSec"":11.4,""_id"":""69bf4f5fe4195cf523b0ad18""},{""x"":0.2759,""y"":0.364,""tSec"":11.4,""_id"":""69bf4f5fe4195cf523b0ad19""},{""x"":0.2868,""y"":0.3642,""tSec"":11.45,""_id"":""69bf4f5fe4195cf523b0ad1a""},{""x"":0.2958,""y"":0.3642,""tSec"":11.5,""_id"":""69bf4f5fe4195cf523b0ad1b""},{""x"":0.3038,""y"":0.3652,""tSec"":11.55,""_id"":""69bf4f5fe4195cf523b0ad1c""},{""x"":0.3108,""y"":0.3672,""tSec"":11.55,""_id"":""69bf4f5fe4195cf523b0ad1d""},{""x"":0.3209,""y"":0.3693,""tSec"":11.6,""_id"":""69bf4f5fe4195cf523b0ad1e""},{""x"":0.3298,""y"":0.3696,""tSec"":11.6,""_id"":""69bf4f5fe4195cf523b0ad1f""},{""x"":0.3378,""y"":0.3678,""tSec"":11.65,""_id"":""69bf4f5fe4195cf523b0ad20""},{""x"":0.3272,""y"":0.3694,""tSec"":11.8,""_id"":""69bf4f5fe4195cf523b0ad21""},{""x"":0.319,""y"":0.3724,""tSec"":11.8,""_id"":""69bf4f5fe4195cf523b0ad22""},{""x"":0.3066,""y"":0.3775,""tSec"":11.85,""_id"":""69bf4f5fe4195cf523b0ad23""},{""x"":0.2952,""y"":0.3837,""tSec"":11.85,""_id"":""69bf4f5fe4195cf523b0ad24""},{""x"":0.2853,""y"":0.3883,""tSec"":11.9,""_id"":""69bf4f5fe4195cf523b0ad25""},{""x"":0.2772,""y"":0.3917,""tSec"":11.9,""_id"":""69bf4f5fe4195cf523b0ad26""},{""x"":0.2686,""y"":0.393,""tSec"":12,""_id"":""69bf4f5fe4195cf523b0ad27""},{""x"":0.2615,""y"":0.3961,""tSec"":12.05,""_id"":""69bf4f5fe4195cf523b0ad28""},{""x"":0.256,""y"":0.4011,""tSec"":12.15,""_id"":""69bf4f5fe4195cf523b0ad29""},{""x"":0.2507,""y"":0.4074,""tSec"":12.25,""_id"":""69bf4f5fe4195cf523b0ad2a""},{""x"":0.2547,""y"":0.4356,""tSec"":16.9,""_id"":""69bf4f5fe4195cf523b0ad2b""},{""x"":0.2475,""y"":0.4267,""tSec"":17,""_id"":""69bf4f5fe4195cf523b0ad2c""},{""x"":0.2428,""y"":0.4171,""tSec"":17.05,""_id"":""69bf4f5fe4195cf523b0ad2d""},{""x"":0.2399,""y"":0.4065,""tSec"":17.05,""_id"":""69bf4f5fe4195cf523b0ad2e""},{""x"":0.2388,""y"":0.3948,""tSec"":17.1,""_id"":""69bf4f5fe4195cf523b0ad2f""},{""x"":0.2387,""y"":0.3849,""tSec"":17.1,""_id"":""69bf4f5fe4195cf523b0ad30""},{""x"":0.2394,""y"":0.3772,""tSec"":17.1,""_id"":""69bf4f5fe4195cf523b0ad31""},{""x"":0.2442,""y"":0.3705,""tSec"":17.15,""_id"":""69bf4f5fe4195cf523b0ad32""},{""x"":0.2532,""y"":0.3621,""tSec"":17.2,""_id"":""69bf4f5fe4195cf523b0ad33""},{""x"":0.2588,""y"":0.3573,""tSec"":17.25,""_id"":""69bf4f5fe4195cf523b0ad34""},{""x"":0.2633,""y"":0.3511,""tSec"":17.3,""_id"":""69bf4f5fe4195cf523b0ad35""},{""x"":0.2677,""y"":0.3447,""tSec"":17.3,""_id"":""69bf4f5fe4195cf523b0ad36""},{""x"":0.2736,""y"":0.3363,""tSec"":17.35,""_id"":""69bf4f5fe4195cf523b0ad37""},{""x"":0.2805,""y"":0.3297,""tSec"":17.35,""_id"":""69bf4f5fe4195cf523b0ad38""},{""x"":0.2874,""y"":0.3232,""tSec"":17.35,""_id"":""69bf4f5fe4195cf523b0ad39""},{""x"":0.2936,""y"":0.3168,""tSec"":17.4,""_id"":""69bf4f5fe4195cf523b0ad3a""},{""x"":0.299,""y"":0.3122,""tSec"":17.45,""_id"":""69bf4f5fe4195cf523b0ad3b""},{""x"":0.3065,""y"":0.3069,""tSec"":17.45,""_id"":""69bf4f5fe4195cf523b0ad3c""},{""x"":0.3135,""y"":0.3044,""tSec"":17.5,""_id"":""69bf4f5fe4195cf523b0ad3d""},{""x"":0.3266,""y"":0.3012,""tSec"":17.5,""_id"":""69bf4f5fe4195cf523b0ad3e""},{""x"":0.3366,""y"":0.299,""tSec"":17.55,""_id"":""69bf4f5fe4195cf523b0ad3f""},{""x"":0.3439,""y"":0.2987,""tSec"":17.55,""_id"":""69bf4f5fe4195cf523b0ad40""},{""x"":0.3517,""y"":0.2987,""tSec"":17.55,""_id"":""69bf4f5fe4195cf523b0ad41""},{""x"":0.3611,""y"":0.2987,""tSec"":17.6,""_id"":""69bf4f5fe4195cf523b0ad42""},{""x"":0.3714,""y"":0.2987,""tSec"":17.65,""_id"":""69bf4f5fe4195cf523b0ad43""},{""x"":0.3803,""y"":0.2987,""tSec"":17.65,""_id"":""69bf4f5fe4195cf523b0ad44""},{""x"":0.3898,""y"":0.2997,""tSec"":17.7,""_id"":""69bf4f5fe4195cf523b0ad45""},{""x"":0.4025,""y"":0.3016,""tSec"":17.7,""_id"":""69bf4f5fe4195cf523b0ad46""},{""x"":0.4193,""y"":0.3028,""tSec"":17.75,""_id"":""69bf4f5fe4195cf523b0ad47""},{""x"":0.4343,""y"":0.303,""tSec"":17.8,""_id"":""69bf4f5fe4195cf523b0ad48""},{""x"":0.4508,""y"":0.304,""tSec"":17.8,""_id"":""69bf4f5fe4195cf523b0ad49""},{""x"":0.4581,""y"":0.3041,""tSec"":17.85,""_id"":""69bf4f5fe4195cf523b0ad4a""},{""x"":0.4689,""y"":0.3022,""tSec"":17.85,""_id"":""69bf4f5fe4195cf523b0ad4b""},{""x"":0.4794,""y"":0.2982,""tSec"":17.85,""_id"":""69bf4f5fe4195cf523b0ad4c""},{""x"":0.4891,""y"":0.292,""tSec"":17.9,""_id"":""69bf4f5fe4195cf523b0ad4d""},{""x"":0.4987,""y"":0.2856,""tSec"":17.9,""_id"":""69bf4f5fe4195cf523b0ad4e""},{""x"":0.5083,""y"":0.2801,""tSec"":17.95,""_id"":""69bf4f5fe4195cf523b0ad4f""},{""x"":0.5163,""y"":0.2738,""tSec"":17.95,""_id"":""69bf4f5fe4195cf523b0ad50""},{""x"":0.5234,""y"":0.2692,""tSec"":17.95,""_id"":""69bf4f5fe4195cf523b0ad51""},{""x"":0.5304,""y"":0.2639,""tSec"":18,""_id"":""69bf4f5fe4195cf523b0ad52""},{""x"":0.5381,""y"":0.2595,""tSec"":18.05,""_id"":""69bf4f5fe4195cf523b0ad53""},{""x"":0.5452,""y"":0.2571,""tSec"":18.05,""_id"":""69bf4f5fe4195cf523b0ad54""},{""x"":0.5568,""y"":0.2531,""tSec"":18.1,""_id"":""69bf4f5fe4195cf523b0ad55""},{""x"":0.5643,""y"":0.2526,""tSec"":18.1,""_id"":""69bf4f5fe4195cf523b0ad56""},{""x"":0.5721,""y"":0.2515,""tSec"":18.1,""_id"":""69bf4f5fe4195cf523b0ad57""},{""x"":0.5853,""y"":0.2496,""tSec"":18.2,""_id"":""69bf4f5fe4195cf523b0ad58""},{""x"":0.5937,""y"":0.2484,""tSec"":18.2,""_id"":""69bf4f5fe4195cf523b0ad59""},{""x"":0.6017,""y"":0.2482,""tSec"":18.2,""_id"":""69bf4f5fe4195cf523b0ad5a""},{""x"":0.6095,""y"":0.2472,""tSec"":18.2,""_id"":""69bf4f5fe4195cf523b0ad5b""},{""x"":0.6174,""y"":0.2453,""tSec"":18.25,""_id"":""69bf4f5fe4195cf523b0ad5c""},{""x"":0.6244,""y"":0.2441,""tSec"":18.3,""_id"":""69bf4f5fe4195cf523b0ad5d""},{""x"":0.6337,""y"":0.242,""tSec"":18.35,""_id"":""69bf4f5fe4195cf523b0ad5e""},{""x"":0.6418,""y"":0.2417,""tSec"":18.4,""_id"":""69bf4f5fe4195cf523b0ad5f""},{""x"":0.6488,""y"":0.2427,""tSec"":18.45,""_id"":""69bf4f5fe4195cf523b0ad60""},{""x"":0.662,""y"":0.2475,""tSec"":18.5,""_id"":""69bf4f5fe4195cf523b0ad61""},{""x"":0.6697,""y"":0.25,""tSec"":18.55,""_id"":""69bf4f5fe4195cf523b0ad62""},{""x"":0.6782,""y"":0.2532,""tSec"":18.55,""_id"":""69bf4f5fe4195cf523b0ad63""},{""x"":0.6854,""y"":0.2544,""tSec"":18.6,""_id"":""69bf4f5fe4195cf523b0ad64""}],""shotMarkers"":[{""x"":0.2507,""y"":0.4074,""tSec"":13.5,""_id"":""69bf4f5fe4195cf523b0ad65""}],""fingerprint"":""6824c852"",""_id"":""69bf4f5fe4195cf523b0ac6a""}",right,5.0,0.0,0.0,0.0,0.0,None,0.0,None,False,great,72.4,20.1,72.4,0.0,0.0,0.0,0.0,0.0,0.0,Shooter almost broke at the end but they fixed it,True,47,4.02,3,1.7,0.0,0.0,2.32,0.0,1.7,0.0,0.0,False,blue_1,Miles,23.525,14.48,7,1.85,0.0,5.31,2.9,1.75,2.67,1.85,0.0,4201,26.55,14.5,8.75,13.35,9.25,72.4,0.0,None,10
"{""totalSec"":163,""autoEndSec"":20,""delayEndSec"":23,""intervals"":[],""_id"":""69bf503ae4195cf523b0ae33""}",0.0,{},,5.0,0.0,0.0,0.0,0.0,None,0.0,None,False,ok,0.0,0.0,0.0,0.0,0.0,0.0,0.0,0.0,0.0,,False,47,0.0,0,0.0,0.0,0.0,0.0,0.0,0.0,0.0,0.0,False,blue_2,C,0.0,0.0,0,0.0,0.0,0.0,0.0,0.0,0.0,0.0,0.0,6000,0.0,0.0,0.0,0.0,0.0,0.0,0.0,None,0
"{""totalSec"":163,""autoEndSec"":20,""delayEndSec"":23,""intervals"":[{""action"":""shoot"",""startSec"":33.15,""endSec"":33.85,""durationSec"":0.7,""_id"":""69bf4f7fe4195cf523b0ad9a""}],""_id"":""69bf4f7fe4195cf523b0ad99""}",0.0,"{""alliance"":""blue"",""startPosition"":""center"",""points"":[{""x"":0.34,""y"":0.5,""tSec"":10.9,""_id"":""69bf4f7fe4195cf523b0ad81""},{""x"":0.3536,""y"":0.5138,""tSec"":10.9,""_id"":""69bf4f7fe4195cf523b0ad82""},{""x"":0.3467,""y"":0.5155,""tSec"":11.1,""_id"":""69bf4f7fe4195cf523b0ad83""},{""x"":0.3383,""y"":0.5157,""tSec"":11.2,""_id"":""69bf4f7fe4195cf523b0ad84""},{""x"":0.3311,""y"":0.5157,""tSec"":11.3,""_id"":""69bf4f7fe4195cf523b0ad85""},{""x"":0.3234,""y"":0.5157,""tSec"":11.4,""_id"":""69bf4f7fe4195cf523b0ad86""},{""x"":0.3148,""y"":0.5205,""tSec"":11.5,""_id"":""69bf4f7fe4195cf523b0ad87""},{""x"":0.3068,""y"":0.522,""tSec"":11.6,""_id"":""69bf4f7fe4195cf523b0ad88""},{""x"":0.2975,""y"":0.5231,""tSec"":11.65,""_id"":""69bf4f7fe4195cf523b0ad89""},{""x"":0.2887,""y"":0.5242,""tSec"":11.7,""_id"":""69bf4f7fe4195cf523b0ad8a""},{""x"":0.2807,""y"":0.5253,""tSec"":11.75,""_id"":""69bf4f7fe4195cf523b0ad8b""},{""x"":0.2736,""y"":0.5254,""tSec"":11.95,""_id"":""69bf4f7fe4195cf523b0ad8c""},{""x"":0.2674,""y"":0.5216,""tSec"":12.05,""_id"":""69bf4f7fe4195cf523b0ad8d""},{""x"":0.2736,""y"":0.5297,""tSec"":12.1,""_id"":""69bf4f7fe4195cf523b0ad8e""},{""x"":0.2919,""y"":0.5411,""tSec"":12.15,""_id"":""69bf4f7fe4195cf523b0ad8f""},{""x"":0.3164,""y"":0.5481,""tSec"":12.15,""_id"":""69bf4f7fe4195cf523b0ad90""},{""x"":0.3285,""y"":0.5499,""tSec"":12.15,""_id"":""69bf4f7fe4195cf523b0ad91""},{""x"":0.3453,""y"":0.5501,""tSec"":12.2,""_id"":""69bf4f7fe4195cf523b0ad92""},{""x"":0.3596,""y"":0.5483,""tSec"":12.25,""_id"":""69bf4f7fe4195cf523b0ad93""},{""x"":0.3666,""y"":0.5471,""tSec"":12.25,""_id"":""69bf4f7fe4195cf523b0ad94""},{""x"":0.382,""y"":0.5441,""tSec"":12.3,""_id"":""69bf4f7fe4195cf523b0ad95""},{""x"":0.39,""y"":0.5418,""tSec"":12.3,""_id"":""69bf4f7fe4195cf523b0ad96""},{""x"":0.3994,""y"":0.5387,""tSec"":12.35,""_id"":""69bf4f7fe4195cf523b0ad97""},{""x"":0.4082,""y"":0.5355,""tSec"":12.4,""_id"":""69bf4f7fe4195cf523b0ad98""}],""shotMarkers"":[],""fingerprint"":""e4f4e2ea"",""_id"":""69bf4f7fe4195cf523b0ad80""}",center,5.0,0.0,0.0,0.0,0.0,other,0.0,None,False,rough,3.5,0.0,3.5,0.0,0.0,0.0,0.0,0.0,0.0,Item they just stood still all match,True,47,0.0,0,0.0,0.0,0.0,0.0,0.0,0.0,0.0,0.0,False,blue_3,Joaquin,0.0,0.7,1,0.7,0.0,0.0,0.7,0.0,0.0,0.0,0.0,6904,0.0,3.5,0.0,0.0,0.0,3.5,0.0,None,1
"{""totalSec"":163,""autoEndSec"":20,""delayEndSec"":23,""intervals"":[{""action"":""shoot"",""startSec"":156.2,""endSec"":156.91,""durationSec"":0.71,""_id"":""69bf4f9ee4195cf523b0ada9""}],""_id"":""69bf4f9ee4195cf523b0ada8""}",0.0,{},left,5.0,0.0,0.0,0.0,0.0,stuck,0.0,None,False,rough,3.55,0.0,3.55,0.0,0.0,0.0,0.0,0.0,0.0,"Stuck on bump, Pass to hp",True,47,0.0,0,0.0,0.0,0.0,0.0,0.0,0.0,0.0,0.0,False,red_1,Quinn,0.0,0.71,1,0.71,0.0,0.71,0.0,0.0,0.0,0.0,0.0,9696,3.55,0.0,0.0,0.0,0.0,3.55,0.0,None,1
"{""totalSec"":163,""autoEndSec"":20,""delayEndSec"":23,""intervals"":[{""action"":""shoot"",""startSec"":27.8,""endSec"":28.08,""durationSec"":0.28,""_id"":""69bf4fbce4195cf523b0adb4""},{""action"":""shoot"",""startSec"":45.55,""endSec"":46.3,""durationSec"":0.75,""_id"":""69bf4fbce4195cf523b0adb5""},{""action"":""shoot"",""startSec"":50.3,""endSec"":52.45,""durationSec"":2.15,""_id"":""69bf4fbce4195cf523b0adb6""},{""action"":""shoot"",""startSec"":76.35,""endSec"":76.7,""durationSec"":0.35,""_id"":""69bf4fbce4195cf523b0adb7""},{""action"":""shoot"",""startSec"":88.05,""endSec"":88.3,""durationSec"":0.25,""_id"":""69bf4fbce4195cf523b0adb8""},{""action"":""shoot"",""startSec"":122,""endSec"":122.47,""durationSec"":0.47,""_id"":""69bf4fbce4195cf523b0adb9""},{""action"":""shoot"",""startSec"":127.9,""endSec"":128.7,""durationSec"":0.8,""_id"":""69bf4fbce4195cf523b0adba""},{""action"":""shoot"",""startSec"":132.2,""endSec"":132.45,""durationSec"":0.25,""_id"":""69bf4fbce4195cf523b0adbb""}],""_id"":""69bf4fbce4195cf523b0adb3""}",0.0,"{""alliance"":""red"",""startPosition"":""center"",""points"":[{""x"":0.69,""y"":0.5,""tSec"":1.4,""_id"":""69bf4fbce4195cf523b0adb0""},{""x"":0.6907,""y"":0.4852,""tSec"":1.4,""_id"":""69bf4fbce4195cf523b0adb1""}],""shotMarkers"":[{""x"":0.6907,""y"":0.4852,""tSec"":3.7,""_id"":""69bf4fbce4195cf523b0adb2""}],""fingerprint"":""654615ba"",""_id"":""69bf4fbce4195cf523b0adaf""}",center,5.0,0.0,0.0,0.0,0.0,None,0.0,None,False,ok,26.5,0.0,26.5,0.0,0.0,0.0,0.0,0.0,0.0,,True,47,0.0,0,0.0,0.0,0.0,0.0,0.0,0.0,0.0,0.0,False,red_2,Jax,11.7,5.3,8,0.41,0.0,0.0,1.23,2.3,0.25,1.52,0.0,597,0.0,6.15,11.5,1.25,7.6,26.5,0.0,None,8
"{""totalSec"":163,""autoEndSec"":20,""delayEndSec"":23,""intervals"":[{""action"":""shoot"",""startSec"":6.95,""endSec"":8.55,""durationSec"":1.6,""_id"":""69bf5161e4195cf523b0ae3f""},{""action"":""shoot"",""startSec"":146.05,""endSec"":148.11,""durationSec"":2.06,""_id"":""69bf5161e4195cf523b0ae40""},{""action"":""shoot"",""startSec"":156.85,""endSec"":158.25,""durationSec"":1.4,""_id"":""69bf5161e4195cf523b0ae41""}],""_id"":""69bf5161e4195cf523b0ae3e""}",8.0,{},,5.0,0.0,0.0,0.0,0.0,None,0.0,None,False,rough,25.3,0.0,25.3,0.0,0.0,0.0,0.0,0.0,0.0,,True,48,0.0,0,0.0,0.0,0.0,0.0,0.0,0.0,0.0,0.0,False,blue_2,Randy,74.95,5.06,3,1.6,1.6,3.46,0.0,0.0,0.0,0.0,0.0,3759,17.3,0.0,0.0,0.0,0.0,17.3,0.0,None,3
"{""totalSec"":163,""autoEndSec"":20,""delayEndSec"":23,""intervals"":[{""action"":""pass"",""startSec"":20.2,""endSec"":20.23,""durationSec"":0.03,""_id"":""69bf51c3e4195cf523b0aeba""},{""action"":""shoot"",""startSec"":26.05,""endSec"":28.4,""durationSec"":2.35,""_id"":""69bf51c3e4195cf523b0aebb""},{""action"":""pass"",""startSec"":32.7,""endSec"":41.5,""durationSec"":8.8,""_id"":""69bf51c3e4195cf523b0aebc""},{""action"":""pass"",""startSec"":48.7,""endSec"":52.25,""durationSec"":3.55,""_id"":""69bf51c3e4195cf523b0aebd""},{""action"":""pass"",""startSec"":55.1,""endSec"":58.2,""durationSec"":3.1,""_id"":""69bf51c3e4195cf523b0aebe""},{""action"":""shoot"",""startSec"":61.35,""endSec"":64.55,""durationSec"":3.2,""_id"":""69bf51c3e4195cf523b0aebf""},{""action"":""pass"",""startSec"":67.05,""endSec"":72.35,""durationSec"":5.3,""_id"":""69bf51c3e4195cf523b0aec0""},{""action"":""shoot"",""startSec"":73.75,""endSec"":77.6,""durationSec"":3.85,""_id"":""69bf51c3e4195cf523b0aec1""},{""action"":""pass"",""startSec"":80.1,""endSec"":88.26,""durationSec"":8.16,""_id"":""69bf51c3e4195cf523b0aec2""},{""action"":""pass"",""startSec"":90.65,""endSec"":93.57,""durationSec"":2.92,""_id"":""69bf51c3e4195cf523b0aec3""},{""action"":""shoot"",""startSec"":95.85,""endSec"":96.77,""durationSec"":0.92,""_id"":""69bf51c3e4195cf523b0aec4""},{""action"":""pass"",""startSec"":100.6,""endSec"":106.75,""durationSec"":6.15,""_id"":""69bf51c3e4195cf523b0aec5""},{""action"":""pass"",""startSec"":110.9,""endSec"":115.11,""durationSec"":4.21,""_id"":""69bf51c3e4195cf523b0aec6""},{""action"":""pass"",""startSec"":119.9,""endSec"":121.81,""durationSec"":1.91,""_id"":""69bf51c3e4195cf523b0aec7""},{""action"":""pass"",""startSec"":122.6,""endSec"":124.47,""durationSec"":1.87,""_id"":""69bf51c3e4195cf523b0aec8""},{""action"":""shoot"",""startSec"":125.4,""endSec"":126.8,""durationSec"":1.4,""_id"":""69bf51c3e4195cf523b0aec9""},{""action"":""pass"",""startSec"":129.25,""endSec"":132.73,""durationSec"":3.48,""_id"":""69bf51c3e4195cf523b0aeca""},{""action"":""pass"",""startSec"":136.4,""endSec"":138.26,""durationSec"":1.86,""_id"":""69bf51c3e4195cf523b0aecb""},{""action"":""pass"",""startSec"":139,""endSec"":141.1,""durationSec"":2.1,""_id"":""69bf51c3e4195cf523b0aecc""},{""action"":""pass"",""startSec"":142.45,""endSec"":149.2,""durationSec"":6.75,""_id"":""69bf51c3e4195cf523b0aecd""},{""action"":""shoot"",""startSec"":149.9,""endSec"":152.1,""durationSec"":2.2,""_id"":""69bf51c3e4195cf523b0aece""},{""action"":""pass"",""startSec"":156.8,""endSec"":157.31,""durationSec"":0.51,""_id"":""69bf51c3e4195cf523b0aecf""}],""_id"":""69bf51c3e4195cf523b0aeb9""}",0.0,{},right,5.0,0.0,0.0,0.0,0.0,None,0.0,None,False,ok,69.6,303.5,69.6,0.0,0.0,0.0,0.0,0.0,0.0,,True,48,60.7,16,3.29,0.0,11.22,10.6,10.15,15.98,12.72,0.03,False,red_1,Calliope,24.5,13.92,6,2.275,0.0,2.2,2.35,7.05,0.92,1.4,0.0,1515,11.0,11.75,35.25,4.6,7.0,69.6,0.0,None,22
"{""totalSec"":163,""autoEndSec"":20,""delayEndSec"":23,""intervals"":[{""action"":""shoot"",""startSec"":36.9,""endSec"":37.17,""durationSec"":0.27,""_id"":""69bf5185e4195cf523b0ae70""},{""action"":""pass"",""startSec"":93.57,""endSec"":94.07,""durationSec"":0.5,""_id"":""69bf5185e4195cf523b0ae71""}],""_id"":""69bf5185e4195cf523b0ae6f""}",0.0,"{""alliance"":""red"",""startPosition"":""left"",""points"":[{""x"":0.69,""y"":0.33,""tSec"":9.15,""_id"":""69bf5185e4195cf523b0ae6d""},{""x"":0.6891,""y"":0.3419,""tSec"":9.15,""_id"":""69bf5185e4195cf523b0ae6e""}],""shotMarkers"":[],""fingerprint"":""996c9624"",""_id"":""69bf5185e4195cf523b0ae6c""}",left,5.0,0.0,0.0,0.0,0.0,None,0.0,None,False,ok,1.35,2.5,1.35,0.0,0.0,0.0,0.0,0.0,0.0,,True,48,0.5,1,0.5,0.0,0.0,0.0,0.0,0.5,0.0,0.0,False,red_2,Andy,0.0,0.27,1,0.27,0.0,0.0,0.27,0.0,0.0,0.0,0.0,1759,0.0,1.35,0.0,0.0,0.0,1.35,0.0,None,2
"{""totalSec"":163,""autoEndSec"":20,""delayEndSec"":23,""intervals"":[{""action"":""shoot"",""startSec"":84.85,""endSec"":85.25,""durationSec"":0.4,""_id"":""69bf5196e4195cf523b0ae92""},{""action"":""shoot"",""startSec"":92.95,""endSec"":95.05,""durationSec"":2.1,""_id"":""69bf5196e4195cf523b0ae93""},{""action"":""shoot"",""startSec"":128.5,""endSec"":129.75,""durationSec"":1.25,""_id"":""69bf5196e4195cf523b0ae94""},{""action"":""shoot"",""startSec"":132.7,""endSec"":134.6,""durationSec"":1.9,""_id"":""69bf5196e4195cf523b0ae95""}],""_id"":""69bf5196e4195cf523b0ae91""}",0.0,"{""alliance"":""blue"",""startPosition"":""left"",""points"":[{""x"":0.34,""y"":0.67,""tSec"":15.1,""_id"":""69bf5196e4195cf523b0ae7a""},{""x"":0.3352,""y"":0.6874,""tSec"":15.1,""_id"":""69bf5196e4195cf523b0ae7b""},{""x"":0.3284,""y"":0.6895,""tSec"":15.25,""_id"":""69bf5196e4195cf523b0ae7c""},{""x"":0.3276,""y"":0.6983,""tSec"":15.35,""_id"":""69bf5196e4195cf523b0ae7d""},{""x"":0.3268,""y"":0.706,""tSec"":15.45,""_id"":""69bf5196e4195cf523b0ae7e""},{""x"":0.3259,""y"":0.7135,""tSec"":15.5,""_id"":""69bf5196e4195cf523b0ae7f""},{""x"":0.3258,""y"":0.721,""tSec"":15.6,""_id"":""69bf5196e4195cf523b0ae80""},{""x"":0.3242,""y"":0.7285,""tSec"":15.65,""_id"":""69bf5196e4195cf523b0ae81""},{""x"":0.324,""y"":0.7389,""tSec"":15.7,""_id"":""69bf5196e4195cf523b0ae82""},{""x"":0.324,""y"":0.7525,""tSec"":15.7,""_id"":""69bf5196e4195cf523b0ae83""},{""x"":0.324,""y"":0.7617,""tSec"":15.75,""_id"":""69bf5196e4195cf523b0ae84""},{""x"":0.324,""y"":0.7702,""tSec"":15.75,""_id"":""69bf5196e4195cf523b0ae85""},{""x"":0.324,""y"":0.7798,""tSec"":15.75,""_id"":""69bf5196e4195cf523b0ae86""},{""x"":0.324,""y"":0.8008,""tSec"":15.75,""_id"":""69bf5196e4195cf523b0ae87""},{""x"":0.3248,""y"":0.8137,""tSec"":15.8,""_id"":""69bf5196e4195cf523b0ae88""},{""x"":0.3257,""y"":0.8257,""tSec"":15.8,""_id"":""69bf5196e4195cf523b0ae89""},{""x"":0.3281,""y"":0.8564,""tSec"":15.85,""_id"":""69bf5196e4195cf523b0ae8a""},{""x"":0.3292,""y"":0.879,""tSec"":15.9,""_id"":""69bf5196e4195cf523b0ae8b""},{""x"":0.3293,""y"":0.8978,""tSec"":15.9,""_id"":""69bf5196e4195cf523b0ae8c""},{""x"":0.3293,""y"":0.9133,""tSec"":15.95,""_id"":""69bf5196e4195cf523b0ae8d""},{""x"":0.3285,""y"":0.9209,""tSec"":15.95,""_id"":""69bf5196e4195cf523b0ae8e""},{""x"":0.3269,""y"":0.9312,""tSec"":15.95,""_id"":""69bf5196e4195cf523b0ae8f""},{""x"":0.3251,""y"":0.94,""tSec"":16,""_id"":""69bf5196e4195cf523b0ae90""}],""shotMarkers"":[],""fingerprint"":""51ca0313"",""_id"":""69bf5196e4195cf523b0ae79""}",left,5.0,0.0,0.0,0.0,0.0,other,0.0,None,False,rough,28.25,0.0,28.25,0.0,0.0,0.0,0.0,0.0,0.0,I think they shooter blew up,True,48,0.0,0,0.0,0.0,0.0,0.0,0.0,0.0,0.0,0.0,False,blue_3,Joaquin,8.1,5.65,4,1.575,0.0,1.6,0.0,0.0,2.5,1.55,0.0,5857,8.0,0.0,0.0,12.5,7.75,28.25,0.0,None,4
"{""totalSec"":163,""autoEndSec"":20,""delayEndSec"":23,""intervals"":[{""action"":""shoot"",""startSec"":38.48,""endSec"":40.78,""durationSec"":2.3,""_id"":""69bf51a2e4195cf523b0aead""},{""action"":""shoot"",""startSec"":58.33,""endSec"":58.73,""durationSec"":0.4,""_id"":""69bf51a2e4195cf523b0aeae""},{""action"":""shoot"",""startSec"":65.65,""endSec"":65.74,""durationSec"":0.09,""_id"":""69bf51a2e4195cf523b0aeaf""},{""action"":""shoot"",""startSec"":81.2,""endSec"":88.65,""durationSec"":7.45,""_id"":""69bf51a2e4195cf523b0aeb0""},{""action"":""shoot"",""startSec"":89.65,""endSec"":93.05,""durationSec"":3.4,""_id"":""69bf51a2e4195cf523b0aeb1""},{""action"":""shoot"",""startSec"":138.85,""endSec"":142.55,""durationSec"":3.7,""_id"":""69bf51a2e4195cf523b0aeb2""},{""action"":""shoot"",""startSec"":157.7,""endSec"":160,""durationSec"":2.3,""_id"":""69bf51a2e4195cf523b0aeb3""}],""_id"":""69bf51a2e4195cf523b0aeac""}",0.0,"{""alliance"":""blue"",""startPosition"":""left"",""points"":[{""x"":0.34,""y"":0.33,""tSec"":6.8,""_id"":""69bf51a2e4195cf523b0ae9d""},{""x"":0.3306,""y"":0.3525,""tSec"":6.85,""_id"":""69bf51a2e4195cf523b0ae9e""},{""x"":0.2987,""y"":0.3316,""tSec"":6.95,""_id"":""69bf51a2e4195cf523b0ae9f""},{""x"":0.2873,""y"":0.3216,""tSec"":6.95,""_id"":""69bf51a2e4195cf523b0aea0""},{""x"":0.2737,""y"":0.308,""tSec"":6.95,""_id"":""69bf51a2e4195cf523b0aea1""},{""x"":0.2605,""y"":0.2913,""tSec"":7,""_id"":""69bf51a2e4195cf523b0aea2""},{""x"":0.2498,""y"":0.2789,""tSec"":7.05,""_id"":""69bf51a2e4195cf523b0aea3""},{""x"":0.24,""y"":0.268,""tSec"":7.05,""_id"":""69bf51a2e4195cf523b0aea4""},{""x"":0.2342,""y"":0.26,""tSec"":7.1,""_id"":""69bf51a2e4195cf523b0aea5""},{""x"":0.2213,""y"":0.2468,""tSec"":7.15,""_id"":""69bf51a2e4195cf523b0aea6""},{""x"":0.2143,""y"":0.2395,""tSec"":7.2,""_id"":""69bf51a2e4195cf523b0aea7""},{""x"":0.2097,""y"":0.234,""tSec"":7.2,""_id"":""69bf51a2e4195cf523b0aea8""},{""x"":0.2038,""y"":0.2266,""tSec"":7.3,""_id"":""69bf51a2e4195cf523b0aea9""},{""x"":0.2007,""y"":0.2201,""tSec"":7.35,""_id"":""69bf51a2e4195cf523b0aeaa""}],""shotMarkers"":[{""x"":0.2007,""y"":0.2201,""tSec"":8.7,""_id"":""69bf51a2e4195cf523b0aeab""}],""fingerprint"":""c05737a0"",""_id"":""69bf51a2e4195cf523b0ae9c""}",left,5.0,0.0,0.0,0.0,0.0,None,0.0,None,False,great,98.2,0.0,98.2,0.0,0.0,0.0,0.0,0.0,0.0,,True,48,0.0,0,0.0,0.0,0.0,0.0,0.0,0.0,0.0,0.0,False,blue_1,Aiden Chang,17.2,19.64,7,2.3,0.0,6.0,2.3,0.49,10.85,0.0,0.0,3408,30.0,11.5,2.45,54.25,0.0,98.2,0.0,None,7
"{""totalSec"":163,""autoEndSec"":20,""delayEndSec"":23,""intervals"":[{""action"":""shoot"",""startSec"":32.25,""endSec"":32.83,""durationSec"":0.58,""_id"":""69bf535fe4195cf523b0af00""},{""action"":""shoot"",""startSec"":61.3,""endSec"":63.72,""durationSec"":2.42,""_id"":""69bf535fe4195cf523b0af01""},{""action"":""shoot"",""startSec"":76.15,""endSec"":78.11,""durationSec"":1.96,""_id"":""69bf535fe4195cf523b0af02""},{""action"":""shoot"",""startSec"":128.05,""endSec"":130.82,""durationSec"":2.77,""_id"":""69bf535fe4195cf523b0af03""},{""action"":""shoot"",""startSec"":135.6,""endSec"":138.11,""durationSec"":2.51,""_id"":""69bf535fe4195cf523b0af04""},{""action"":""shoot"",""startSec"":146.7,""endSec"":148.55,""durationSec"":1.85,""_id"":""69bf535fe4195cf523b0af05""},{""action"":""shoot"",""startSec"":157.55,""endSec"":160.9,""durationSec"":3.35,""_id"":""69bf535fe4195cf523b0af06""}],""_id"":""69bf535fe4195cf523b0aeff""}",0.0,"{""alliance"":""red"",""startPosition"":""right"",""points"":[{""x"":0.69,""y"":0.67,""tSec"":16.55,""_id"":""69bf535fe4195cf523b0aeda""},{""x"":0.68,""y"":0.6706,""tSec"":16.55,""_id"":""69bf535fe4195cf523b0aedb""},{""x"":0.6788,""y"":0.6812,""tSec"":16.75,""_id"":""69bf535fe4195cf523b0aedc""},{""x"":0.6786,""y"":0.6929,""tSec"":16.8,""_id"":""69bf535fe4195cf523b0aedd""},{""x"":0.6793,""y"":0.7,""tSec"":16.85,""_id"":""69bf535fe4195cf523b0aede""},{""x"":0.6825,""y"":0.7143,""tSec"":16.9,""_id"":""69bf535fe4195cf523b0aedf""},{""x"":0.6836,""y"":0.7235,""tSec"":16.9,""_id"":""69bf535fe4195cf523b0aee0""},{""x"":0.6853,""y"":0.74,""tSec"":16.9,""_id"":""69bf535fe4195cf523b0aee1""},{""x"":0.6871,""y"":0.7581,""tSec"":16.95,""_id"":""69bf535fe4195cf523b0aee2""},{""x"":0.6873,""y"":0.7689,""tSec"":16.95,""_id"":""69bf535fe4195cf523b0aee3""},{""x"":0.6873,""y"":0.7788,""tSec"":16.95,""_id"":""69bf535fe4195cf523b0aee4""},{""x"":0.6881,""y"":0.799,""tSec"":17,""_id"":""69bf535fe4195cf523b0aee5""},{""x"":0.6882,""y"":0.809,""tSec"":17,""_id"":""69bf535fe4195cf523b0aee6""},{""x"":0.6874,""y"":0.8341,""tSec"":17.05,""_id"":""69bf535fe4195cf523b0aee7""},{""x"":0.6865,""y"":0.8438,""tSec"":17.05,""_id"":""69bf535fe4195cf523b0aee8""},{""x"":0.6849,""y"":0.8544,""tSec"":17.05,""_id"":""69bf535fe4195cf523b0aee9""},{""x"":0.6831,""y"":0.8634,""tSec"":17.1,""_id"":""69bf535fe4195cf523b0aeea""},{""x"":0.6814,""y"":0.8711,""tSec"":17.1,""_id"":""69bf535fe4195cf523b0aeeb""},{""x"":0.6789,""y"":0.8807,""tSec"":17.15,""_id"":""69bf535fe4195cf523b0aeec""},{""x"":0.6733,""y"":0.8923,""tSec"":17.2,""_id"":""69bf535fe4195cf523b0aeed""},{""x"":0.6695,""y"":0.8994,""tSec"":17.2,""_id"":""69bf535fe4195cf523b0aeee""},{""x"":0.6652,""y"":0.907,""tSec"":17.25,""_id"":""69bf535fe4195cf523b0aeef""},{""x"":0.6601,""y"":0.9136,""tSec"":17.3,""_id"":""69bf535fe4195cf523b0aef0""},{""x"":0.6557,""y"":0.9201,""tSec"":17.35,""_id"":""69bf535fe4195cf523b0aef1""},{""x"":0.6521,""y"":0.9285,""tSec"":17.35,""_id"":""69bf535fe4195cf523b0aef2""},{""x"":0.647,""y"":0.9352,""tSec"":17.4,""_id"":""69bf535fe4195cf523b0aef3""},{""x"":0.6395,""y"":0.9407,""tSec"":17.45,""_id"":""69bf535fe4195cf523b0aef4""},{""x"":0.631,""y"":0.9443,""tSec"":17.5,""_id"":""69bf535fe4195cf523b0aef5""},{""x"":0.6231,""y"":0.9476,""tSec"":17.5,""_id"":""69bf535fe4195cf523b0aef6""},{""x"":0.6152,""y"":0.948,""tSec"":17.55,""_id"":""69bf535fe4195cf523b0aef7""},{""x"":0.6043,""y"":0.948,""tSec"":17.6,""_id"":""69bf535fe4195cf523b0aef8""},{""x"":0.5953,""y"":0.948,""tSec"":17.65,""_id"":""69bf535fe4195cf523b0aef9""},{""x"":0.585,""y"":0.9471,""tSec"":17.65,""_id"":""69bf535fe4195cf523b0aefa""},{""x"":0.5777,""y"":0.9451,""tSec"":17.7,""_id"":""69bf535fe4195cf523b0aefb""},{""x"":0.5699,""y"":0.9439,""tSec"":17.75,""_id"":""69bf535fe4195cf523b0aefc""},{""x"":0.5621,""y"":0.9428,""tSec"":17.85,""_id"":""69bf535fe4195cf523b0aefd""},{""x"":0.5542,""y"":0.9408,""tSec"":17.95,""_id"":""69bf535fe4195cf523b0aefe""}],""shotMarkers"":[],""fingerprint"":""e086b858"",""_id"":""69bf535fe4195cf523b0aed9""}",right,5.0,0.0,0.0,0.0,0.0,None,0.0,some,True,great,77.2,0.0,77.2,0.0,0.0,0.0,0.0,0.0,0.0,,True,49,0.0,0,0.0,0.0,0.0,0.0,0.0,0.0,0.0,0.0,False,red_3,Olivia,12.975,15.44,7,2.42,0.0,7.71,0.58,4.27,0.11,2.77,0.0,3476,38.55,2.9,21.35,0.55,13.85,77.19999999999999,0.0,None,7
"{""totalSec"":163,""autoEndSec"":20,""delayEndSec"":23,""intervals"":[{""action"":""shoot"",""startSec"":29.6,""endSec"":33.7,""durationSec"":4.1,""_id"":""69bf536ee4195cf523b0af4a""}],""_id"":""69bf536ee4195cf523b0af49""}",0.0,"{""alliance"":""red"",""startPosition"":""right"",""points"":[{""x"":0.69,""y"":0.67,""tSec"":13.75,""_id"":""69bf536ee4195cf523b0af0e""},{""x"":0.7021,""y"":0.6677,""tSec"":13.75,""_id"":""69bf536ee4195cf523b0af0f""},{""x"":0.6967,""y"":0.7094,""tSec"":13.85,""_id"":""69bf536ee4195cf523b0af10""},{""x"":0.6946,""y"":0.8193,""tSec"":13.9,""_id"":""69bf536ee4195cf523b0af11""},{""x"":0.695,""y"":0.8449,""tSec"":13.9,""_id"":""69bf536ee4195cf523b0af12""},{""x"":0.6951,""y"":0.8575,""tSec"":13.9,""_id"":""69bf536ee4195cf523b0af13""},{""x"":0.6951,""y"":0.8752,""tSec"":14,""_id"":""69bf536ee4195cf523b0af14""},{""x"":0.6821,""y"":0.8688,""tSec"":14.05,""_id"":""69bf536ee4195cf523b0af15""},{""x"":0.6729,""y"":0.8613,""tSec"":14.1,""_id"":""69bf536ee4195cf523b0af16""},{""x"":0.5974,""y"":0.8089,""tSec"":14.1,""_id"":""69bf536ee4195cf523b0af17""},{""x"":0.5408,""y"":0.7845,""tSec"":14.1,""_id"":""69bf536ee4195cf523b0af18""},{""x"":0.4819,""y"":0.7702,""tSec"":14.15,""_id"":""69bf536ee4195cf523b0af19""},{""x"":0.4036,""y"":0.758,""tSec"":14.2,""_id"":""69bf536ee4195cf523b0af1a""},{""x"":0.3742,""y"":0.7546,""tSec"":14.2,""_id"":""69bf536ee4195cf523b0af1b""},{""x"":0.3254,""y"":0.7513,""tSec"":14.25,""_id"":""69bf536ee4195cf523b0af1c""},{""x"":0.3035,""y"":0.748,""tSec"":14.3,""_id"":""69bf536ee4195cf523b0af1d""},{""x"":0.2948,""y"":0.7457,""tSec"":14.3,""_id"":""69bf536ee4195cf523b0af1e""},{""x"":0.2806,""y"":0.7387,""tSec"":14.35,""_id"":""69bf536ee4195cf523b0af1f""},{""x"":0.2736,""y"":0.7351,""tSec"":14.35,""_id"":""69bf536ee4195cf523b0af20""},{""x"":0.2613,""y"":0.7299,""tSec"":14.4,""_id"":""69bf536ee4195cf523b0af21""},{""x"":0.2536,""y"":0.7273,""tSec"":14.4,""_id"":""69bf536ee4195cf523b0af22""},{""x"":0.2389,""y"":0.7223,""tSec"":14.4,""_id"":""69bf536ee4195cf523b0af23""},{""x"":0.2241,""y"":0.716,""tSec"":14.45,""_id"":""69bf536ee4195cf523b0af24""},{""x"":0.2139,""y"":0.7133,""tSec"":14.45,""_id"":""69bf536ee4195cf523b0af25""},{""x"":0.2035,""y"":0.7111,""tSec"":14.45,""_id"":""69bf536ee4195cf523b0af26""},{""x"":0.1847,""y"":0.707,""tSec"":14.5,""_id"":""69bf536ee4195cf523b0af27""},{""x"":0.1647,""y"":0.7037,""tSec"":14.5,""_id"":""69bf536ee4195cf523b0af28""},{""x"":0.1462,""y"":0.7013,""tSec"":14.55,""_id"":""69bf536ee4195cf523b0af29""},{""x"":0.1302,""y"":0.701,""tSec"":14.55,""_id"":""69bf536ee4195cf523b0af2a""},{""x"":0.116,""y"":0.701,""tSec"":14.55,""_id"":""69bf536ee4195cf523b0af2b""},{""x"":0.109,""y"":0.701,""tSec"":14.55,""_id"":""69bf536ee4195cf523b0af2c""},{""x"":0.0959,""y"":0.701,""tSec"":14.6,""_id"":""69bf536ee4195cf523b0af2d""},{""x"":0.0874,""y"":0.6991,""tSec"":14.65,""_id"":""69bf536ee4195cf523b0af2e""},{""x"":0.0894,""y"":0.6836,""tSec"":14.75,""_id"":""69bf536ee4195cf523b0af2f""},{""x"":0.092,""y"":0.6732,""tSec"":14.75,""_id"":""69bf536ee4195cf523b0af30""},{""x"":0.0969,""y"":0.6434,""tSec"":14.75,""_id"":""69bf536ee4195cf523b0af31""},{""x"":0.1005,""y"":0.6217,""tSec"":14.8,""_id"":""69bf536ee4195cf523b0af32""},{""x"":0.1087,""y"":0.5761,""tSec"":14.8,""_id"":""69bf536ee4195cf523b0af33""},{""x"":0.1188,""y"":0.5211,""tSec"":14.85,""_id"":""69bf536ee4195cf523b0af34""},{""x"":0.1262,""y"":0.4897,""tSec"":14.85,""_id"":""69bf536ee4195cf523b0af35""},{""x"":0.1339,""y"":0.4583,""tSec"":14.85,""_id"":""69bf536ee4195cf523b0af36""},{""x"":0.1495,""y"":0.403,""tSec"":14.85,""_id"":""69bf536ee4195cf523b0af37""},{""x"":0.1651,""y"":0.3468,""tSec"":14.9,""_id"":""69bf536ee4195cf523b0af38""},{""x"":0.1793,""y"":0.2819,""tSec"":14.95,""_id"":""69bf536ee4195cf523b0af39""},{""x"":0.1855,""y"":0.2331,""tSec"":15,""_id"":""69bf536ee4195cf523b0af3a""},{""x"":0.1871,""y"":0.1986,""tSec"":15,""_id"":""69bf536ee4195cf523b0af3b""},{""x"":0.1873,""y"":0.185,""tSec"":15.05,""_id"":""69bf536ee4195cf523b0af3c""},{""x"":0.1935,""y"":0.1766,""tSec"":15.15,""_id"":""69bf536ee4195cf523b0af3d""},{""x"":0.2064,""y"":0.1699,""tSec"":15.2,""_id"":""69bf536ee4195cf523b0af3e""},{""x"":0.2141,""y"":0.1653,""tSec"":15.2,""_id"":""69bf536ee4195cf523b0af3f""},{""x"":0.2319,""y"":0.1553,""tSec"":15.2,""_id"":""69bf536ee4195cf523b0af40""},{""x"":0.2862,""y"":0.134,""tSec"":15.25,""_id"":""69bf536ee4195cf523b0af41""},{""x"":0.344,""y"":0.121,""tSec"":15.3,""_id"":""69bf536ee4195cf523b0af42""},{""x"":0.3755,""y"":0.1155,""tSec"":15.3,""_id"":""69bf536ee4195cf523b0af43""},{""x"":0.4276,""y"":0.114,""tSec"":15.3,""_id"":""69bf536ee4195cf523b0af44""},{""x"":0.4905,""y"":0.1224,""tSec"":15.35,""_id"":""69bf536ee4195cf523b0af45""},{""x"":0.5265,""y"":0.132,""tSec"":15.35,""_id"":""69bf536ee4195cf523b0af46""},{""x"":0.5569,""y"":0.1417,""tSec"":15.4,""_id"":""69bf536ee4195cf523b0af47""},{""x"":0.5934,""y"":0.1438,""tSec"":15.4,""_id"":""69bf536ee4195cf523b0af48""}],""shotMarkers"":[],""fingerprint"":""726af13c"",""_id"":""69bf536ee4195cf523b0af0d""}",right,5.0,0.0,0.0,0.0,0.0,comms,0.0,some,False,good,20.5,0.0,20.5,0.0,0.0,0.0,0.0,0.0,0.0,,True,49,0.0,0,0.0,0.0,0.0,0.0,0.0,0.0,0.0,0.0,False,red_1,Quinn,0.0,4.1,1,4.1,0.0,0.0,4.1,0.0,0.0,0.0,0.0,5137,0.0,20.5,0.0,0.0,0.0,20.5,0.0,None,1
"{""totalSec"":163,""autoEndSec"":20,""delayEndSec"":23,""intervals"":[],""_id"":""69bf5380e4195cf523b0af4f""}",0.0,{},,5.0,0.0,0.0,0.0,0.0,mechanism,0.0,None,False,rough,0.0,0.0,0.0,0.0,0.0,0.0,0.0,0.0,0.0,No movement for most of the match,False,49,0.0,0,0.0,0.0,0.0,0.0,0.0,0.0,0.0,0.0,False,red_2,Andy,0.0,0.0,0,0.0,0.0,0.0,0.0,0.0,0.0,0.0,0.0,9505,0.0,0.0,0.0,0.0,0.0,0.0,0.0,None,0
"{""totalSec"":163,""autoEndSec"":20,""delayEndSec"":23,""intervals"":[{""action"":""shoot"",""startSec"":31.3,""endSec"":32.25,""durationSec"":0.95,""_id"":""69bf5393e4195cf523b0b10e""},{""action"":""shoot"",""startSec"":33.05,""endSec"":33.6,""durationSec"":0.55,""_id"":""69bf5393e4195cf523b0b10f""},{""action"":""shoot"",""startSec"":52.85,""endSec"":55.1,""durationSec"":2.25,""_id"":""69bf5393e4195cf523b0b110""},{""action"":""shoot"",""startSec"":87.65,""endSec"":94.05,""durationSec"":6.4,""_id"":""69bf5393e4195cf523b0b111""},{""action"":""shoot"",""startSec"":144.9,""endSec"":146.05,""durationSec"":1.15,""_id"":""69bf5393e4195cf523b0b112""}],""_id"":""69bf5393e4195cf523b0b10d""}",0.0,"{""alliance"":""blue"",""startPosition"":""right"",""points"":[{""x"":0.34,""y"":0.33,""tSec"":7.5,""_id"":""69bf5393e4195cf523b0af5c""},{""x"":0.3321,""y"":0.3441,""tSec"":7.5,""_id"":""69bf5393e4195cf523b0af5d""},{""x"":0.3296,""y"":0.3344,""tSec"":7.6,""_id"":""69bf5393e4195cf523b0af5e""},{""x"":0.3278,""y"":0.3181,""tSec"":7.65,""_id"":""69bf5393e4195cf523b0af5f""},{""x"":0.3268,""y"":0.3076,""tSec"":7.7,""_id"":""69bf5393e4195cf523b0af60""},{""x"":0.3259,""y"":0.2978,""tSec"":7.7,""_id"":""69bf5393e4195cf523b0af61""},{""x"":0.3242,""y"":0.2891,""tSec"":7.75,""_id"":""69bf5393e4195cf523b0af62""},{""x"":0.3217,""y"":0.2777,""tSec"":7.8,""_id"":""69bf5393e4195cf523b0af63""},{""x"":0.3191,""y"":0.2678,""tSec"":7.8,""_id"":""69bf5393e4195cf523b0af64""},{""x"":0.3165,""y"":0.2524,""tSec"":7.9,""_id"":""69bf5393e4195cf523b0af65""},{""x"":0.3147,""y"":0.2449,""tSec"":7.9,""_id"":""69bf5393e4195cf523b0af66""},{""x"":0.3137,""y"":0.2365,""tSec"":7.95,""_id"":""69bf5393e4195cf523b0af67""},{""x"":0.312,""y"":0.2288,""tSec"":8,""_id"":""69bf5393e4195cf523b0af68""},{""x"":0.3111,""y"":0.2213,""tSec"":8,""_id"":""69bf5393e4195cf523b0af69""},{""x"":0.3094,""y"":0.2091,""tSec"":8.05,""_id"":""69bf5393e4195cf523b0af6a""},{""x"":0.3092,""y"":0.2009,""tSec"":8.1,""_id"":""69bf5393e4195cf523b0af6b""},{""x"":0.3092,""y"":0.1915,""tSec"":8.1,""_id"":""69bf5393e4195cf523b0af6c""},{""x"":0.3092,""y"":0.1752,""tSec"":8.15,""_id"":""69bf5393e4195cf523b0af6d""},{""x"":0.31,""y"":0.1647,""tSec"":8.2,""_id"":""69bf5393e4195cf523b0af6e""},{""x"":0.3101,""y"":0.1569,""tSec"":8.2,""_id"":""69bf5393e4195cf523b0af6f""},{""x"":0.3101,""y"":0.1474,""tSec"":8.25,""_id"":""69bf5393e4195cf523b0af70""},{""x"":0.3101,""y"":0.1387,""tSec"":8.3,""_id"":""69bf5393e4195cf523b0af71""},{""x"":0.3101,""y"":0.1292,""tSec"":8.35,""_id"":""69bf5393e4195cf523b0af72""},{""x"":0.3101,""y"":0.1167,""tSec"":8.4,""_id"":""69bf5393e4195cf523b0af73""},{""x"":0.3101,""y"":0.1095,""tSec"":8.4,""_id"":""69bf5393e4195cf523b0af74""},{""x"":0.3101,""y"":0.102,""tSec"":8.45,""_id"":""69bf5393e4195cf523b0af75""},{""x"":0.3101,""y"":0.0945,""tSec"":8.5,""_id"":""69bf5393e4195cf523b0af76""},{""x"":0.3109,""y"":0.0841,""tSec"":8.55,""_id"":""69bf5393e4195cf523b0af77""},{""x"":0.3117,""y"":0.0763,""tSec"":8.6,""_id"":""69bf5393e4195cf523b0af78""},{""x"":0.3118,""y"":0.0678,""tSec"":8.65,""_id"":""69bf5393e4195cf523b0af79""},{""x"":0.3126,""y"":0.0592,""tSec"":8.7,""_id"":""69bf5393e4195cf523b0af7a""},{""x"":0.3135,""y"":0.0515,""tSec"":8.8,""_id"":""69bf5393e4195cf523b0af7b""},{""x"":0.3144,""y"":0.044,""tSec"":8.9,""_id"":""69bf5393e4195cf523b0af7c""},{""x"":0.3121,""y"":0.0611,""tSec"":11.4,""_id"":""69bf5393e4195cf523b0af7d""},{""x"":0.3226,""y"":0.0688,""tSec"":11.5,""_id"":""69bf5393e4195cf523b0af7e""},{""x"":0.33,""y"":0.0726,""tSec"":11.5,""_id"":""69bf5393e4195cf523b0af7f""},{""x"":0.3378,""y"":0.0759,""tSec"":11.5,""_id"":""69bf5393e4195cf523b0af80""},{""x"":0.3602,""y"":0.0829,""tSec"":11.55,""_id"":""69bf5393e4195cf523b0af81""},{""x"":0.369,""y"":0.0856,""tSec"":11.6,""_id"":""69bf5393e4195cf523b0af82""},{""x"":0.3762,""y"":0.0878,""tSec"":11.6,""_id"":""69bf5393e4195cf523b0af83""},{""x"":0.3855,""y"":0.0909,""tSec"":11.6,""_id"":""69bf5393e4195cf523b0af84""},{""x"":0.3958,""y"":0.095,""tSec"":11.7,""_id"":""69bf5393e4195cf523b0af85""},{""x"":0.3886,""y"":0.0983,""tSec"":11.9,""_id"":""69bf5393e4195cf523b0af86""},{""x"":0.3947,""y"":0.0931,""tSec"":12,""_id"":""69bf5393e4195cf523b0af87""},{""x"":0.4115,""y"":0.0859,""tSec"":12.05,""_id"":""69bf5393e4195cf523b0af88""},{""x"":0.4196,""y"":0.0803,""tSec"":12.05,""_id"":""69bf5393e4195cf523b0af89""},{""x"":0.4244,""y"":0.0748,""tSec"":12.05,""_id"":""69bf5393e4195cf523b0af8a""},{""x"":0.4296,""y"":0.0572,""tSec"":12.1,""_id"":""69bf5393e4195cf523b0af8b""},{""x"":0.4256,""y"":0.0457,""tSec"":12.15,""_id"":""69bf5393e4195cf523b0af8c""},{""x"":0.4198,""y"":0.0395,""tSec"":12.15,""_id"":""69bf5393e4195cf523b0af8d""},{""x"":0.4121,""y"":0.034,""tSec"":12.15,""_id"":""69bf5393e4195cf523b0af8e""},{""x"":0.4021,""y"":0.0306,""tSec"":12.15,""_id"":""69bf5393e4195cf523b0af8f""},{""x"":0.3817,""y"":0.0292,""tSec"":12.2,""_id"":""69bf5393e4195cf523b0af90""},{""x"":0.3647,""y"":0.0347,""tSec"":12.25,""_id"":""69bf5393e4195cf523b0af91""},{""x"":0.3427,""y"":0.06,""tSec"":12.3,""_id"":""69bf5393e4195cf523b0af92""},{""x"":0.3309,""y"":0.0857,""tSec"":12.3,""_id"":""69bf5393e4195cf523b0af93""},{""x"":0.3279,""y"":0.0982,""tSec"":12.35,""_id"":""69bf5393e4195cf523b0af94""},{""x"":0.3306,""y"":0.1148,""tSec"":12.35,""_id"":""69bf5393e4195cf523b0af95""},{""x"":0.3409,""y"":0.1254,""tSec"":12.4,""_id"":""69bf5393e4195cf523b0af96""},{""x"":0.3698,""y"":0.1209,""tSec"":12.4,""_id"":""69bf5393e4195cf523b0af97""},{""x"":0.3809,""y"":0.1138,""tSec"":12.45,""_id"":""69bf5393e4195cf523b0af98""},{""x"":0.3922,""y"":0.0988,""tSec"":12.45,""_id"":""69bf5393e4195cf523b0af99""},{""x"":0.3974,""y"":0.0884,""tSec"":12.45,""_id"":""69bf5393e4195cf523b0af9a""},{""x"":0.3995,""y"":0.0796,""tSec"":12.45,""_id"":""69bf5393e4195cf523b0af9b""},{""x"":0.3991,""y"":0.0719,""tSec"":12.5,""_id"":""69bf5393e4195cf523b0af9c""},{""x"":0.3966,""y"":0.0644,""tSec"":12.5,""_id"":""69bf5393e4195cf523b0af9d""},{""x"":0.3849,""y"":0.0531,""tSec"":12.55,""_id"":""69bf5393e4195cf523b0af9e""},{""x"":0.3735,""y"":0.048,""tSec"":12.55,""_id"":""69bf5393e4195cf523b0af9f""},{""x"":0.3621,""y"":0.0474,""tSec"":12.6,""_id"":""69bf5393e4195cf523b0afa0""},{""x"":0.3523,""y"":0.0492,""tSec"":12.6,""_id"":""69bf5393e4195cf523b0afa1""},{""x"":0.3389,""y"":0.0589,""tSec"":12.6,""_id"":""69bf5393e4195cf523b0afa2""},{""x"":0.3319,""y"":0.0704,""tSec"":12.65,""_id"":""69bf5393e4195cf523b0afa3""},{""x"":0.328,""y"":0.0832,""tSec"":12.65,""_id"":""69bf5393e4195cf523b0afa4""},{""x"":0.3276,""y"":0.0951,""tSec"":12.65,""_id"":""69bf5393e4195cf523b0afa5""},{""x"":0.3337,""y"":0.1126,""tSec"":12.7,""_id"":""69bf5393e4195cf523b0afa6""},{""x"":0.3421,""y"":0.1203,""tSec"":12.7,""_id"":""69bf5393e4195cf523b0afa7""},{""x"":0.3553,""y"":0.1232,""tSec"":12.7,""_id"":""69bf5393e4195cf523b0afa8""},{""x"":0.37,""y"":0.1216,""tSec"":12.75,""_id"":""69bf5393e4195cf523b0afa9""},{""x"":0.3947,""y"":0.1101,""tSec"":12.75,""_id"":""69bf5393e4195cf523b0afaa""},{""x"":0.4122,""y"":0.0936,""tSec"":12.8,""_id"":""69bf5393e4195cf523b0afab""},{""x"":0.4182,""y"":0.085,""tSec"":12.8,""_id"":""69bf5393e4195cf523b0afac""},{""x"":0.4204,""y"":0.0764,""tSec"":12.8,""_id"":""69bf5393e4195cf523b0afad""},{""x"":0.4161,""y"":0.0621,""tSec"":12.85,""_id"":""69bf5393e4195cf523b0afae""},{""x"":0.3949,""y"":0.0519,""tSec"":12.85,""_id"":""69bf5393e4195cf523b0afaf""},{""x"":0.3777,""y"":0.0535,""tSec"":12.9,""_id"":""69bf5393e4195cf523b0afb0""},{""x"":0.3619,""y"":0.0612,""tSec"":12.9,""_id"":""69bf5393e4195cf523b0afb1""},{""x"":0.3477,""y"":0.0735,""tSec"":12.9,""_id"":""69bf5393e4195cf523b0afb2""},{""x"":0.3284,""y"":0.1043,""tSec"":12.95,""_id"":""69bf5393e4195cf523b0afb3""},{""x"":0.323,""y"":0.1222,""tSec"":12.95,""_id"":""69bf5393e4195cf523b0afb4""},{""x"":0.3232,""y"":0.1338,""tSec"":12.95,""_id"":""69bf5393e4195cf523b0afb5""},{""x"":0.327,""y"":0.1418,""tSec"":12.95,""_id"":""69bf5393e4195cf523b0afb6""},{""x"":0.3351,""y"":0.1484,""tSec"":13,""_id"":""69bf5393e4195cf523b0afb7""},{""x"":0.3491,""y"":0.1521,""tSec"":13,""_id"":""69bf5393e4195cf523b0afb8""},{""x"":0.3784,""y"":0.143,""tSec"":13.05,""_id"":""69bf5393e4195cf523b0afb9""},{""x"":0.3949,""y"":0.1316,""tSec"":13.05,""_id"":""69bf5393e4195cf523b0afba""},{""x"":0.4261,""y"":0.0886,""tSec"":13.1,""_id"":""69bf5393e4195cf523b0afbb""},{""x"":0.4321,""y"":0.0503,""tSec"":13.15,""_id"":""69bf5393e4195cf523b0afbc""},{""x"":0.4198,""y"":0.0353,""tSec"":13.15,""_id"":""69bf5393e4195cf523b0afbd""},{""x"":0.3953,""y"":0.0364,""tSec"":13.15,""_id"":""69bf5393e4195cf523b0afbe""},{""x"":0.3809,""y"":0.0441,""tSec"":13.2,""_id"":""69bf5393e4195cf523b0afbf""},{""x"":0.37,""y"":0.0554,""tSec"":13.2,""_id"":""69bf5393e4195cf523b0afc0""},{""x"":0.3533,""y"":0.0889,""tSec"":13.25,""_id"":""69bf5393e4195cf523b0afc1""},{""x"":0.3483,""y"":0.1165,""tSec"":13.25,""_id"":""69bf5393e4195cf523b0afc2""},{""x"":0.3484,""y"":0.1265,""tSec"":13.3,""_id"":""69bf5393e4195cf523b0afc3""},{""x"":0.3538,""y"":0.1343,""tSec"":13.3,""_id"":""69bf5393e4195cf523b0afc4""},{""x"":0.3721,""y"":0.1295,""tSec"":13.35,""_id"":""69bf5393e4195cf523b0afc5""},{""x"":0.3797,""y"":0.1214,""tSec"":13.35,""_id"":""69bf5393e4195cf523b0afc6""},{""x"":0.3867,""y"":0.1091,""tSec"":13.35,""_id"":""69bf5393e4195cf523b0afc7""},{""x"":0.3937,""y"":0.0926,""tSec"":13.4,""_id"":""69bf5393e4195cf523b0afc8""},{""x"":0.3991,""y"":0.065,""tSec"":13.4,""_id"":""69bf5393e4195cf523b0afc9""},{""x"":0.399,""y"":0.0532,""tSec"":13.45,""_id"":""69bf5393e4195cf523b0afca""},{""x"":0.3966,""y"":0.0452,""tSec"":13.45,""_id"":""69bf5393e4195cf523b0afcb""},{""x"":0.3849,""y"":0.0357,""tSec"":13.5,""_id"":""69bf5393e4195cf523b0afcc""},{""x"":0.3651,""y"":0.0364,""tSec"":13.5,""_id"":""69bf5393e4195cf523b0afcd""},{""x"":0.3558,""y"":0.0412,""tSec"":13.5,""_id"":""69bf5393e4195cf523b0afce""},{""x"":0.3493,""y"":0.0466,""tSec"":13.55,""_id"":""69bf5393e4195cf523b0afcf""},{""x"":0.3447,""y"":0.0538,""tSec"":13.55,""_id"":""69bf5393e4195cf523b0afd0""},{""x"":0.3419,""y"":0.0622,""tSec"":13.55,""_id"":""69bf5393e4195cf523b0afd1""},{""x"":0.3438,""y"":0.0746,""tSec"":13.6,""_id"":""69bf5393e4195cf523b0afd2""},{""x"":0.3486,""y"":0.0808,""tSec"":13.6,""_id"":""69bf5393e4195cf523b0afd3""},{""x"":0.3577,""y"":0.0872,""tSec"":13.6,""_id"":""69bf5393e4195cf523b0afd4""},{""x"":0.3687,""y"":0.0908,""tSec"":13.6,""_id"":""69bf5393e4195cf523b0afd5""},{""x"":0.3793,""y"":0.0912,""tSec"":13.65,""_id"":""69bf5393e4195cf523b0afd6""},{""x"":0.3989,""y"":0.0866,""tSec"":13.65,""_id"":""69bf5393e4195cf523b0afd7""},{""x"":0.4081,""y"":0.0823,""tSec"":13.7,""_id"":""69bf5393e4195cf523b0afd8""},{""x"":0.4154,""y"":0.077,""tSec"":13.7,""_id"":""69bf5393e4195cf523b0afd9""},{""x"":0.4224,""y"":0.0688,""tSec"":13.75,""_id"":""69bf5393e4195cf523b0afda""},{""x"":0.4232,""y"":0.0583,""tSec"":13.75,""_id"":""69bf5393e4195cf523b0afdb""},{""x"":0.4133,""y"":0.0477,""tSec"":13.8,""_id"":""69bf5393e4195cf523b0afdc""},{""x"":0.3991,""y"":0.0436,""tSec"":13.8,""_id"":""69bf5393e4195cf523b0afdd""},{""x"":0.3813,""y"":0.0449,""tSec"":13.8,""_id"":""69bf5393e4195cf523b0afde""},{""x"":0.3531,""y"":0.0584,""tSec"":13.85,""_id"":""69bf5393e4195cf523b0afdf""},{""x"":0.339,""y"":0.0694,""tSec"":13.85,""_id"":""69bf5393e4195cf523b0afe0""},{""x"":0.3305,""y"":0.0783,""tSec"":13.85,""_id"":""69bf5393e4195cf523b0afe1""},{""x"":0.3233,""y"":0.0889,""tSec"":13.85,""_id"":""69bf5393e4195cf523b0afe2""},{""x"":0.3185,""y"":0.1052,""tSec"":13.9,""_id"":""69bf5393e4195cf523b0afe3""},{""x"":0.3211,""y"":0.1138,""tSec"":13.95,""_id"":""69bf5393e4195cf523b0afe4""},{""x"":0.3451,""y"":0.1177,""tSec"":14,""_id"":""69bf5393e4195cf523b0afe5""},{""x"":0.3703,""y"":0.1096,""tSec"":14,""_id"":""69bf5393e4195cf523b0afe6""},{""x"":0.3824,""y"":0.103,""tSec"":14.05,""_id"":""69bf5393e4195cf523b0afe7""},{""x"":0.3916,""y"":0.0956,""tSec"":14.05,""_id"":""69bf5393e4195cf523b0afe8""},{""x"":0.3988,""y"":0.089,""tSec"":14.05,""_id"":""69bf5393e4195cf523b0afe9""},{""x"":0.4066,""y"":0.0769,""tSec"":14.1,""_id"":""69bf5393e4195cf523b0afea""},{""x"":0.4083,""y"":0.065,""tSec"":14.1,""_id"":""69bf5393e4195cf523b0afeb""},{""x"":0.4031,""y"":0.0551,""tSec"":14.15,""_id"":""69bf5393e4195cf523b0afec""},{""x"":0.3917,""y"":0.0463,""tSec"":14.15,""_id"":""69bf5393e4195cf523b0afed""},{""x"":0.3835,""y"":0.0434,""tSec"":14.2,""_id"":""69bf5393e4195cf523b0afee""},{""x"":0.371,""y"":0.043,""tSec"":14.2,""_id"":""69bf5393e4195cf523b0afef""},{""x"":0.3626,""y"":0.0486,""tSec"":14.25,""_id"":""69bf5393e4195cf523b0aff0""},{""x"":0.3578,""y"":0.0559,""tSec"":14.25,""_id"":""69bf5393e4195cf523b0aff1""},{""x"":0.3542,""y"":0.0643,""tSec"":14.25,""_id"":""69bf5393e4195cf523b0aff2""},{""x"":0.353,""y"":0.0796,""tSec"":14.3,""_id"":""69bf5393e4195cf523b0aff3""},{""x"":0.3543,""y"":0.0871,""tSec"":14.3,""_id"":""69bf5393e4195cf523b0aff4""},{""x"":0.3583,""y"":0.0946,""tSec"":14.35,""_id"":""69bf5393e4195cf523b0aff5""},{""x"":0.3688,""y"":0.1012,""tSec"":14.35,""_id"":""69bf5393e4195cf523b0aff6""},{""x"":0.3853,""y"":0.0954,""tSec"":14.4,""_id"":""69bf5393e4195cf523b0aff7""},{""x"":0.3912,""y"":0.0899,""tSec"":14.4,""_id"":""69bf5393e4195cf523b0aff8""},{""x"":0.3957,""y"":0.0827,""tSec"":14.45,""_id"":""69bf5393e4195cf523b0aff9""},{""x"":0.3986,""y"":0.0751,""tSec"":14.45,""_id"":""69bf5393e4195cf523b0affa""},{""x"":0.3997,""y"":0.0676,""tSec"":14.45,""_id"":""69bf5393e4195cf523b0affb""},{""x"":0.3952,""y"":0.0563,""tSec"":14.5,""_id"":""69bf5393e4195cf523b0affc""},{""x"":0.3862,""y"":0.0493,""tSec"":14.5,""_id"":""69bf5393e4195cf523b0affd""},{""x"":0.3568,""y"":0.0447,""tSec"":14.5,""_id"":""69bf5393e4195cf523b0affe""},{""x"":0.3395,""y"":0.046,""tSec"":14.5,""_id"":""69bf5393e4195cf523b0afff""},{""x"":0.3175,""y"":0.0556,""tSec"":14.55,""_id"":""69bf5393e4195cf523b0b000""},{""x"":0.3048,""y"":0.0691,""tSec"":14.6,""_id"":""69bf5393e4195cf523b0b001""},{""x"":0.2995,""y"":0.084,""tSec"":14.6,""_id"":""69bf5393e4195cf523b0b002""},{""x"":0.3004,""y"":0.0914,""tSec"":14.65,""_id"":""69bf5393e4195cf523b0b003""},{""x"":0.3051,""y"":0.0979,""tSec"":14.65,""_id"":""69bf5393e4195cf523b0b004""},{""x"":0.3149,""y"":0.1054,""tSec"":14.65,""_id"":""69bf5393e4195cf523b0b005""},{""x"":0.3291,""y"":0.1109,""tSec"":14.65,""_id"":""69bf5393e4195cf523b0b006""},{""x"":0.3438,""y"":0.1126,""tSec"":14.7,""_id"":""69bf5393e4195cf523b0b007""},{""x"":0.367,""y"":0.1071,""tSec"":14.7,""_id"":""69bf5393e4195cf523b0b008""},{""x"":0.3767,""y"":0.1017,""tSec"":14.75,""_id"":""69bf5393e4195cf523b0b009""},{""x"":0.3832,""y"":0.0955,""tSec"":14.75,""_id"":""69bf5393e4195cf523b0b00a""},{""x"":0.3879,""y"":0.088,""tSec"":14.75,""_id"":""69bf5393e4195cf523b0b00b""},{""x"":0.3915,""y"":0.0787,""tSec"":14.75,""_id"":""69bf5393e4195cf523b0b00c""},{""x"":0.3904,""y"":0.0595,""tSec"":14.8,""_id"":""69bf5393e4195cf523b0b00d""},{""x"":0.3842,""y"":0.0488,""tSec"":14.8,""_id"":""69bf5393e4195cf523b0b00e""},{""x"":0.3742,""y"":0.0389,""tSec"":14.85,""_id"":""69bf5393e4195cf523b0b00f""},{""x"":0.3615,""y"":0.0321,""tSec"":14.85,""_id"":""69bf5393e4195cf523b0b010""},{""x"":0.3493,""y"":0.0294,""tSec"":14.85,""_id"":""69bf5393e4195cf523b0b011""},{""x"":0.3301,""y"":0.031,""tSec"":14.9,""_id"":""69bf5393e4195cf523b0b012""},{""x"":0.3224,""y"":0.035,""tSec"":14.9,""_id"":""69bf5393e4195cf523b0b013""},{""x"":0.3147,""y"":0.0467,""tSec"":14.95,""_id"":""69bf5393e4195cf523b0b014""},{""x"":0.3114,""y"":0.0557,""tSec"":14.95,""_id"":""69bf5393e4195cf523b0b015""},{""x"":0.3125,""y"":0.0719,""tSec"":14.95,""_id"":""69bf5393e4195cf523b0b016""},{""x"":0.3158,""y"":0.0805,""tSec"":15,""_id"":""69bf5393e4195cf523b0b017""},{""x"":0.3207,""y"":0.0862,""tSec"":15,""_id"":""69bf5393e4195cf523b0b018""},{""x"":0.3283,""y"":0.0917,""tSec"":15,""_id"":""69bf5393e4195cf523b0b019""},{""x"":0.3491,""y"":0.0951,""tSec"":15,""_id"":""69bf5393e4195cf523b0b01a""},{""x"":0.3615,""y"":0.0927,""tSec"":15.05,""_id"":""69bf5393e4195cf523b0b01b""},{""x"":0.3814,""y"":0.0811,""tSec"":15.1,""_id"":""69bf5393e4195cf523b0b01c""},{""x"":0.3984,""y"":0.0598,""tSec"":15.1,""_id"":""69bf5393e4195cf523b0b01d""},{""x"":0.4019,""y"":0.046,""tSec"":15.15,""_id"":""69bf5393e4195cf523b0b01e""},{""x"":0.3886,""y"":0.033,""tSec"":15.2,""_id"":""69bf5393e4195cf523b0b01f""},{""x"":0.3763,""y"":0.0323,""tSec"":15.2,""_id"":""69bf5393e4195cf523b0b020""},{""x"":0.3641,""y"":0.036,""tSec"":15.2,""_id"":""69bf5393e4195cf523b0b021""},{""x"":0.3526,""y"":0.0431,""tSec"":15.2,""_id"":""69bf5393e4195cf523b0b022""},{""x"":0.3367,""y"":0.0628,""tSec"":15.2,""_id"":""69bf5393e4195cf523b0b023""},{""x"":0.3302,""y"":0.0775,""tSec"":15.2,""_id"":""69bf5393e4195cf523b0b024""},{""x"":0.3278,""y"":0.1,""tSec"":15.25,""_id"":""69bf5393e4195cf523b0b025""},{""x"":0.3291,""y"":0.1103,""tSec"":15.25,""_id"":""69bf5393e4195cf523b0b026""},{""x"":0.3369,""y"":0.121,""tSec"":15.25,""_id"":""69bf5393e4195cf523b0b027""},{""x"":0.3463,""y"":0.1251,""tSec"":15.3,""_id"":""69bf5393e4195cf523b0b028""},{""x"":0.3574,""y"":0.1247,""tSec"":15.3,""_id"":""69bf5393e4195cf523b0b029""},{""x"":0.3687,""y"":0.1208,""tSec"":15.3,""_id"":""69bf5393e4195cf523b0b02a""},{""x"":0.3861,""y"":0.1062,""tSec"":15.35,""_id"":""69bf5393e4195cf523b0b02b""},{""x"":0.3944,""y"":0.096,""tSec"":15.4,""_id"":""69bf5393e4195cf523b0b02c""},{""x"":0.4022,""y"":0.0758,""tSec"":15.4,""_id"":""69bf5393e4195cf523b0b02d""},{""x"":0.4032,""y"":0.0639,""tSec"":15.4,""_id"":""69bf5393e4195cf523b0b02e""},{""x"":0.4002,""y"":0.054,""tSec"":15.4,""_id"":""69bf5393e4195cf523b0b02f""},{""x"":0.393,""y"":0.0453,""tSec"":15.45,""_id"":""69bf5393e4195cf523b0b030""},{""x"":0.356,""y"":0.0319,""tSec"":15.45,""_id"":""69bf5393e4195cf523b0b031""},{""x"":0.3325,""y"":0.0303,""tSec"":15.45,""_id"":""69bf5393e4195cf523b0b032""},{""x"":0.3128,""y"":0.0329,""tSec"":15.5,""_id"":""69bf5393e4195cf523b0b033""},{""x"":0.2966,""y"":0.038,""tSec"":15.5,""_id"":""69bf5393e4195cf523b0b034""},{""x"":0.2794,""y"":0.048,""tSec"":15.55,""_id"":""69bf5393e4195cf523b0b035""},{""x"":0.2727,""y"":0.055,""tSec"":15.55,""_id"":""69bf5393e4195cf523b0b036""},{""x"":0.2696,""y"":0.0624,""tSec"":15.6,""_id"":""69bf5393e4195cf523b0b037""},{""x"":0.2715,""y"":0.0746,""tSec"":15.6,""_id"":""69bf5393e4195cf523b0b038""},{""x"":0.2763,""y"":0.0808,""tSec"":15.6,""_id"":""69bf5393e4195cf523b0b039""},{""x"":0.2869,""y"":0.0863,""tSec"":15.6,""_id"":""69bf5393e4195cf523b0b03a""},{""x"":0.3127,""y"":0.086,""tSec"":15.65,""_id"":""69bf5393e4195cf523b0b03b""},{""x"":0.3265,""y"":0.0822,""tSec"":15.7,""_id"":""69bf5393e4195cf523b0b03c""},{""x"":0.3435,""y"":0.0732,""tSec"":15.7,""_id"":""69bf5393e4195cf523b0b03d""},{""x"":0.3563,""y"":0.0598,""tSec"":15.75,""_id"":""69bf5393e4195cf523b0b03e""},{""x"":0.3617,""y"":0.0497,""tSec"":15.75,""_id"":""69bf5393e4195cf523b0b03f""},{""x"":0.3646,""y"":0.041,""tSec"":15.75,""_id"":""69bf5393e4195cf523b0b040""},{""x"":0.3664,""y"":0.0333,""tSec"":15.8,""_id"":""69bf5393e4195cf523b0b041""},{""x"":0.3652,""y"":0.0239,""tSec"":15.8,""_id"":""69bf5393e4195cf523b0b042""},{""x"":0.3612,""y"":0.018,""tSec"":15.85,""_id"":""69bf5393e4195cf523b0b043""},{""x"":0.353,""y"":0.0145,""tSec"":15.85,""_id"":""69bf5393e4195cf523b0b044""},{""x"":0.326,""y"":0.0442,""tSec"":15.9,""_id"":""69bf5393e4195cf523b0b045""},{""x"":0.3174,""y"":0.0611,""tSec"":15.95,""_id"":""69bf5393e4195cf523b0b046""},{""x"":0.3141,""y"":0.0745,""tSec"":15.95,""_id"":""69bf5393e4195cf523b0b047""},{""x"":0.3174,""y"":0.0931,""tSec"":15.95,""_id"":""69bf5393e4195cf523b0b048""},{""x"":0.3232,""y"":0.1001,""tSec"":15.95,""_id"":""69bf5393e4195cf523b0b049""},{""x"":0.347,""y"":0.1065,""tSec"":16,""_id"":""69bf5393e4195cf523b0b04a""},{""x"":0.3743,""y"":0.0997,""tSec"":16.05,""_id"":""69bf5393e4195cf523b0b04b""},{""x"":0.3883,""y"":0.0914,""tSec"":16.05,""_id"":""69bf5393e4195cf523b0b04c""},{""x"":0.4038,""y"":0.0734,""tSec"":16.05,""_id"":""69bf5393e4195cf523b0b04d""},{""x"":0.4079,""y"":0.0438,""tSec"":16.1,""_id"":""69bf5393e4195cf523b0b04e""},{""x"":0.3931,""y"":0.027,""tSec"":16.15,""_id"":""69bf5393e4195cf523b0b04f""},{""x"":0.3484,""y"":0.0193,""tSec"":16.2,""_id"":""69bf5393e4195cf523b0b050""},{""x"":0.33,""y"":0.0203,""tSec"":16.2,""_id"":""69bf5393e4195cf523b0b051""},{""x"":0.311,""y"":0.0261,""tSec"":16.25,""_id"":""69bf5393e4195cf523b0b052""},{""x"":0.3033,""y"":0.0306,""tSec"":16.25,""_id"":""69bf5393e4195cf523b0b053""},{""x"":0.2963,""y"":0.0462,""tSec"":16.25,""_id"":""69bf5393e4195cf523b0b054""},{""x"":0.2962,""y"":0.0594,""tSec"":16.25,""_id"":""69bf5393e4195cf523b0b055""},{""x"":0.3138,""y"":0.0809,""tSec"":16.3,""_id"":""69bf5393e4195cf523b0b056""},{""x"":0.3351,""y"":0.091,""tSec"":16.35,""_id"":""69bf5393e4195cf523b0b057""},{""x"":0.3744,""y"":0.0904,""tSec"":16.35,""_id"":""69bf5393e4195cf523b0b058""},{""x"":0.4114,""y"":0.0723,""tSec"":16.4,""_id"":""69bf5393e4195cf523b0b059""},{""x"":0.4265,""y"":0.0597,""tSec"":16.4,""_id"":""69bf5393e4195cf523b0b05a""},{""x"":0.436,""y"":0.0488,""tSec"":16.4,""_id"":""69bf5393e4195cf523b0b05b""},{""x"":0.4448,""y"":0.0304,""tSec"":16.45,""_id"":""69bf5393e4195cf523b0b05c""},{""x"":0.4451,""y"":0.0206,""tSec"":16.45,""_id"":""69bf5393e4195cf523b0b05d""},{""x"":0.4405,""y"":0.0129,""tSec"":16.45,""_id"":""69bf5393e4195cf523b0b05e""},{""x"":0.4239,""y"":0.0025,""tSec"":16.45,""_id"":""69bf5393e4195cf523b0b05f""},{""x"":0.3989,""y"":0.0003,""tSec"":16.5,""_id"":""69bf5393e4195cf523b0b060""},{""x"":0.3752,""y"":0.001,""tSec"":16.5,""_id"":""69bf5393e4195cf523b0b061""},{""x"":0.334,""y"":0.0209,""tSec"":16.55,""_id"":""69bf5393e4195cf523b0b062""},{""x"":0.3153,""y"":0.0366,""tSec"":16.55,""_id"":""69bf5393e4195cf523b0b063""},{""x"":0.3016,""y"":0.0545,""tSec"":16.55,""_id"":""69bf5393e4195cf523b0b064""},{""x"":0.2892,""y"":0.0879,""tSec"":16.6,""_id"":""69bf5393e4195cf523b0b065""},{""x"":0.2892,""y"":0.1032,""tSec"":16.6,""_id"":""69bf5393e4195cf523b0b066""},{""x"":0.2938,""y"":0.1126,""tSec"":16.6,""_id"":""69bf5393e4195cf523b0b067""},{""x"":0.3081,""y"":0.1213,""tSec"":16.65,""_id"":""69bf5393e4195cf523b0b068""},{""x"":0.3298,""y"":0.1224,""tSec"":16.65,""_id"":""69bf5393e4195cf523b0b069""},{""x"":0.3707,""y"":0.1036,""tSec"":16.65,""_id"":""69bf5393e4195cf523b0b06a""},{""x"":0.3909,""y"":0.0871,""tSec"":16.65,""_id"":""69bf5393e4195cf523b0b06b""},{""x"":0.4148,""y"":0.0567,""tSec"":16.7,""_id"":""69bf5393e4195cf523b0b06c""},{""x"":0.4247,""y"":0.0389,""tSec"":16.75,""_id"":""69bf5393e4195cf523b0b06d""},{""x"":0.4281,""y"":0.0254,""tSec"":16.75,""_id"":""69bf5393e4195cf523b0b06e""},{""x"":0.4277,""y"":0.0154,""tSec"":16.75,""_id"":""69bf5393e4195cf523b0b06f""},{""x"":0.4162,""y"":0.0018,""tSec"":16.8,""_id"":""69bf5393e4195cf523b0b070""},{""x"":0.3987,""y"":0.0002,""tSec"":16.8,""_id"":""69bf5393e4195cf523b0b071""},{""x"":0.3675,""y"":0.0038,""tSec"":16.8,""_id"":""69bf5393e4195cf523b0b072""},{""x"":0.353,""y"":0.0108,""tSec"":16.85,""_id"":""69bf5393e4195cf523b0b073""},{""x"":0.3436,""y"":0.0183,""tSec"":16.85,""_id"":""69bf5393e4195cf523b0b074""},{""x"":0.3356,""y"":0.0277,""tSec"":16.85,""_id"":""69bf5393e4195cf523b0b075""},{""x"":0.3278,""y"":0.0496,""tSec"":16.85,""_id"":""69bf5393e4195cf523b0b076""},{""x"":0.3275,""y"":0.0617,""tSec"":16.9,""_id"":""69bf5393e4195cf523b0b077""},{""x"":0.3314,""y"":0.0708,""tSec"":16.9,""_id"":""69bf5393e4195cf523b0b078""},{""x"":0.3387,""y"":0.0804,""tSec"":16.9,""_id"":""69bf5393e4195cf523b0b079""},{""x"":0.3703,""y"":0.0947,""tSec"":16.95,""_id"":""69bf5393e4195cf523b0b07a""},{""x"":0.3925,""y"":0.0946,""tSec"":17,""_id"":""69bf5393e4195cf523b0b07b""},{""x"":0.4105,""y"":0.0889,""tSec"":17,""_id"":""69bf5393e4195cf523b0b07c""},{""x"":0.4402,""y"":0.0683,""tSec"":17,""_id"":""69bf5393e4195cf523b0b07d""},{""x"":0.4522,""y"":0.0564,""tSec"":17.05,""_id"":""69bf5393e4195cf523b0b07e""},{""x"":0.4636,""y"":0.0361,""tSec"":17.05,""_id"":""69bf5393e4195cf523b0b07f""},{""x"":0.4657,""y"":0.0261,""tSec"":17.05,""_id"":""69bf5393e4195cf523b0b080""},{""x"":0.43,""y"":0.0117,""tSec"":17.1,""_id"":""69bf5393e4195cf523b0b081""},{""x"":0.3988,""y"":0.0165,""tSec"":17.15,""_id"":""69bf5393e4195cf523b0b082""},{""x"":0.3491,""y"":0.0492,""tSec"":17.15,""_id"":""69bf5393e4195cf523b0b083""},{""x"":0.3263,""y"":0.0693,""tSec"":17.15,""_id"":""69bf5393e4195cf523b0b084""},{""x"":0.3105,""y"":0.0868,""tSec"":17.2,""_id"":""69bf5393e4195cf523b0b085""},{""x"":0.2994,""y"":0.1021,""tSec"":17.2,""_id"":""69bf5393e4195cf523b0b086""},{""x"":0.2927,""y"":0.1153,""tSec"":17.2,""_id"":""69bf5393e4195cf523b0b087""},{""x"":0.2935,""y"":0.1311,""tSec"":17.2,""_id"":""69bf5393e4195cf523b0b088""},{""x"":0.3005,""y"":0.1387,""tSec"":17.25,""_id"":""69bf5393e4195cf523b0b089""},{""x"":0.3182,""y"":0.1424,""tSec"":17.25,""_id"":""69bf5393e4195cf523b0b08a""},{""x"":0.3394,""y"":0.1391,""tSec"":17.25,""_id"":""69bf5393e4195cf523b0b08b""},{""x"":0.3603,""y"":0.1301,""tSec"":17.3,""_id"":""69bf5393e4195cf523b0b08c""},{""x"":0.3928,""y"":0.1063,""tSec"":17.35,""_id"":""69bf5393e4195cf523b0b08d""},{""x"":0.4074,""y"":0.0931,""tSec"":17.35,""_id"":""69bf5393e4195cf523b0b08e""},{""x"":0.416,""y"":0.0821,""tSec"":17.35,""_id"":""69bf5393e4195cf523b0b08f""},{""x"":0.4232,""y"":0.0619,""tSec"":17.4,""_id"":""69bf5393e4195cf523b0b090""},{""x"":0.4218,""y"":0.0509,""tSec"":17.4,""_id"":""69bf5393e4195cf523b0b091""},{""x"":0.4002,""y"":0.0336,""tSec"":17.45,""_id"":""69bf5393e4195cf523b0b092""},{""x"":0.3777,""y"":0.0277,""tSec"":17.45,""_id"":""69bf5393e4195cf523b0b093""},{""x"":0.3527,""y"":0.0288,""tSec"":17.45,""_id"":""69bf5393e4195cf523b0b094""},{""x"":0.3305,""y"":0.0337,""tSec"":17.45,""_id"":""69bf5393e4195cf523b0b095""},{""x"":0.3034,""y"":0.0503,""tSec"":17.5,""_id"":""69bf5393e4195cf523b0b096""},{""x"":0.2932,""y"":0.0599,""tSec"":17.5,""_id"":""69bf5393e4195cf523b0b097""},{""x"":0.2866,""y"":0.0809,""tSec"":17.55,""_id"":""69bf5393e4195cf523b0b098""},{""x"":0.295,""y"":0.0986,""tSec"":17.55,""_id"":""69bf5393e4195cf523b0b099""},{""x"":0.3091,""y"":0.1092,""tSec"":17.55,""_id"":""69bf5393e4195cf523b0b09a""},{""x"":0.3276,""y"":0.1152,""tSec"":17.6,""_id"":""69bf5393e4195cf523b0b09b""},{""x"":0.3459,""y"":0.1159,""tSec"":17.6,""_id"":""69bf5393e4195cf523b0b09c""},{""x"":0.3741,""y"":0.1075,""tSec"":17.6,""_id"":""69bf5393e4195cf523b0b09d""},{""x"":0.386,""y"":0.0998,""tSec"":17.65,""_id"":""69bf5393e4195cf523b0b09e""},{""x"":0.3974,""y"":0.0839,""tSec"":17.7,""_id"":""69bf5393e4195cf523b0b09f""},{""x"":0.3995,""y"":0.0706,""tSec"":17.7,""_id"":""69bf5393e4195cf523b0b0a0""},{""x"":0.3975,""y"":0.0577,""tSec"":17.7,""_id"":""69bf5393e4195cf523b0b0a1""},{""x"":0.3827,""y"":0.0372,""tSec"":17.75,""_id"":""69bf5393e4195cf523b0b0a2""},{""x"":0.3679,""y"":0.0272,""tSec"":17.75,""_id"":""69bf5393e4195cf523b0b0a3""},{""x"":0.3424,""y"":0.0222,""tSec"":17.75,""_id"":""69bf5393e4195cf523b0b0a4""},{""x"":0.3301,""y"":0.0244,""tSec"":17.8,""_id"":""69bf5393e4195cf523b0b0a5""},{""x"":0.3171,""y"":0.036,""tSec"":17.8,""_id"":""69bf5393e4195cf523b0b0a6""},{""x"":0.3132,""y"":0.0468,""tSec"":17.85,""_id"":""69bf5393e4195cf523b0b0a7""},{""x"":0.315,""y"":0.0604,""tSec"":17.85,""_id"":""69bf5393e4195cf523b0b0a8""},{""x"":0.336,""y"":0.0905,""tSec"":17.85,""_id"":""69bf5393e4195cf523b0b0a9""},{""x"":0.3569,""y"":0.1063,""tSec"":17.9,""_id"":""69bf5393e4195cf523b0b0aa""},{""x"":0.3916,""y"":0.1111,""tSec"":17.9,""_id"":""69bf5393e4195cf523b0b0ab""},{""x"":0.4081,""y"":0.105,""tSec"":17.95,""_id"":""69bf5393e4195cf523b0b0ac""},{""x"":0.42,""y"":0.0958,""tSec"":17.95,""_id"":""69bf5393e4195cf523b0b0ad""},{""x"":0.4344,""y"":0.072,""tSec"":17.95,""_id"":""69bf5393e4195cf523b0b0ae""},{""x"":0.4354,""y"":0.0474,""tSec"":18,""_id"":""69bf5393e4195cf523b0b0af""},{""x"":0.4164,""y"":0.0236,""tSec"":18,""_id"":""69bf5393e4195cf523b0b0b0""},{""x"":0.3972,""y"":0.0132,""tSec"":18.05,""_id"":""69bf5393e4195cf523b0b0b1""},{""x"":0.3612,""y"":0.011,""tSec"":18.05,""_id"":""69bf5393e4195cf523b0b0b2""},{""x"":0.3439,""y"":0.0155,""tSec"":18.1,""_id"":""69bf5393e4195cf523b0b0b3""},{""x"":0.3303,""y"":0.0255,""tSec"":18.1,""_id"":""69bf5393e4195cf523b0b0b4""},{""x"":0.3171,""y"":0.0456,""tSec"":18.1,""_id"":""69bf5393e4195cf523b0b0b5""},{""x"":0.3087,""y"":0.0726,""tSec"":18.1,""_id"":""69bf5393e4195cf523b0b0b6""},{""x"":0.3084,""y"":0.1127,""tSec"":18.15,""_id"":""69bf5393e4195cf523b0b0b7""},{""x"":0.3138,""y"":0.1289,""tSec"":18.15,""_id"":""69bf5393e4195cf523b0b0b8""},{""x"":0.3351,""y"":0.1384,""tSec"":18.2,""_id"":""69bf5393e4195cf523b0b0b9""},{""x"":0.3538,""y"":0.1338,""tSec"":18.2,""_id"":""69bf5393e4195cf523b0b0ba""},{""x"":0.3858,""y"":0.1068,""tSec"":18.25,""_id"":""69bf5393e4195cf523b0b0bb""},{""x"":0.4158,""y"":0.0714,""tSec"":18.25,""_id"":""69bf5393e4195cf523b0b0bc""},{""x"":0.4347,""y"":0.0464,""tSec"":18.25,""_id"":""69bf5393e4195cf523b0b0bd""},{""x"":0.4416,""y"":0.0321,""tSec"":18.3,""_id"":""69bf5393e4195cf523b0b0be""},{""x"":0.4263,""y"":0.0266,""tSec"":18.35,""_id"":""69bf5393e4195cf523b0b0bf""},{""x"":0.3915,""y"":0.042,""tSec"":18.4,""_id"":""69bf5393e4195cf523b0b0c0""},{""x"":0.3713,""y"":0.0589,""tSec"":18.4,""_id"":""69bf5393e4195cf523b0b0c1""},{""x"":0.355,""y"":0.0798,""tSec"":18.4,""_id"":""69bf5393e4195cf523b0b0c2""},{""x"":0.3362,""y"":0.1202,""tSec"":18.45,""_id"":""69bf5393e4195cf523b0b0c3""},{""x"":0.3324,""y"":0.1411,""tSec"":18.45,""_id"":""69bf5393e4195cf523b0b0c4""},{""x"":0.3411,""y"":0.1644,""tSec"":18.45,""_id"":""69bf5393e4195cf523b0b0c5""},{""x"":0.3729,""y"":0.1748,""tSec"":18.5,""_id"":""69bf5393e4195cf523b0b0c6""},{""x"":0.3935,""y"":0.1704,""tSec"":18.5,""_id"":""69bf5393e4195cf523b0b0c7""},{""x"":0.4129,""y"":0.1585,""tSec"":18.5,""_id"":""69bf5393e4195cf523b0b0c8""},{""x"":0.4305,""y"":0.1438,""tSec"":18.55,""_id"":""69bf5393e4195cf523b0b0c9""},{""x"":0.4541,""y"":0.1118,""tSec"":18.6,""_id"":""69bf5393e4195cf523b0b0ca""},{""x"":0.4623,""y"":0.0929,""tSec"":18.6,""_id"":""69bf5393e4195cf523b0b0cb""},{""x"":0.461,""y"":0.065,""tSec"":18.6,""_id"":""69bf5393e4195cf523b0b0cc""},{""x"":0.4555,""y"":0.0541,""tSec"":18.65,""_id"":""69bf5393e4195cf523b0b0cd""},{""x"":0.4426,""y"":0.0453,""tSec"":18.65,""_id"":""69bf5393e4195cf523b0b0ce""},{""x"":0.4249,""y"":0.0423,""tSec"":18.65,""_id"":""69bf5393e4195cf523b0b0cf""},{""x"":0.409,""y"":0.0457,""tSec"":18.65,""_id"":""69bf5393e4195cf523b0b0d0""},{""x"":0.3841,""y"":0.0679,""tSec"":18.7,""_id"":""69bf5393e4195cf523b0b0d1""},{""x"":0.3696,""y"":0.098,""tSec"":18.7,""_id"":""69bf5393e4195cf523b0b0d2""},{""x"":0.3648,""y"":0.1243,""tSec"":18.75,""_id"":""69bf5393e4195cf523b0b0d3""},{""x"":0.3665,""y"":0.1473,""tSec"":18.75,""_id"":""69bf5393e4195cf523b0b0d4""},{""x"":0.3782,""y"":0.1727,""tSec"":18.8,""_id"":""69bf5393e4195cf523b0b0d5""},{""x"":0.4256,""y"":0.1739,""tSec"":18.8,""_id"":""69bf5393e4195cf523b0b0d6""},{""x"":0.4436,""y"":0.1627,""tSec"":18.85,""_id"":""69bf5393e4195cf523b0b0d7""},{""x"":0.4664,""y"":0.1292,""tSec"":18.85,""_id"":""69bf5393e4195cf523b0b0d8""},{""x"":0.4745,""y"":0.0912,""tSec"":18.9,""_id"":""69bf5393e4195cf523b0b0d9""},{""x"":0.4724,""y"":0.0733,""tSec"":18.9,""_id"":""69bf5393e4195cf523b0b0da""},{""x"":0.4661,""y"":0.0608,""tSec"":18.9,""_id"":""69bf5393e4195cf523b0b0db""},{""x"":0.4377,""y"":0.0404,""tSec"":18.95,""_id"":""69bf5393e4195cf523b0b0dc""},{""x"":0.4013,""y"":0.0332,""tSec"":18.95,""_id"":""69bf5393e4195cf523b0b0dd""},{""x"":0.3731,""y"":0.039,""tSec"":19,""_id"":""69bf5393e4195cf523b0b0de""},{""x"":0.3614,""y"":0.0472,""tSec"":19,""_id"":""69bf5393e4195cf523b0b0df""},{""x"":0.3485,""y"":0.0709,""tSec"":19.05,""_id"":""69bf5393e4195cf523b0b0e0""},{""x"":0.3461,""y"":0.0898,""tSec"":19.05,""_id"":""69bf5393e4195cf523b0b0e1""},{""x"":0.3535,""y"":0.1129,""tSec"":19.05,""_id"":""69bf5393e4195cf523b0b0e2""},{""x"":0.3736,""y"":0.127,""tSec"":19.1,""_id"":""69bf5393e4195cf523b0b0e3""},{""x"":0.3882,""y"":0.1268,""tSec"":19.15,""_id"":""69bf5393e4195cf523b0b0e4""},{""x"":0.4023,""y"":0.1202,""tSec"":19.15,""_id"":""69bf5393e4195cf523b0b0e5""},{""x"":0.4139,""y"":0.1089,""tSec"":19.15,""_id"":""69bf5393e4195cf523b0b0e6""},{""x"":0.4322,""y"":0.0623,""tSec"":19.15,""_id"":""69bf5393e4195cf523b0b0e7""},{""x"":0.4351,""y"":0.0349,""tSec"":19.2,""_id"":""69bf5393e4195cf523b0b0e8""},{""x"":0.4286,""y"":0.0042,""tSec"":19.2,""_id"":""69bf5393e4195cf523b0b0e9""},{""x"":0.4216,""y"":0.0005,""tSec"":19.25,""_id"":""69bf5393e4195cf523b0b0ea""},{""x"":0.4086,""y"":0.0001,""tSec"":19.25,""_id"":""69bf5393e4195cf523b0b0eb""},{""x"":0.3764,""y"":0,""tSec"":19.3,""_id"":""69bf5393e4195cf523b0b0ec""},{""x"":0.3579,""y"":0.0056,""tSec"":19.3,""_id"":""69bf5393e4195cf523b0b0ed""},{""x"":0.3304,""y"":0.0507,""tSec"":19.35,""_id"":""69bf5393e4195cf523b0b0ee""},{""x"":0.3202,""y"":0.0798,""tSec"":19.35,""_id"":""69bf5393e4195cf523b0b0ef""},{""x"":0.3182,""y"":0.1183,""tSec"":19.35,""_id"":""69bf5393e4195cf523b0b0f0""},{""x"":0.3249,""y"":0.1362,""tSec"":19.4,""_id"":""69bf5393e4195cf523b0b0f1""},{""x"":0.3341,""y"":0.1393,""tSec"":19.4,""_id"":""69bf5393e4195cf523b0b0f2""},{""x"":0.3452,""y"":0.1349,""tSec"":19.4,""_id"":""69bf5393e4195cf523b0b0f3""},{""x"":0.3664,""y"":0.1098,""tSec"":19.45,""_id"":""69bf5393e4195cf523b0b0f4""},{""x"":0.3866,""y"":0.0728,""tSec"":19.45,""_id"":""69bf5393e4195cf523b0b0f5""},{""x"":0.3936,""y"":0.0532,""tSec"":19.5,""_id"":""69bf5393e4195cf523b0b0f6""},{""x"":0.3953,""y"":0.0385,""tSec"":19.5,""_id"":""69bf5393e4195cf523b0b0f7""},{""x"":0.3916,""y"":0.0226,""tSec"":19.55,""_id"":""69bf5393e4195cf523b0b0f8""},{""x"":0.3674,""y"":0.0178,""tSec"":19.55,""_id"":""69bf5393e4195cf523b0b0f9""},{""x"":0.3476,""y"":0.0239,""tSec"":19.6,""_id"":""69bf5393e4195cf523b0b0fa""},{""x"":0.3138,""y"":0.0473,""tSec"":19.6,""_id"":""69bf5393e4195cf523b0b0fb""},{""x"":0.2883,""y"":0.0822,""tSec"":19.6,""_id"":""69bf5393e4195cf523b0b0fc""},{""x"":0.2822,""y"":0.1016,""tSec"":19.65,""_id"":""69bf5393e4195cf523b0b0fd""},{""x"":0.2884,""y"":0.1256,""tSec"":19.65,""_id"":""69bf5393e4195cf523b0b0fe""},{""x"":0.3044,""y"":0.1352,""tSec"":19.7,""_id"":""69bf5393e4195cf523b0b0ff""},{""x"":0.3255,""y"":0.1326,""tSec"":19.7,""_id"":""69bf5393e4195cf523b0b100""},{""x"":0.3618,""y"":0.102,""tSec"":19.75,""_id"":""69bf5393e4195cf523b0b101""},{""x"":0.3799,""y"":0.0774,""tSec"":19.75,""_id"":""69bf5393e4195cf523b0b102""},{""x"":0.3967,""y"":0.0376,""tSec"":19.75,""_id"":""69bf5393e4195cf523b0b103""},{""x"":0.3934,""y"":0.0073,""tSec"":19.8,""_id"":""69bf5393e4195cf523b0b104""},{""x"":0.3554,""y"":0.0009,""tSec"":19.8,""_id"":""69bf5393e4195cf523b0b105""},{""x"":0.3278,""y"":0.0001,""tSec"":19.85,""_id"":""69bf5393e4195cf523b0b106""},{""x"":0.3023,""y"":0,""tSec"":19.85,""_id"":""69bf5393e4195cf523b0b107""},{""x"":0.2662,""y"":0,""tSec"":19.9,""_id"":""69bf5393e4195cf523b0b108""},{""x"":0.2519,""y"":0.0056,""tSec"":19.9,""_id"":""69bf5393e4195cf523b0b109""},{""x"":0.2395,""y"":0.0243,""tSec"":19.9,""_id"":""69bf5393e4195cf523b0b10a""},{""x"":0.2426,""y"":0.0483,""tSec"":19.95,""_id"":""69bf5393e4195cf523b0b10b""},{""x"":0.2522,""y"":0.0626,""tSec"":19.95,""_id"":""69bf5393e4195cf523b0b10c""}],""shotMarkers"":[],""fingerprint"":""0506e72b"",""_id"":""69bf5393e4195cf523b0af5b""}",right,5.0,0.0,0.0,0.0,0.0,None,0.0,None,False,ok,56.5,0.0,56.5,0.0,0.0,0.0,0.0,0.0,0.0,,True,49,0.0,0,0.0,0.0,0.0,0.0,0.0,0.0,0.0,0.0,False,blue_3,Joaquin,27.3,11.3,5,1.15,0.0,1.15,1.5,2.25,6.4,0.0,0.0,6220,5.75,7.5,11.25,32.0,0.0,56.5,0.0,None,5
"{""totalSec"":163,""autoEndSec"":20,""delayEndSec"":23,""intervals"":[{""action"":""shoot"",""startSec"":35.65,""endSec"":38.51,""durationSec"":2.86,""_id"":""69bf53a6e4195cf523b0b11c""},{""action"":""shoot"",""startSec"":39.85,""endSec"":43.1,""durationSec"":3.25,""_id"":""69bf53a6e4195cf523b0b11d""}],""_id"":""69bf53a6e4195cf523b0b11b""}",0.0,"{""alliance"":""blue"",""startPosition"":""left"",""points"":[{""x"":0.34,""y"":0.67,""tSec"":1.45,""_id"":""69bf53a6e4195cf523b0b119""},{""x"":0.336,""y"":0.6808,""tSec"":1.45,""_id"":""69bf53a6e4195cf523b0b11a""}],""shotMarkers"":[],""fingerprint"":""80813bdd"",""_id"":""69bf53a6e4195cf523b0b118""}",left,5.0,0.0,0.0,0.0,0.0,None,0.0,some,False,great,30.55,0.0,30.55,0.0,0.0,0.0,0.0,0.0,0.0,,True,49,0.0,0,0.0,0.0,0.0,0.0,0.0,0.0,0.0,0.0,False,blue_1,Aiden Chang,4.2,6.11,2,3.055,0.0,0.0,6.11,0.0,0.0,0.0,0.0,1197,0.0,30.55,0.0,0.0,0.0,30.55,0.0,None,2
"{""totalSec"":163,""autoEndSec"":20,""delayEndSec"":23,""intervals"":[{""action"":""shoot"",""startSec"":57.3,""endSec"":60.75,""durationSec"":3.45,""_id"":""69bf53b3e4195cf523b0b125""},{""action"":""pass"",""startSec"":95.22,""endSec"":96.89,""durationSec"":1.67,""_id"":""69bf53b3e4195cf523b0b126""},{""action"":""shoot"",""startSec"":109.92,""endSec"":112.87,""durationSec"":2.95,""_id"":""69bf53b3e4195cf523b0b127""},{""action"":""shoot"",""startSec"":121.91,""endSec"":123.41,""durationSec"":1.5,""_id"":""69bf53b3e4195cf523b0b128""},{""action"":""shoot"",""startSec"":134.81,""endSec"":134.96,""durationSec"":0.15,""_id"":""69bf53b3e4195cf523b0b129""},{""action"":""shoot"",""startSec"":135.11,""endSec"":136.71,""durationSec"":1.6,""_id"":""69bf53b3e4195cf523b0b12a""}],""_id"":""69bf53b3e4195cf523b0b124""}",0.0,{},,5.0,0.0,0.0,0.0,2.0,mechanism,2.0,None,False,ok,48.25,8.35,48.25,0.0,0.0,0.0,0.0,0.0,0.0,"At the very end, I think something broke. Also a lot of undo and do buttons do things twice. i click it once and it says two. ",True,49,1.67,1,1.67,0.0,0.0,0.0,0.0,1.67,0.0,0.0,False,blue_2,Randy,12.445,9.65,5,1.6,0.0,1.75,0.0,3.45,0.0,4.45,0.0,2710,8.75,0.0,17.25,0.0,22.25,48.25,0.0,None,6
"{""totalSec"":163,""autoEndSec"":20,""delayEndSec"":23,""intervals"":[],""_id"":""69bf55d8e4195cf523b0b134""}",0.0,"{""alliance"":""red"",""startPosition"":""center"",""points"":[{""x"":0.69,""y"":0.5,""tSec"":3.4,""_id"":""69bf55d8e4195cf523b0b132""},{""x"":0.6876,""y"":0.51,""tSec"":3.4,""_id"":""69bf55d8e4195cf523b0b133""}],""shotMarkers"":[],""fingerprint"":""70783291"",""_id"":""69bf55d8e4195cf523b0b131""}",center,5.0,0.0,0.0,0.0,0.0,mechanism,0.0,some,False,ok,0.0,0.0,0.0,0.0,0.0,0.0,0.0,0.0,0.0,No movement ,False,50,0.0,0,0.0,0.0,0.0,0.0,0.0,0.0,0.0,0.0,False,red_2,Andy,0.0,0.0,0,0.0,0.0,0.0,0.0,0.0,0.0,0.0,0.0,5835,0.0,0.0,0.0,0.0,0.0,0.0,0.0,None,0
"{""totalSec"":163,""autoEndSec"":20,""delayEndSec"":23,""intervals"":[],""_id"":""69bf55e6e4195cf523b0b14a""}",0.0,"{""alliance"":""blue"",""startPosition"":""left"",""points"":[{""x"":0.34,""y"":0.67,""tSec"":6.55,""_id"":""69bf55e6e4195cf523b0b13d""},{""x"":0.3337,""y"":0.6855,""tSec"":6.55,""_id"":""69bf55e6e4195cf523b0b13e""},{""x"":0.3352,""y"":0.6931,""tSec"":6.7,""_id"":""69bf55e6e4195cf523b0b13f""},{""x"":0.3422,""y"":0.7205,""tSec"":6.75,""_id"":""69bf55e6e4195cf523b0b140""},{""x"":0.3446,""y"":0.7322,""tSec"":6.75,""_id"":""69bf55e6e4195cf523b0b141""},{""x"":0.3464,""y"":0.7507,""tSec"":6.75,""_id"":""69bf55e6e4195cf523b0b142""},{""x"":0.3467,""y"":0.7689,""tSec"":6.8,""_id"":""69bf55e6e4195cf523b0b143""},{""x"":0.3467,""y"":0.7957,""tSec"":6.85,""_id"":""69bf55e6e4195cf523b0b144""},{""x"":0.3475,""y"":0.8339,""tSec"":6.9,""_id"":""69bf55e6e4195cf523b0b145""},{""x"":0.3483,""y"":0.8508,""tSec"":6.95,""_id"":""69bf55e6e4195cf523b0b146""},{""x"":0.3492,""y"":0.866,""tSec"":6.95,""_id"":""69bf55e6e4195cf523b0b147""},{""x"":0.3493,""y"":0.8736,""tSec"":7,""_id"":""69bf55e6e4195cf523b0b148""}],""shotMarkers"":[{""x"":0.3493,""y"":0.8736,""tSec"":8,""_id"":""69bf55e6e4195cf523b0b149""}],""fingerprint"":""1ea6f452"",""_id"":""69bf55e6e4195cf523b0b13c""}",left,5.0,0.0,0.0,0.0,0.0,None,0.0,None,False,ok,0.0,0.0,0.0,0.0,1.0,0.0,0.0,0.0,1.0,,False,50,0.0,0,0.0,0.0,0.0,0.0,0.0,0.0,0.0,0.0,False,blue_3,Joaquin,0.0,0.0,0,0.0,0.0,0.0,0.0,0.0,0.0,0.0,0.0,7042,0.0,0.0,0.0,0.0,0.0,0.0,0.0,level1,0
"{""totalSec"":163,""autoEndSec"":20,""delayEndSec"":23,""intervals"":[],""_id"":""69bf577be4195cf523b0b1be""}",0.0,"{""alliance"":""blue"",""startPosition"":""right"",""points"":[{""x"":0.34,""y"":0.33,""tSec"":4.5,""_id"":""69bf577be4195cf523b0b155""},{""x"":0.3221,""y"":0.3573,""tSec"":4.5,""_id"":""69bf577be4195cf523b0b156""},{""x"":0.3138,""y"":0.3454,""tSec"":4.55,""_id"":""69bf577be4195cf523b0b157""},{""x"":0.312,""y"":0.3384,""tSec"":4.55,""_id"":""69bf577be4195cf523b0b158""},{""x"":0.3165,""y"":0.3224,""tSec"":4.6,""_id"":""69bf577be4195cf523b0b159""},{""x"":0.3323,""y"":0.3044,""tSec"":4.65,""_id"":""69bf577be4195cf523b0b15a""},{""x"":0.3388,""y"":0.2974,""tSec"":4.65,""_id"":""69bf577be4195cf523b0b15b""},{""x"":0.3458,""y"":0.2872,""tSec"":4.7,""_id"":""69bf577be4195cf523b0b15c""},{""x"":0.3528,""y"":0.2728,""tSec"":4.75,""_id"":""69bf577be4195cf523b0b15d""},{""x"":0.3574,""y"":0.254,""tSec"":4.75,""_id"":""69bf577be4195cf523b0b15e""},{""x"":0.3571,""y"":0.2281,""tSec"":4.8,""_id"":""69bf577be4195cf523b0b15f""},{""x"":0.3564,""y"":0.2155,""tSec"":4.8,""_id"":""69bf577be4195cf523b0b160""},{""x"":0.3547,""y"":0.197,""tSec"":4.85,""_id"":""69bf577be4195cf523b0b161""},{""x"":0.3545,""y"":0.1863,""tSec"":4.85,""_id"":""69bf577be4195cf523b0b162""},{""x"":0.3545,""y"":0.1774,""tSec"":4.85,""_id"":""69bf577be4195cf523b0b163""},{""x"":0.3576,""y"":0.1622,""tSec"":4.9,""_id"":""69bf577be4195cf523b0b164""},{""x"":0.3602,""y"":0.1546,""tSec"":4.9,""_id"":""69bf577be4195cf523b0b165""},{""x"":0.3644,""y"":0.1453,""tSec"":4.95,""_id"":""69bf577be4195cf523b0b166""},{""x"":0.3741,""y"":0.1338,""tSec"":4.95,""_id"":""69bf577be4195cf523b0b167""},{""x"":0.3791,""y"":0.1286,""tSec"":5,""_id"":""69bf577be4195cf523b0b168""},{""x"":0.3882,""y"":0.1185,""tSec"":5.05,""_id"":""69bf577be4195cf523b0b169""},{""x"":0.3938,""y"":0.1125,""tSec"":5.05,""_id"":""69bf577be4195cf523b0b16a""},{""x"":0.3999,""y"":0.108,""tSec"":5.1,""_id"":""69bf577be4195cf523b0b16b""},{""x"":0.4068,""y"":0.1056,""tSec"":5.1,""_id"":""69bf577be4195cf523b0b16c""},{""x"":0.4152,""y"":0.1044,""tSec"":5.15,""_id"":""69bf577be4195cf523b0b16d""},{""x"":0.4231,""y"":0.1042,""tSec"":5.15,""_id"":""69bf577be4195cf523b0b16e""},{""x"":0.4317,""y"":0.1042,""tSec"":5.2,""_id"":""69bf577be4195cf523b0b16f""},{""x"":0.4412,""y"":0.1042,""tSec"":5.2,""_id"":""69bf577be4195cf523b0b170""},{""x"":0.4539,""y"":0.1032,""tSec"":5.25,""_id"":""69bf577be4195cf523b0b171""},{""x"":0.4623,""y"":0.1022,""tSec"":5.25,""_id"":""69bf577be4195cf523b0b172""},{""x"":0.4756,""y"":0.0992,""tSec"":5.3,""_id"":""69bf577be4195cf523b0b173""},{""x"":0.4886,""y"":0.096,""tSec"":5.3,""_id"":""69bf577be4195cf523b0b174""},{""x"":0.4963,""y"":0.0938,""tSec"":5.35,""_id"":""69bf577be4195cf523b0b175""},{""x"":0.5041,""y"":0.0926,""tSec"":5.35,""_id"":""69bf577be4195cf523b0b176""},{""x"":0.5174,""y"":0.0906,""tSec"":5.35,""_id"":""69bf577be4195cf523b0b177""},{""x"":0.5281,""y"":0.0894,""tSec"":5.4,""_id"":""69bf577be4195cf523b0b178""},{""x"":0.5387,""y"":0.0911,""tSec"":5.45,""_id"":""69bf577be4195cf523b0b179""},{""x"":0.553,""y"":0.097,""tSec"":5.45,""_id"":""69bf577be4195cf523b0b17a""},{""x"":0.5638,""y"":0.1024,""tSec"":5.45,""_id"":""69bf577be4195cf523b0b17b""},{""x"":0.5752,""y"":0.1097,""tSec"":5.5,""_id"":""69bf577be4195cf523b0b17c""},{""x"":0.5925,""y"":0.121,""tSec"":5.5,""_id"":""69bf577be4195cf523b0b17d""},{""x"":0.61,""y"":0.1327,""tSec"":5.55,""_id"":""69bf577be4195cf523b0b17e""},{""x"":0.6198,""y"":0.1389,""tSec"":5.55,""_id"":""69bf577be4195cf523b0b17f""},{""x"":0.6294,""y"":0.1452,""tSec"":5.55,""_id"":""69bf577be4195cf523b0b180""},{""x"":0.6389,""y"":0.1517,""tSec"":5.55,""_id"":""69bf577be4195cf523b0b181""},{""x"":0.6478,""y"":0.1572,""tSec"":5.6,""_id"":""69bf577be4195cf523b0b182""},{""x"":0.6642,""y"":0.1654,""tSec"":5.6,""_id"":""69bf577be4195cf523b0b183""},{""x"":0.6722,""y"":0.1683,""tSec"":5.6,""_id"":""69bf577be4195cf523b0b184""},{""x"":0.6793,""y"":0.1705,""tSec"":5.65,""_id"":""69bf577be4195cf523b0b185""},{""x"":0.6948,""y"":0.1755,""tSec"":5.7,""_id"":""69bf577be4195cf523b0b186""},{""x"":0.7035,""y"":0.1799,""tSec"":5.7,""_id"":""69bf577be4195cf523b0b187""},{""x"":0.7099,""y"":0.1861,""tSec"":5.75,""_id"":""69bf577be4195cf523b0b188""},{""x"":0.7146,""y"":0.1916,""tSec"":5.75,""_id"":""69bf577be4195cf523b0b189""},{""x"":0.7189,""y"":0.1988,""tSec"":5.8,""_id"":""69bf577be4195cf523b0b18a""},{""x"":0.7233,""y"":0.2064,""tSec"":5.85,""_id"":""69bf577be4195cf523b0b18b""},{""x"":0.7284,""y"":0.2148,""tSec"":5.9,""_id"":""69bf577be4195cf523b0b18c""},{""x"":0.7352,""y"":0.2272,""tSec"":5.95,""_id"":""69bf577be4195cf523b0b18d""},{""x"":0.739,""y"":0.2334,""tSec"":5.95,""_id"":""69bf577be4195cf523b0b18e""},{""x"":0.7456,""y"":0.2417,""tSec"":6,""_id"":""69bf577be4195cf523b0b18f""},{""x"":0.7526,""y"":0.2465,""tSec"":6.05,""_id"":""69bf577be4195cf523b0b190""},{""x"":0.7664,""y"":0.2527,""tSec"":6.1,""_id"":""69bf577be4195cf523b0b191""},{""x"":0.7811,""y"":0.2582,""tSec"":6.1,""_id"":""69bf577be4195cf523b0b192""},{""x"":0.7913,""y"":0.2626,""tSec"":6.15,""_id"":""69bf577be4195cf523b0b193""},{""x"":0.801,""y"":0.2669,""tSec"":6.15,""_id"":""69bf577be4195cf523b0b194""},{""x"":0.8152,""y"":0.2731,""tSec"":6.15,""_id"":""69bf577be4195cf523b0b195""},{""x"":0.8229,""y"":0.2757,""tSec"":6.15,""_id"":""69bf577be4195cf523b0b196""},{""x"":0.8316,""y"":0.278,""tSec"":6.2,""_id"":""69bf577be4195cf523b0b197""},{""x"":0.8387,""y"":0.2801,""tSec"":6.25,""_id"":""69bf577be4195cf523b0b198""},{""x"":0.8404,""y"":0.287,""tSec"":6.35,""_id"":""69bf577be4195cf523b0b199""},{""x"":0.8268,""y"":0.2841,""tSec"":6.5,""_id"":""69bf577be4195cf523b0b19a""},{""x"":0.8198,""y"":0.2808,""tSec"":6.55,""_id"":""69bf577be4195cf523b0b19b""},{""x"":0.8121,""y"":0.2776,""tSec"":6.55,""_id"":""69bf577be4195cf523b0b19c""},{""x"":0.7996,""y"":0.2735,""tSec"":6.55,""_id"":""69bf577be4195cf523b0b19d""},{""x"":0.7904,""y"":0.272,""tSec"":6.6,""_id"":""69bf577be4195cf523b0b19e""},{""x"":0.8016,""y"":0.2738,""tSec"":6.65,""_id"":""69bf577be4195cf523b0b19f""},{""x"":0.8137,""y"":0.2749,""tSec"":6.7,""_id"":""69bf577be4195cf523b0b1a0""},{""x"":0.8258,""y"":0.2751,""tSec"":6.7,""_id"":""69bf577be4195cf523b0b1a1""},{""x"":0.8342,""y"":0.2751,""tSec"":6.7,""_id"":""69bf577be4195cf523b0b1a2""},{""x"":0.8413,""y"":0.2751,""tSec"":6.75,""_id"":""69bf577be4195cf523b0b1a3""},{""x"":0.8368,""y"":0.2817,""tSec"":6.8,""_id"":""69bf577be4195cf523b0b1a4""},{""x"":0.824,""y"":0.2929,""tSec"":6.8,""_id"":""69bf577be4195cf523b0b1a5""},{""x"":0.7911,""y"":0.3169,""tSec"":6.8,""_id"":""69bf577be4195cf523b0b1a6""},{""x"":0.7741,""y"":0.3283,""tSec"":6.85,""_id"":""69bf577be4195cf523b0b1a7""},{""x"":0.7628,""y"":0.3353,""tSec"":6.85,""_id"":""69bf577be4195cf523b0b1a8""},{""x"":0.7546,""y"":0.339,""tSec"":6.85,""_id"":""69bf577be4195cf523b0b1a9""},{""x"":0.7467,""y"":0.3414,""tSec"":6.9,""_id"":""69bf577be4195cf523b0b1aa""},{""x"":0.7434,""y"":0.3341,""tSec"":7,""_id"":""69bf577be4195cf523b0b1ab""},{""x"":0.7385,""y"":0.3247,""tSec"":7.05,""_id"":""69bf577be4195cf523b0b1ac""},{""x"":0.7364,""y"":0.3179,""tSec"":7.15,""_id"":""69bf577be4195cf523b0b1ad""},{""x"":0.7415,""y"":0.3256,""tSec"":7.25,""_id"":""69bf577be4195cf523b0b1ae""},{""x"":0.7459,""y"":0.3416,""tSec"":7.3,""_id"":""69bf577be4195cf523b0b1af""},{""x"":0.7472,""y"":0.3493,""tSec"":7.3,""_id"":""69bf577be4195cf523b0b1b0""},{""x"":0.7489,""y"":0.3596,""tSec"":7.35,""_id"":""69bf577be4195cf523b0b1b1""},{""x"":0.7537,""y"":0.375,""tSec"":7.35,""_id"":""69bf577be4195cf523b0b1b2""},{""x"":0.7527,""y"":0.3655,""tSec"":7.5,""_id"":""69bf577be4195cf523b0b1b3""},{""x"":0.7526,""y"":0.3568,""tSec"":7.6,""_id"":""69bf577be4195cf523b0b1b4""},{""x"":0.7449,""y"":0.3567,""tSec"":7.65,""_id"":""69bf577be4195cf523b0b1b5""},{""x"":0.7379,""y"":0.3577,""tSec"":7.75,""_id"":""69bf577be4195cf523b0b1b6""},{""x"":0.744,""y"":0.354,""tSec"":8.6,""_id"":""69bf577be4195cf523b0b1b7""},{""x"":0.7408,""y"":0.347,""tSec"":8.65,""_id"":""69bf577be4195cf523b0b1b8""},{""x"":0.7367,""y"":0.3404,""tSec"":8.95,""_id"":""69bf577be4195cf523b0b1b9""},{""x"":0.7377,""y"":0.3481,""tSec"":9.4,""_id"":""69bf577be4195cf523b0b1ba""},{""x"":0.7432,""y"":0.3529,""tSec"":9.55,""_id"":""69bf577be4195cf523b0b1bb""},{""x"":0.7515,""y"":0.3506,""tSec"":9.7,""_id"":""69bf577be4195cf523b0b1bc""},{""x"":0.4719,""y"":0.4799,""tSec"":9.75,""_id"":""69bf577be4195cf523b0b1bd""}],""shotMarkers"":[],""fingerprint"":""039b2472"",""_id"":""69bf577be4195cf523b0b154""}",right,5.0,3.0,0.0,2.0,0.0,other,5.0,some,True,rough,0.0,0.0,0.0,0.0,0.0,0.0,49.0,0.0,49.0,,False,51,0.0,0,0.0,0.0,0.0,0.0,0.0,0.0,0.0,0.0,False,blue_3,Joaquin,0.0,0.0,0,0.0,0.0,0.0,0.0,0.0,0.0,0.0,0.0,7230,0.0,0.0,0.0,0.0,0.0,0.0,0.0,Failed,0
"{""totalSec"":163,""autoEndSec"":20,""delayEndSec"":23,""intervals"":[],""_id"":""69bf57efe4195cf523b0b1c5""}",0.0,{},left,5.0,0.0,0.0,1.0,0.0,None,1.0,None,False,ok,0.0,0.0,0.0,0.0,0.0,0.0,0.0,0.0,0.0,,False,50,0.0,0,0.0,0.0,0.0,0.0,0.0,0.0,0.0,0.0,False,red_1,Quinn,0.0,0.0,0,0.0,0.0,0.0,0.0,0.0,0.0,0.0,0.0,6072,0.0,0.0,0.0,0.0,0.0,0.0,0.0,level1,0
"{""totalSec"":163,""autoEndSec"":20,""delayEndSec"":23,""intervals"":[{""action"":""shoot"",""startSec"":43.95,""endSec"":44.9,""durationSec"":0.95,""_id"":""69bf584ce4195cf523b0b1db""},{""action"":""shoot"",""startSec"":46.85,""endSec"":48.16,""durationSec"":1.31,""_id"":""69bf584ce4195cf523b0b1dc""},{""action"":""shoot"",""startSec"":53.85,""endSec"":54.32,""durationSec"":0.47,""_id"":""69bf584ce4195cf523b0b1dd""},{""action"":""shoot"",""startSec"":86.9,""endSec"":88.87,""durationSec"":1.97,""_id"":""69bf584ce4195cf523b0b1de""},{""action"":""shoot"",""startSec"":89.35,""endSec"":90.37,""durationSec"":1.02,""_id"":""69bf584ce4195cf523b0b1df""},{""action"":""shoot"",""startSec"":90.8,""endSec"":91.12,""durationSec"":0.32,""_id"":""69bf584ce4195cf523b0b1e0""},{""action"":""shoot"",""startSec"":103.55,""endSec"":104.7,""durationSec"":1.15,""_id"":""69bf584ce4195cf523b0b1e1""},{""action"":""shoot"",""startSec"":105.1,""endSec"":105.35,""durationSec"":0.25,""_id"":""69bf584ce4195cf523b0b1e2""},{""action"":""shoot"",""startSec"":105.9,""endSec"":106.65,""durationSec"":0.75,""_id"":""69bf584ce4195cf523b0b1e3""},{""action"":""shoot"",""startSec"":108.9,""endSec"":109.71,""durationSec"":0.81,""_id"":""69bf584ce4195cf523b0b1e4""},{""action"":""pass"",""startSec"":124.4,""endSec"":125.05,""durationSec"":0.65,""_id"":""69bf584ce4195cf523b0b1e5""},{""action"":""pass"",""startSec"":125.65,""endSec"":125.96,""durationSec"":0.31,""_id"":""69bf584ce4195cf523b0b1e6""},{""action"":""shoot"",""startSec"":137.35,""endSec"":139.6,""durationSec"":2.25,""_id"":""69bf584ce4195cf523b0b1e7""},{""action"":""shoot"",""startSec"":140.25,""endSec"":140.55,""durationSec"":0.3,""_id"":""69bf584ce4195cf523b0b1e8""},{""action"":""shoot"",""startSec"":147.3,""endSec"":150.98,""durationSec"":3.68,""_id"":""69bf584ce4195cf523b0b1e9""},{""action"":""shoot"",""startSec"":161.25,""endSec"":162.55,""durationSec"":1.3,""_id"":""69bf584ce4195cf523b0b1ea""}],""_id"":""69bf584ce4195cf523b0b1da""}",0.0,{},center,5.0,0.0,0.0,0.0,0.0,None,0.0,None,False,good,82.65,4.8,82.65,0.0,0.0,0.0,0.0,0.0,0.0,,True,51,0.96,2,0.48,0.0,0.0,0.0,0.0,0.0,0.96,0.0,False,red_1,Quinn,3.0,16.53,14,0.985,0.0,7.53,2.26,0.47,4.71,1.56,0.0,4415,37.65,11.3,2.35,23.55,7.8,82.65,0.0,None,16
"{""totalSec"":163,""autoEndSec"":20,""delayEndSec"":23,""intervals"":[{""action"":""shoot"",""startSec"":82.48,""endSec"":84.93,""durationSec"":2.45,""_id"":""69bf59f4e4195cf523b0b212""}],""_id"":""69bf59f4e4195cf523b0b211""}",0.0,"{""alliance"":""blue"",""startPosition"":""center"",""points"":[{""x"":0.34,""y"":0.5,""tSec"":0.95,""_id"":""69bf59f4e4195cf523b0b203""},{""x"":0.3244,""y"":0.5224,""tSec"":0.95,""_id"":""69bf59f4e4195cf523b0b204""},{""x"":0.3034,""y"":0.5203,""tSec"":1.05,""_id"":""69bf59f4e4195cf523b0b205""},{""x"":0.2924,""y"":0.521,""tSec"":1.05,""_id"":""69bf59f4e4195cf523b0b206""},{""x"":0.2788,""y"":0.5239,""tSec"":1.1,""_id"":""69bf59f4e4195cf523b0b207""},{""x"":0.2711,""y"":0.5252,""tSec"":1.2,""_id"":""69bf59f4e4195cf523b0b208""},{""x"":0.2641,""y"":0.5254,""tSec"":1.3,""_id"":""69bf59f4e4195cf523b0b209""},{""x"":0.2571,""y"":0.5254,""tSec"":1.4,""_id"":""69bf59f4e4195cf523b0b20a""},{""x"":0.2494,""y"":0.5254,""tSec"":1.5,""_id"":""69bf59f4e4195cf523b0b20b""},{""x"":0.2423,""y"":0.5254,""tSec"":1.6,""_id"":""69bf59f4e4195cf523b0b20c""},{""x"":0.2338,""y"":0.5254,""tSec"":1.7,""_id"":""69bf59f4e4195cf523b0b20d""},{""x"":0.2251,""y"":0.5254,""tSec"":1.75,""_id"":""69bf59f4e4195cf523b0b20e""},{""x"":0.2179,""y"":0.5254,""tSec"":1.85,""_id"":""69bf59f4e4195cf523b0b20f""}],""shotMarkers"":[{""x"":0.2179,""y"":0.5254,""tSec"":2.4,""_id"":""69bf59f4e4195cf523b0b210""}],""fingerprint"":""a248bebd"",""_id"":""69bf59f4e4195cf523b0b202""}",center,5.0,0.0,0.0,0.0,0.0,None,0.0,None,False,good,12.25,0.0,12.25,0.0,0.0,0.0,0.0,0.0,0.0,,True,52,0.0,0,0.0,0.0,0.0,0.0,0.0,0.0,0.0,0.0,False,blue_1,Aiden Chang,0.0,2.45,1,2.45,0.0,0.0,0.0,0.0,2.45,0.0,0.0,1836,0.0,0.0,0.0,12.25,0.0,12.25,0.0,None,1
"{""totalSec"":163,""autoEndSec"":20,""delayEndSec"":23,""intervals"":[{""action"":""shoot"",""startSec"":17.25,""endSec"":18.25,""durationSec"":1,""_id"":""69bf5a1de4195cf523b0b285""},{""action"":""shoot"",""startSec"":50.4,""endSec"":53.55,""durationSec"":3.15,""_id"":""69bf5a1de4195cf523b0b286""},{""action"":""pass"",""startSec"":67.25,""endSec"":67.75,""durationSec"":0.5,""_id"":""69bf5a1de4195cf523b0b287""},{""action"":""pass"",""startSec"":74.3,""endSec"":75.25,""durationSec"":0.95,""_id"":""69bf5a1de4195cf523b0b288""},{""action"":""shoot"",""startSec"":85.25,""endSec"":87.11,""durationSec"":1.86,""_id"":""69bf5a1de4195cf523b0b289""},{""action"":""shoot"",""startSec"":95.65,""endSec"":96.16,""durationSec"":0.51,""_id"":""69bf5a1de4195cf523b0b28a""},{""action"":""shoot"",""startSec"":109.15,""endSec"":110.25,""durationSec"":1.1,""_id"":""69bf5a1de4195cf523b0b28b""},{""action"":""pass"",""startSec"":121.05,""endSec"":121.91,""durationSec"":0.86,""_id"":""69bf5a1de4195cf523b0b28c""},{""action"":""pass"",""startSec"":125.55,""endSec"":125.96,""durationSec"":0.41,""_id"":""69bf5a1de4195cf523b0b28d""},{""action"":""shoot"",""startSec"":136.8,""endSec"":137.37,""durationSec"":0.57,""_id"":""69bf5a1de4195cf523b0b28e""},{""action"":""shoot"",""startSec"":145.95,""endSec"":149.05,""durationSec"":3.1,""_id"":""69bf5a1de4195cf523b0b28f""},{""action"":""shoot"",""startSec"":161.7,""endSec"":161.83,""durationSec"":0.13,""_id"":""69bf5a1de4195cf523b0b290""}],""_id"":""69bf5a1de4195cf523b0b284""}",5.0,"{""alliance"":""red"",""startPosition"":""right"",""points"":[{""x"":0.69,""y"":0.67,""tSec"":8.8,""_id"":""69bf5a1de4195cf523b0b225""},{""x"":0.6891,""y"":0.6868,""tSec"":8.8,""_id"":""69bf5a1de4195cf523b0b226""},{""x"":0.6883,""y"":0.6974,""tSec"":10.65,""_id"":""69bf5a1de4195cf523b0b227""},{""x"":0.6828,""y"":0.7149,""tSec"":10.75,""_id"":""69bf5a1de4195cf523b0b228""},{""x"":0.6783,""y"":0.7246,""tSec"":10.75,""_id"":""69bf5a1de4195cf523b0b229""},{""x"":0.6678,""y"":0.7496,""tSec"":10.8,""_id"":""69bf5a1de4195cf523b0b22a""},{""x"":0.6619,""y"":0.764,""tSec"":10.8,""_id"":""69bf5a1de4195cf523b0b22b""},{""x"":0.6528,""y"":0.7953,""tSec"":10.85,""_id"":""69bf5a1de4195cf523b0b22c""},{""x"":0.6471,""y"":0.8134,""tSec"":10.85,""_id"":""69bf5a1de4195cf523b0b22d""},{""x"":0.6441,""y"":0.8213,""tSec"":10.85,""_id"":""69bf5a1de4195cf523b0b22e""},{""x"":0.6369,""y"":0.8337,""tSec"":10.9,""_id"":""69bf5a1de4195cf523b0b22f""},{""x"":0.6253,""y"":0.8447,""tSec"":10.95,""_id"":""69bf5a1de4195cf523b0b230""},{""x"":0.6124,""y"":0.8565,""tSec"":11,""_id"":""69bf5a1de4195cf523b0b231""},{""x"":0.6017,""y"":0.8684,""tSec"":11,""_id"":""69bf5a1de4195cf523b0b232""},{""x"":0.5919,""y"":0.8822,""tSec"":11.05,""_id"":""69bf5a1de4195cf523b0b233""},{""x"":0.5823,""y"":0.8963,""tSec"":11.05,""_id"":""69bf5a1de4195cf523b0b234""},{""x"":0.5696,""y"":0.9161,""tSec"":11.1,""_id"":""69bf5a1de4195cf523b0b235""},{""x"":0.5651,""y"":0.9242,""tSec"":11.1,""_id"":""69bf5a1de4195cf523b0b236""},{""x"":0.5584,""y"":0.9376,""tSec"":11.1,""_id"":""69bf5a1de4195cf523b0b237""},{""x"":0.5522,""y"":0.9468,""tSec"":11.1,""_id"":""69bf5a1de4195cf523b0b238""},{""x"":0.5408,""y"":0.9565,""tSec"":11.2,""_id"":""69bf5a1de4195cf523b0b239""},{""x"":0.5325,""y"":0.9596,""tSec"":11.2,""_id"":""69bf5a1de4195cf523b0b23a""},{""x"":0.5254,""y"":0.959,""tSec"":11.2,""_id"":""69bf5a1de4195cf523b0b23b""},{""x"":0.5184,""y"":0.9542,""tSec"":11.25,""_id"":""69bf5a1de4195cf523b0b23c""},{""x"":0.5114,""y"":0.9479,""tSec"":11.25,""_id"":""69bf5a1de4195cf523b0b23d""},{""x"":0.5044,""y"":0.9404,""tSec"":11.3,""_id"":""69bf5a1de4195cf523b0b23e""},{""x"":0.4921,""y"":0.9309,""tSec"":11.3,""_id"":""69bf5a1de4195cf523b0b23f""},{""x"":0.4761,""y"":0.924,""tSec"":11.35,""_id"":""69bf5a1de4195cf523b0b240""},{""x"":0.468,""y"":0.9222,""tSec"":11.35,""_id"":""69bf5a1de4195cf523b0b241""},{""x"":0.4517,""y"":0.9211,""tSec"":11.4,""_id"":""69bf5a1de4195cf523b0b242""},{""x"":0.4337,""y"":0.9191,""tSec"":11.4,""_id"":""69bf5a1de4195cf523b0b243""},{""x"":0.4231,""y"":0.9169,""tSec"":11.4,""_id"":""69bf5a1de4195cf523b0b244""},{""x"":0.4057,""y"":0.9119,""tSec"":11.4,""_id"":""69bf5a1de4195cf523b0b245""},{""x"":0.3837,""y"":0.9018,""tSec"":11.5,""_id"":""69bf5a1de4195cf523b0b246""},{""x"":0.3741,""y"":0.8967,""tSec"":11.5,""_id"":""69bf5a1de4195cf523b0b247""},{""x"":0.3661,""y"":0.8913,""tSec"":11.5,""_id"":""69bf5a1de4195cf523b0b248""},{""x"":0.3474,""y"":0.8783,""tSec"":11.5,""_id"":""69bf5a1de4195cf523b0b249""},{""x"":0.3253,""y"":0.8625,""tSec"":11.55,""_id"":""69bf5a1de4195cf523b0b24a""},{""x"":0.3134,""y"":0.8539,""tSec"":11.55,""_id"":""69bf5a1de4195cf523b0b24b""},{""x"":0.3036,""y"":0.8471,""tSec"":11.55,""_id"":""69bf5a1de4195cf523b0b24c""},{""x"":0.2886,""y"":0.8339,""tSec"":11.6,""_id"":""69bf5a1de4195cf523b0b24d""},{""x"":0.2815,""y"":0.8266,""tSec"":11.6,""_id"":""69bf5a1de4195cf523b0b24e""},{""x"":0.2722,""y"":0.8143,""tSec"":11.6,""_id"":""69bf5a1de4195cf523b0b24f""},{""x"":0.268,""y"":0.8061,""tSec"":11.65,""_id"":""69bf5a1de4195cf523b0b250""},{""x"":0.2621,""y"":0.7918,""tSec"":11.65,""_id"":""69bf5a1de4195cf523b0b251""},{""x"":0.2576,""y"":0.7777,""tSec"":11.7,""_id"":""69bf5a1de4195cf523b0b252""},{""x"":0.254,""y"":0.7664,""tSec"":11.7,""_id"":""69bf5a1de4195cf523b0b253""},{""x"":0.249,""y"":0.7575,""tSec"":11.75,""_id"":""69bf5a1de4195cf523b0b254""},{""x"":0.2399,""y"":0.7488,""tSec"":11.75,""_id"":""69bf5a1de4195cf523b0b255""},{""x"":0.2312,""y"":0.742,""tSec"":11.8,""_id"":""69bf5a1de4195cf523b0b256""},{""x"":0.2248,""y"":0.7355,""tSec"":11.85,""_id"":""69bf5a1de4195cf523b0b257""},{""x"":0.2186,""y"":0.7223,""tSec"":11.9,""_id"":""69bf5a1de4195cf523b0b258""},{""x"":0.2171,""y"":0.7112,""tSec"":11.9,""_id"":""69bf5a1de4195cf523b0b259""},{""x"":0.2169,""y"":0.6965,""tSec"":11.95,""_id"":""69bf5a1de4195cf523b0b25a""},{""x"":0.2184,""y"":0.6843,""tSec"":11.95,""_id"":""69bf5a1de4195cf523b0b25b""},{""x"":0.221,""y"":0.6771,""tSec"":12,""_id"":""69bf5a1de4195cf523b0b25c""},{""x"":0.225,""y"":0.6705,""tSec"":12.05,""_id"":""69bf5a1de4195cf523b0b25d""},{""x"":0.2386,""y"":0.6545,""tSec"":12.1,""_id"":""69bf5a1de4195cf523b0b25e""},{""x"":0.2463,""y"":0.6468,""tSec"":12.1,""_id"":""69bf5a1de4195cf523b0b25f""},{""x"":0.2534,""y"":0.6411,""tSec"":12.1,""_id"":""69bf5a1de4195cf523b0b260""},{""x"":0.2626,""y"":0.6356,""tSec"":12.2,""_id"":""69bf5a1de4195cf523b0b261""},{""x"":0.2722,""y"":0.636,""tSec"":12.2,""_id"":""69bf5a1de4195cf523b0b262""},{""x"":0.2818,""y"":0.6389,""tSec"":12.25,""_id"":""69bf5a1de4195cf523b0b263""},{""x"":0.2983,""y"":0.6488,""tSec"":12.25,""_id"":""69bf5a1de4195cf523b0b264""},{""x"":0.3079,""y"":0.6547,""tSec"":12.3,""_id"":""69bf5a1de4195cf523b0b265""},{""x"":0.3274,""y"":0.6659,""tSec"":12.3,""_id"":""69bf5a1de4195cf523b0b266""},{""x"":0.3398,""y"":0.672,""tSec"":12.3,""_id"":""69bf5a1de4195cf523b0b267""},{""x"":0.3604,""y"":0.6804,""tSec"":12.3,""_id"":""69bf5a1de4195cf523b0b268""},{""x"":0.3721,""y"":0.6843,""tSec"":12.3,""_id"":""69bf5a1de4195cf523b0b269""},{""x"":0.3812,""y"":0.6866,""tSec"":12.35,""_id"":""69bf5a1de4195cf523b0b26a""},{""x"":0.3953,""y"":0.6888,""tSec"":12.35,""_id"":""69bf5a1de4195cf523b0b26b""},{""x"":0.4123,""y"":0.69,""tSec"":12.4,""_id"":""69bf5a1de4195cf523b0b26c""},{""x"":0.4281,""y"":0.6902,""tSec"":12.45,""_id"":""69bf5a1de4195cf523b0b26d""},{""x"":0.44,""y"":0.6912,""tSec"":12.45,""_id"":""69bf5a1de4195cf523b0b26e""},{""x"":0.4506,""y"":0.6913,""tSec"":12.5,""_id"":""69bf5a1de4195cf523b0b26f""},{""x"":0.4611,""y"":0.6913,""tSec"":12.5,""_id"":""69bf5a1de4195cf523b0b270""},{""x"":0.4716,""y"":0.6913,""tSec"":12.55,""_id"":""69bf5a1de4195cf523b0b271""},{""x"":0.4881,""y"":0.6913,""tSec"":12.55,""_id"":""69bf5a1de4195cf523b0b272""},{""x"":0.4994,""y"":0.6913,""tSec"":12.6,""_id"":""69bf5a1de4195cf523b0b273""},{""x"":0.5099,""y"":0.6913,""tSec"":12.6,""_id"":""69bf5a1de4195cf523b0b274""},{""x"":0.5188,""y"":0.6913,""tSec"":12.65,""_id"":""69bf5a1de4195cf523b0b275""},{""x"":0.5275,""y"":0.6913,""tSec"":12.65,""_id"":""69bf5a1de4195cf523b0b276""},{""x"":0.537,""y"":0.6913,""tSec"":12.7,""_id"":""69bf5a1de4195cf523b0b277""},{""x"":0.5528,""y"":0.6913,""tSec"":12.7,""_id"":""69bf5a1de4195cf523b0b278""},{""x"":0.5708,""y"":0.6894,""tSec"":12.75,""_id"":""69bf5a1de4195cf523b0b279""},{""x"":0.5783,""y"":0.6882,""tSec"":12.75,""_id"":""69bf5a1de4195cf523b0b27a""},{""x"":0.5906,""y"":0.6861,""tSec"":12.75,""_id"":""69bf5a1de4195cf523b0b27b""},{""x"":0.6082,""y"":0.683,""tSec"":12.8,""_id"":""69bf5a1de4195cf523b0b27c""},{""x"":0.6157,""y"":0.6817,""tSec"":12.85,""_id"":""69bf5a1de4195cf523b0b27d""},{""x"":0.6265,""y"":0.6787,""tSec"":12.85,""_id"":""69bf5a1de4195cf523b0b27e""},{""x"":0.6409,""y"":0.6754,""tSec"":12.9,""_id"":""69bf5a1de4195cf523b0b27f""},{""x"":0.6503,""y"":0.6722,""tSec"":12.9,""_id"":""69bf5a1de4195cf523b0b280""},{""x"":0.6552,""y"":0.6661,""tSec"":13.1,""_id"":""69bf5a1de4195cf523b0b281""},{""x"":0.6597,""y"":0.6606,""tSec"":13.3,""_id"":""69bf5a1de4195cf523b0b282""}],""shotMarkers"":[{""x"":0.6597,""y"":0.6606,""tSec"":16.3,""_id"":""69bf5a1de4195cf523b0b283""}],""fingerprint"":""71fdc606"",""_id"":""69bf5a1de4195cf523b0b224""}",right,5.0,0.0,0.0,0.0,0.0,None,0.0,None,False,good,57.1,13.6,57.1,0.0,0.0,0.0,0.0,0.0,0.0,,True,51,2.72,4,0.68,0.0,0.0,0.0,1.45,0.0,1.27,0.0,False,red_2,Andy,15.75,11.42,8,1.05,1.0,3.8,0.1,3.05,2.37,1.1,0.0,4123,19.0,0.5,15.25,11.85,5.5,52.1,0.0,None,12
"{""totalSec"":163,""autoEndSec"":20,""delayEndSec"":23,""intervals"":[{""action"":""shoot"",""startSec"":5.55,""endSec"":7.21,""durationSec"":1.66,""_id"":""69bf5a1de4195cf523b0b293""},{""action"":""shoot"",""startSec"":13.35,""endSec"":13.75,""durationSec"":0.4,""_id"":""69bf5a1de4195cf523b0b294""},{""action"":""shoot"",""startSec"":26.7,""endSec"":27.87,""durationSec"":1.17,""_id"":""69bf5a1de4195cf523b0b295""},{""action"":""shoot"",""startSec"":38.3,""endSec"":40.35,""durationSec"":2.05,""_id"":""69bf5a1de4195cf523b0b296""},{""action"":""shoot"",""startSec"":46.6,""endSec"":48.5,""durationSec"":1.9,""_id"":""69bf5a1de4195cf523b0b297""},{""action"":""shoot"",""startSec"":53.45,""endSec"":53.86,""durationSec"":0.41,""_id"":""69bf5a1de4195cf523b0b298""},{""action"":""pass"",""startSec"":61.95,""endSec"":62.65,""durationSec"":0.7,""_id"":""69bf5a1de4195cf523b0b299""},{""action"":""pass"",""startSec"":67,""endSec"":68.05,""durationSec"":1.05,""_id"":""69bf5a1de4195cf523b0b29a""},{""action"":""pass"",""startSec"":76.85,""endSec"":78.05,""durationSec"":1.2,""_id"":""69bf5a1de4195cf523b0b29b""},{""action"":""shoot"",""startSec"":88.6,""endSec"":90.55,""durationSec"":1.95,""_id"":""69bf5a1de4195cf523b0b29c""},{""action"":""shoot"",""startSec"":98.8,""endSec"":100.15,""durationSec"":1.35,""_id"":""69bf5a1de4195cf523b0b29d""},{""action"":""shoot"",""startSec"":145.75,""endSec"":145.95,""durationSec"":0.2,""_id"":""69bf5a1de4195cf523b0b29e""},{""action"":""shoot"",""startSec"":153.4,""endSec"":154.5,""durationSec"":1.1,""_id"":""69bf5a1de4195cf523b0b29f""},{""action"":""shoot"",""startSec"":156.35,""endSec"":157.2,""durationSec"":0.85,""_id"":""69bf5a1de4195cf523b0b2a0""}],""_id"":""69bf5a1de4195cf523b0b292""}",10.3,{},,5.0,0.0,0.0,0.0,0.0,None,0.0,None,False,good,65.2,14.75,65.2,0.0,0.0,0.0,0.0,0.0,0.0,,True,52,2.95,3,1.05,0.0,0.0,0.0,2.9,0.05,0.0,0.0,False,red_2,Andy,9.25,13.04,11,1.17,2.06,2.15,5.12,0.41,3.3,0.0,0.0,2584,10.75,25.6,2.05,16.5,0.0,54.900000000000006,0.0,None,14
"{""totalSec"":163,""autoEndSec"":20,""delayEndSec"":23,""intervals"":[{""action"":""shoot"",""startSec"":35.87,""endSec"":37.57,""durationSec"":1.7,""_id"":""69bf5a4fe4195cf523b0b2a9""},{""action"":""shoot"",""startSec"":94.34,""endSec"":95.59,""durationSec"":1.25,""_id"":""69bf5a4fe4195cf523b0b2aa""},{""action"":""shoot"",""startSec"":140.21,""endSec"":140.92,""durationSec"":0.71,""_id"":""69bf5a4fe4195cf523b0b2ab""},{""action"":""shoot"",""startSec"":157.41,""endSec"":158.06,""durationSec"":0.65,""_id"":""69bf5a4fe4195cf523b0b2ac""}],""_id"":""69bf5a4fe4195cf523b0b2a8""}",0.0,{},,5.0,0.0,0.0,0.0,0.0,None,0.0,None,True,good,21.55,0.0,21.55,0.0,0.0,0.0,0.0,0.0,0.0,I think the timing is a little off on the app,True,50,0.0,0,0.0,0.0,0.0,0.0,0.0,0.0,0.0,0.0,False,blue_2,Randy,45.87,4.31,4,0.98,0.0,1.36,1.7,0.0,1.25,0.0,0.0,5124,6.8,8.5,0.0,6.25,0.0,21.55,0.0,None,4
"{""totalSec"":163,""autoEndSec"":20,""delayEndSec"":23,""intervals"":[{""action"":""shoot"",""startSec"":10.65,""endSec"":10.77,""durationSec"":0.12,""_id"":""69bf5a4fe4195cf523b0b2af""},{""action"":""shoot"",""startSec"":14.05,""endSec"":16.22,""durationSec"":2.17,""_id"":""69bf5a4fe4195cf523b0b2b0""},{""action"":""pass"",""startSec"":39.62,""endSec"":41.44,""durationSec"":1.82,""_id"":""69bf5a4fe4195cf523b0b2b1""},{""action"":""shoot"",""startSec"":54.07,""endSec"":55.02,""durationSec"":0.95,""_id"":""69bf5a4fe4195cf523b0b2b2""},{""action"":""shoot"",""startSec"":59.72,""endSec"":59.84,""durationSec"":0.12,""_id"":""69bf5a4fe4195cf523b0b2b3""},{""action"":""shoot"",""startSec"":65.17,""endSec"":65.38,""durationSec"":0.21,""_id"":""69bf5a4fe4195cf523b0b2b4""},{""action"":""shoot"",""startSec"":69.02,""endSec"":69.68,""durationSec"":0.66,""_id"":""69bf5a4fe4195cf523b0b2b5""},{""action"":""pass"",""startSec"":94.57,""endSec"":95.67,""durationSec"":1.1,""_id"":""69bf5a4fe4195cf523b0b2b6""},{""action"":""shoot"",""startSec"":122.49,""endSec"":123.14,""durationSec"":0.65,""_id"":""69bf5a4fe4195cf523b0b2b7""},{""action"":""shoot"",""startSec"":129.04,""endSec"":130.02,""durationSec"":0.98,""_id"":""69bf5a4fe4195cf523b0b2b8""},{""action"":""pass"",""startSec"":134.94,""endSec"":135.94,""durationSec"":1,""_id"":""69bf5a4fe4195cf523b0b2b9""},{""action"":""shoot"",""startSec"":146.24,""endSec"":147.21,""durationSec"":0.97,""_id"":""69bf5a4fe4195cf523b0b2ba""},{""action"":""shoot"",""startSec"":150.64,""endSec"":151.54,""durationSec"":0.9,""_id"":""69bf5a4fe4195cf523b0b2bb""},{""action"":""shoot"",""startSec"":155.69,""endSec"":156.8,""durationSec"":1.11,""_id"":""69bf5a4fe4195cf523b0b2bc""},{""action"":""shoot"",""startSec"":158.64,""endSec"":158.79,""durationSec"":0.15,""_id"":""69bf5a4fe4195cf523b0b2bd""},{""action"":""shoot"",""startSec"":159.59,""endSec"":159.94,""durationSec"":0.35,""_id"":""69bf5a4fe4195cf523b0b2be""}],""_id"":""69bf5a4fe4195cf523b0b2ae""}",11.45,{},,5.0,0.0,0.0,0.0,0.0,None,0.0,None,False,rough,46.7,19.6,46.7,0.0,0.0,0.0,0.0,0.0,0.0,,True,51,3.92,3,1.1,0.0,1.0,1.82,0.0,1.1,0.0,0.0,False,blue_2,Randy,5.25,9.34,13,0.66,2.29,3.48,0.0,1.94,0.0,1.63,0.0,4964,17.4,0.0,9.7,0.0,8.15,35.25,0.0,None,16
"{""totalSec"":163,""autoEndSec"":20,""delayEndSec"":23,""intervals"":[{""action"":""shoot"",""startSec"":13.55,""endSec"":14.66,""durationSec"":1.11,""_id"":""69bf5a4fe4195cf523b0b2c1""},{""action"":""shoot"",""startSec"":16.71,""endSec"":18.66,""durationSec"":1.95,""_id"":""69bf5a4fe4195cf523b0b2c2""},{""action"":""shoot"",""startSec"":23.42,""endSec"":23.74,""durationSec"":0.32,""_id"":""69bf5a4fe4195cf523b0b2c3""},{""action"":""shoot"",""startSec"":25.27,""endSec"":25.52,""durationSec"":0.25,""_id"":""69bf5a4fe4195cf523b0b2c4""},{""action"":""shoot"",""startSec"":26.47,""endSec"":27.62,""durationSec"":1.15,""_id"":""69bf5a4fe4195cf523b0b2c5""},{""action"":""shoot"",""startSec"":56.06,""endSec"":59.31,""durationSec"":3.25,""_id"":""69bf5a4fe4195cf523b0b2c6""},{""action"":""shoot"",""startSec"":67.89,""endSec"":68.19,""durationSec"":0.3,""_id"":""69bf5a4fe4195cf523b0b2c7""},{""action"":""shoot"",""startSec"":69.39,""endSec"":71.44,""durationSec"":2.05,""_id"":""69bf5a4fe4195cf523b0b2c8""},{""action"":""shoot"",""startSec"":73.09,""endSec"":74.14,""durationSec"":1.05,""_id"":""69bf5a4fe4195cf523b0b2c9""},{""action"":""shoot"",""startSec"":102.38,""endSec"":102.78,""durationSec"":0.4,""_id"":""69bf5a4fe4195cf523b0b2ca""},{""action"":""shoot"",""startSec"":107.34,""endSec"":107.54,""durationSec"":0.2,""_id"":""69bf5a4fe4195cf523b0b2cb""},{""action"":""shoot"",""startSec"":108.89,""endSec"":111.8,""durationSec"":2.91,""_id"":""69bf5a4fe4195cf523b0b2cc""},{""action"":""shoot"",""startSec"":123.14,""endSec"":123.86,""durationSec"":0.72,""_id"":""69bf5a4fe4195cf523b0b2cd""},{""action"":""shoot"",""startSec"":126.04,""endSec"":128.49,""durationSec"":2.45,""_id"":""69bf5a4fe4195cf523b0b2ce""},{""action"":""shoot"",""startSec"":136.89,""endSec"":137.29,""durationSec"":0.4,""_id"":""69bf5a4fe4195cf523b0b2cf""},{""action"":""shoot"",""startSec"":139.09,""endSec"":140.69,""durationSec"":1.6,""_id"":""69bf5a4fe4195cf523b0b2d0""},{""action"":""shoot"",""startSec"":157.69,""endSec"":159.51,""durationSec"":1.82,""_id"":""69bf5a4fe4195cf523b0b2d1""}],""_id"":""69bf5a4fe4195cf523b0b2c0""}",15.3,{},,5.0,0.0,0.0,0.0,0.0,None,0.0,None,False,great,109.65,0.0,109.65,0.0,0.0,0.0,0.0,0.0,0.0,,True,52,0.0,0,0.0,0.0,0.0,0.0,0.0,0.0,0.0,0.0,False,blue_2,Randy,4.33,21.93,17,1.11,3.06,3.82,1.72,6.65,0.4,6.28,0.0,4201,19.1,8.6,33.25,2.0,31.4,94.35,0.0,None,17
"{""totalSec"":163,""autoEndSec"":20,""delayEndSec"":23,""intervals"":[{""action"":""shoot"",""startSec"":56.7,""endSec"":56.8,""durationSec"":0.1,""_id"":""69bf5a99e4195cf523b0b2e0""},{""action"":""shoot"",""startSec"":60.7,""endSec"":61.55,""durationSec"":0.85,""_id"":""69bf5a99e4195cf523b0b2e1""},{""action"":""shoot"",""startSec"":63.6,""endSec"":64.6,""durationSec"":1,""_id"":""69bf5a99e4195cf523b0b2e2""},{""action"":""shoot"",""startSec"":65.15,""endSec"":65.35,""durationSec"":0.2,""_id"":""69bf5a99e4195cf523b0b2e3""},{""action"":""shoot"",""startSec"":65.5,""endSec"":65.65,""durationSec"":0.15,""_id"":""69bf5a99e4195cf523b0b2e4""},{""action"":""shoot"",""startSec"":72.75,""endSec"":73.26,""durationSec"":0.51,""_id"":""69bf5a99e4195cf523b0b2e5""},{""action"":""shoot"",""startSec"":73.35,""endSec"":73.78,""durationSec"":0.43,""_id"":""69bf5a99e4195cf523b0b2e6""},{""action"":""shoot"",""startSec"":74.5,""endSec"":74.81,""durationSec"":0.31,""_id"":""69bf5a99e4195cf523b0b2e7""},{""action"":""shoot"",""startSec"":75.2,""endSec"":75.4,""durationSec"":0.2,""_id"":""69bf5a99e4195cf523b0b2e8""},{""action"":""shoot"",""startSec"":95.65,""endSec"":95.75,""durationSec"":0.1,""_id"":""69bf5a99e4195cf523b0b2e9""},{""action"":""shoot"",""startSec"":105.05,""endSec"":105.11,""durationSec"":0.06,""_id"":""69bf5a99e4195cf523b0b2ea""},{""action"":""shoot"",""startSec"":106.65,""endSec"":106.75,""durationSec"":0.1,""_id"":""69bf5a99e4195cf523b0b2eb""},{""action"":""shoot"",""startSec"":107,""endSec"":107.06,""durationSec"":0.06,""_id"":""69bf5a99e4195cf523b0b2ec""},{""action"":""shoot"",""startSec"":107.3,""endSec"":107.36,""durationSec"":0.06,""_id"":""69bf5a99e4195cf523b0b2ed""},{""action"":""shoot"",""startSec"":107.45,""endSec"":107.55,""durationSec"":0.1,""_id"":""69bf5a99e4195cf523b0b2ee""},{""action"":""shoot"",""startSec"":107.65,""endSec"":107.9,""durationSec"":0.25,""_id"":""69bf5a99e4195cf523b0b2ef""},{""action"":""shoot"",""startSec"":108.75,""endSec"":109,""durationSec"":0.25,""_id"":""69bf5a99e4195cf523b0b2f0""},{""action"":""shoot"",""startSec"":109.1,""endSec"":109.35,""durationSec"":0.25,""_id"":""69bf5a99e4195cf523b0b2f1""},{""action"":""shoot"",""startSec"":109.45,""endSec"":109.54,""durationSec"":0.09,""_id"":""69bf5a99e4195cf523b0b2f2""},{""action"":""shoot"",""startSec"":117.45,""endSec"":117.55,""durationSec"":0.1,""_id"":""69bf5a99e4195cf523b0b2f3""},{""action"":""shoot"",""startSec"":118.55,""endSec"":118.7,""durationSec"":0.15,""_id"":""69bf5a99e4195cf523b0b2f4""},{""action"":""shoot"",""startSec"":120.6,""endSec"":120.91,""durationSec"":0.31,""_id"":""69bf5a99e4195cf523b0b2f5""},{""action"":""shoot"",""startSec"":121,""endSec"":121.61,""durationSec"":0.61,""_id"":""69bf5a99e4195cf523b0b2f6""},{""action"":""shoot"",""startSec"":121.7,""endSec"":122.1,""durationSec"":0.4,""_id"":""69bf5a99e4195cf523b0b2f7""},{""action"":""shoot"",""startSec"":122.2,""endSec"":122.3,""durationSec"":0.1,""_id"":""69bf5a99e4195cf523b0b2f8""},{""action"":""shoot"",""startSec"":126.45,""endSec"":126.71,""durationSec"":0.26,""_id"":""69bf5a99e4195cf523b0b2f9""},{""action"":""shoot"",""startSec"":126.8,""endSec"":127.6,""durationSec"":0.8,""_id"":""69bf5a99e4195cf523b0b2fa""},{""action"":""shoot"",""startSec"":127.7,""endSec"":128.15,""durationSec"":0.45,""_id"":""69bf5a99e4195cf523b0b2fb""},{""action"":""shoot"",""startSec"":151.95,""endSec"":152.7,""durationSec"":0.75,""_id"":""69bf5a99e4195cf523b0b2fc""},{""action"":""shoot"",""startSec"":153.8,""endSec"":153.85,""durationSec"":0.05,""_id"":""69bf5a99e4195cf523b0b2fd""},{""action"":""shoot"",""startSec"":153.95,""endSec"":154.2,""durationSec"":0.25,""_id"":""69bf5a99e4195cf523b0b2fe""},{""action"":""shoot"",""startSec"":154.3,""endSec"":154.38,""durationSec"":0.08,""_id"":""69bf5a99e4195cf523b0b2ff""}],""_id"":""69bf5a99e4195cf523b0b2df""}",0.0,{},right,5.0,0.0,0.0,0.0,0.0,None,0.0,None,False,ok,46.9,0.0,46.9,0.0,0.0,0.0,0.0,0.0,0.0,,True,50,0.0,0,0.0,0.0,0.0,0.0,0.0,0.0,0.0,0.0,False,red_3,Olivia,0.9,9.38,32,0.225,0.0,1.13,0.0,3.75,0.16,4.34,0.0,4999,5.65,0.0,18.75,0.8,21.7,46.9,0.0,None,32
"{""totalSec"":163,""autoEndSec"":20,""delayEndSec"":23,""intervals"":[],""_id"":""69bf5a99e4195cf523b0b301""}",0.0,{},,5.0,0.0,0.0,0.0,0.0,None,0.0,None,False,ok,0.0,0.0,0.0,0.0,0.0,0.0,0.0,0.0,0.0,,False,51,0.0,0,0.0,0.0,0.0,0.0,0.0,0.0,0.0,0.0,False,red_3,,0.0,0.0,0,0.0,0.0,0.0,0.0,0.0,0.0,0.0,0.0,294,0.0,0.0,0.0,0.0,0.0,0.0,0.0,None,0
"{""totalSec"":163,""autoEndSec"":20,""delayEndSec"":23,""intervals"":[{""action"":""shoot"",""startSec"":3.85,""endSec"":3.95,""durationSec"":0.1,""_id"":""69bf5a99e4195cf523b0b304""},{""action"":""shoot"",""startSec"":5.05,""endSec"":5.15,""durationSec"":0.1,""_id"":""69bf5a99e4195cf523b0b305""},{""action"":""shoot"",""startSec"":13.25,""endSec"":13.95,""durationSec"":0.7,""_id"":""69bf5a99e4195cf523b0b306""},{""action"":""pass"",""startSec"":17.7,""endSec"":17.8,""durationSec"":0.1,""_id"":""69bf5a99e4195cf523b0b307""},{""action"":""pass"",""startSec"":17.9,""endSec"":17.96,""durationSec"":0.06,""_id"":""69bf5a99e4195cf523b0b308""},{""action"":""pass"",""startSec"":31,""endSec"":31.5,""durationSec"":0.5,""_id"":""69bf5a99e4195cf523b0b309""},{""action"":""pass"",""startSec"":31.6,""endSec"":31.69,""durationSec"":0.09,""_id"":""69bf5a99e4195cf523b0b30a""},{""action"":""shoot"",""startSec"":32.05,""endSec"":32.2,""durationSec"":0.15,""_id"":""69bf5a99e4195cf523b0b30b""},{""action"":""shoot"",""startSec"":32.35,""endSec"":32.5,""durationSec"":0.15,""_id"":""69bf5a99e4195cf523b0b30c""},{""action"":""shoot"",""startSec"":32.85,""endSec"":32.93,""durationSec"":0.08,""_id"":""69bf5a99e4195cf523b0b30d""},{""action"":""shoot"",""startSec"":33.3,""endSec"":35.5,""durationSec"":2.2,""_id"":""69bf5a99e4195cf523b0b30e""},{""action"":""shoot"",""startSec"":50.75,""endSec"":51.4,""durationSec"":0.65,""_id"":""69bf5a99e4195cf523b0b30f""},{""action"":""shoot"",""startSec"":53.4,""endSec"":54.2,""durationSec"":0.8,""_id"":""69bf5a99e4195cf523b0b310""},{""action"":""pass"",""startSec"":68.4,""endSec"":68.5,""durationSec"":0.1,""_id"":""69bf5a99e4195cf523b0b311""},{""action"":""pass"",""startSec"":68.6,""endSec"":68.67,""durationSec"":0.07,""_id"":""69bf5a99e4195cf523b0b312""},{""action"":""pass"",""startSec"":69.05,""endSec"":69.18,""durationSec"":0.13,""_id"":""69bf5a99e4195cf523b0b313""},{""action"":""pass"",""startSec"":69.35,""endSec"":69.9,""durationSec"":0.55,""_id"":""69bf5a99e4195cf523b0b314""},{""action"":""pass"",""startSec"":70.05,""endSec"":70.15,""durationSec"":0.1,""_id"":""69bf5a99e4195cf523b0b315""},{""action"":""pass"",""startSec"":72.2,""endSec"":72.86,""durationSec"":0.66,""_id"":""69bf5a99e4195cf523b0b316""},{""action"":""pass"",""startSec"":74.45,""endSec"":76.81,""durationSec"":2.36,""_id"":""69bf5a99e4195cf523b0b317""},{""action"":""shoot"",""startSec"":77.2,""endSec"":78.9,""durationSec"":1.7,""_id"":""69bf5a99e4195cf523b0b318""},{""action"":""pass"",""startSec"":79.05,""endSec"":80.61,""durationSec"":1.56,""_id"":""69bf5a99e4195cf523b0b319""},{""action"":""shoot"",""startSec"":85.55,""endSec"":88.25,""durationSec"":2.7,""_id"":""69bf5a99e4195cf523b0b31a""}],""_id"":""69bf5a99e4195cf523b0b303""}",4.5,{},left,5.0,0.0,0.0,0.0,0.0,None,0.0,heavy,True,good,46.65,31.4,46.65,0.0,0.0,0.0,0.0,0.0,0.0,,True,52,6.28,12,0.115,0.16,0.0,0.59,3.97,1.56,0.0,0.0,False,red_3,,5.425,9.33,11,0.65,0.9,0.0,2.58,2.25,3.6,0.0,0.0,6904,0.0,12.9,11.25,18.0,0.0,42.15,0.0,None,23
"{""totalSec"":163,""autoEndSec"":20,""delayEndSec"":23,""intervals"":[],""_id"":""69bf5aa5e4195cf523b0b373""}",0.0,"{""alliance"":""red"",""startPosition"":""left"",""points"":[{""x"":0.69,""y"":0.33,""tSec"":3.85,""_id"":""69bf5aa5e4195cf523b0b322""},{""x"":0.683,""y"":0.3656,""tSec"":3.85,""_id"":""69bf5aa5e4195cf523b0b323""},{""x"":0.6738,""y"":0.3671,""tSec"":3.9,""_id"":""69bf5aa5e4195cf523b0b324""},{""x"":0.6251,""y"":0.3587,""tSec"":3.95,""_id"":""69bf5aa5e4195cf523b0b325""},{""x"":0.607,""y"":0.3568,""tSec"":3.95,""_id"":""69bf5aa5e4195cf523b0b326""},{""x"":0.5818,""y"":0.3536,""tSec"":3.95,""_id"":""69bf5aa5e4195cf523b0b327""},{""x"":0.5267,""y"":0.3485,""tSec"":4.05,""_id"":""69bf5aa5e4195cf523b0b328""},{""x"":0.4779,""y"":0.3431,""tSec"":4.1,""_id"":""69bf5aa5e4195cf523b0b329""},{""x"":0.4368,""y"":0.3405,""tSec"":4.1,""_id"":""69bf5aa5e4195cf523b0b32a""},{""x"":0.3943,""y"":0.3365,""tSec"":4.15,""_id"":""69bf5aa5e4195cf523b0b32b""},{""x"":0.3378,""y"":0.3264,""tSec"":4.2,""_id"":""69bf5aa5e4195cf523b0b32c""},{""x"":0.3103,""y"":0.3194,""tSec"":4.25,""_id"":""69bf5aa5e4195cf523b0b32d""},{""x"":0.2986,""y"":0.3168,""tSec"":4.25,""_id"":""69bf5aa5e4195cf523b0b32e""},{""x"":0.2888,""y"":0.3164,""tSec"":4.3,""_id"":""69bf5aa5e4195cf523b0b32f""},{""x"":0.2937,""y"":0.3517,""tSec"":4.95,""_id"":""69bf5aa5e4195cf523b0b330""},{""x"":0.2813,""y"":0.3597,""tSec"":5,""_id"":""69bf5aa5e4195cf523b0b331""},{""x"":0.2707,""y"":0.3635,""tSec"":5,""_id"":""69bf5aa5e4195cf523b0b332""},{""x"":0.2601,""y"":0.3668,""tSec"":5.05,""_id"":""69bf5aa5e4195cf523b0b333""},{""x"":0.2504,""y"":0.3692,""tSec"":5.1,""_id"":""69bf5aa5e4195cf523b0b334""},{""x"":0.2362,""y"":0.3723,""tSec"":5.1,""_id"":""69bf5aa5e4195cf523b0b335""},{""x"":0.2261,""y"":0.3736,""tSec"":5.15,""_id"":""69bf5aa5e4195cf523b0b336""},{""x"":0.2188,""y"":0.3747,""tSec"":5.25,""_id"":""69bf5aa5e4195cf523b0b337""},{""x"":0.214,""y"":0.3883,""tSec"":5.3,""_id"":""69bf5aa5e4195cf523b0b338""},{""x"":0.212,""y"":0.3956,""tSec"":5.3,""_id"":""69bf5aa5e4195cf523b0b339""},{""x"":0.2094,""y"":0.4117,""tSec"":5.3,""_id"":""69bf5aa5e4195cf523b0b33a""},{""x"":0.2076,""y"":0.4298,""tSec"":5.35,""_id"":""69bf5aa5e4195cf523b0b33b""},{""x"":0.2073,""y"":0.4425,""tSec"":5.35,""_id"":""69bf5aa5e4195cf523b0b33c""},{""x"":0.2065,""y"":0.4545,""tSec"":5.35,""_id"":""69bf5aa5e4195cf523b0b33d""},{""x"":0.2064,""y"":0.4779,""tSec"":5.35,""_id"":""69bf5aa5e4195cf523b0b33e""},{""x"":0.2064,""y"":0.493,""tSec"":5.4,""_id"":""69bf5aa5e4195cf523b0b33f""},{""x"":0.2072,""y"":0.5187,""tSec"":5.4,""_id"":""69bf5aa5e4195cf523b0b340""},{""x"":0.2096,""y"":0.5456,""tSec"":5.45,""_id"":""69bf5aa5e4195cf523b0b341""},{""x"":0.2122,""y"":0.5727,""tSec"":5.45,""_id"":""69bf5aa5e4195cf523b0b342""},{""x"":0.2163,""y"":0.6199,""tSec"":5.5,""_id"":""69bf5aa5e4195cf523b0b343""},{""x"":0.2183,""y"":0.6408,""tSec"":5.5,""_id"":""69bf5aa5e4195cf523b0b344""},{""x"":0.2209,""y"":0.6823,""tSec"":5.55,""_id"":""69bf5aa5e4195cf523b0b345""},{""x"":0.2213,""y"":0.7083,""tSec"":5.55,""_id"":""69bf5aa5e4195cf523b0b346""},{""x"":0.222,""y"":0.7391,""tSec"":5.6,""_id"":""69bf5aa5e4195cf523b0b347""},{""x"":0.2221,""y"":0.7504,""tSec"":5.65,""_id"":""69bf5aa5e4195cf523b0b348""},{""x"":0.2221,""y"":0.7594,""tSec"":5.65,""_id"":""69bf5aa5e4195cf523b0b349""},{""x"":0.2221,""y"":0.7671,""tSec"":5.7,""_id"":""69bf5aa5e4195cf523b0b34a""},{""x"":0.2221,""y"":0.7748,""tSec"":5.7,""_id"":""69bf5aa5e4195cf523b0b34b""},{""x"":0.2214,""y"":0.7842,""tSec"":5.8,""_id"":""69bf5aa5e4195cf523b0b34c""},{""x"":0.2166,""y"":0.7768,""tSec"":6.15,""_id"":""69bf5aa5e4195cf523b0b34d""},{""x"":0.2146,""y"":0.7635,""tSec"":6.15,""_id"":""69bf5aa5e4195cf523b0b34e""},{""x"":0.2135,""y"":0.7361,""tSec"":6.2,""_id"":""69bf5aa5e4195cf523b0b34f""},{""x"":0.2126,""y"":0.7157,""tSec"":6.2,""_id"":""69bf5aa5e4195cf523b0b350""},{""x"":0.2118,""y"":0.6923,""tSec"":6.2,""_id"":""69bf5aa5e4195cf523b0b351""},{""x"":0.2117,""y"":0.6428,""tSec"":6.2,""_id"":""69bf5aa5e4195cf523b0b352""},{""x"":0.2124,""y"":0.5596,""tSec"":6.25,""_id"":""69bf5aa5e4195cf523b0b353""},{""x"":0.2156,""y"":0.4705,""tSec"":6.3,""_id"":""69bf5aa5e4195cf523b0b354""},{""x"":0.216,""y"":0.3682,""tSec"":6.35,""_id"":""69bf5aa5e4195cf523b0b355""},{""x"":0.2153,""y"":0.3274,""tSec"":6.35,""_id"":""69bf5aa5e4195cf523b0b356""},{""x"":0.2121,""y"":0.2977,""tSec"":6.4,""_id"":""69bf5aa5e4195cf523b0b357""},{""x"":0.2095,""y"":0.2798,""tSec"":6.45,""_id"":""69bf5aa5e4195cf523b0b358""},{""x"":0.2084,""y"":0.2691,""tSec"":6.45,""_id"":""69bf5aa5e4195cf523b0b359""},{""x"":0.212,""y"":0.263,""tSec"":6.55,""_id"":""69bf5aa5e4195cf523b0b35a""},{""x"":0.2202,""y"":0.2623,""tSec"":6.6,""_id"":""69bf5aa5e4195cf523b0b35b""},{""x"":0.2342,""y"":0.2612,""tSec"":6.6,""_id"":""69bf5aa5e4195cf523b0b35c""},{""x"":0.245,""y"":0.2601,""tSec"":6.6,""_id"":""69bf5aa5e4195cf523b0b35d""},{""x"":0.2678,""y"":0.2582,""tSec"":6.65,""_id"":""69bf5aa5e4195cf523b0b35e""},{""x"":0.2943,""y"":0.255,""tSec"":6.65,""_id"":""69bf5aa5e4195cf523b0b35f""},{""x"":0.3105,""y"":0.2537,""tSec"":6.65,""_id"":""69bf5aa5e4195cf523b0b360""},{""x"":0.3248,""y"":0.2517,""tSec"":6.65,""_id"":""69bf5aa5e4195cf523b0b361""},{""x"":0.3486,""y"":0.2495,""tSec"":6.7,""_id"":""69bf5aa5e4195cf523b0b362""},{""x"":0.373,""y"":0.2492,""tSec"":6.7,""_id"":""69bf5aa5e4195cf523b0b363""},{""x"":0.3851,""y"":0.2492,""tSec"":6.7,""_id"":""69bf5aa5e4195cf523b0b364""},{""x"":0.4065,""y"":0.2492,""tSec"":6.75,""_id"":""69bf5aa5e4195cf523b0b365""},{""x"":0.4305,""y"":0.2482,""tSec"":6.8,""_id"":""69bf5aa5e4195cf523b0b366""},{""x"":0.4549,""y"":0.2453,""tSec"":6.8,""_id"":""69bf5aa5e4195cf523b0b367""},{""x"":0.4793,""y"":0.2411,""tSec"":6.8,""_id"":""69bf5aa5e4195cf523b0b368""},{""x"":0.5083,""y"":0.2349,""tSec"":6.85,""_id"":""69bf5aa5e4195cf523b0b369""},{""x"":0.5554,""y"":0.2217,""tSec"":6.9,""_id"":""69bf5aa5e4195cf523b0b36a""},{""x"":0.5864,""y"":0.2144,""tSec"":6.9,""_id"":""69bf5aa5e4195cf523b0b36b""},{""x"":0.6,""y"":0.2117,""tSec"":6.9,""_id"":""69bf5aa5e4195cf523b0b36c""},{""x"":0.6277,""y"":0.2056,""tSec"":6.95,""_id"":""69bf5aa5e4195cf523b0b36d""},{""x"":0.6564,""y"":0.1992,""tSec"":7,""_id"":""69bf5aa5e4195cf523b0b36e""},{""x"":0.6774,""y"":0.1945,""tSec"":7,""_id"":""69bf5aa5e4195cf523b0b36f""},{""x"":0.6946,""y"":0.1902,""tSec"":7,""_id"":""69bf5aa5e4195cf523b0b370""},{""x"":0.7157,""y"":0.184,""tSec"":7.05,""_id"":""69bf5aa5e4195cf523b0b371""},{""x"":0.7337,""y"":0.1804,""tSec"":7.1,""_id"":""69bf5aa5e4195cf523b0b372""}],""shotMarkers"":[],""fingerprint"":""a930bfdc"",""_id"":""69bf5aa5e4195cf523b0b321""}",left,5.0,0.0,0.0,0.0,0.0,comms,0.0,None,False,ok,0.0,0.0,0.0,0.0,0.0,0.0,0.0,0.0,0.0,,False,52,0.0,0,0.0,0.0,0.0,0.0,0.0,0.0,0.0,0.0,False,red_1,Quinn,0.0,0.0,0,0.0,0.0,0.0,0.0,0.0,0.0,0.0,0.0,5089,0.0,0.0,0.0,0.0,0.0,0.0,0.0,None,0
