binEndSec,binSec,matchNumber,passActive,second,shootActive,teamNumber
1,1,4,0.0,0,0.0,3759
2,1,4,0.0,1,0.0,3759
3,1,4,0.0,2,0.0,3759
4,1,4,0.0,3,0.0,3759
5,1,4,0.0,4,0.0,3759
6,1,4,0.0,5,0.0,3759
7,1,4,0.0,6,0.0,3759
8,1,4,0.0,7,0.0,3759
9,1,4,0.0,8,0.0,3759
10,1,4,0.0,9,0.0,3759
11,1,4,0.0,10,0.0,3759
12,1,4,0.0,11,0.0,3759
13,1,4,0.0,12,0.0,3759
14,1,4,0.0,13,0.0,3759
15,1,4,0.0,14,0.0,3759
16,1,4,0.0,15,0.0,3759
17,1,4,0.0,16,0.0,3759
18,1,4,0.0,17,0.0,3759
19,1,4,0.0,18,0.0,3759
20,1,4,0.0,19,0.0,3759
21,1,4,0.0,20,0.0,3759
22,1,4,0.0,21,0.0,3759
23,1,4,0.0,22,0.0,3759
24,1,4,0.0,23,0.0,3759
25,1,4,0.0,24,0.0,3759
26,1,4,0.0,25,0.0,3759
27,1,4,0.0,26,0.0,3759
28,1,4,0.0,27,0.0,3759
29,1,4,0.0,28,0.0,3759
30,1,4,0.0,29,0.0,3759
31,1,4,0.0,30,0.0,3759
32,1,4,0.0,31,0.0,3759
33,1,4,0.0,32,0.0,3759
34,1,4,0.0,33,0.0,3759
35,1,4,0.0,34,0.0,3759
36,1,4,0.0,35,0.0,3759
37,1,4,0.0,36,0.0,3759
38,1,4,0.0,37,0.0,3759
39,1,4,0.0,38,0.0,3759
40,1,4,0.0,39,0.0,3759
41,1,4,0.0,40,0.0,3759
42,1,4,0.0,41,0.0,3759
43,1,4,0.0,42,0.0,3759
44,1,4,0.0,43,0.0,3759
45,1,4,0.0,44,0.0,3759
46,1,4,0.0,45,0.0,3759
47,1,4,0.0,46,0.0,3759
48,1,4,0.0,47,0.0,3759
49,1,4,0.0,48,0.0,3759
50,1,4,0.0,49,0.0,3759
51,1,4,0.0,50,0.0,3759
52,1,4,0.0,51,0.0,3759
53,1,4,0.0,52,0.0,3759
54,1,4,0.0,53,0.0,3759
55,1,4,0.0,54,0.0,3759
56,1,4,0.0,55,0.0,3759
57,1,4,0.0,56,0.0,3759
58,1,4,0.0,57,0.0,3759
59,1,4,0.0,58,0.0,3759
60,1,4,0.0,59,0.0,3759
61,1,4,0.0,60,0.0,3759
62,1,4,0.0,61,0.0,3759
63,1,4,0.0,62,0.0,3759
64,1,4,0.0,63,0.0,3759
65,1,4,0.0,64,0.0,3759
66,1,4,0.0,65,0.0,3759
67,1,4,0.0,66,0.0,3759
68,1,4,0.0,67,0.0,3759
69,1,4,0.0,68,0.0,3759
70,1,4,0.0,69,0.0,3759
71,1,4,0.0,70,0.0,3759
72,1,4,0.0,71,0.0,3759
73,1,4,0.0,72,0.0,3759
74,1,4,0.0,73,0.0,3759
75,1,4,0.0,74,0.0,3759
76,1,4,0.0,75,0.0,3759
77,1,4,0.0,76,0.0,3759
78,1,4,0.0,77,0.0,3759
79,1,4,0.0,78,0.0,3759
80,1,4,0.0,79,0.0,3759
81,1,4,0.0,80,0.0,3759
82,1,4,0.0,81,0.0,3759
83,1,4,0.0,82,0.0,3759
84,1,4,0.0,83,0.0,3759
85,1,4,0.0,84,0.0,3759
86,1,4,0.0,85,0.0,3759
87,1,4,0.0,86,0.0,3759
88,1,4,0.0,87,0.0,3759
89,1,4,0.0,88,0.0,3759
90,1,4,0.0,89,0.0,3759
91,1,4,0.0,90,0.0,3759
92,1,4,0.0,91,0.0,3759
93,1,4,0.0,92,0.0,3759
94,1,4,0.0,93,0.0,3759
95,1,4,0.0,94,0.0,3759
96,1,4,0.0,95,0.0,3759
97,1,4,0.0,96,0.0,3759
98,1,4,0.0,97,0.0,3759
99,1,4,0.0,98,0.0,3759
100,1,4,0.0,99,0.0,3759
101,1,4,0.0,100,0.0,3759
102,1,4,0.0,101,0.0,3759
103,1,4,0.0,102,0.0,3759
104,1,4,0.0,103,0.0,3759
105,1,4,0.0,104,0.0,3759
106,1,4,0.0,105,0.0,3759
107,1,4,0.0,106,0.0,3759
108,1,4,0.0,107,0.0,3759
109,1,4,0.0,108,0.0,3759
110,1,4,0.0,109,0.0,3759
111,1,4,0.0,110,0.0,3759
112,1,4,0.0,111,0.0,3759
113,1,4,0.0,112,0.0,3759
114,1,4,0.0,113,0.0,3759
115,1,4,0.0,114,0.0,3759
116,1,4,0.0,115,0.0,3759
117,1,4,0.0,116,0.0,3759
118,1,4,0.0,117,0.0,3759
119,1,4,0.0,118,0.0,3759
120,1,4,0.0,119,0.0,3759
121,1,4,0.0,120,0.0,3759
122,1,4,0.0,121,0.0,3759
123,1,4,0.0,122,0.0,3759
124,1,4,0.0,123,0.0,3759
125,1,4,0.0,124,0.0,3759
126,1,4,0.0,125,0.0,3759
127,1,4,0.0,126,0.0,3759
128,1,4,0.0,127,0.0,3759
129,1,4,0.0,128,0.0,3759
130,1,4,0.0,129,0.0,3759
131,1,4,0.0,130,0.0,3759
132,1,4,0.0,131,0.0,3759
133,1,4,0.0,132,0.0,3759
134,1,4,0.0,133,0.0,3759
135,1,4,0.0,134,0.0,3759
136,1,4,0.0,135,0.0,3759
137,1,4,0.0,136,0.0,3759
138,1,4,0.0,137,0.0,3759
139,1,4,0.0,138,0.0,3759
140,1,4,0.0,139,0.0,3759
141,1,4,0.0,140,0.0,3759
142,1,4,0.0,141,0.0,3759
143,1,4,0.0,142,0.0,3759
144,1,4,0.0,143,0.0,3759
145,1,4,0.0,144,0.0,3759
146,1,4,0.0,145,0.0,3759
147,1,4,0.0,146,0.0,3759
148,1,4,0.0,147,0.0,3759
149,1,4,0.0,148,0.0,3759
150,1,4,0.0,149,0.0,3759
151,1,4,0.0,150,0.0,3759
152,1,4,0.0,151,0.0,3759
153,1,4,0.0,152,0.0,3759
154,1,4,0.0,153,0.0,3759
155,1,4,0.0,154,0.0,3759
156,1,4,0.0,155,0.0,3759
157,1,4,0.0,156,0.0,3759
158,1,4,0.0,157,0.0,3759
159,1,4,0.0,158,0.0,3759
160,1,4,0.0,159,0.0,3759
161,1,4,0.0,160,0.0,3759
162,1,4,0.0,161,0.0,3759
163,1,4,0.0,162,0.0,3759
1,1,8,0.0,0,0.0,9408
2,1,8,0.0,1,0.0,9408
3,1,8,0.0,2,0.0,9408
4,1,8,0.0,3,0.0,9408
5,1,8,0.0,4,0.0,9408
6,1,8,0.0,5,0.0,9408
7,1,8,0.0,6,0.0,9408
8,1,8,0.0,7,0.0,9408
9,1,8,0.0,8,0.0,9408
10,1,8,0.0,9,0.0,9408
11,1,8,0.0,10,0.0,9408
12,1,8,0.0,11,0.0,9408
13,1,8,0.0,12,0.0,9408
14,1,8,0.0,13,0.0,9408
15,1,8,0.0,14,0.0,9408
16,1,8,0.0,15,0.0,9408
17,1,8,0.0,16,0.0,9408
18,1,8,0.0,17,0.0,9408
19,1,8,0.0,18,0.0,9408
20,1,8,0.0,19,0.0,9408
21,1,8,0.0,20,0.0,9408
22,1,8,0.0,21,0.0,9408
23,1,8,0.0,22,0.0,9408
24,1,8,0.0,23,0.0,9408
25,1,8,0.0,24,0.0,9408
26,1,8,0.0,25,0.0,9408
27,1,8,0.0,26,0.0,9408
28,1,8,0.0,27,0.77,9408
29,1,8,0.0,28,0.0,9408
30,1,8,0.0,29,0.0,9408
31,1,8,0.0,30,0.0,9408
32,1,8,0.0,31,0.0,9408
33,1,8,0.0,32,0.0,9408
34,1,8,0.0,33,0.25,9408
35,1,8,0.0,34,1.0,9408
36,1,8,0.0,35,0.3,9408
37,1,8,0.0,36,0.0,9408
38,1,8,0.0,37,0.0,9408
39,1,8,0.0,38,0.0,9408
40,1,8,0.0,39,0.0,9408
41,1,8,0.0,40,0.0,9408
42,1,8,0.0,41,0.0,9408
43,1,8,0.0,42,0.0,9408
44,1,8,0.0,43,0.0,9408
45,1,8,0.0,44,0.0,9408
46,1,8,0.0,45,0.0,9408
47,1,8,0.0,46,0.0,9408
48,1,8,0.0,47,0.0,9408
49,1,8,0.0,48,0.45,9408
50,1,8,0.0,49,1.0,9408
51,1,8,0.0,50,1.0,9408
52,1,8,0.0,51,0.01,9408
53,1,8,0.0,52,0.0,9408
54,1,8,0.0,53,0.0,9408
55,1,8,0.0,54,0.0,9408
56,1,8,0.0,55,0.0,9408
57,1,8,0.0,56,0.0,9408
58,1,8,0.0,57,0.0,9408
59,1,8,0.0,58,0.0,9408
60,1,8,0.0,59,0.0,9408
61,1,8,0.0,60,0.0,9408
62,1,8,0.0,61,0.0,9408
63,1,8,0.0,62,0.0,9408
64,1,8,0.0,63,0.0,9408
65,1,8,0.0,64,0.0,9408
66,1,8,0.0,65,0.0,9408
67,1,8,0.0,66,0.0,9408
68,1,8,0.0,67,0.0,9408
69,1,8,0.0,68,0.0,9408
70,1,8,0.0,69,0.0,9408
71,1,8,0.0,70,0.0,9408
72,1,8,0.0,71,0.0,9408
73,1,8,0.0,72,0.0,9408
74,1,8,0.0,73,0.0,9408
75,1,8,0.0,74,0.0,9408
76,1,8,0.0,75,0.0,9408
77,1,8,0.0,76,0.0,9408
78,1,8,0.0,77,0.0,9408
79,1,8,0.0,78,0.0,9408
80,1,8,0.0,79,0.0,9408
81,1,8,0.0,80,0.0,9408
82,1,8,0.0,81,0.0,9408
83,1,8,0.0,82,0.0,9408
84,1,8,0.0,83,0.0,9408
85,1,8,0.0,84,0.05,9408
86,1,8,0.0,85,1.0,9408
87,1,8,0.0,86,0.5,9408
88,1,8,0.0,87,0.0,9408
89,1,8,0.0,88,0.0,9408
90,1,8,0.0,89,0.0,9408
91,1,8,0.0,90,0.0,9408
92,1,8,0.0,91,0.0,9408
93,1,8,0.0,92,0.0,9408
94,1,8,0.0,93,0.0,9408
95,1,8,0.0,94,0.0,9408
96,1,8,0.0,95,0.0,9408
97,1,8,0.0,96,0.0,9408
98,1,8,0.0,97,0.0,9408
99,1,8,0.3,98,0.0,9408
100,1,8,0.0,99,0.0,9408
101,1,8,0.0,100,0.0,9408
102,1,8,0.0,101,0.0,9408
103,1,8,0.0,102,0.0,9408
104,1,8,0.0,103,0.0,9408
105,1,8,0.0,104,0.0,9408
106,1,8,0.0,105,0.0,9408
107,1,8,0.0,106,0.0,9408
108,1,8,0.0,107,0.0,9408
109,1,8,0.0,108,0.0,9408
110,1,8,0.0,109,0.0,9408
111,1,8,0.0,110,0.0,9408
112,1,8,0.0,111,0.0,9408
113,1,8,0.0,112,0.0,9408
114,1,8,0.0,113,0.0,9408
115,1,8,0.0,114,0.0,9408
116,1,8,0.0,115,0.0,9408
117,1,8,0.0,116,0.0,9408
118,1,8,0.0,117,0.0,9408
119,1,8,0.0,118,0.0,9408
120,1,8,0.0,119,0.0,9408
121,1,8,0.0,120,0.0,9408
122,1,8,0.0,121,0.0,9408
123,1,8,0.0,122,0.0,9408
124,1,8,0.0,123,0.0,9408
125,1,8,0.0,124,0.0,9408
126,1,8,0.0,125,0.0,9408
127,1,8,0.0,126,0.0,9408
128,1,8,0.0,127,0.0,9408
129,1,8,0.0,128,0.0,9408
130,1,8,0.0,129,0.0,9408
131,1,8,0.0,130,0.0,9408
132,1,8,0.0,131,0.0,9408
133,1,8,0.0,132,0.0,9408
134,1,8,0.0,133,0.0,9408
135,1,8,0.0,134,0.0,9408
136,1,8,0.0,135,0.0,9408
137,1,8,0.0,136,0.0,9408
138,1,8,0.05,137,0.0,9408
139,1,8,0.56,138,0.0,9408
140,1,8,0.0,139,0.0,9408
141,1,8,0.0,140,0.0,9408
142,1,8,0.0,141,0.0,9408
143,1,8,0.0,142,0.0,9408
144,1,8,0.0,143,0.0,9408
145,1,8,0.0,144,0.0,9408
146,1,8,0.0,145,0.0,9408
147,1,8,0.0,146,0.0,9408
148,1,8,0.0,147,0.0,9408
149,1,8,0.0,148,0.0,9408
150,1,8,0.0,149,0.0,9408
151,1,8,0.0,150,0.0,9408
152,1,8,0.0,151,0.0,9408
153,1,8,0.0,152,0.0,9408
154,1,8,0.0,153,0.0,9408
155,1,8,0.0,154,0.0,9408
156,1,8,0.0,155,0.0,9408
157,1,8,0.0,156,0.0,9408
158,1,8,0.2,157,0.0,9408
159,1,8,0.1,158,0.0,9408
160,1,8,0.0,159,0.0,9408
161,1,8,0.0,160,0.0,9408
162,1,8,0.0,161,0.0,9408
163,1,8,0.0,162,0.0,9408
1,1,14,0.0,0,0.0,5857
2,1,14,0.0,1,0.0,5857
3,1,14,0.0,2,0.0,5857
4,1,14,0.0,3,0.0,5857
5,1,14,0.0,4,0.0,5857
6,1,14,0.0,5,0.0,5857
7,1,14,0.0,6,0.0,5857
8,1,14,0.0,7,0.0,5857
9,1,14,0.0,8,0.0,5857
10,1,14,0.0,9,0.0,5857
11,1,14,0.0,10,0.0,5857
12,1,14,0.0,11,0.0,5857
13,1,14,0.0,12,0.0,5857
14,1,14,0.0,13,0.0,5857
15,1,14,0.0,14,0.0,5857
16,1,14,0.0,15,0.0,5857
17,1,14,0.0,16,0.0,5857
18,1,14,0.0,17,0.0,5857
19,1,14,0.0,18,0.0,5857
20,1,14,0.0,19,0.0,5857
21,1,14,0.0,20,0.0,5857
22,1,14,0.0,21,0.0,5857
23,1,14,0.0,22,0.0,5857
24,1,14,0.0,23,0.0,5857
25,1,14,0.0,24,0.0,5857
26,1,14,0.0,25,0.0,5857
27,1,14,0.0,26,0.0,5857
28,1,14,0.0,27,0.0,5857
29,1,14,0.0,28,0.2,5857
30,1,14,0.0,29,0.0,5857
31,1,14,0.0,30,0.0,5857
32,1,14,0.0,31,0.95,5857
33,1,14,0.0,32,0.0,5857
34,1,14,0.0,33,0.0,5857
35,1,14,0.0,34,0.0,5857
36,1,14,0.0,35,0.0,5857
37,1,14,0.0,36,0.0,5857
38,1,14,0.0,37,0.0,5857
39,1,14,0.0,38,0.0,5857
40,1,14,0.0,39,0.0,5857
41,1,14,0.0,40,0.0,5857
42,1,14,0.0,41,0.0,5857
43,1,14,0.0,42,0.0,5857
44,1,14,0.0,43,0.0,5857
45,1,14,0.0,44,0.0,5857
46,1,14,0.0,45,0.0,5857
47,1,14,0.0,46,0.0,5857
48,1,14,0.0,47,0.0,5857
49,1,14,0.0,48,0.0,5857
50,1,14,0.0,49,0.0,5857
51,1,14,0.0,50,0.0,5857
52,1,14,0.0,51,0.0,5857
53,1,14,0.0,52,0.0,5857
54,1,14,0.0,53,0.0,5857
55,1,14,0.0,54,0.0,5857
56,1,14,0.0,55,0.0,5857
57,1,14,0.0,56,0.0,5857
58,1,14,0.0,57,0.0,5857
59,1,14,0.0,58,0.0,5857
60,1,14,0.0,59,0.0,5857
61,1,14,0.0,60,0.0,5857
62,1,14,0.0,61,0.0,5857
63,1,14,0.0,62,0.0,5857
64,1,14,0.0,63,0.0,5857
65,1,14,0.0,64,0.0,5857
66,1,14,0.0,65,0.0,5857
67,1,14,0.0,66,0.0,5857
68,1,14,0.0,67,0.0,5857
69,1,14,0.0,68,0.0,5857
70,1,14,0.0,69,0.0,5857
71,1,14,0.0,70,0.0,5857
72,1,14,0.0,71,0.0,5857
73,1,14,0.0,72,0.0,5857
74,1,14,0.0,73,0.0,5857
75,1,14,0.0,74,0.0,5857
76,1,14,0.0,75,0.0,5857
77,1,14,0.0,76,0.0,5857
78,1,14,0.0,77,0.0,5857
79,1,14,0.0,78,0.0,5857
80,1,14,0.0,79,0.0,5857
81,1,14,0.0,80,0.0,5857
82,1,14,0.0,81,0.0,5857
83,1,14,0.0,82,0.0,5857
84,1,14,0.0,83,0.0,5857
85,1,14,0.0,84,0.0,5857
86,1,14,0.0,85,0.0,5857
87,1,14,0.0,86,0.0,5857
88,1,14,0.0,87,0.0,5857
89,1,14,0.0,88,0.0,5857
90,1,14,0.0,89,0.0,5857
91,1,14,0.0,90,0.0,5857
92,1,14,0.0,91,0.0,5857
93,1,14,0.0,92,0.0,5857
94,1,14,0.0,93,0.0,5857
95,1,14,0.0,94,0.0,5857
96,1,14,0.0,95,0.0,5857
97,1,14,0.0,96,0.0,5857
98,1,14,0.0,97,0.0,5857
99,1,14,0.0,98,0.0,5857
100,1,14,0.0,99,0.0,5857
101,1,14,0.0,100,0.0,5857
102,1,14,0.0,101,0.0,5857
103,1,14,0.0,102,0.0,5857
104,1,14,0.0,103,0.0,5857
105,1,14,0.0,104,0.0,5857
106,1,14,0.0,105,0.0,5857
107,1,14,0.0,106,0.0,5857
108,1,14,0.0,107,0.0,5857
109,1,14,0.0,108,0.0,5857
110,1,14,0.0,109,0.0,5857
111,1,14,0.0,110,0.0,5857
112,1,14,0.0,111,0.0,5857
113,1,14,0.0,112,0.0,5857
114,1,14,0.0,113,0.0,5857
115,1,14,0.0,114,0.0,5857
116,1,14,0.0,115,0.0,5857
117,1,14,0.0,116,0.0,5857
118,1,14,0.0,117,0.0,5857
119,1,14,0.0,118,0.0,5857
120,1,14,0.0,119,0.0,5857
121,1,14,0.0,120,0.0,5857
122,1,14,0.0,121,0.0,5857
123,1,14,0.0,122,0.0,5857
124,1,14,0.0,123,0.0,5857
125,1,14,0.0,124,0.0,5857
126,1,14,0.0,125,0.0,5857
127,1,14,0.0,126,0.0,5857
128,1,14,0.0,127,0.0,5857
129,1,14,0.0,128,0.0,5857
130,1,14,0.0,129,0.0,5857
131,1,14,0.0,130,0.0,5857
132,1,14,0.0,131,0.0,5857
133,1,14,0.0,132,0.0,5857
134,1,14,0.0,133,0.0,5857
135,1,14,0.0,134,0.0,5857
136,1,14,0.0,135,0.0,5857
137,1,14,0.0,136,0.0,5857
138,1,14,0.0,137,0.0,5857
139,1,14,0.0,138,0.0,5857
140,1,14,0.0,139,0.0,5857
141,1,14,0.0,140,0.0,5857
142,1,14,0.0,141,0.0,5857
143,1,14,0.0,142,0.0,5857
144,1,14,0.0,143,0.0,5857
145,1,14,0.0,144,0.0,5857
146,1,14,0.0,145,0.0,5857
147,1,14,0.0,146,0.0,5857
148,1,14,0.0,147,0.0,5857
149,1,14,0.0,148,0.0,5857
150,1,14,0.0,149,0.0,5857
151,1,14,0.0,150,0.0,5857
152,1,14,0.0,151,0.0,5857
153,1,14,0.0,152,0.0,5857
154,1,14,0.0,153,0.0,5857
155,1,14,0.0,154,0.0,5857
156,1,14,0.0,155,0.0,5857
157,1,14,0.0,156,0.0,5857
158,1,14,0.0,157,0.0,5857
159,1,14,0.0,158,0.0,5857
160,1,14,0.0,159,0.0,5857
161,1,14,0.0,160,0.0,5857
162,1,14,0.0,161,0.0,5857
163,1,14,0.0,162,0.0,5857
1,1,14,0.0,0,0.0,1159
2,1,14,0.0,1,0.0,1159
3,1,14,0.0,2,0.0,1159
4,1,14,0.0,3,0.0,1159
5,1,14,0.0,4,0.0,1159
6,1,14,0.0,5,0.0,1159
7,1,14,0.0,6,0.0,1159
8,1,14,0.0,7,0.0,1159
9,1,14,0.0,8,0.0,1159
10,1,14,0.0,9,0.0,1159
11,1,14,0.0,10,0.0,1159
12,1,14,0.0,11,0.0,1159
13,1,14,0.0,12,0.0,1159
14,1,14,0.0,13,0.0,1159
15,1,14,0.0,14,0.0,1159
16,1,14,0.0,15,0.0,1159
17,1,14,0.0,16,0.0,1159
18,1,14,0.0,17,0.0,1159
19,1,14,0.0,18,0.0,1159
20,1,14,0.0,19,0.0,1159
21,1,14,0.0,20,0.0,1159
22,1,14,0.0,21,0.0,1159
23,1,14,0.0,22,0.0,1159
24,1,14,0.0,23,0.0,1159
25,1,14,0.0,24,0.0,1159
26,1,14,0.0,25,0.0,1159
27,1,14,0.0,26,0.0,1159
28,1,14,0.0,27,0.0,1159
29,1,14,0.0,28,0.12,1159
30,1,14,0.0,29,0.0,1159
31,1,14,0.0,30,0.69,1159
32,1,14,0.0,31,1.0,1159
33,1,14,0.0,32,1.0,1159
34,1,14,0.0,33,1.0,1159
35,1,14,0.0,34,0.3,1159
36,1,14,0.0,35,0.49,1159
37,1,14,0.0,36,1.0,1159
38,1,14,0.0,37,1.0,1159
39,1,14,0.0,38,0.12,1159
40,1,14,0.0,39,0.0,1159
41,1,14,0.0,40,0.0,1159
42,1,14,0.0,41,0.0,1159
43,1,14,0.0,42,0.0,1159
44,1,14,0.0,43,0.0,1159
45,1,14,0.0,44,0.0,1159
46,1,14,0.0,45,0.0,1159
47,1,14,0.0,46,0.0,1159
48,1,14,0.0,47,0.0,1159
49,1,14,0.0,48,0.0,1159
50,1,14,0.0,49,0.0,1159
51,1,14,0.0,50,0.0,1159
52,1,14,0.0,51,0.0,1159
53,1,14,0.0,52,0.0,1159
54,1,14,0.0,53,0.0,1159
55,1,14,0.0,54,0.0,1159
56,1,14,0.0,55,0.0,1159
57,1,14,0.0,56,0.0,1159
58,1,14,0.0,57,0.0,1159
59,1,14,0.0,58,0.0,1159
60,1,14,0.0,59,0.0,1159
61,1,14,0.0,60,0.0,1159
62,1,14,0.0,61,0.0,1159
63,1,14,0.0,62,0.0,1159
64,1,14,0.0,63,0.0,1159
65,1,14,0.0,64,0.0,1159
66,1,14,0.0,65,0.0,1159
67,1,14,0.0,66,0.0,1159
68,1,14,0.0,67,0.0,1159
69,1,14,0.0,68,0.0,1159
70,1,14,0.0,69,0.0,1159
71,1,14,0.0,70,0.0,1159
72,1,14,0.0,71,0.0,1159
73,1,14,0.0,72,0.0,1159
74,1,14,0.0,73,0.0,1159
75,1,14,0.0,74,0.0,1159
76,1,14,0.0,75,0.0,1159
77,1,14,0.0,76,0.0,1159
78,1,14,0.0,77,0.0,1159
79,1,14,0.0,78,0.0,1159
80,1,14,0.0,79,0.0,1159
81,1,14,0.0,80,0.0,1159
82,1,14,0.0,81,0.0,1159
83,1,14,0.0,82,0.0,1159
84,1,14,0.0,83,0.0,1159
85,1,14,0.0,84,0.0,1159
86,1,14,0.0,85,0.0,1159
87,1,14,0.0,86,0.0,1159
88,1,14,0.0,87,0.0,1159
89,1,14,0.0,88,0.0,1159
90,1,14,0.0,89,0.0,1159
91,1,14,0.0,90,0.0,1159
92,1,14,0.0,91,0.0,1159
93,1,14,0.0,92,0.0,1159
94,1,14,0.0,93,0.0,1159
95,1,14,0.0,94,0.0,1159
96,1,14,0.0,95,0.0,1159
97,1,14,0.0,96,0.0,1159
98,1,14,0.0,97,0.0,1159
99,1,14,0.0,98,0.0,1159
100,1,14,0.0,99,0.0,1159
101,1,14,0.0,100,0.0,1159
102,1,14,0.0,101,0.0,1159
103,1,14,0.0,102,0.0,1159
104,1,14,0.0,103,0.0,1159
105,1,14,0.0,104,0.0,1159
106,1,14,0.0,105,0.0,1159
107,1,14,0.0,106,0.0,1159
108,1,14,0.0,107,0.0,1159
109,1,14,0.0,108,0.0,1159
110,1,14,0.0,109,0.0,1159
111,1,14,0.0,110,0.0,1159
112,1,14,0.0,111,0.0,1159
113,1,14,0.0,112,0.0,1159
114,1,14,0.0,113,0.0,1159
115,1,14,0.0,114,0.0,1159
116,1,14,0.0,115,0.0,1159
117,1,14,0.0,116,0.0,1159
118,1,14,0.0,117,0.0,1159
119,1,14,0.0,118,0.0,1159
120,1,14,0.0,119,0.0,1159
121,1,14,0.0,120,0.0,1159
122,1,14,0.0,121,0.0,1159
123,1,14,0.0,122,0.0,1159
124,1,14,0.0,123,0.0,1159
125,1,14,0.0,124,0.0,1159
126,1,14,0.0,125,0.0,1159
127,1,14,0.0,126,0.13,1159
128,1,14,0.0,127,0.02,1159
129,1,14,0.0,128,0.0,1159
130,1,14,0.0,129,0.0,1159
131,1,14,0.0,130,0.0,1159
132,1,14,0.0,131,0.0,1159
133,1,14,0.0,132,0.0,1159
134,1,14,0.0,133,0.0,1159
135,1,14,0.0,134,0.0,1159
136,1,14,0.0,135,0.0,1159
137,1,14,0.0,136,0.0,1159
138,1,14,0.0,137,0.0,1159
139,1,14,0.0,138,0.0,1159
140,1,14,0.0,139,0.0,1159
141,1,14,0.0,140,0.0,1159
142,1,14,0.0,141,0.0,1159
143,1,14,0.0,142,0.0,1159
144,1,14,0.0,143,0.0,1159
145,1,14,0.0,144,0.0,1159
146,1,14,0.0,145,0.0,1159
147,1,14,0.0,146,0.0,1159
148,1,14,0.0,147,0.0,1159
149,1,14,0.0,148,0.0,1159
150,1,14,0.0,149,0.0,1159
151,1,14,0.0,150,0.0,1159
152,1,14,0.0,151,0.0,1159
153,1,14,0.0,152,0.0,1159
154,1,14,0.0,153,0.0,1159
155,1,14,0.0,154,0.0,1159
156,1,14,0.0,155,0.0,1159
157,1,14,0.0,156,0.0,1159
158,1,14,0.0,157,0.0,1159
159,1,14,0.0,158,0.0,1159
160,1,14,0.0,159,0.0,1159
161,1,14,0.0,160,0.0,1159
162,1,14,0.0,161,0.0,1159
163,1,14,0.0,162,0.0,1159
1,1,15,0.0,0,0.0,5124
2,1,15,0.0,1,0.0,5124
3,1,15,0.0,2,0.0,5124
4,1,15,0.0,3,0.0,5124
5,1,15,0.0,4,0.0,5124
6,1,15,0.0,5,0.0,5124
7,1,15,0.0,6,0.0,5124
8,1,15,0.0,7,0.0,5124
9,1,15,0.0,8,0.0,5124
10,1,15,0.0,9,0.0,5124
11,1,15,0.0,10,0.0,5124
12,1,15,0.0,11,0.0,5124
13,1,15,0.0,12,0.0,5124
14,1,15,0.0,13,0.0,5124
15,1,15,0.0,14,0.0,5124
16,1,15,0.0,15,0.0,5124
17,1,15,0.0,16,0.0,5124
18,1,15,0.0,17,0.0,5124
19,1,15,0.0,18,0.0,5124
20,1,15,0.0,19,0.0,5124
21,1,15,0.0,20,0.0,5124
22,1,15,0.0,21,0.0,5124
23,1,15,0.0,22,0.0,5124
24,1,15,0.0,23,0.0,5124
25,1,15,0.0,24,0.0,5124
26,1,15,0.0,25,0.0,5124
27,1,15,0.0,26,0.0,5124
28,1,15,0.0,27,0.0,5124
29,1,15,0.0,28,0.0,5124
30,1,15,0.0,29,0.0,5124
31,1,15,0.0,30,0.0,5124
32,1,15,0.0,31,0.0,5124
33,1,15,0.0,32,0.0,5124
34,1,15,0.0,33,0.0,5124
35,1,15,0.0,34,0.0,5124
36,1,15,0.0,35,0.0,5124
37,1,15,0.0,36,0.0,5124
38,1,15,0.0,37,0.0,5124
39,1,15,0.0,38,0.0,5124
40,1,15,0.0,39,0.0,5124
41,1,15,0.0,40,0.0,5124
42,1,15,0.0,41,0.0,5124
43,1,15,0.0,42,0.0,5124
44,1,15,0.0,43,0.0,5124
45,1,15,0.0,44,0.0,5124
46,1,15,0.0,45,0.0,5124
47,1,15,0.0,46,0.0,5124
48,1,15,0.0,47,0.0,5124
49,1,15,0.0,48,0.0,5124
50,1,15,0.0,49,0.0,5124
51,1,15,0.0,50,0.0,5124
52,1,15,0.0,51,0.0,5124
53,1,15,0.0,52,0.0,5124
54,1,15,0.0,53,0.0,5124
55,1,15,0.0,54,0.0,5124
56,1,15,0.0,55,0.0,5124
57,1,15,0.0,56,0.0,5124
58,1,15,0.0,57,0.0,5124
59,1,15,0.0,58,0.0,5124
60,1,15,0.0,59,0.0,5124
61,1,15,0.0,60,0.0,5124
62,1,15,0.0,61,0.0,5124
63,1,15,0.0,62,0.0,5124
64,1,15,0.0,63,0.0,5124
65,1,15,0.0,64,0.0,5124
66,1,15,0.0,65,0.0,5124
67,1,15,0.0,66,0.0,5124
68,1,15,0.0,67,0.0,5124
69,1,15,0.0,68,0.0,5124
70,1,15,0.0,69,0.0,5124
71,1,15,0.0,70,0.0,5124
72,1,15,0.0,71,0.0,5124
73,1,15,0.0,72,0.0,5124
74,1,15,0.0,73,0.0,5124
75,1,15,0.0,74,0.0,5124
76,1,15,0.0,75,0.0,5124
77,1,15,0.0,76,0.0,5124
78,1,15,0.0,77,0.0,5124
79,1,15,0.0,78,0.0,5124
80,1,15,0.0,79,0.0,5124
81,1,15,0.0,80,0.0,5124
82,1,15,0.0,81,0.0,5124
83,1,15,0.0,82,0.0,5124
84,1,15,0.0,83,0.0,5124
85,1,15,0.0,84,0.0,5124
86,1,15,0.0,85,0.0,5124
87,1,15,0.0,86,0.0,5124
88,1,15,0.0,87,0.0,5124
89,1,15,0.0,88,0.0,5124
90,1,15,0.0,89,0.0,5124
91,1,15,0.0,90,0.0,5124
92,1,15,0.0,91,0.0,5124
93,1,15,0.0,92,0.0,5124
94,1,15,0.0,93,0.0,5124
95,1,15,0.0,94,0.0,5124
96,1,15,0.0,95,0.0,5124
97,1,15,0.0,96,0.0,5124
98,1,15,0.0,97,0.0,5124
99,1,15,0.0,98,0.0,5124
100,1,15,0.0,99,0.0,5124
101,1,15,0.0,100,0.0,5124
102,1,15,0.0,101,0.0,5124
103,1,15,0.0,102,0.0,5124
104,1,15,0.0,103,0.0,5124
105,1,15,0.0,104,0.0,5124
106,1,15,0.0,105,0.0,5124
107,1,15,0.0,106,0.0,5124
108,1,15,0.0,107,0.0,5124
109,1,15,0.0,108,0.0,5124
110,1,15,0.0,109,0.0,5124
111,1,15,0.0,110,0.0,5124
112,1,15,0.0,111,0.0,5124
113,1,15,0.0,112,0.0,5124
114,1,15,0.0,113,0.0,5124
115,1,15,0.0,114,0.0,5124
116,1,15,0.0,115,0.0,5124
117,1,15,0.0,116,0.0,5124
118,1,15,0.0,117,0.0,5124
119,1,15,0.0,118,0.0,5124
120,1,15,0.0,119,0.0,5124
121,1,15,0.0,120,0.0,5124
122,1,15,0.0,121,0.0,5124
123,1,15,0.0,122,0.0,5124
124,1,15,0.0,123,0.0,5124
125,1,15,0.0,124,0.0,5124
126,1,15,0.0,125,0.0,5124
127,1,15,0.0,126,0.0,5124
128,1,15,0.0,127,0.0,5124
129,1,15,0.0,128,0.0,5124
130,1,15,0.0,129,0.0,5124
131,1,15,0.0,130,0.0,5124
132,1,15,0.0,131,0.0,5124
133,1,15,0.0,132,0.0,5124
134,1,15,0.0,133,0.0,5124
135,1,15,0.0,134,0.0,5124
136,1,15,0.0,135,0.0,5124
137,1,15,0.0,136,0.0,5124
138,1,15,0.0,137,0.0,5124
139,1,15,0.0,138,0.0,5124
140,1,15,0.0,139,0.0,5124
141,1,15,0.0,140,0.0,5124
142,1,15,0.0,141,0.0,5124
143,1,15,0.0,142,0.0,5124
144,1,15,0.0,143,0.0,5124
145,1,15,0.0,144,0.0,5124
146,1,15,0.0,145,0.0,5124
147,1,15,0.0,146,0.0,5124
148,1,15,0.0,147,0.0,5124
149,1,15,0.0,148,0.0,5124
150,1,15,0.0,149,0.0,5124
151,1,15,0.0,150,0.0,5124
152,1,15,0.0,151,0.0,5124
153,1,15,0.0,152,0.0,5124
154,1,15,0.0,153,0.0,5124
155,1,15,0.0,154,0.0,5124
156,1,15,0.0,155,0.0,5124
157,1,15,0.0,156,0.0,5124
158,1,15,0.0,157,0.0,5124
159,1,15,0.0,158,0.0,5124
160,1,15,0.0,159,0.0,5124
161,1,15,0.0,160,0.0,5124
162,1,15,0.0,161,0.0,5124
163,1,15,0.0,162,0.0,5124
1,1,15,0.0,0,0.0,1515
2,1,15,0.0,1,0.0,1515
3,1,15,0.0,2,0.0,1515
4,1,15,0.0,3,0.0,1515
5,1,15,0.0,4,0.0,1515
6,1,15,0.0,5,0.0,1515
7,1,15,0.0,6,0.0,1515
8,1,15,0.0,7,0.0,1515
9,1,15,0.0,8,0.0,1515
10,1,15,0.0,9,0.0,1515
11,1,15,0.0,10,0.0,1515
12,1,15,0.0,11,0.0,1515
13,1,15,0.0,12,0.0,1515
14,1,15,0.0,13,0.0,1515
15,1,15,0.0,14,0.0,1515
16,1,15,0.0,15,0.0,1515
17,1,15,0.0,16,0.0,1515
18,1,15,0.0,17,0.0,1515
19,1,15,0.0,18,0.0,1515
20,1,15,0.0,19,0.0,1515
21,1,15,0.0,20,0.0,1515
22,1,15,0.0,21,0.0,1515
23,1,15,0.0,22,0.0,1515
24,1,15,0.0,23,0.0,1515
25,1,15,0.0,24,0.0,1515
26,1,15,0.0,25,0.0,1515
27,1,15,0.0,26,0.0,1515
28,1,15,0.0,27,0.0,1515
29,1,15,0.0,28,0.77,1515
30,1,15,0.0,29,0.63,1515
31,1,15,0.0,30,0.0,1515
32,1,15,0.0,31,0.0,1515
33,1,15,0.0,32,0.0,1515
34,1,15,0.0,33,0.0,1515
35,1,15,0.0,34,0.0,1515
36,1,15,0.0,35,0.0,1515
37,1,15,0.0,36,0.0,1515
38,1,15,0.0,37,0.0,1515
39,1,15,0.0,38,0.0,1515
40,1,15,0.0,39,0.0,1515
41,1,15,0.0,40,0.0,1515
42,1,15,0.0,41,0.0,1515
43,1,15,0.0,42,0.0,1515
44,1,15,0.0,43,0.0,1515
45,1,15,0.0,44,0.0,1515
46,1,15,0.0,45,0.0,1515
47,1,15,0.0,46,0.0,1515
48,1,15,0.0,47,0.0,1515
49,1,15,0.0,48,0.0,1515
50,1,15,0.0,49,0.0,1515
51,1,15,0.0,50,0.0,1515
52,1,15,0.0,51,0.0,1515
53,1,15,0.0,52,0.0,1515
54,1,15,0.0,53,0.0,1515
55,1,15,0.0,54,0.0,1515
56,1,15,0.0,55,0.0,1515
57,1,15,0.0,56,0.0,1515
58,1,15,0.0,57,0.0,1515
59,1,15,0.0,58,0.0,1515
60,1,15,0.0,59,0.0,1515
61,1,15,0.0,60,0.0,1515
62,1,15,0.0,61,0.0,1515
63,1,15,0.0,62,0.0,1515
64,1,15,0.0,63,0.0,1515
65,1,15,0.0,64,0.0,1515
66,1,15,0.0,65,0.0,1515
67,1,15,0.0,66,0.0,1515
68,1,15,0.0,67,0.0,1515
69,1,15,0.0,68,0.0,1515
70,1,15,0.0,69,0.0,1515
71,1,15,0.0,70,0.0,1515
72,1,15,0.0,71,0.0,1515
73,1,15,0.0,72,0.0,1515
74,1,15,0.0,73,0.0,1515
75,1,15,0.0,74,0.0,1515
76,1,15,0.0,75,0.0,1515
77,1,15,0.0,76,0.0,1515
78,1,15,0.0,77,0.0,1515
79,1,15,0.0,78,0.0,1515
80,1,15,0.0,79,0.0,1515
81,1,15,0.0,80,0.0,1515
82,1,15,0.0,81,0.0,1515
83,1,15,0.0,82,0.0,1515
84,1,15,0.0,83,0.0,1515
85,1,15,0.0,84,0.0,1515
86,1,15,0.0,85,0.0,1515
87,1,15,0.0,86,0.2,1515
88,1,15,0.0,87,1.0,1515
89,1,15,0.0,88,0.15,1515
90,1,15,0.0,89,0.0,1515
91,1,15,0.0,90,0.0,1515
92,1,15,0.0,91,0.0,1515
93,1,15,0.0,92,0.0,1515
94,1,15,0.0,93,0.0,1515
95,1,15,0.0,94,0.0,1515
96,1,15,0.0,95,0.51,1515
97,1,15,0.0,96,0.27,1515
98,1,15,0.0,97,0.0,1515
99,1,15,0.0,98,0.0,1515
100,1,15,0.0,99,0.0,1515
101,1,15,0.0,100,0.0,1515
102,1,15,0.0,101,0.0,1515
103,1,15,0.0,102,0.0,1515
104,1,15,0.0,103,0.0,1515
105,1,15,0.0,104,0.0,1515
106,1,15,0.0,105,0.0,1515
107,1,15,0.0,106,0.0,1515
108,1,15,0.0,107,0.0,1515
109,1,15,0.0,108,0.0,1515
110,1,15,0.0,109,0.0,1515
111,1,15,0.0,110,0.0,1515
112,1,15,0.0,111,0.0,1515
113,1,15,0.0,112,0.0,1515
114,1,15,0.0,113,0.0,1515
115,1,15,0.0,114,0.0,1515
116,1,15,0.0,115,0.0,1515
117,1,15,0.0,116,0.0,1515
118,1,15,0.0,117,0.0,1515
119,1,15,0.0,118,0.0,1515
120,1,15,0.0,119,0.0,1515
121,1,15,0.0,120,0.0,1515
122,1,15,0.0,121,0.0,1515
123,1,15,0.0,122,0.0,1515
124,1,15,0.0,123,0.0,1515
125,1,15,0.0,124,0.0,1515
126,1,15,0.0,125,0.0,1515
127,1,15,0.0,126,0.0,1515
128,1,15,0.0,127,0.0,1515
129,1,15,0.0,128,0.0,1515
130,1,15,0.0,129,0.0,1515
131,1,15,0.0,130,0.0,1515
132,1,15,0.0,131,0.0,1515
133,1,15,0.0,132,0.0,1515
134,1,15,0.0,133,0.0,1515
135,1,15,0.0,134,0.09,1515
136,1,15,0.0,135,0.66,1515
137,1,15,0.0,136,0.0,1515
138,1,15,0.0,137,0.0,1515
139,1,15,0.0,138,0.0,1515
140,1,15,0.0,139,0.0,1515
141,1,15,0.0,140,0.0,1515
142,1,15,0.0,141,0.0,1515
143,1,15,0.0,142,0.0,1515
144,1,15,0.0,143,0.0,1515
145,1,15,0.0,144,0.0,1515
146,1,15,0.0,145,0.0,1515
147,1,15,0.0,146,0.34,1515
148,1,15,0.0,147,0.41,1515
149,1,15,0.0,148,0.0,1515
150,1,15,0.0,149,0.0,1515
151,1,15,0.0,150,0.0,1515
152,1,15,0.0,151,0.0,1515
153,1,15,0.0,152,0.0,1515
154,1,15,0.0,153,0.0,1515
155,1,15,0.0,154,0.0,1515
156,1,15,0.0,155,0.0,1515
157,1,15,0.0,156,0.0,1515
158,1,15,0.0,157,0.0,1515
159,1,15,0.0,158,0.0,1515
160,1,15,0.0,159,0.0,1515
161,1,15,0.0,160,0.0,1515
162,1,15,0.0,161,0.0,1515
163,1,15,0.0,162,0.0,1515
1,1,15,0.0,0,0.0,5089
2,1,15,0.0,1,0.0,5089
3,1,15,0.0,2,0.0,5089
4,1,15,0.0,3,0.0,5089
5,1,15,0.0,4,0.0,5089
6,1,15,0.0,5,0.0,5089
7,1,15,0.0,6,0.0,5089
8,1,15,0.0,7,0.0,5089
9,1,15,0.0,8,0.0,5089
10,1,15,0.0,9,0.0,5089
11,1,15,0.0,10,0.9,5089
12,1,15,0.0,11,1.0,5089
13,1,15,0.0,12,0.06,5089
14,1,15,0.0,13,0.0,5089
15,1,15,0.0,14,0.0,5089
16,1,15,0.0,15,0.72,5089
17,1,15,0.0,16,0.0,5089
18,1,15,0.0,17,0.0,5089
19,1,15,0.0,18,0.0,5089
20,1,15,0.4,19,0.5,5089
21,1,15,0.67,20,0.0,5089
22,1,15,0.23,21,0.15,5089
23,1,15,0.0,22,0.55,5089
24,1,15,0.0,23,0.0,5089
25,1,15,0.0,24,0.0,5089
26,1,15,0.0,25,0.0,5089
27,1,15,0.0,26,0.0,5089
28,1,15,0.0,27,0.0,5089
29,1,15,0.0,28,0.0,5089
30,1,15,0.0,29,0.0,5089
31,1,15,0.0,30,0.0,5089
32,1,15,0.0,31,0.0,5089
33,1,15,0.0,32,0.8,5089
34,1,15,0.0,33,0.67,5089
35,1,15,0.0,34,1.0,5089
36,1,15,0.0,35,1.0,5089
37,1,15,0.0,36,0.75,5089
38,1,15,0.0,37,0.0,5089
39,1,15,0.0,38,0.0,5089
40,1,15,0.0,39,0.0,5089
41,1,15,0.0,40,0.0,5089
42,1,15,0.0,41,0.0,5089
43,1,15,0.0,42,0.0,5089
44,1,15,0.0,43,0.0,5089
45,1,15,0.0,44,0.0,5089
46,1,15,0.0,45,0.0,5089
47,1,15,0.0,46,0.0,5089
48,1,15,0.0,47,0.0,5089
49,1,15,0.0,48,0.0,5089
50,1,15,0.0,49,0.35,5089
51,1,15,0.0,50,1.0,5089
52,1,15,0.0,51,1.0,5089
53,1,15,0.0,52,1.0,5089
54,1,15,0.0,53,0.48,5089
55,1,15,0.0,54,0.48,5089
56,1,15,0.0,55,0.35,5089
57,1,15,0.0,56,1.0,5089
58,1,15,0.0,57,1.0,5089
59,1,15,0.0,58,0.2,5089
60,1,15,0.0,59,0.0,5089
61,1,15,0.0,60,0.0,5089
62,1,15,0.0,61,0.0,5089
63,1,15,0.0,62,0.0,5089
64,1,15,0.0,63,0.0,5089
65,1,15,0.0,64,0.0,5089
66,1,15,0.0,65,0.0,5089
67,1,15,0.0,66,0.0,5089
68,1,15,0.0,67,0.0,5089
69,1,15,0.0,68,0.7,5089
70,1,15,0.0,69,0.36,5089
71,1,15,0.0,70,0.0,5089
72,1,15,0.0,71,0.35,5089
73,1,15,0.0,72,0.85,5089
74,1,15,0.0,73,0.0,5089
75,1,15,0.0,74,0.0,5089
76,1,15,0.0,75,0.0,5089
77,1,15,0.0,76,0.0,5089
78,1,15,0.0,77,0.0,5089
79,1,15,0.0,78,0.0,5089
80,1,15,0.0,79,0.0,5089
81,1,15,0.0,80,0.0,5089
82,1,15,0.0,81,0.0,5089
83,1,15,0.0,82,0.0,5089
84,1,15,0.0,83,0.0,5089
85,1,15,0.0,84,0.0,5089
86,1,15,0.0,85,0.0,5089
87,1,15,0.0,86,0.66,5089
88,1,15,0.0,87,0.0,5089
89,1,15,0.0,88,0.0,5089
90,1,15,0.0,89,0.0,5089
91,1,15,0.0,90,0.0,5089
92,1,15,0.0,91,0.0,5089
93,1,15,0.0,92,0.0,5089
94,1,15,0.0,93,0.0,5089
95,1,15,0.0,94,0.0,5089
96,1,15,0.0,95,0.0,5089
97,1,15,0.0,96,0.0,5089
98,1,15,0.0,97,0.0,5089
99,1,15,0.0,98,0.0,5089
100,1,15,0.0,99,0.0,5089
101,1,15,0.0,100,0.0,5089
102,1,15,0.0,101,0.0,5089
103,1,15,0.0,102,0.0,5089
104,1,15,0.0,103,0.0,5089
105,1,15,0.0,104,0.0,5089
106,1,15,0.0,105,0.0,5089
107,1,15,0.0,106,0.0,5089
108,1,15,0.0,107,0.0,5089
109,1,15,0.0,108,0.0,5089
110,1,15,0.0,109,0.0,5089
111,1,15,0.0,110,0.0,5089
112,1,15,0.0,111,0.0,5089
113,1,15,0.0,112,0.0,5089
114,1,15,0.0,113,0.0,5089
115,1,15,0.0,114,0.0,5089
116,1,15,0.0,115,0.0,5089
117,1,15,0.0,116,0.0,5089
118,1,15,0.0,117,0.0,5089
119,1,15,0.0,118,0.0,5089
120,1,15,0.0,119,0.0,5089
121,1,15,0.0,120,0.0,5089
122,1,15,0.0,121,0.0,5089
123,1,15,0.0,122,0.0,5089
124,1,15,0.0,123,0.0,5089
125,1,15,0.0,124,0.0,5089
126,1,15,0.0,125,0.0,5089
127,1,15,0.0,126,0.0,5089
128,1,15,0.0,127,0.0,5089
129,1,15,0.0,128,0.0,5089
130,1,15,0.0,129,0.0,5089
131,1,15,0.0,130,0.0,5089
132,1,15,0.0,131,0.0,5089
133,1,15,0.0,132,0.0,5089
134,1,15,0.0,133,0.0,5089
135,1,15,0.0,134,0.0,5089
136,1,15,0.0,135,0.0,5089
137,1,15,0.0,136,0.0,5089
138,1,15,0.0,137,0.0,5089
139,1,15,0.0,138,0.0,5089
140,1,15,0.0,139,0.0,5089
141,1,15,0.0,140,0.0,5089
142,1,15,0.0,141,0.0,5089
143,1,15,0.0,142,0.0,5089
144,1,15,0.0,143,0.0,5089
145,1,15,0.0,144,0.0,5089
146,1,15,0.0,145,0.0,5089
147,1,15,0.0,146,0.0,5089
148,1,15,0.0,147,0.0,5089
149,1,15,0.0,148,0.0,5089
150,1,15,0.0,149,0.0,5089
151,1,15,0.0,150,0.0,5089
152,1,15,0.0,151,0.0,5089
153,1,15,0.0,152,0.0,5089
154,1,15,0.0,153,0.0,5089
155,1,15,0.0,154,0.0,5089
156,1,15,0.0,155,0.0,5089
157,1,15,0.0,156,0.0,5089
158,1,15,0.0,157,0.0,5089
159,1,15,0.0,158,0.0,5089
160,1,15,0.0,159,0.0,5089
161,1,15,0.0,160,0.0,5089
162,1,15,0.0,161,0.0,5089
163,1,15,0.0,162,0.0,5089
1,1,15,0.0,0,0.0,4201
2,1,15,0.0,1,0.0,4201
3,1,15,0.0,2,0.0,4201
4,1,15,0.0,3,0.0,4201
5,1,15,0.0,4,0.0,4201
6,1,15,0.0,5,0.0,4201
7,1,15,0.0,6,0.0,4201
8,1,15,0.0,7,0.0,4201
9,1,15,0.0,8,0.0,4201
10,1,15,0.0,9,0.0,4201
11,1,15,0.0,10,0.0,4201
12,1,15,0.0,11,0.0,4201
13,1,15,0.0,12,0.0,4201
14,1,15,0.0,13,0.0,4201
15,1,15,0.0,14,0.0,4201
16,1,15,0.0,15,0.0,4201
17,1,15,0.0,16,0.0,4201
18,1,15,0.0,17,0.0,4201
19,1,15,0.0,18,0.0,4201
20,1,15,0.0,19,0.0,4201
21,1,15,0.0,20,0.0,4201
22,1,15,0.0,21,0.0,4201
23,1,15,0.0,22,0.0,4201
24,1,15,0.0,23,0.0,4201
25,1,15,0.0,24,0.0,4201
26,1,15,0.0,25,0.0,4201
27,1,15,0.0,26,0.0,4201
28,1,15,0.0,27,0.0,4201
29,1,15,0.0,28,0.0,4201
30,1,15,0.0,29,0.0,4201
31,1,15,0.0,30,0.0,4201
32,1,15,0.0,31,0.0,4201
33,1,15,0.0,32,0.0,4201
34,1,15,0.0,33,0.0,4201
35,1,15,0.0,34,0.0,4201
36,1,15,0.0,35,0.0,4201
37,1,15,0.0,36,0.0,4201
38,1,15,0.0,37,0.0,4201
39,1,15,0.0,38,0.0,4201
40,1,15,0.0,39,0.0,4201
41,1,15,0.0,40,0.0,4201
42,1,15,0.0,41,0.0,4201
43,1,15,0.0,42,0.0,4201
44,1,15,0.0,43,0.0,4201
45,1,15,0.0,44,0.0,4201
46,1,15,0.0,45,0.0,4201
47,1,15,0.0,46,0.0,4201
48,1,15,0.0,47,0.0,4201
49,1,15,0.0,48,0.0,4201
50,1,15,0.0,49,0.0,4201
51,1,15,0.0,50,0.0,4201
52,1,15,0.0,51,0.0,4201
53,1,15,0.0,52,0.0,4201
54,1,15,0.0,53,0.0,4201
55,1,15,0.0,54,0.0,4201
56,1,15,0.0,55,0.0,4201
57,1,15,0.0,56,0.0,4201
58,1,15,0.0,57,0.0,4201
59,1,15,0.0,58,0.0,4201
60,1,15,0.0,59,0.0,4201
61,1,15,0.0,60,0.0,4201
62,1,15,0.0,61,0.0,4201
63,1,15,0.0,62,0.0,4201
64,1,15,0.0,63,0.0,4201
65,1,15,0.0,64,0.0,4201
66,1,15,0.0,65,0.0,4201
67,1,15,0.0,66,0.0,4201
68,1,15,0.0,67,0.0,4201
69,1,15,0.0,68,0.0,4201
70,1,15,0.0,69,0.0,4201
71,1,15,0.0,70,0.0,4201
72,1,15,0.0,71,0.0,4201
73,1,15,0.0,72,0.0,4201
74,1,15,0.0,73,0.0,4201
75,1,15,0.0,74,0.0,4201
76,1,15,0.0,75,0.0,4201
77,1,15,0.0,76,0.0,4201
78,1,15,0.0,77,0.0,4201
79,1,15,0.0,78,0.0,4201
80,1,15,0.0,79,0.0,4201
81,1,15,0.0,80,0.0,4201
82,1,15,0.0,81,0.0,4201
83,1,15,0.0,82,0.0,4201
84,1,15,0.0,83,0.0,4201
85,1,15,0.0,84,0.0,4201
86,1,15,0.0,85,0.0,4201
87,1,15,0.0,86,0.0,4201
88,1,15,0.0,87,0.0,4201
89,1,15,0.0,88,0.0,4201
90,1,15,0.0,89,0.0,4201
91,1,15,0.0,90,0.0,4201
92,1,15,0.0,91,0.0,4201
93,1,15,0.0,92,0.0,4201
94,1,15,0.0,93,0.0,4201
95,1,15,0.0,94,0.0,4201
96,1,15,0.0,95,0.0,4201
97,1,15,0.0,96,0.0,4201
98,1,15,0.0,97,0.0,4201
99,1,15,0.0,98,0.0,4201
100,1,15,0.0,99,0.0,4201
101,1,15,0.0,100,0.0,4201
102,1,15,0.0,101,0.0,4201
103,1,15,0.0,102,0.0,4201
104,1,15,0.0,103,0.0,4201
105,1,15,0.0,104,0.0,4201
106,1,15,0.0,105,0.0,4201
107,1,15,0.0,106,0.0,4201
108,1,15,0.0,107,0.0,4201
109,1,15,0.0,108,0.0,4201
110,1,15,0.0,109,0.0,4201
111,1,15,0.0,110,0.0,4201
112,1,15,0.0,111,0.0,4201
113,1,15,0.0,112,0.0,4201
114,1,15,0.0,113,0.0,4201
115,1,15,0.0,114,0.0,4201
116,1,15,0.0,115,0.0,4201
117,1,15,0.0,116,0.0,4201
118,1,15,0.0,117,0.0,4201
119,1,15,0.0,118,0.0,4201
120,1,15,0.0,119,0.0,4201
121,1,15,0.0,120,0.0,4201
122,1,15,0.0,121,0.0,4201
123,1,15,0.0,122,0.0,4201
124,1,15,0.0,123,0.0,4201
125,1,15,0.0,124,0.0,4201
126,1,15,0.0,125,0.0,4201
127,1,15,0.0,126,0.0,4201
128,1,15,0.0,127,0.0,4201
129,1,15,0.0,128,0.0,4201
130,1,15,0.0,129,0.0,4201
131,1,15,0.0,130,0.0,4201
132,1,15,0.0,131,0.0,4201
133,1,15,0.0,132,0.0,4201
134,1,15,0.0,133,0.0,4201
135,1,15,0.0,134,0.0,4201
136,1,15,0.0,135,0.0,4201
137,1,15,0.0,136,0.0,4201
138,1,15,0.0,137,0.0,4201
139,1,15,0.0,138,0.0,4201
140,1,15,0.0,139,0.0,4201
141,1,15,0.0,140,0.0,4201
142,1,15,0.0,141,0.0,4201
143,1,15,0.0,142,0.0,4201
144,1,15,0.0,143,0.0,4201
145,1,15,0.0,144,0.0,4201
146,1,15,0.0,145,0.0,4201
147,1,15,0.0,146,0.0,4201
148,1,15,0.0,147,0.0,4201
149,1,15,0.0,148,0.0,4201
150,1,15,0.0,149,0.0,4201
151,1,15,0.0,150,0.0,4201
152,1,15,0.0,151,0.0,4201
153,1,15,0.0,152,0.0,4201
154,1,15,0.0,153,0.0,4201
155,1,15,0.0,154,0.0,4201
156,1,15,0.0,155,0.0,4201
157,1,15,0.0,156,0.0,4201
158,1,15,0.0,157,0.0,4201
159,1,15,0.0,158,0.0,4201
160,1,15,0.0,159,0.0,4201
161,1,15,0.0,160,0.0,4201
162,1,15,0.0,161,0.0,4201
163,1,15,0.0,162,0.0,4201
1,1,16,0.0,0,0.0,6220
2,1,16,0.0,1,0.0,6220
3,1,16,0.0,2,0.0,6220
4,1,16,0.0,3,0.0,6220
5,1,16,0.0,4,0.0,6220
6,1,16,0.0,5,0.0,6220
7,1,16,0.0,6,0.0,6220
8,1,16,0.0,7,0.0,6220
9,1,16,0.0,8,0.0,6220
10,1,16,0.0,9,0.0,6220
11,1,16,0.0,10,0.0,6220
12,1,16,0.0,11,0.0,6220
13,1,16,0.0,12,0.0,6220
14,1,16,0.0,13,0.0,6220
15,1,16,0.0,14,0.0,6220
16,1,16,0.0,15,0.0,6220
17,1,16,0.0,16,0.0,6220
18,1,16,0.0,17,0.0,6220
19,1,16,0.0,18,0.0,6220
20,1,16,0.0,19,0.0,6220
21,1,16,0.0,20,0.0,6220
22,1,16,0.0,21,0.0,6220
23,1,16,0.0,22,0.0,6220
24,1,16,0.0,23,0.0,6220
25,1,16,0.0,24,0.0,6220
26,1,16,0.0,25,0.0,6220
27,1,16,0.0,26,0.0,6220
28,1,16,0.0,27,0.0,6220
29,1,16,0.0,28,0.0,6220
30,1,16,0.0,29,0.0,6220
31,1,16,0.0,30,0.0,6220
32,1,16,0.0,31,0.0,6220
33,1,16,0.0,32,0.0,6220
34,1,16,0.0,33,0.0,6220
35,1,16,0.0,34,0.0,6220
36,1,16,0.0,35,0.0,6220
37,1,16,0.0,36,0.0,6220
38,1,16,0.0,37,0.0,6220
39,1,16,0.0,38,0.0,6220
40,1,16,0.0,39,0.0,6220
41,1,16,0.0,40,0.0,6220
42,1,16,0.0,41,0.0,6220
43,1,16,0.0,42,0.0,6220
44,1,16,0.0,43,0.0,6220
45,1,16,0.0,44,0.0,6220
46,1,16,0.0,45,0.0,6220
47,1,16,0.0,46,0.0,6220
48,1,16,0.0,47,0.0,6220
49,1,16,0.0,48,0.0,6220
50,1,16,0.0,49,0.0,6220
51,1,16,0.0,50,0.0,6220
52,1,16,0.0,51,0.0,6220
53,1,16,0.0,52,0.0,6220
54,1,16,0.0,53,0.0,6220
55,1,16,0.0,54,0.0,6220
56,1,16,0.0,55,0.0,6220
57,1,16,0.0,56,0.0,6220
58,1,16,0.0,57,0.0,6220
59,1,16,0.0,58,0.0,6220
60,1,16,0.0,59,0.0,6220
61,1,16,0.0,60,0.0,6220
62,1,16,0.0,61,0.0,6220
63,1,16,0.0,62,0.0,6220
64,1,16,0.0,63,0.0,6220
65,1,16,0.0,64,0.0,6220
66,1,16,0.0,65,0.0,6220
67,1,16,0.0,66,0.0,6220
68,1,16,0.0,67,0.0,6220
69,1,16,0.0,68,0.0,6220
70,1,16,0.0,69,0.0,6220
71,1,16,0.0,70,0.0,6220
72,1,16,0.0,71,0.0,6220
73,1,16,0.0,72,0.0,6220
74,1,16,0.0,73,0.0,6220
75,1,16,0.0,74,0.0,6220
76,1,16,0.0,75,0.0,6220
77,1,16,0.0,76,0.0,6220
78,1,16,0.0,77,0.0,6220
79,1,16,0.0,78,0.0,6220
80,1,16,0.0,79,0.0,6220
81,1,16,0.0,80,0.0,6220
82,1,16,0.0,81,0.0,6220
83,1,16,0.0,82,0.0,6220
84,1,16,0.0,83,0.0,6220
85,1,16,0.0,84,0.0,6220
86,1,16,0.0,85,0.0,6220
87,1,16,0.0,86,0.0,6220
88,1,16,0.0,87,0.0,6220
89,1,16,0.0,88,0.0,6220
90,1,16,0.0,89,0.0,6220
91,1,16,0.71,90,0.0,6220
92,1,16,1.0,91,0.0,6220
93,1,16,0.29,92,0.0,6220
94,1,16,0.0,93,0.0,6220
95,1,16,0.0,94,0.0,6220
96,1,16,0.0,95,0.0,6220
97,1,16,0.0,96,0.0,6220
98,1,16,0.0,97,0.0,6220
99,1,16,0.0,98,0.0,6220
100,1,16,0.0,99,0.0,6220
101,1,16,0.0,100,0.0,6220
102,1,16,0.0,101,0.0,6220
103,1,16,0.0,102,0.0,6220
104,1,16,0.0,103,0.0,6220
105,1,16,0.0,104,0.0,6220
106,1,16,0.0,105,0.0,6220
107,1,16,0.11,106,0.0,6220
108,1,16,1.0,107,0.0,6220
109,1,16,0.69,108,0.0,6220
110,1,16,0.0,109,0.0,6220
111,1,16,0.0,110,0.0,6220
112,1,16,0.0,111,0.0,6220
113,1,16,0.0,112,0.0,6220
114,1,16,0.0,113,0.0,6220
115,1,16,0.0,114,0.0,6220
116,1,16,0.0,115,0.0,6220
117,1,16,0.0,116,0.0,6220
118,1,16,0.0,117,0.0,6220
119,1,16,0.0,118,0.0,6220
120,1,16,0.0,119,0.0,6220
121,1,16,0.0,120,0.0,6220
122,1,16,0.0,121,0.0,6220
123,1,16,0.0,122,0.0,6220
124,1,16,0.0,123,0.0,6220
125,1,16,0.0,124,0.0,6220
126,1,16,0.0,125,0.0,6220
127,1,16,0.0,126,0.0,6220
128,1,16,0.0,127,0.0,6220
129,1,16,0.0,128,0.0,6220
130,1,16,0.0,129,0.0,6220
131,1,16,0.0,130,0.0,6220
132,1,16,0.0,131,0.32,6220
133,1,16,0.0,132,0.0,6220
134,1,16,0.0,133,0.0,6220
135,1,16,0.0,134,0.0,6220
136,1,16,0.0,135,0.0,6220
137,1,16,0.0,136,0.0,6220
138,1,16,0.0,137,0.0,6220
139,1,16,0.0,138,0.0,6220
140,1,16,0.0,139,0.0,6220
141,1,16,0.0,140,0.0,6220
142,1,16,0.0,141,0.0,6220
143,1,16,0.0,142,0.0,6220
144,1,16,0.0,143,0.0,6220
145,1,16,0.0,144,0.0,6220
146,1,16,0.0,145,0.0,6220
147,1,16,0.0,146,0.0,6220
148,1,16,0.0,147,0.0,6220
149,1,16,0.0,148,0.0,6220
150,1,16,0.0,149,0.0,6220
151,1,16,0.0,150,0.0,6220
152,1,16,0.0,151,0.0,6220
153,1,16,0.0,152,0.0,6220
154,1,16,0.0,153,0.0,6220
155,1,16,0.0,154,0.0,6220
156,1,16,0.0,155,0.0,6220
157,1,16,0.0,156,0.0,6220
158,1,16,0.0,157,0.0,6220
159,1,16,0.0,158,0.0,6220
160,1,16,0.0,159,0.0,6220
161,1,16,0.0,160,0.0,6220
162,1,16,0.0,161,0.0,6220
163,1,16,0.0,162,0.0,6220
1,1,16,0.0,0,0.0,5835
2,1,16,0.0,1,0.0,5835
3,1,16,0.0,2,0.0,5835
4,1,16,0.0,3,0.0,5835
5,1,16,0.0,4,0.0,5835
6,1,16,0.0,5,0.0,5835
7,1,16,0.0,6,0.0,5835
8,1,16,0.0,7,0.0,5835
9,1,16,0.0,8,0.0,5835
10,1,16,0.0,9,0.0,5835
11,1,16,0.0,10,0.0,5835
12,1,16,0.0,11,0.0,5835
13,1,16,0.0,12,0.0,5835
14,1,16,0.0,13,0.0,5835
15,1,16,0.0,14,0.0,5835
16,1,16,0.0,15,0.0,5835
17,1,16,0.0,16,0.0,5835
18,1,16,0.0,17,0.0,5835
19,1,16,0.0,18,0.0,5835
20,1,16,0.0,19,0.0,5835
21,1,16,0.0,20,0.0,5835
22,1,16,0.0,21,0.0,5835
23,1,16,0.0,22,0.0,5835
24,1,16,0.0,23,0.0,5835
25,1,16,0.0,24,0.0,5835
26,1,16,0.0,25,0.0,5835
27,1,16,0.0,26,0.0,5835
28,1,16,0.0,27,0.0,5835
29,1,16,0.0,28,0.0,5835
30,1,16,0.0,29,0.0,5835
31,1,16,0.0,30,0.0,5835
32,1,16,0.0,31,0.0,5835
33,1,16,0.0,32,0.0,5835
34,1,16,0.0,33,0.0,5835
35,1,16,0.0,34,0.0,5835
36,1,16,0.0,35,0.0,5835
37,1,16,0.0,36,0.0,5835
38,1,16,0.0,37,0.0,5835
39,1,16,0.0,38,0.0,5835
40,1,16,0.0,39,0.0,5835
41,1,16,0.0,40,0.0,5835
42,1,16,0.0,41,0.0,5835
43,1,16,0.0,42,0.0,5835
44,1,16,0.0,43,0.0,5835
45,1,16,0.0,44,0.0,5835
46,1,16,0.0,45,0.0,5835
47,1,16,0.0,46,0.0,5835
48,1,16,0.0,47,0.0,5835
49,1,16,0.0,48,0.0,5835
50,1,16,0.0,49,0.0,5835
51,1,16,0.0,50,0.0,5835
52,1,16,0.0,51,0.0,5835
53,1,16,0.0,52,0.0,5835
54,1,16,0.0,53,0.0,5835
55,1,16,0.0,54,0.0,5835
56,1,16,0.0,55,0.0,5835
57,1,16,0.0,56,0.0,5835
58,1,16,0.0,57,0.0,5835
59,1,16,0.0,58,0.0,5835
60,1,16,0.0,59,0.0,5835
61,1,16,0.0,60,0.0,5835
62,1,16,0.0,61,0.0,5835
63,1,16,0.0,62,0.0,5835
64,1,16,0.0,63,0.0,5835
65,1,16,0.0,64,0.0,5835
66,1,16,0.0,65,0.0,5835
67,1,16,0.0,66,0.0,5835
68,1,16,0.0,67,0.0,5835
69,1,16,0.0,68,0.0,5835
70,1,16,0.0,69,0.0,5835
71,1,16,0.0,70,0.0,5835
72,1,16,0.0,71,0.0,5835
73,1,16,0.0,72,0.0,5835
74,1,16,0.0,73,0.0,5835
75,1,16,0.0,74,0.0,5835
76,1,16,0.0,75,0.0,5835
77,1,16,0.0,76,0.0,5835
78,1,16,0.0,77,0.0,5835
79,1,16,0.0,78,0.0,5835
80,1,16,0.0,79,0.0,5835
81,1,16,0.0,80,0.0,5835
82,1,16,0.0,81,0.0,5835
83,1,16,0.0,82,0.0,5835
84,1,16,0.0,83,0.0,5835
85,1,16,0.0,84,0.0,5835
86,1,16,0.0,85,0.0,5835
87,1,16,0.0,86,0.0,5835
88,1,16,0.0,87,0.0,5835
89,1,16,0.0,88,0.0,5835
90,1,16,0.0,89,0.0,5835
91,1,16,0.0,90,0.0,5835
92,1,16,0.0,91,0.0,5835
93,1,16,0.0,92,0.0,5835
94,1,16,0.0,93,0.0,5835
95,1,16,0.0,94,0.0,5835
96,1,16,0.0,95,0.0,5835
97,1,16,0.0,96,0.0,5835
98,1,16,0.0,97,0.0,5835
99,1,16,0.0,98,0.0,5835
100,1,16,0.0,99,0.0,5835
101,1,16,0.0,100,0.0,5835
102,1,16,0.0,101,0.0,5835
103,1,16,0.0,102,0.0,5835
104,1,16,0.0,103,0.0,5835
105,1,16,0.0,104,0.0,5835
106,1,16,0.0,105,0.0,5835
107,1,16,0.0,106,0.0,5835
108,1,16,0.0,107,0.0,5835
109,1,16,0.0,108,0.0,5835
110,1,16,0.0,109,0.0,5835
111,1,16,0.0,110,0.0,5835
112,1,16,0.0,111,0.0,5835
113,1,16,0.0,112,0.0,5835
114,1,16,0.0,113,0.0,5835
115,1,16,0.0,114,0.0,5835
116,1,16,0.0,115,0.0,5835
117,1,16,0.0,116,0.0,5835
118,1,16,0.0,117,0.0,5835
119,1,16,0.0,118,0.0,5835
120,1,16,0.0,119,0.0,5835
121,1,16,0.0,120,0.0,5835
122,1,16,0.0,121,0.0,5835
123,1,16,0.0,122,0.0,5835
124,1,16,0.0,123,0.0,5835
125,1,16,0.0,124,0.0,5835
126,1,16,0.0,125,0.0,5835
127,1,16,0.0,126,0.0,5835
128,1,16,0.0,127,0.0,5835
129,1,16,0.0,128,0.0,5835
130,1,16,0.0,129,0.0,5835
131,1,16,0.0,130,0.0,5835
132,1,16,0.0,131,0.0,5835
133,1,16,0.0,132,0.0,5835
134,1,16,0.0,133,0.0,5835
135,1,16,0.0,134,0.0,5835
136,1,16,0.0,135,0.0,5835
137,1,16,0.0,136,0.0,5835
138,1,16,0.0,137,0.0,5835
139,1,16,0.0,138,0.0,5835
140,1,16,0.0,139,0.0,5835
141,1,16,0.0,140,0.0,5835
142,1,16,0.0,141,0.0,5835
143,1,16,0.0,142,0.0,5835
144,1,16,0.0,143,0.0,5835
145,1,16,0.0,144,0.0,5835
146,1,16,0.0,145,0.0,5835
147,1,16,0.0,146,0.0,5835
148,1,16,0.0,147,0.0,5835
149,1,16,0.0,148,0.0,5835
150,1,16,0.0,149,0.0,5835
151,1,16,0.0,150,0.0,5835
152,1,16,0.0,151,0.0,5835
153,1,16,0.0,152,0.0,5835
154,1,16,0.0,153,0.0,5835
155,1,16,0.0,154,0.0,5835
156,1,16,0.0,155,0.0,5835
157,1,16,0.0,156,0.0,5835
158,1,16,0.0,157,0.0,5835
159,1,16,0.0,158,0.0,5835
160,1,16,0.0,159,0.0,5835
161,1,16,0.0,160,0.0,5835
162,1,16,0.0,161,0.0,5835
163,1,16,0.0,162,0.0,5835
1,1,16,0.0,0,0.0,687
2,1,16,0.0,1,0.0,687
3,1,16,0.0,2,0.0,687
4,1,16,0.0,3,0.0,687
5,1,16,0.0,4,0.0,687
6,1,16,0.0,5,0.0,687
7,1,16,0.0,6,0.0,687
8,1,16,0.0,7,0.0,687
9,1,16,0.0,8,0.0,687
10,1,16,0.0,9,0.0,687
11,1,16,0.0,10,0.0,687
12,1,16,0.0,11,0.0,687
13,1,16,0.0,12,0.0,687
14,1,16,0.0,13,0.0,687
15,1,16,0.0,14,0.0,687
16,1,16,0.0,15,0.0,687
17,1,16,0.0,16,0.0,687
18,1,16,0.0,17,0.0,687
19,1,16,0.0,18,0.0,687
20,1,16,0.0,19,0.0,687
21,1,16,0.0,20,0.0,687
22,1,16,0.0,21,0.0,687
23,1,16,0.0,22,0.0,687
24,1,16,0.0,23,0.0,687
25,1,16,0.0,24,0.0,687
26,1,16,0.0,25,0.0,687
27,1,16,0.0,26,0.0,687
28,1,16,0.0,27,0.0,687
29,1,16,0.0,28,0.0,687
30,1,16,0.0,29,0.0,687
31,1,16,0.0,30,0.0,687
32,1,16,0.0,31,0.0,687
33,1,16,0.0,32,0.0,687
34,1,16,0.0,33,0.0,687
35,1,16,0.0,34,0.0,687
36,1,16,0.0,35,0.0,687
37,1,16,0.0,36,0.0,687
38,1,16,0.0,37,0.0,687
39,1,16,0.0,38,0.0,687
40,1,16,0.0,39,0.0,687
41,1,16,0.0,40,0.0,687
42,1,16,0.0,41,0.0,687
43,1,16,0.0,42,0.0,687
44,1,16,0.0,43,0.0,687
45,1,16,0.0,44,0.0,687
46,1,16,0.0,45,0.0,687
47,1,16,0.0,46,0.0,687
48,1,16,0.0,47,0.0,687
49,1,16,0.0,48,0.0,687
50,1,16,0.0,49,0.0,687
51,1,16,0.0,50,0.0,687
52,1,16,0.0,51,0.0,687
53,1,16,0.0,52,0.0,687
54,1,16,0.0,53,0.0,687
55,1,16,0.0,54,0.0,687
56,1,16,0.0,55,0.0,687
57,1,16,0.0,56,0.0,687
58,1,16,0.0,57,0.0,687
59,1,16,0.0,58,0.0,687
60,1,16,0.0,59,0.0,687
61,1,16,0.0,60,0.0,687
62,1,16,0.0,61,0.0,687
63,1,16,0.0,62,0.0,687
64,1,16,0.0,63,0.0,687
65,1,16,0.0,64,0.0,687
66,1,16,0.0,65,0.0,687
67,1,16,0.0,66,0.1,687
68,1,16,0.0,67,0.0,687
69,1,16,0.0,68,0.0,687
70,1,16,0.0,69,0.0,687
71,1,16,0.0,70,0.0,687
72,1,16,0.0,71,0.0,687
73,1,16,0.0,72,0.0,687
74,1,16,0.0,73,0.0,687
75,1,16,0.0,74,0.0,687
76,1,16,0.0,75,0.0,687
77,1,16,0.0,76,0.0,687
78,1,16,0.0,77,0.0,687
79,1,16,0.0,78,0.0,687
80,1,16,0.0,79,0.0,687
81,1,16,0.0,80,0.0,687
82,1,16,0.0,81,0.0,687
83,1,16,0.0,82,0.0,687
84,1,16,0.0,83,0.0,687
85,1,16,0.0,84,0.0,687
86,1,16,0.0,85,0.0,687
87,1,16,0.0,86,0.08,687
88,1,16,0.0,87,0.54,687
89,1,16,0.0,88,0.15,687
90,1,16,0.0,89,1.0,687
91,1,16,0.0,90,0.53,687
92,1,16,0.0,91,0.14,687
93,1,16,0.0,92,0.21,687
94,1,16,0.16,93,0.0,687
95,1,16,0.0,94,0.0,687
96,1,16,0.0,95,0.0,687
97,1,16,0.0,96,0.0,687
98,1,16,0.0,97,0.0,687
99,1,16,0.0,98,0.0,687
100,1,16,0.0,99,0.0,687
101,1,16,0.0,100,0.0,687
102,1,16,0.0,101,0.0,687
103,1,16,0.0,102,0.0,687
104,1,16,0.0,103,0.0,687
105,1,16,0.0,104,0.0,687
106,1,16,0.0,105,0.0,687
107,1,16,0.0,106,0.04,687
108,1,16,0.0,107,0.15,687
109,1,16,0.0,108,1.0,687
110,1,16,0.0,109,0.22,687
111,1,16,0.0,110,0.0,687
112,1,16,0.0,111,0.0,687
113,1,16,0.0,112,0.0,687
114,1,16,0.0,113,0.0,687
115,1,16,0.0,114,0.0,687
116,1,16,0.0,115,0.0,687
117,1,16,0.0,116,0.0,687
118,1,16,0.0,117,0.0,687
119,1,16,0.0,118,0.0,687
120,1,16,0.0,119,0.84,687
121,1,16,0.0,120,1.0,687
122,1,16,0.0,121,0.77,687
123,1,16,0.0,122,0.0,687
124,1,16,0.0,123,0.0,687
125,1,16,0.0,124,0.0,687
126,1,16,0.0,125,0.0,687
127,1,16,0.0,126,0.0,687
128,1,16,0.0,127,0.0,687
129,1,16,0.0,128,0.0,687
130,1,16,0.0,129,0.0,687
131,1,16,0.0,130,0.09,687
132,1,16,0.0,131,1.0,687
133,1,16,0.0,132,1.0,687
134,1,16,0.0,133,1.0,687
135,1,16,0.0,134,0.17,687
136,1,16,0.0,135,0.0,687
137,1,16,0.0,136,0.0,687
138,1,16,0.0,137,0.0,687
139,1,16,0.0,138,0.0,687
140,1,16,0.0,139,0.0,687
141,1,16,0.0,140,0.0,687
142,1,16,0.0,141,0.0,687
143,1,16,0.0,142,0.0,687
144,1,16,0.0,143,0.19,687
145,1,16,0.0,144,0.51,687
146,1,16,0.0,145,0.08,687
147,1,16,0.0,146,0.35,687
148,1,16,0.0,147,0.0,687
149,1,16,0.0,148,0.0,687
150,1,16,0.0,149,0.4,687
151,1,16,0.0,150,0.59,687
152,1,16,0.0,151,0.62,687
153,1,16,0.0,152,0.0,687
154,1,16,0.0,153,0.0,687
155,1,16,0.0,154,0.0,687
156,1,16,0.0,155,0.0,687
157,1,16,0.0,156,0.0,687
158,1,16,0.0,157,0.0,687
159,1,16,0.0,158,0.0,687
160,1,16,0.0,159,0.0,687
161,1,16,0.0,160,0.0,687
162,1,16,0.0,161,0.65,687
163,1,16,0.0,162,0.0,687
1,1,16,0.0,0,0.0,6000
2,1,16,0.0,1,0.0,6000
3,1,16,0.0,2,0.0,6000
4,1,16,0.0,3,0.0,6000
5,1,16,0.0,4,0.0,6000
6,1,16,0.0,5,0.0,6000
7,1,16,0.0,6,0.0,6000
8,1,16,0.0,7,0.0,6000
9,1,16,0.0,8,0.0,6000
10,1,16,0.0,9,0.0,6000
11,1,16,0.0,10,0.0,6000
12,1,16,0.0,11,0.0,6000
13,1,16,0.0,12,0.0,6000
14,1,16,0.0,13,0.0,6000
15,1,16,0.0,14,0.0,6000
16,1,16,0.0,15,0.0,6000
17,1,16,0.0,16,0.0,6000
18,1,16,0.0,17,0.0,6000
19,1,16,0.0,18,0.0,6000
20,1,16,0.0,19,0.0,6000
21,1,16,0.0,20,0.0,6000
22,1,16,0.0,21,0.0,6000
23,1,16,0.0,22,0.0,6000
24,1,16,0.0,23,0.0,6000
25,1,16,0.0,24,0.0,6000
26,1,16,0.0,25,0.0,6000
27,1,16,0.0,26,0.0,6000
28,1,16,0.0,27,0.0,6000
29,1,16,0.0,28,0.0,6000
30,1,16,0.0,29,0.0,6000
31,1,16,0.0,30,0.0,6000
32,1,16,0.0,31,0.0,6000
33,1,16,0.0,32,0.0,6000
34,1,16,0.0,33,0.0,6000
35,1,16,0.0,34,0.0,6000
36,1,16,0.0,35,0.0,6000
37,1,16,0.0,36,0.0,6000
38,1,16,0.0,37,0.0,6000
39,1,16,0.0,38,0.0,6000
40,1,16,0.0,39,0.0,6000
41,1,16,0.0,40,0.0,6000
42,1,16,0.0,41,0.0,6000
43,1,16,0.0,42,0.0,6000
44,1,16,0.0,43,0.0,6000
45,1,16,0.0,44,0.0,6000
46,1,16,0.0,45,0.0,6000
47,1,16,0.0,46,0.0,6000
48,1,16,0.0,47,0.0,6000
49,1,16,0.0,48,0.0,6000
50,1,16,0.0,49,0.0,6000
51,1,16,0.0,50,0.0,6000
52,1,16,0.0,51,0.0,6000
53,1,16,0.0,52,0.0,6000
54,1,16,0.0,53,0.0,6000
55,1,16,0.0,54,0.0,6000
56,1,16,0.0,55,0.0,6000
57,1,16,0.0,56,0.0,6000
58,1,16,0.0,57,0.0,6000
59,1,16,0.0,58,0.0,6000
60,1,16,0.0,59,0.0,6000
61,1,16,0.0,60,0.0,6000
62,1,16,0.0,61,0.0,6000
63,1,16,0.0,62,0.0,6000
64,1,16,0.0,63,0.0,6000
65,1,16,0.0,64,0.0,6000
66,1,16,0.0,65,0.0,6000
67,1,16,0.0,66,0.0,6000
68,1,16,0.0,67,0.0,6000
69,1,16,0.0,68,0.0,6000
70,1,16,0.0,69,0.0,6000
71,1,16,0.0,70,0.0,6000
72,1,16,0.0,71,0.0,6000
73,1,16,0.0,72,0.0,6000
74,1,16,0.0,73,0.0,6000
75,1,16,0.0,74,0.0,6000
76,1,16,0.0,75,0.0,6000
77,1,16,0.0,76,0.0,6000
78,1,16,0.0,77,0.0,6000
79,1,16,0.0,78,0.0,6000
80,1,16,0.0,79,0.0,6000
81,1,16,0.0,80,0.0,6000
82,1,16,0.0,81,0.0,6000
83,1,16,0.0,82,0.0,6000
84,1,16,0.0,83,0.0,6000
85,1,16,0.0,84,0.0,6000
86,1,16,0.0,85,0.0,6000
87,1,16,0.0,86,0.0,6000
88,1,16,0.0,87,0.0,6000
89,1,16,0.0,88,0.0,6000
90,1,16,0.0,89,0.0,6000
91,1,16,0.0,90,0.0,6000
92,1,16,0.0,91,0.0,6000
93,1,16,0.0,92,0.0,6000
94,1,16,0.0,93,0.0,6000
95,1,16,0.0,94,0.0,6000
96,1,16,0.0,95,0.0,6000
97,1,16,0.0,96,0.0,6000
98,1,16,0.0,97,0.0,6000
99,1,16,0.0,98,0.0,6000
100,1,16,0.0,99,0.0,6000
101,1,16,0.0,100,0.0,6000
102,1,16,0.0,101,0.0,6000
103,1,16,0.0,102,0.0,6000
104,1,16,0.0,103,0.0,6000
105,1,16,0.0,104,0.0,6000
106,1,16,0.0,105,0.0,6000
107,1,16,0.0,106,0.0,6000
108,1,16,0.0,107,0.0,6000
109,1,16,0.0,108,0.0,6000
110,1,16,0.0,109,0.0,6000
111,1,16,0.0,110,0.0,6000
112,1,16,0.0,111,0.0,6000
113,1,16,0.0,112,0.0,6000
114,1,16,0.0,113,0.0,6000
115,1,16,0.0,114,0.0,6000
116,1,16,0.0,115,0.0,6000
117,1,16,0.0,116,0.0,6000
118,1,16,0.0,117,0.0,6000
119,1,16,0.0,118,0.0,6000
120,1,16,0.0,119,0.0,6000
121,1,16,0.0,120,0.0,6000
122,1,16,0.0,121,0.0,6000
123,1,16,0.0,122,0.0,6000
124,1,16,0.0,123,0.0,6000
125,1,16,0.0,124,0.0,6000
126,1,16,0.0,125,0.0,6000
127,1,16,0.0,126,0.0,6000
128,1,16,0.0,127,0.0,6000
129,1,16,0.0,128,0.0,6000
130,1,16,0.0,129,0.0,6000
131,1,16,0.0,130,0.0,6000
132,1,16,0.0,131,0.0,6000
133,1,16,0.0,132,0.0,6000
134,1,16,0.0,133,0.0,6000
135,1,16,0.0,134,0.0,6000
136,1,16,0.0,135,0.0,6000
137,1,16,0.0,136,0.0,6000
138,1,16,0.0,137,0.0,6000
139,1,16,0.0,138,0.0,6000
140,1,16,0.0,139,0.0,6000
141,1,16,0.0,140,0.0,6000
142,1,16,0.0,141,0.0,6000
143,1,16,0.0,142,0.0,6000
144,1,16,0.0,143,0.0,6000
145,1,16,0.0,144,0.0,6000
146,1,16,0.0,145,0.0,6000
147,1,16,0.0,146,0.0,6000
148,1,16,0.0,147,0.0,6000
149,1,16,0.0,148,0.0,6000
150,1,16,0.0,149,0.0,6000
151,1,16,0.0,150,0.0,6000
152,1,16,0.0,151,0.0,6000
153,1,16,0.0,152,0.0,6000
154,1,16,0.0,153,0.0,6000
155,1,16,0.0,154,0.0,6000
156,1,16,0.0,155,0.0,6000
157,1,16,0.0,156,0.0,6000
158,1,16,0.0,157,0.0,6000
159,1,16,0.0,158,0.0,6000
160,1,16,0.0,159,0.0,6000
161,1,16,0.0,160,0.0,6000
162,1,16,0.0,161,0.0,6000
163,1,16,0.0,162,0.0,6000
1,1,17,0.0,0,0.0,3759
2,1,17,0.0,1,0.0,3759
3,1,17,0.0,2,0.0,3759
4,1,17,0.0,3,0.0,3759
5,1,17,0.0,4,0.0,3759
6,1,17,0.0,5,0.0,3759
7,1,17,0.0,6,0.0,3759
8,1,17,0.0,7,0.0,3759
9,1,17,0.0,8,0.0,3759
10,1,17,0.0,9,0.0,3759
11,1,17,0.0,10,0.0,3759
12,1,17,0.0,11,0.0,3759
13,1,17,0.0,12,0.0,3759
14,1,17,0.0,13,0.0,3759
15,1,17,0.0,14,0.0,3759
16,1,17,0.0,15,0.0,3759
17,1,17,0.0,16,0.0,3759
18,1,17,0.0,17,0.0,3759
19,1,17,0.0,18,0.0,3759
20,1,17,0.0,19,0.0,3759
21,1,17,0.0,20,0.0,3759
22,1,17,0.0,21,0.0,3759
23,1,17,0.0,22,0.0,3759
24,1,17,0.0,23,0.0,3759
25,1,17,0.0,24,0.0,3759
26,1,17,0.0,25,0.0,3759
27,1,17,0.0,26,0.0,3759
28,1,17,0.0,27,0.0,3759
29,1,17,0.0,28,0.0,3759
30,1,17,0.0,29,0.0,3759
31,1,17,0.0,30,0.0,3759
32,1,17,0.0,31,0.0,3759
33,1,17,0.0,32,0.0,3759
34,1,17,0.0,33,0.0,3759
35,1,17,0.0,34,0.0,3759
36,1,17,0.0,35,0.0,3759
37,1,17,0.0,36,0.0,3759
38,1,17,0.0,37,0.0,3759
39,1,17,0.0,38,0.0,3759
40,1,17,0.0,39,0.0,3759
41,1,17,0.0,40,0.0,3759
42,1,17,0.0,41,0.0,3759
43,1,17,0.0,42,0.0,3759
44,1,17,0.0,43,0.0,3759
45,1,17,0.0,44,0.0,3759
46,1,17,0.0,45,0.0,3759
47,1,17,0.0,46,0.0,3759
48,1,17,0.0,47,0.0,3759
49,1,17,0.0,48,0.0,3759
50,1,17,0.0,49,0.0,3759
51,1,17,0.0,50,0.0,3759
52,1,17,0.0,51,0.0,3759
53,1,17,0.0,52,0.0,3759
54,1,17,0.0,53,0.0,3759
55,1,17,0.0,54,0.0,3759
56,1,17,0.0,55,0.0,3759
57,1,17,0.0,56,0.0,3759
58,1,17,0.0,57,0.0,3759
59,1,17,0.0,58,0.0,3759
60,1,17,0.0,59,0.0,3759
61,1,17,0.0,60,0.0,3759
62,1,17,0.0,61,0.0,3759
63,1,17,0.0,62,0.0,3759
64,1,17,0.0,63,0.0,3759
65,1,17,0.0,64,0.0,3759
66,1,17,0.0,65,0.0,3759
67,1,17,0.0,66,0.0,3759
68,1,17,0.0,67,0.0,3759
69,1,17,0.0,68,0.0,3759
70,1,17,0.0,69,0.0,3759
71,1,17,0.0,70,0.0,3759
72,1,17,0.0,71,0.0,3759
73,1,17,0.0,72,0.0,3759
74,1,17,0.0,73,0.0,3759
75,1,17,0.0,74,0.0,3759
76,1,17,0.0,75,0.0,3759
77,1,17,0.0,76,0.0,3759
78,1,17,0.0,77,0.0,3759
79,1,17,0.0,78,0.0,3759
80,1,17,0.0,79,0.0,3759
81,1,17,0.0,80,0.0,3759
82,1,17,0.0,81,0.0,3759
83,1,17,0.0,82,0.0,3759
84,1,17,0.0,83,0.0,3759
85,1,17,0.0,84,0.0,3759
86,1,17,0.0,85,0.0,3759
87,1,17,0.0,86,0.0,3759
88,1,17,0.0,87,0.0,3759
89,1,17,0.0,88,0.0,3759
90,1,17,0.0,89,0.0,3759
91,1,17,0.0,90,0.0,3759
92,1,17,0.0,91,0.0,3759
93,1,17,0.0,92,0.0,3759
94,1,17,0.0,93,0.0,3759
95,1,17,0.0,94,0.0,3759
96,1,17,0.0,95,0.0,3759
97,1,17,0.0,96,0.0,3759
98,1,17,0.0,97,0.0,3759
99,1,17,0.0,98,0.0,3759
100,1,17,0.0,99,0.0,3759
101,1,17,0.0,100,0.0,3759
102,1,17,0.0,101,0.0,3759
103,1,17,0.0,102,0.0,3759
104,1,17,0.0,103,0.0,3759
105,1,17,0.0,104,0.0,3759
106,1,17,0.0,105,0.0,3759
107,1,17,0.0,106,0.0,3759
108,1,17,0.0,107,0.0,3759
109,1,17,0.0,108,0.0,3759
110,1,17,0.0,109,0.0,3759
111,1,17,0.0,110,0.0,3759
112,1,17,0.0,111,0.0,3759
113,1,17,0.0,112,0.0,3759
114,1,17,0.0,113,0.0,3759
115,1,17,0.0,114,0.0,3759
116,1,17,0.0,115,0.0,3759
117,1,17,0.0,116,0.0,3759
118,1,17,0.0,117,0.0,3759
119,1,17,0.0,118,0.0,3759
120,1,17,0.0,119,0.0,3759
121,1,17,0.0,120,0.0,3759
122,1,17,0.0,121,0.0,3759
123,1,17,0.0,122,0.0,3759
124,1,17,0.0,123,0.0,3759
125,1,17,0.0,124,0.0,3759
126,1,17,0.0,125,0.0,3759
127,1,17,0.0,126,0.0,3759
128,1,17,0.0,127,0.0,3759
129,1,17,0.0,128,0.0,3759
130,1,17,0.0,129,0.0,3759
131,1,17,0.0,130,0.0,3759
132,1,17,0.0,131,0.0,3759
133,1,17,0.0,132,0.0,3759
134,1,17,0.0,133,0.0,3759
135,1,17,0.0,134,0.0,3759
136,1,17,0.0,135,0.0,3759
137,1,17,0.0,136,0.0,3759
138,1,17,0.0,137,0.0,3759
139,1,17,0.0,138,0.0,3759
140,1,17,0.0,139,0.0,3759
141,1,17,0.0,140,0.0,3759
142,1,17,0.0,141,0.0,3759
143,1,17,0.0,142,0.0,3759
144,1,17,0.0,143,0.0,3759
145,1,17,0.0,144,0.0,3759
146,1,17,0.0,145,0.0,3759
147,1,17,0.0,146,0.0,3759
148,1,17,0.0,147,0.0,3759
149,1,17,0.0,148,0.0,3759
150,1,17,0.0,149,0.0,3759
151,1,17,0.0,150,0.0,3759
152,1,17,0.0,151,0.0,3759
153,1,17,0.0,152,0.0,3759
154,1,17,0.0,153,0.0,3759
155,1,17,0.0,154,0.0,3759
156,1,17,0.0,155,0.0,3759
157,1,17,0.0,156,0.0,3759
158,1,17,0.0,157,0.0,3759
159,1,17,0.0,158,0.0,3759
160,1,17,0.0,159,0.0,3759
161,1,17,0.0,160,0.0,3759
162,1,17,0.0,161,0.0,3759
163,1,17,0.0,162,0.0,3759
1,1,17,0.0,0,0.0,4470
2,1,17,0.0,1,0.0,4470
3,1,17,0.0,2,0.0,4470
4,1,17,0.0,3,0.0,4470
5,1,17,0.0,4,0.0,4470
6,1,17,0.0,5,0.0,4470
7,1,17,0.0,6,0.0,4470
8,1,17,0.0,7,0.0,4470
9,1,17,0.0,8,0.0,4470
10,1,17,0.0,9,0.0,4470
11,1,17,0.0,10,0.0,4470
12,1,17,0.0,11,0.65,4470
13,1,17,0.0,12,0.1,4470
14,1,17,0.0,13,0.0,4470
15,1,17,0.0,14,0.85,4470
16,1,17,0.0,15,0.72,4470
17,1,17,0.0,16,1.0,4470
18,1,17,0.0,17,0.61,4470
19,1,17,0.0,18,1.0,4470
20,1,17,0.0,19,0.45,4470
21,1,17,0.0,20,0.05,4470
22,1,17,0.0,21,0.0,4470
23,1,17,0.0,22,0.0,4470
24,1,17,0.0,23,0.0,4470
25,1,17,0.0,24,0.0,4470
26,1,17,0.0,25,0.0,4470
27,1,17,0.0,26,0.0,4470
28,1,17,0.7,27,0.0,4470
29,1,17,1.0,28,0.0,4470
30,1,17,0.71,29,0.0,4470
31,1,17,0.0,30,0.0,4470
32,1,17,0.0,31,0.0,4470
33,1,17,0.0,32,0.0,4470
34,1,17,0.0,33,0.0,4470
35,1,17,0.0,34,0.0,4470
36,1,17,0.0,35,0.0,4470
37,1,17,0.0,36,0.0,4470
38,1,17,0.7,37,0.0,4470
39,1,17,1.0,38,0.0,4470
40,1,17,1.0,39,0.0,4470
41,1,17,0.55,40,0.1,4470
42,1,17,0.0,41,0.05,4470
43,1,17,0.0,42,0.0,4470
44,1,17,0.0,43,0.0,4470
45,1,17,0.0,44,0.55,4470
46,1,17,0.0,45,1.0,4470
47,1,17,0.0,46,1.0,4470
48,1,17,0.0,47,1.0,4470
49,1,17,0.0,48,1.0,4470
50,1,17,0.35,49,0.08,4470
51,1,17,1.0,50,0.0,4470
52,1,17,1.0,51,0.0,4470
53,1,17,1.0,52,0.0,4470
54,1,17,1.0,53,0.0,4470
55,1,17,1.0,54,0.0,4470
56,1,17,1.0,55,0.0,4470
57,1,17,1.0,56,0.0,4470
58,1,17,1.0,57,0.0,4470
59,1,17,1.0,58,0.0,4470
60,1,17,0.0,59,0.45,4470
61,1,17,0.0,60,0.2,4470
62,1,17,0.0,61,0.0,4470
63,1,17,0.15,62,0.0,4470
64,1,17,1.0,63,0.0,4470
65,1,17,1.0,64,0.0,4470
66,1,17,1.0,65,0.0,4470
67,1,17,1.0,66,0.0,4470
68,1,17,1.0,67,0.0,4470
69,1,17,1.0,68,0.0,4470
70,1,17,1.0,69,0.0,4470
71,1,17,1.0,70,0.0,4470
72,1,17,1.0,71,0.0,4470
73,1,17,0.8,72,0.0,4470
74,1,17,0.0,73,0.0,4470
75,1,17,0.0,74,0.3,4470
76,1,17,0.0,75,0.35,4470
77,1,17,0.0,76,0.2,4470
78,1,17,0.0,77,0.42,4470
79,1,17,0.0,78,0.65,4470
80,1,17,0.0,79,0.0,4470
81,1,17,0.85,80,0.0,4470
82,1,17,1.0,81,0.0,4470
83,1,17,1.0,82,0.0,4470
84,1,17,1.0,83,0.0,4470
85,1,17,1.0,84,0.0,4470
86,1,17,1.0,85,0.0,4470
87,1,17,1.0,86,0.0,4470
88,1,17,1.0,87,0.0,4470
89,1,17,1.0,88,0.0,4470
90,1,17,0.17,89,0.0,4470
91,1,17,0.0,90,0.0,4470
92,1,17,0.0,91,0.4,4470
93,1,17,0.0,92,0.25,4470
94,1,17,0.0,93,0.0,4470
95,1,17,0.0,94,0.0,4470
96,1,17,0.0,95,0.0,4470
97,1,17,0.0,96,0.0,4470
98,1,17,0.0,97,0.0,4470
99,1,17,0.0,98,0.0,4470
100,1,17,0.0,99,0.0,4470
101,1,17,0.0,100,0.0,4470
102,1,17,0.0,101,0.0,4470
103,1,17,0.0,102,0.0,4470
104,1,17,0.0,103,0.0,4470
105,1,17,0.0,104,0.0,4470
106,1,17,0.0,105,0.0,4470
107,1,17,0.0,106,0.0,4470
108,1,17,0.0,107,0.0,4470
109,1,17,0.0,108,0.0,4470
110,1,17,0.0,109,0.0,4470
111,1,17,0.0,110,0.0,4470
112,1,17,0.0,111,0.0,4470
113,1,17,0.1,112,0.0,4470
114,1,17,1.0,113,0.0,4470
115,1,17,1.0,114,0.0,4470
116,1,17,1.0,115,0.0,4470
117,1,17,1.0,116,0.0,4470
118,1,17,1.0,117,0.0,4470
119,1,17,1.0,118,0.0,4470
120,1,17,0.45,119,0.0,4470
121,1,17,0.95,120,0.0,4470
122,1,17,0.75,121,0.0,4470
123,1,17,1.0,122,0.0,4470
124,1,17,1.0,123,0.0,4470
125,1,17,1.0,124,0.0,4470
126,1,17,0.31,125,0.1,4470
127,1,17,0.0,126,1.0,4470
128,1,17,0.0,127,1.0,4470
129,1,17,0.0,128,1.0,4470
130,1,17,0.0,129,1.0,4470
131,1,17,0.0,130,1.0,4470
132,1,17,0.65,131,0.0,4470
133,1,17,1.0,132,0.0,4470
134,1,17,1.0,133,0.0,4470
135,1,17,1.0,134,0.0,4470
136,1,17,1.0,135,0.0,4470
137,1,17,1.0,136,0.0,4470
138,1,17,1.0,137,0.0,4470
139,1,17,0.21,138,0.15,4470
140,1,17,0.0,139,1.0,4470
141,1,17,0.0,140,1.0,4470
142,1,17,0.0,141,1.0,4470
143,1,17,0.0,142,1.0,4470
144,1,17,0.0,143,1.0,4470
145,1,17,0.0,144,1.0,4470
146,1,17,0.0,145,1.0,4470
147,1,17,0.0,146,1.0,4470
148,1,17,0.0,147,0.95,4470
149,1,17,0.25,148,0.0,4470
150,1,17,1.0,149,0.0,4470
151,1,17,1.0,150,0.0,4470
152,1,17,1.0,151,0.0,4470
153,1,17,1.0,152,0.0,4470
154,1,17,1.0,153,0.0,4470
155,1,17,1.0,154,0.0,4470
156,1,17,1.0,155,0.0,4470
157,1,17,1.0,156,0.0,4470
158,1,17,1.0,157,0.0,4470
159,1,17,0.01,158,0.4,4470
160,1,17,0.0,159,1.0,4470
161,1,17,0.0,160,1.0,4470
162,1,17,0.0,161,1.0,4470
163,1,17,0.0,162,1.0,4470
1,1,17,0.0,0,0.0,4964
2,1,17,0.0,1,0.0,4964
3,1,17,0.0,2,0.0,4964
4,1,17,0.0,3,0.0,4964
5,1,17,0.0,4,0.0,4964
6,1,17,0.0,5,0.0,4964
7,1,17,0.0,6,0.0,4964
8,1,17,0.0,7,0.0,4964
9,1,17,0.0,8,0.0,4964
10,1,17,0.0,9,0.0,4964
11,1,17,0.0,10,0.0,4964
12,1,17,0.0,11,0.0,4964
13,1,17,0.0,12,0.0,4964
14,1,17,0.0,13,0.0,4964
15,1,17,0.0,14,0.0,4964
16,1,17,0.0,15,0.05,4964
17,1,17,0.0,16,0.45,4964
18,1,17,0.0,17,0.65,4964
19,1,17,0.0,18,0.0,4964
20,1,17,0.0,19,0.0,4964
21,1,17,0.0,20,0.0,4964
22,1,17,0.0,21,0.0,4964
23,1,17,0.0,22,0.0,4964
24,1,17,0.0,23,0.0,4964
25,1,17,0.0,24,0.0,4964
26,1,17,0.0,25,0.0,4964
27,1,17,0.0,26,0.0,4964
28,1,17,0.0,27,0.0,4964
29,1,17,0.0,28,0.0,4964
30,1,17,0.0,29,0.0,4964
31,1,17,0.0,30,0.0,4964
32,1,17,0.0,31,0.0,4964
33,1,17,0.0,32,0.0,4964
34,1,17,0.0,33,0.0,4964
35,1,17,0.0,34,0.0,4964
36,1,17,0.0,35,0.0,4964
37,1,17,0.0,36,0.0,4964
38,1,17,0.0,37,0.0,4964
39,1,17,0.0,38,0.0,4964
40,1,17,0.0,39,0.0,4964
41,1,17,0.0,40,0.0,4964
42,1,17,0.0,41,0.0,4964
43,1,17,0.0,42,0.0,4964
44,1,17,0.0,43,0.0,4964
45,1,17,0.0,44,0.0,4964
46,1,17,0.0,45,0.0,4964
47,1,17,0.0,46,0.0,4964
48,1,17,0.0,47,0.0,4964
49,1,17,0.0,48,0.0,4964
50,1,17,0.0,49,0.0,4964
51,1,17,0.0,50,0.0,4964
52,1,17,0.0,51,0.0,4964
53,1,17,0.0,52,0.0,4964
54,1,17,0.0,53,0.0,4964
55,1,17,0.0,54,0.0,4964
56,1,17,0.0,55,0.0,4964
57,1,17,0.0,56,0.0,4964
58,1,17,0.0,57,0.0,4964
59,1,17,0.0,58,0.0,4964
60,1,17,0.0,59,0.0,4964
61,1,17,0.0,60,0.0,4964
62,1,17,0.0,61,0.79,4964
63,1,17,0.0,62,0.49,4964
64,1,17,0.0,63,0.79,4964
65,1,17,0.0,64,0.32,4964
66,1,17,0.0,65,0.0,4964
67,1,17,0.0,66,0.0,4964
68,1,17,0.0,67,0.0,4964
69,1,17,0.0,68,0.0,4964
70,1,17,0.0,69,0.0,4964
71,1,17,0.0,70,0.0,4964
72,1,17,0.0,71,0.0,4964
73,1,17,0.0,72,0.0,4964
74,1,17,0.0,73,0.0,4964
75,1,17,0.0,74,0.0,4964
76,1,17,0.0,75,0.0,4964
77,1,17,0.0,76,0.0,4964
78,1,17,0.0,77,0.0,4964
79,1,17,0.0,78,0.0,4964
80,1,17,0.0,79,0.0,4964
81,1,17,0.0,80,0.0,4964
82,1,17,0.0,81,0.0,4964
83,1,17,0.0,82,0.0,4964
84,1,17,0.0,83,0.0,4964
85,1,17,0.0,84,0.0,4964
86,1,17,0.0,85,0.0,4964
87,1,17,0.0,86,0.0,4964
88,1,17,0.0,87,0.0,4964
89,1,17,0.0,88,0.0,4964
90,1,17,0.0,89,0.0,4964
91,1,17,0.0,90,0.0,4964
92,1,17,0.0,91,0.0,4964
93,1,17,0.0,92,0.0,4964
94,1,17,0.0,93,0.0,4964
95,1,17,0.0,94,0.0,4964
96,1,17,0.0,95,0.0,4964
97,1,17,0.0,96,0.0,4964
98,1,17,0.0,97,0.0,4964
99,1,17,0.0,98,0.0,4964
100,1,17,0.0,99,0.0,4964
101,1,17,0.0,100,0.0,4964
102,1,17,0.0,101,0.0,4964
103,1,17,0.0,102,0.0,4964
104,1,17,0.0,103,0.0,4964
105,1,17,0.0,104,0.0,4964
106,1,17,0.0,105,0.0,4964
107,1,17,0.0,106,0.0,4964
108,1,17,0.0,107,0.0,4964
109,1,17,0.0,108,0.0,4964
110,1,17,0.0,109,0.0,4964
111,1,17,0.0,110,0.0,4964
112,1,17,0.0,111,0.0,4964
113,1,17,0.0,112,0.0,4964
114,1,17,0.0,113,0.0,4964
115,1,17,0.0,114,0.0,4964
116,1,17,0.0,115,0.0,4964
117,1,17,0.0,116,0.0,4964
118,1,17,0.0,117,0.0,4964
119,1,17,0.0,118,0.0,4964
120,1,17,0.0,119,0.0,4964
121,1,17,0.0,120,0.0,4964
122,1,17,0.0,121,0.0,4964
123,1,17,0.0,122,0.0,4964
124,1,17,0.0,123,0.0,4964
125,1,17,0.0,124,0.0,4964
126,1,17,0.0,125,0.0,4964
127,1,17,0.0,126,0.0,4964
128,1,17,0.0,127,0.0,4964
129,1,17,0.0,128,0.0,4964
130,1,17,0.0,129,0.0,4964
131,1,17,0.0,130,0.0,4964
132,1,17,0.0,131,0.0,4964
133,1,17,0.0,132,0.0,4964
134,1,17,0.0,133,0.0,4964
135,1,17,0.0,134,0.0,4964
136,1,17,0.0,135,0.0,4964
137,1,17,0.0,136,0.0,4964
138,1,17,0.0,137,0.0,4964
139,1,17,0.0,138,0.0,4964
140,1,17,0.0,139,0.0,4964
141,1,17,0.0,140,0.0,4964
142,1,17,0.0,141,0.0,4964
143,1,17,0.0,142,0.0,4964
144,1,17,0.0,143,0.0,4964
145,1,17,0.0,144,0.0,4964
146,1,17,0.0,145,0.0,4964
147,1,17,0.0,146,0.0,4964
148,1,17,0.0,147,0.0,4964
149,1,17,0.0,148,0.0,4964
150,1,17,0.0,149,0.0,4964
151,1,17,0.0,150,0.0,4964
152,1,17,0.0,151,0.0,4964
153,1,17,0.0,152,0.0,4964
154,1,17,0.0,153,0.0,4964
155,1,17,0.0,154,0.0,4964
156,1,17,0.0,155,0.0,4964
157,1,17,0.0,156,0.0,4964
158,1,17,0.0,157,0.0,4964
159,1,17,0.0,158,0.0,4964
160,1,17,0.0,159,0.0,4964
161,1,17,0.0,160,0.0,4964
162,1,17,0.0,161,0.0,4964
163,1,17,0.0,162,0.0,4964
1,1,17,0.0,0,0.0,7230
2,1,17,0.0,1,0.0,7230
3,1,17,0.0,2,0.0,7230
4,1,17,0.0,3,0.0,7230
5,1,17,0.0,4,0.0,7230
6,1,17,0.0,5,0.0,7230
7,1,17,0.0,6,0.0,7230
8,1,17,0.0,7,0.0,7230
9,1,17,0.0,8,0.0,7230
10,1,17,0.0,9,0.0,7230
11,1,17,0.0,10,0.0,7230
12,1,17,0.0,11,0.0,7230
13,1,17,0.0,12,0.0,7230
14,1,17,0.0,13,0.0,7230
15,1,17,0.0,14,0.0,7230
16,1,17,0.0,15,0.0,7230
17,1,17,0.0,16,0.0,7230
18,1,17,0.0,17,0.0,7230
19,1,17,0.0,18,0.0,7230
20,1,17,0.0,19,0.0,7230
21,1,17,0.0,20,0.0,7230
22,1,17,0.0,21,0.0,7230
23,1,17,0.0,22,0.0,7230
24,1,17,0.0,23,0.0,7230
25,1,17,0.0,24,0.0,7230
26,1,17,0.0,25,0.0,7230
27,1,17,0.0,26,0.0,7230
28,1,17,0.0,27,0.0,7230
29,1,17,0.0,28,0.0,7230
30,1,17,0.0,29,0.0,7230
31,1,17,0.0,30,0.5,7230
32,1,17,0.0,31,1.0,7230
33,1,17,0.0,32,1.0,7230
34,1,17,0.0,33,0.5,7230
35,1,17,0.0,34,0.0,7230
36,1,17,0.0,35,0.0,7230
37,1,17,0.0,36,0.0,7230
38,1,17,0.0,37,0.0,7230
39,1,17,0.0,38,0.0,7230
40,1,17,0.0,39,0.0,7230
41,1,17,0.0,40,0.0,7230
42,1,17,0.0,41,0.0,7230
43,1,17,0.0,42,0.0,7230
44,1,17,0.0,43,0.0,7230
45,1,17,0.0,44,0.0,7230
46,1,17,0.0,45,0.0,7230
47,1,17,0.0,46,0.0,7230
48,1,17,0.0,47,0.0,7230
49,1,17,0.0,48,0.0,7230
50,1,17,0.0,49,0.0,7230
51,1,17,0.0,50,0.0,7230
52,1,17,0.0,51,0.0,7230
53,1,17,0.0,52,0.0,7230
54,1,17,0.0,53,0.0,7230
55,1,17,0.0,54,0.0,7230
56,1,17,0.0,55,0.0,7230
57,1,17,0.0,56,0.0,7230
58,1,17,0.0,57,0.0,7230
59,1,17,0.0,58,0.0,7230
60,1,17,0.0,59,0.0,7230
61,1,17,0.0,60,0.0,7230
62,1,17,0.0,61,0.0,7230
63,1,17,0.0,62,0.52,7230
64,1,17,0.0,63,1.0,7230
65,1,17,0.0,64,0.03,7230
66,1,17,0.0,65,0.0,7230
67,1,17,0.0,66,0.0,7230
68,1,17,0.0,67,0.0,7230
69,1,17,0.0,68,0.0,7230
70,1,17,0.0,69,0.0,7230
71,1,17,0.0,70,0.0,7230
72,1,17,0.0,71,0.0,7230
73,1,17,0.0,72,0.0,7230
74,1,17,0.0,73,0.0,7230
75,1,17,0.0,74,0.0,7230
76,1,17,0.0,75,0.0,7230
77,1,17,0.0,76,0.0,7230
78,1,17,0.0,77,0.0,7230
79,1,17,0.0,78,0.0,7230
80,1,17,0.0,79,0.0,7230
81,1,17,0.0,80,0.0,7230
82,1,17,0.0,81,0.0,7230
83,1,17,0.0,82,0.0,7230
84,1,17,0.0,83,0.0,7230
85,1,17,0.0,84,0.0,7230
86,1,17,0.0,85,0.0,7230
87,1,17,0.0,86,0.03,7230
88,1,17,0.0,87,1.0,7230
89,1,17,0.0,88,1.0,7230
90,1,17,0.0,89,0.07,7230
91,1,17,0.0,90,0.0,7230
92,1,17,0.0,91,0.0,7230
93,1,17,0.0,92,0.0,7230
94,1,17,0.0,93,0.0,7230
95,1,17,0.0,94,0.0,7230
96,1,17,0.0,95,0.0,7230
97,1,17,0.0,96,0.0,7230
98,1,17,0.0,97,0.0,7230
99,1,17,0.0,98,0.0,7230
100,1,17,0.0,99,0.0,7230
101,1,17,0.0,100,0.0,7230
102,1,17,0.0,101,0.0,7230
103,1,17,0.0,102,0.0,7230
104,1,17,0.0,103,0.0,7230
105,1,17,0.0,104,0.0,7230
106,1,17,0.0,105,0.0,7230
107,1,17,0.0,106,0.0,7230
108,1,17,0.0,107,0.0,7230
109,1,17,0.0,108,0.0,7230
110,1,17,0.0,109,0.0,7230
111,1,17,0.0,110,0.0,7230
112,1,17,0.0,111,0.0,7230
113,1,17,0.0,112,0.0,7230
114,1,17,0.0,113,0.0,7230
115,1,17,0.0,114,0.0,7230
116,1,17,0.0,115,0.0,7230
117,1,17,0.0,116,0.0,7230
118,1,17,0.0,117,0.0,7230
119,1,17,0.0,118,0.71,7230
120,1,17,0.0,119,0.0,7230
121,1,17,0.0,120,0.0,7230
122,1,17,0.0,121,0.0,7230
123,1,17,0.0,122,0.0,7230
124,1,17,0.0,123,0.0,7230
125,1,17,0.0,124,0.0,7230
126,1,17,0.0,125,0.0,7230
127,1,17,0.0,126,0.0,7230
128,1,17,0.0,127,0.0,7230
129,1,17,0.0,128,0.0,7230
130,1,17,0.0,129,0.0,7230
131,1,17,0.0,130,0.0,7230
132,1,17,0.0,131,0.0,7230
133,1,17,0.0,132,0.0,7230
134,1,17,0.0,133,0.0,7230
135,1,17,0.0,134,0.0,7230
136,1,17,0.0,135,0.0,7230
137,1,17,0.0,136,0.0,7230
138,1,17,0.0,137,0.0,7230
139,1,17,0.0,138,0.0,7230
140,1,17,0.0,139,0.0,7230
141,1,17,0.0,140,0.0,7230
142,1,17,0.0,141,0.0,7230
143,1,17,0.0,142,0.2,7230
144,1,17,0.0,143,1.0,7230
145,1,17,0.0,144,0.5,7230
146,1,17,0.0,145,0.0,7230
147,1,17,0.0,146,0.0,7230
148,1,17,0.0,147,0.0,7230
149,1,17,0.0,148,0.0,7230
150,1,17,0.0,149,0.0,7230
151,1,17,0.0,150,0.0,7230
152,1,17,0.0,151,0.45,7230
153,1,17,0.0,152,0.0,7230
154,1,17,0.0,153,0.0,7230
155,1,17,0.0,154,0.0,7230
156,1,17,0.0,155,0.0,7230
157,1,17,0.0,156,0.0,7230
158,1,17,0.0,157,0.0,7230
159,1,17,0.0,158,0.0,7230
160,1,17,0.0,159,0.0,7230
161,1,17,0.0,160,0.0,7230
162,1,17,0.0,161,0.0,7230
163,1,17,0.0,162,0.0,7230
1,1,16,0.0,0,0.0,5669
2,1,16,0.0,1,0.0,5669
3,1,16,0.0,2,0.0,5669
4,1,16,0.0,3,0.0,5669
5,1,16,0.0,4,0.0,5669
6,1,16,0.0,5,0.0,5669
7,1,16,0.0,6,0.0,5669
8,1,16,0.0,7,0.0,5669
9,1,16,0.0,8,0.0,5669
10,1,16,0.0,9,0.0,5669
11,1,16,0.0,10,0.0,5669
12,1,16,0.0,11,0.0,5669
13,1,16,0.0,12,0.0,5669
14,1,16,0.0,13,0.0,5669
15,1,16,0.0,14,0.0,5669
16,1,16,0.0,15,0.0,5669
17,1,16,0.0,16,0.0,5669
18,1,16,0.0,17,0.0,5669
19,1,16,0.0,18,0.0,5669
20,1,16,0.0,19,0.0,5669
21,1,16,0.0,20,0.0,5669
22,1,16,0.0,21,0.0,5669
23,1,16,0.0,22,0.0,5669
24,1,16,0.0,23,0.0,5669
25,1,16,0.0,24,0.0,5669
26,1,16,0.0,25,0.0,5669
27,1,16,0.0,26,0.0,5669
28,1,16,0.0,27,0.0,5669
29,1,16,0.0,28,0.0,5669
30,1,16,0.0,29,0.0,5669
31,1,16,0.0,30,0.0,5669
32,1,16,0.0,31,0.0,5669
33,1,16,0.0,32,0.0,5669
34,1,16,0.0,33,0.0,5669
35,1,16,0.0,34,0.0,5669
36,1,16,0.0,35,0.0,5669
37,1,16,0.0,36,0.0,5669
38,1,16,0.0,37,0.0,5669
39,1,16,0.0,38,0.0,5669
40,1,16,0.0,39,0.0,5669
41,1,16,0.0,40,0.0,5669
42,1,16,0.0,41,0.0,5669
43,1,16,0.0,42,0.0,5669
44,1,16,0.0,43,0.0,5669
45,1,16,0.0,44,0.0,5669
46,1,16,0.0,45,0.0,5669
47,1,16,0.0,46,0.0,5669
48,1,16,0.0,47,0.35,5669
49,1,16,0.0,48,0.36,5669
50,1,16,0.0,49,0.0,5669
51,1,16,0.0,50,0.0,5669
52,1,16,0.0,51,0.0,5669
53,1,16,0.0,52,0.0,5669
54,1,16,0.0,53,0.0,5669
55,1,16,0.0,54,0.0,5669
56,1,16,0.0,55,0.0,5669
57,1,16,0.0,56,0.0,5669
58,1,16,0.0,57,0.05,5669
59,1,16,0.0,58,1.0,5669
60,1,16,0.0,59,0.46,5669
61,1,16,0.0,60,0.0,5669
62,1,16,0.0,61,0.0,5669
63,1,16,0.0,62,0.0,5669
64,1,16,0.0,63,0.0,5669
65,1,16,0.0,64,0.0,5669
66,1,16,0.0,65,0.0,5669
67,1,16,0.0,66,0.0,5669
68,1,16,0.0,67,0.0,5669
69,1,16,0.0,68,0.0,5669
70,1,16,0.0,69,0.0,5669
71,1,16,0.0,70,0.0,5669
72,1,16,0.0,71,0.0,5669
73,1,16,0.0,72,0.0,5669
74,1,16,0.0,73,0.0,5669
75,1,16,0.0,74,0.0,5669
76,1,16,0.0,75,0.0,5669
77,1,16,0.0,76,0.0,5669
78,1,16,0.0,77,0.0,5669
79,1,16,0.0,78,0.0,5669
80,1,16,0.0,79,0.0,5669
81,1,16,0.0,80,0.0,5669
82,1,16,0.0,81,0.0,5669
83,1,16,0.0,82,0.0,5669
84,1,16,0.0,83,0.0,5669
85,1,16,0.0,84,0.0,5669
86,1,16,0.0,85,0.0,5669
87,1,16,0.0,86,0.0,5669
88,1,16,0.0,87,0.0,5669
89,1,16,0.0,88,0.45,5669
90,1,16,0.0,89,1.0,5669
91,1,16,0.0,90,1.0,5669
92,1,16,0.0,91,0.7,5669
93,1,16,0.0,92,0.0,5669
94,1,16,0.0,93,0.0,5669
95,1,16,0.0,94,0.0,5669
96,1,16,0.0,95,0.0,5669
97,1,16,0.0,96,0.0,5669
98,1,16,0.0,97,0.0,5669
99,1,16,0.0,98,0.0,5669
100,1,16,0.0,99,0.0,5669
101,1,16,0.0,100,0.0,5669
102,1,16,0.0,101,0.0,5669
103,1,16,0.0,102,0.0,5669
104,1,16,0.0,103,0.0,5669
105,1,16,0.0,104,0.45,5669
106,1,16,0.0,105,1.0,5669
107,1,16,0.0,106,0.42,5669
108,1,16,0.0,107,0.0,5669
109,1,16,0.0,108,0.0,5669
110,1,16,0.0,109,0.0,5669
111,1,16,0.0,110,0.0,5669
112,1,16,0.0,111,0.0,5669
113,1,16,0.0,112,0.0,5669
114,1,16,0.0,113,0.0,5669
115,1,16,0.0,114,0.0,5669
116,1,16,0.0,115,0.0,5669
117,1,16,0.0,116,0.0,5669
118,1,16,0.0,117,0.0,5669
119,1,16,0.0,118,0.0,5669
120,1,16,0.0,119,0.0,5669
121,1,16,0.0,120,0.0,5669
122,1,16,0.0,121,0.0,5669
123,1,16,0.0,122,0.0,5669
124,1,16,0.0,123,0.0,5669
125,1,16,0.0,124,0.0,5669
126,1,16,0.0,125,0.0,5669
127,1,16,0.0,126,0.0,5669
128,1,16,0.0,127,0.0,5669
129,1,16,0.0,128,0.0,5669
130,1,16,0.0,129,0.0,5669
131,1,16,0.0,130,0.0,5669
132,1,16,0.0,131,0.0,5669
133,1,16,0.0,132,0.0,5669
134,1,16,0.0,133,0.0,5669
135,1,16,0.0,134,0.0,5669
136,1,16,0.0,135,1.0,5669
137,1,16,0.0,136,1.0,5669
138,1,16,0.0,137,0.86,5669
139,1,16,0.0,138,0.0,5669
140,1,16,0.0,139,0.0,5669
141,1,16,0.0,140,0.0,5669
142,1,16,0.0,141,0.0,5669
143,1,16,0.0,142,0.0,5669
144,1,16,0.0,143,0.0,5669
145,1,16,0.0,144,0.0,5669
146,1,16,0.0,145,0.0,5669
147,1,16,0.0,146,0.0,5669
148,1,16,0.0,147,0.0,5669
149,1,16,0.0,148,0.0,5669
150,1,16,0.0,149,0.95,5669
151,1,16,0.0,150,1.0,5669
152,1,16,0.0,151,0.6,5669
153,1,16,0.0,152,0.0,5669
154,1,16,0.0,153,0.0,5669
155,1,16,0.0,154,0.0,5669
156,1,16,0.0,155,0.0,5669
157,1,16,0.0,156,0.0,5669
158,1,16,0.0,157,0.0,5669
159,1,16,0.0,158,0.0,5669
160,1,16,0.0,159,0.0,5669
161,1,16,0.0,160,0.0,5669
162,1,16,0.0,161,0.0,5669
163,1,16,0.0,162,0.0,5669
1,1,17,0.0,0,0.0,9505
2,1,17,0.0,1,0.0,9505
3,1,17,0.0,2,0.0,9505
4,1,17,0.0,3,0.0,9505
5,1,17,0.0,4,0.0,9505
6,1,17,0.0,5,0.0,9505
7,1,17,0.0,6,0.0,9505
8,1,17,0.0,7,0.0,9505
9,1,17,0.0,8,0.0,9505
10,1,17,0.0,9,0.0,9505
11,1,17,0.0,10,0.0,9505
12,1,17,0.0,11,0.0,9505
13,1,17,0.0,12,0.0,9505
14,1,17,0.0,13,0.0,9505
15,1,17,0.0,14,0.0,9505
16,1,17,0.0,15,0.0,9505
17,1,17,0.0,16,0.0,9505
18,1,17,0.0,17,0.0,9505
19,1,17,0.0,18,0.0,9505
20,1,17,0.0,19,0.0,9505
21,1,17,0.0,20,0.0,9505
22,1,17,0.0,21,0.0,9505
23,1,17,0.0,22,0.0,9505
24,1,17,0.0,23,0.0,9505
25,1,17,0.0,24,0.0,9505
26,1,17,0.0,25,0.0,9505
27,1,17,0.0,26,0.0,9505
28,1,17,0.0,27,0.0,9505
29,1,17,0.0,28,0.0,9505
30,1,17,0.0,29,0.0,9505
31,1,17,0.0,30,0.0,9505
32,1,17,0.0,31,0.0,9505
33,1,17,0.0,32,0.0,9505
34,1,17,0.0,33,0.0,9505
35,1,17,0.0,34,0.0,9505
36,1,17,0.0,35,0.0,9505
37,1,17,0.0,36,0.0,9505
38,1,17,0.0,37,0.0,9505
39,1,17,0.0,38,0.0,9505
40,1,17,0.0,39,0.0,9505
41,1,17,0.0,40,0.0,9505
42,1,17,0.0,41,0.0,9505
43,1,17,0.0,42,0.0,9505
44,1,17,0.0,43,0.0,9505
45,1,17,0.0,44,0.0,9505
46,1,17,0.0,45,0.0,9505
47,1,17,0.0,46,0.0,9505
48,1,17,0.0,47,0.0,9505
49,1,17,0.0,48,0.0,9505
50,1,17,0.0,49,0.0,9505
51,1,17,0.0,50,0.0,9505
52,1,17,0.0,51,0.0,9505
53,1,17,0.0,52,0.0,9505
54,1,17,0.0,53,0.0,9505
55,1,17,0.0,54,0.0,9505
56,1,17,0.0,55,0.0,9505
57,1,17,0.0,56,0.0,9505
58,1,17,0.0,57,0.0,9505
59,1,17,0.0,58,0.0,9505
60,1,17,0.0,59,0.0,9505
61,1,17,0.0,60,0.0,9505
62,1,17,0.0,61,0.0,9505
63,1,17,0.0,62,0.0,9505
64,1,17,0.0,63,0.0,9505
65,1,17,0.0,64,0.0,9505
66,1,17,0.0,65,0.0,9505
67,1,17,0.0,66,0.0,9505
68,1,17,0.0,67,0.0,9505
69,1,17,0.0,68,0.0,9505
70,1,17,0.0,69,0.0,9505
71,1,17,0.0,70,0.0,9505
72,1,17,0.0,71,0.0,9505
73,1,17,0.0,72,0.0,9505
74,1,17,0.0,73,0.0,9505
75,1,17,0.0,74,0.0,9505
76,1,17,0.0,75,0.0,9505
77,1,17,0.0,76,0.0,9505
78,1,17,0.0,77,0.0,9505
79,1,17,0.0,78,0.0,9505
80,1,17,0.0,79,0.0,9505
81,1,17,0.0,80,0.0,9505
82,1,17,0.0,81,0.0,9505
83,1,17,0.0,82,0.0,9505
84,1,17,0.0,83,0.0,9505
85,1,17,0.0,84,0.0,9505
86,1,17,0.0,85,0.0,9505
87,1,17,0.0,86,0.0,9505
88,1,17,0.0,87,0.0,9505
89,1,17,0.0,88,0.0,9505
90,1,17,0.0,89,0.0,9505
91,1,17,0.0,90,0.0,9505
92,1,17,0.0,91,0.0,9505
93,1,17,0.0,92,0.0,9505
94,1,17,0.0,93,0.0,9505
95,1,17,0.0,94,0.0,9505
96,1,17,0.0,95,0.0,9505
97,1,17,0.0,96,0.0,9505
98,1,17,0.0,97,0.0,9505
99,1,17,0.0,98,0.0,9505
100,1,17,0.0,99,0.0,9505
101,1,17,0.0,100,0.0,9505
102,1,17,0.0,101,0.0,9505
103,1,17,0.0,102,0.0,9505
104,1,17,0.0,103,0.0,9505
105,1,17,0.0,104,0.0,9505
106,1,17,0.0,105,0.0,9505
107,1,17,0.0,106,0.0,9505
108,1,17,0.0,107,0.0,9505
109,1,17,0.0,108,0.0,9505
110,1,17,0.0,109,0.0,9505
111,1,17,0.0,110,0.0,9505
112,1,17,0.0,111,0.0,9505
113,1,17,0.0,112,0.0,9505
114,1,17,0.0,113,0.0,9505
115,1,17,0.0,114,0.0,9505
116,1,17,0.0,115,0.0,9505
117,1,17,0.0,116,0.0,9505
118,1,17,0.0,117,0.0,9505
119,1,17,0.0,118,0.0,9505
120,1,17,0.0,119,0.0,9505
121,1,17,0.0,120,0.0,9505
122,1,17,0.0,121,0.0,9505
123,1,17,0.0,122,0.0,9505
124,1,17,0.0,123,0.0,9505
125,1,17,0.0,124,0.0,9505
126,1,17,0.0,125,0.0,9505
127,1,17,0.0,126,0.0,9505
128,1,17,0.0,127,0.0,9505
129,1,17,0.0,128,0.0,9505
130,1,17,0.0,129,0.0,9505
131,1,17,0.0,130,0.0,9505
132,1,17,0.0,131,0.0,9505
133,1,17,0.0,132,0.0,9505
134,1,17,0.0,133,0.0,9505
135,1,17,0.0,134,0.0,9505
136,1,17,0.0,135,0.0,9505
137,1,17,0.0,136,0.0,9505
138,1,17,0.0,137,0.0,9505
139,1,17,0.0,138,0.0,9505
140,1,17,0.0,139,0.0,9505
141,1,17,0.0,140,0.0,9505
142,1,17,0.0,141,0.0,9505
143,1,17,0.0,142,0.0,9505
144,1,17,0.0,143,0.0,9505
145,1,17,0.0,144,0.0,9505
146,1,17,0.0,145,0.0,9505
147,1,17,0.0,146,0.0,9505
148,1,17,0.0,147,0.0,9505
149,1,17,0.0,148,0.0,9505
150,1,17,0.0,149,0.0,9505
151,1,17,0.0,150,0.0,9505
152,1,17,0.0,151,0.0,9505
153,1,17,0.0,152,0.0,9505
154,1,17,0.0,153,0.0,9505
155,1,17,0.0,154,0.0,9505
156,1,17,0.0,155,0.0,9505
157,1,17,0.0,156,0.0,9505
158,1,17,0.0,157,0.0,9505
159,1,17,0.0,158,0.0,9505
160,1,17,0.0,159,0.0,9505
161,1,17,0.0,160,0.0,9505
162,1,17,0.0,161,0.0,9505
163,1,17,0.0,162,0.0,9505
1,1,17,0.0,0,0.0,597
2,1,17,0.0,1,0.0,597
3,1,17,0.0,2,0.0,597
4,1,17,0.0,3,0.0,597
5,1,17,0.0,4,0.0,597
6,1,17,0.0,5,0.0,597
7,1,17,0.0,6,0.0,597
8,1,17,0.0,7,0.0,597
9,1,17,0.0,8,0.0,597
10,1,17,0.0,9,0.0,597
11,1,17,0.0,10,0.0,597
12,1,17,0.0,11,0.0,597
13,1,17,0.0,12,0.0,597
14,1,17,0.0,13,0.0,597
15,1,17,0.0,14,0.0,597
16,1,17,0.0,15,0.0,597
17,1,17,0.0,16,0.0,597
18,1,17,0.0,17,0.0,597
19,1,17,0.0,18,0.0,597
20,1,17,0.0,19,0.0,597
21,1,17,0.0,20,0.0,597
22,1,17,0.0,21,0.0,597
23,1,17,0.0,22,0.0,597
24,1,17,0.0,23,0.0,597
25,1,17,0.0,24,0.0,597
26,1,17,0.0,25,0.0,597
27,1,17,0.0,26,0.0,597
28,1,17,0.0,27,0.1,597
29,1,17,0.0,28,1.0,597
30,1,17,0.0,29,1.0,597
31,1,17,0.0,30,1.0,597
32,1,17,0.0,31,0.0,597
33,1,17,0.0,32,0.0,597
34,1,17,0.0,33,0.0,597
35,1,17,0.0,34,0.0,597
36,1,17,0.0,35,0.0,597
37,1,17,0.0,36,0.0,597
38,1,17,0.0,37,0.0,597
39,1,17,0.0,38,0.0,597
40,1,17,0.0,39,0.0,597
41,1,17,0.0,40,0.0,597
42,1,17,0.0,41,0.0,597
43,1,17,0.0,42,0.0,597
44,1,17,0.0,43,0.0,597
45,1,17,0.0,44,0.0,597
46,1,17,0.0,45,0.0,597
47,1,17,0.0,46,0.0,597
48,1,17,0.0,47,0.0,597
49,1,17,0.0,48,0.0,597
50,1,17,0.0,49,0.0,597
51,1,17,0.0,50,0.0,597
52,1,17,0.0,51,0.0,597
53,1,17,0.0,52,0.0,597
54,1,17,0.0,53,0.0,597
55,1,17,0.0,54,0.0,597
56,1,17,0.0,55,0.0,597
57,1,17,0.0,56,0.0,597
58,1,17,0.0,57,0.0,597
59,1,17,0.0,58,0.0,597
60,1,17,0.0,59,0.0,597
61,1,17,0.0,60,0.0,597
62,1,17,0.0,61,0.0,597
63,1,17,0.0,62,0.0,597
64,1,17,0.0,63,0.0,597
65,1,17,0.0,64,0.0,597
66,1,17,0.0,65,0.0,597
67,1,17,0.0,66,0.0,597
68,1,17,0.0,67,0.0,597
69,1,17,0.0,68,0.0,597
70,1,17,0.0,69,0.0,597
71,1,17,0.0,70,0.0,597
72,1,17,0.0,71,0.0,597
73,1,17,0.0,72,0.0,597
74,1,17,0.0,73,0.0,597
75,1,17,0.0,74,0.0,597
76,1,17,0.0,75,0.0,597
77,1,17,0.0,76,0.0,597
78,1,17,0.0,77,0.0,597
79,1,17,0.0,78,0.0,597
80,1,17,0.0,79,0.0,597
81,1,17,0.0,80,0.0,597
82,1,17,0.0,81,0.0,597
83,1,17,0.0,82,0.0,597
84,1,17,0.0,83,0.0,597
85,1,17,0.0,84,0.0,597
86,1,17,0.0,85,0.0,597
87,1,17,0.0,86,0.0,597
88,1,17,0.0,87,0.0,597
89,1,17,0.0,88,0.0,597
90,1,17,0.0,89,0.0,597
91,1,17,0.0,90,0.0,597
92,1,17,0.0,91,0.0,597
93,1,17,0.0,92,0.0,597
94,1,17,0.0,93,0.0,597
95,1,17,0.0,94,0.0,597
96,1,17,0.0,95,0.0,597
97,1,17,0.0,96,0.0,597
98,1,17,0.0,97,0.0,597
99,1,17,0.0,98,0.0,597
100,1,17,0.0,99,0.0,597
101,1,17,0.0,100,0.0,597
102,1,17,0.0,101,0.0,597
103,1,17,0.0,102,0.0,597
104,1,17,0.0,103,0.0,597
105,1,17,0.0,104,0.0,597
106,1,17,0.0,105,0.0,597
107,1,17,0.0,106,0.0,597
108,1,17,0.0,107,0.0,597
109,1,17,0.0,108,0.0,597
110,1,17,0.0,109,0.0,597
111,1,17,0.0,110,0.0,597
112,1,17,0.0,111,0.0,597
113,1,17,0.0,112,0.0,597
114,1,17,0.0,113,0.0,597
115,1,17,0.0,114,0.0,597
116,1,17,0.0,115,0.0,597
117,1,17,0.0,116,0.0,597
118,1,17,0.0,117,0.0,597
119,1,17,0.0,118,0.0,597
120,1,17,0.0,119,0.0,597
121,1,17,0.0,120,0.0,597
122,1,17,0.0,121,0.0,597
123,1,17,0.0,122,0.0,597
124,1,17,0.0,123,0.0,597
125,1,17,0.0,124,0.0,597
126,1,17,0.0,125,0.0,597
127,1,17,0.0,126,0.0,597
128,1,17,0.0,127,0.0,597
129,1,17,0.0,128,0.0,597
130,1,17,0.0,129,0.0,597
131,1,17,0.0,130,0.0,597
132,1,17,0.0,131,0.0,597
133,1,17,0.0,132,0.0,597
134,1,17,0.0,133,0.0,597
135,1,17,0.0,134,0.0,597
136,1,17,0.0,135,0.0,597
137,1,17,0.0,136,0.0,597
138,1,17,0.0,137,0.0,597
139,1,17,0.0,138,0.0,597
140,1,17,0.0,139,0.0,597
141,1,17,0.0,140,0.0,597
142,1,17,0.0,141,0.0,597
143,1,17,0.0,142,0.0,597
144,1,17,0.0,143,0.0,597
145,1,17,0.0,144,0.0,597
146,1,17,0.0,145,0.0,597
147,1,17,0.0,146,0.0,597
148,1,17,0.0,147,0.0,597
149,1,17,0.0,148,0.0,597
150,1,17,0.0,149,0.0,597
151,1,17,0.0,150,0.0,597
152,1,17,0.0,151,0.0,597
153,1,17,0.0,152,0.0,597
154,1,17,0.0,153,0.0,597
155,1,17,0.0,154,0.0,597
156,1,17,0.0,155,0.0,597
157,1,17,0.0,156,0.0,597
158,1,17,0.0,157,0.0,597
159,1,17,0.0,158,0.0,597
160,1,17,0.0,159,0.0,597
161,1,17,0.0,160,0.0,597
162,1,17,0.0,161,0.0,597
163,1,17,0.0,162,0.0,597
1,1,18,0.0,0,0.0,980
2,1,18,0.0,1,0.0,980
3,1,18,0.0,2,0.0,980
4,1,18,0.0,3,0.0,980
5,1,18,0.0,4,0.0,980
6,1,18,0.0,5,0.0,980
7,1,18,0.0,6,0.0,980
8,1,18,0.0,7,0.0,980
9,1,18,0.0,8,0.0,980
10,1,18,0.0,9,0.0,980
11,1,18,0.0,10,0.0,980
12,1,18,0.0,11,0.0,980
13,1,18,0.0,12,0.0,980
14,1,18,0.0,13,0.0,980
15,1,18,0.0,14,0.0,980
16,1,18,0.0,15,0.0,980
17,1,18,0.0,16,0.0,980
18,1,18,0.0,17,0.0,980
19,1,18,0.0,18,0.0,980
20,1,18,0.0,19,0.0,980
21,1,18,0.0,20,0.0,980
22,1,18,0.0,21,0.0,980
23,1,18,0.0,22,0.0,980
24,1,18,0.0,23,0.0,980
25,1,18,0.0,24,0.0,980
26,1,18,0.0,25,0.0,980
27,1,18,0.0,26,0.0,980
28,1,18,0.0,27,0.0,980
29,1,18,0.0,28,0.0,980
30,1,18,0.0,29,0.0,980
31,1,18,0.0,30,0.0,980
32,1,18,0.0,31,0.0,980
33,1,18,0.0,32,0.0,980
34,1,18,0.0,33,0.0,980
35,1,18,0.0,34,0.0,980
36,1,18,0.0,35,0.0,980
37,1,18,0.0,36,0.0,980
38,1,18,0.0,37,0.0,980
39,1,18,0.0,38,0.0,980
40,1,18,0.0,39,0.0,980
41,1,18,0.0,40,0.0,980
42,1,18,0.0,41,0.0,980
43,1,18,0.0,42,0.0,980
44,1,18,0.0,43,0.0,980
45,1,18,0.0,44,0.0,980
46,1,18,0.0,45,0.0,980
47,1,18,0.0,46,0.0,980
48,1,18,0.0,47,0.0,980
49,1,18,0.0,48,0.0,980
50,1,18,0.0,49,0.0,980
51,1,18,0.0,50,0.0,980
52,1,18,0.0,51,0.0,980
53,1,18,0.0,52,0.0,980
54,1,18,0.0,53,0.0,980
55,1,18,0.0,54,0.0,980
56,1,18,0.0,55,0.0,980
57,1,18,0.0,56,0.0,980
58,1,18,0.0,57,0.0,980
59,1,18,0.0,58,0.0,980
60,1,18,0.0,59,0.0,980
61,1,18,0.0,60,0.0,980
62,1,18,0.0,61,0.0,980
63,1,18,0.0,62,0.71,980
64,1,18,0.0,63,0.0,980
65,1,18,0.0,64,0.0,980
66,1,18,0.0,65,0.3,980
67,1,18,0.0,66,0.37,980
68,1,18,0.0,67,0.15,980
69,1,18,0.0,68,1.0,980
70,1,18,0.0,69,0.2,980
71,1,18,0.0,70,0.3,980
72,1,18,0.0,71,1.0,980
73,1,18,0.0,72,0.3,980
74,1,18,0.0,73,0.0,980
75,1,18,0.0,74,0.0,980
76,1,18,0.0,75,0.0,980
77,1,18,0.0,76,0.0,980
78,1,18,0.0,77,0.0,980
79,1,18,0.0,78,0.0,980
80,1,18,0.0,79,0.0,980
81,1,18,0.0,80,0.0,980
82,1,18,0.0,81,0.0,980
83,1,18,0.0,82,0.0,980
84,1,18,0.0,83,0.0,980
85,1,18,0.0,84,0.0,980
86,1,18,0.0,85,0.0,980
87,1,18,0.0,86,0.0,980
88,1,18,0.0,87,0.0,980
89,1,18,0.0,88,0.0,980
90,1,18,0.0,89,0.0,980
91,1,18,0.0,90,0.0,980
92,1,18,0.0,91,0.0,980
93,1,18,0.0,92,0.0,980
94,1,18,0.0,93,0.0,980
95,1,18,0.0,94,0.0,980
96,1,18,0.85,95,0.0,980
97,1,18,1.0,96,0.0,980
98,1,18,0.97,97,0.0,980
99,1,18,0.0,98,0.0,980
100,1,18,0.0,99,0.0,980
101,1,18,0.0,100,0.0,980
102,1,18,0.0,101,0.0,980
103,1,18,0.0,102,0.0,980
104,1,18,0.0,103,0.0,980
105,1,18,0.0,104,0.0,980
106,1,18,0.0,105,0.0,980
107,1,18,0.0,106,0.0,980
108,1,18,0.0,107,0.0,980
109,1,18,0.0,108,0.0,980
110,1,18,0.0,109,0.0,980
111,1,18,0.0,110,0.0,980
112,1,18,0.0,111,0.0,980
113,1,18,0.0,112,0.0,980
114,1,18,0.0,113,0.0,980
115,1,18,0.0,114,0.0,980
116,1,18,0.0,115,0.0,980
117,1,18,0.25,116,0.0,980
118,1,18,1.0,117,0.0,980
119,1,18,1.0,118,0.0,980
120,1,18,0.16,119,0.0,980
121,1,18,0.0,120,0.0,980
122,1,18,0.0,121,0.0,980
123,1,18,0.0,122,0.0,980
124,1,18,0.0,123,0.0,980
125,1,18,0.0,124,0.0,980
126,1,18,0.0,125,0.0,980
127,1,18,0.0,126,0.0,980
128,1,18,0.0,127,0.0,980
129,1,18,0.3,128,0.0,980
130,1,18,1.0,129,0.0,980
131,1,18,0.47,130,0.0,980
132,1,18,0.55,131,0.0,980
133,1,18,0.15,132,0.0,980
134,1,18,0.0,133,0.0,980
135,1,18,0.0,134,0.0,980
136,1,18,0.0,135,0.0,980
137,1,18,0.0,136,0.0,980
138,1,18,0.0,137,0.0,980
139,1,18,0.0,138,0.0,980
140,1,18,0.0,139,0.0,980
141,1,18,0.0,140,0.0,980
142,1,18,0.0,141,0.0,980
143,1,18,0.0,142,0.0,980
144,1,18,0.0,143,0.0,980
145,1,18,0.41,144,0.0,980
146,1,18,0.65,145,0.0,980
147,1,18,0.0,146,0.0,980
148,1,18,0.0,147,0.0,980
149,1,18,0.65,148,0.0,980
150,1,18,0.0,149,0.0,980
151,1,18,0.0,150,0.0,980
152,1,18,0.0,151,0.0,980
153,1,18,0.0,152,0.0,980
154,1,18,0.0,153,0.0,980
155,1,18,0.0,154,0.0,980
156,1,18,0.0,155,0.0,980
157,1,18,0.0,156,0.0,980
158,1,18,0.0,157,0.0,980
159,1,18,0.0,158,0.0,980
160,1,18,0.0,159,0.0,980
161,1,18,0.0,160,0.0,980
162,1,18,0.0,161,0.0,980
163,1,18,0.0,162,0.0,980
1,1,18,0.0,0,0.0,3476
2,1,18,0.0,1,0.0,3476
3,1,18,0.0,2,0.0,3476
4,1,18,0.0,3,0.0,3476
5,1,18,0.0,4,0.0,3476
6,1,18,0.0,5,0.0,3476
7,1,18,0.0,6,0.0,3476
8,1,18,0.0,7,0.0,3476
9,1,18,0.0,8,0.0,3476
10,1,18,0.0,9,0.0,3476
11,1,18,0.0,10,0.1,3476
12,1,18,0.0,11,0.0,3476
13,1,18,0.0,12,0.75,3476
14,1,18,0.0,13,1.0,3476
15,1,18,0.0,14,0.85,3476
16,1,18,0.0,15,0.0,3476
17,1,18,0.0,16,0.0,3476
18,1,18,0.0,17,0.0,3476
19,1,18,0.0,18,0.0,3476
20,1,18,0.0,19,0.0,3476
21,1,18,0.0,20,0.0,3476
22,1,18,0.0,21,0.0,3476
23,1,18,0.0,22,0.0,3476
24,1,18,0.0,23,0.0,3476
25,1,18,0.0,24,0.0,3476
26,1,18,0.0,25,0.0,3476
27,1,18,0.7,26,0.0,3476
28,1,18,1.0,27,0.0,3476
29,1,18,1.0,28,0.0,3476
30,1,18,1.0,29,0.0,3476
31,1,18,0.3,30,0.5,3476
32,1,18,0.0,31,0.2,3476
33,1,18,0.0,32,0.1,3476
34,1,18,0.0,33,0.55,3476
35,1,18,0.0,34,0.0,3476
36,1,18,0.0,35,0.65,3476
37,1,18,0.0,36,0.0,3476
38,1,18,0.25,37,0.0,3476
39,1,18,1.0,38,0.0,3476
40,1,18,1.0,39,0.0,3476
41,1,18,0.95,40,0.0,3476
42,1,18,0.0,41,0.4,3476
43,1,18,0.0,42,0.21,3476
44,1,18,0.0,43,0.0,3476
45,1,18,0.0,44,0.0,3476
46,1,18,0.0,45,0.0,3476
47,1,18,0.0,46,0.0,3476
48,1,18,0.0,47,0.0,3476
49,1,18,0.0,48,0.0,3476
50,1,18,0.0,49,0.0,3476
51,1,18,0.0,50,0.0,3476
52,1,18,0.0,51,0.0,3476
53,1,18,0.0,52,0.0,3476
54,1,18,0.6,53,0.0,3476
55,1,18,1.0,54,0.0,3476
56,1,18,1.0,55,0.0,3476
57,1,18,0.1,56,0.0,3476
58,1,18,0.0,57,0.0,3476
59,1,18,0.0,58,0.0,3476
60,1,18,0.0,59,0.0,3476
61,1,18,0.0,60,0.0,3476
62,1,18,0.0,61,0.0,3476
63,1,18,0.0,62,0.0,3476
64,1,18,0.0,63,0.62,3476
65,1,18,0.0,64,0.65,3476
66,1,18,0.0,65,0.8,3476
67,1,18,0.0,66,0.9,3476
68,1,18,0.0,67,0.25,3476
69,1,18,0.0,68,0.46,3476
70,1,18,0.0,69,0.0,3476
71,1,18,0.55,70,0.0,3476
72,1,18,1.0,71,0.0,3476
73,1,18,0.6,72,0.0,3476
74,1,18,0.0,73,0.1,3476
75,1,18,0.0,74,1.0,3476
76,1,18,0.0,75,0.95,3476
77,1,18,0.2,76,0.0,3476
78,1,18,1.0,77,0.0,3476
79,1,18,1.0,78,0.0,3476
80,1,18,1.0,79,0.0,3476
81,1,18,1.0,80,0.0,3476
82,1,18,1.0,81,0.0,3476
83,1,18,0.82,82,0.0,3476
84,1,18,0.0,83,0.18,3476
85,1,18,0.0,84,0.0,3476
86,1,18,0.0,85,0.85,3476
87,1,18,0.0,86,1.0,3476
88,1,18,0.0,87,0.05,3476
89,1,18,0.7,88,0.0,3476
90,1,18,1.0,89,0.0,3476
91,1,18,1.0,90,0.0,3476
92,1,18,1.0,91,0.0,3476
93,1,18,1.0,92,0.0,3476
94,1,18,1.0,93,0.0,3476
95,1,18,1.0,94,0.0,3476
96,1,18,1.0,95,0.0,3476
97,1,18,1.0,96,0.0,3476
98,1,18,1.0,97,0.0,3476
99,1,18,1.0,98,0.0,3476
100,1,18,1.0,99,0.0,3476
101,1,18,1.0,100,0.0,3476
102,1,18,1.0,101,0.0,3476
103,1,18,0.55,102,0.0,3476
104,1,18,0.0,103,0.0,3476
105,1,18,0.0,104,0.0,3476
106,1,18,0.0,105,0.45,3476
107,1,18,0.0,106,0.17,3476
108,1,18,0.0,107,0.5,3476
109,1,18,0.0,108,1.0,3476
110,1,18,0.0,109,1.0,3476
111,1,18,0.0,110,1.0,3476
112,1,18,0.0,111,1.0,3476
113,1,18,0.0,112,1.0,3476
114,1,18,0.0,113,1.0,3476
115,1,18,0.0,114,1.0,3476
116,1,18,0.0,115,0.36,3476
117,1,18,0.45,116,0.0,3476
118,1,18,1.0,117,0.0,3476
119,1,18,1.0,118,0.0,3476
120,1,18,1.0,119,0.0,3476
121,1,18,1.0,120,0.0,3476
122,1,18,1.0,121,0.0,3476
123,1,18,1.0,122,0.0,3476
124,1,18,1.0,123,0.0,3476
125,1,18,1.0,124,0.0,3476
126,1,18,1.0,125,0.0,3476
127,1,18,1.0,126,0.0,3476
128,1,18,0.05,127,0.0,3476
129,1,18,0.0,128,0.0,3476
130,1,18,0.0,129,0.95,3476
131,1,18,0.0,130,1.0,3476
132,1,18,0.0,131,1.0,3476
133,1,18,0.0,132,1.0,3476
134,1,18,0.0,133,1.0,3476
135,1,18,0.0,134,0.45,3476
136,1,18,0.8,135,0.0,3476
137,1,18,1.0,136,0.0,3476
138,1,18,1.0,137,0.0,3476
139,1,18,1.0,138,0.0,3476
140,1,18,1.0,139,0.0,3476
141,1,18,0.41,140,0.1,3476
142,1,18,0.0,141,1.0,3476
143,1,18,0.0,142,1.0,3476
144,1,18,0.0,143,1.0,3476
145,1,18,0.0,144,1.0,3476
146,1,18,0.0,145,1.0,3476
147,1,18,0.0,146,0.85,3476
148,1,18,0.6,147,0.0,3476
149,1,18,0.35,148,0.4,3476
150,1,18,0.0,149,1.0,3476
151,1,18,0.0,150,1.0,3476
152,1,18,0.0,151,1.0,3476
153,1,18,0.0,152,1.0,3476
154,1,18,0.0,153,0.9,3476
155,1,18,0.3,154,0.0,3476
156,1,18,1.0,155,0.0,3476
157,1,18,1.0,156,0.0,3476
158,1,18,0.15,157,0.5,3476
159,1,18,0.0,158,1.0,3476
160,1,18,0.0,159,1.0,3476
161,1,18,0.0,160,1.0,3476
162,1,18,0.3,161,0.72,3476
163,1,18,1.0,162,0.0,3476
1,1,18,0.0,0,0.0,2710
2,1,18,0.0,1,0.0,2710
3,1,18,0.0,2,0.0,2710
4,1,18,0.0,3,0.0,2710
5,1,18,0.0,4,0.0,2710
6,1,18,0.0,5,0.0,2710
7,1,18,0.0,6,0.0,2710
8,1,18,0.0,7,0.0,2710
9,1,18,0.0,8,0.0,2710
10,1,18,0.0,9,0.0,2710
11,1,18,0.0,10,0.0,2710
12,1,18,0.0,11,0.0,2710
13,1,18,0.0,12,0.0,2710
14,1,18,0.0,13,0.0,2710
15,1,18,0.0,14,0.0,2710
16,1,18,0.0,15,0.0,2710
17,1,18,0.0,16,0.0,2710
18,1,18,0.0,17,0.0,2710
19,1,18,0.0,18,0.0,2710
20,1,18,0.0,19,0.0,2710
21,1,18,0.0,20,0.0,2710
22,1,18,0.0,21,0.0,2710
23,1,18,0.0,22,0.0,2710
24,1,18,0.0,23,0.0,2710
25,1,18,0.0,24,0.0,2710
26,1,18,0.0,25,0.0,2710
27,1,18,0.0,26,0.0,2710
28,1,18,0.0,27,0.0,2710
29,1,18,0.0,28,0.0,2710
30,1,18,0.0,29,0.0,2710
31,1,18,0.0,30,0.0,2710
32,1,18,0.0,31,0.0,2710
33,1,18,0.0,32,0.0,2710
34,1,18,0.0,33,0.0,2710
35,1,18,0.0,34,0.0,2710
36,1,18,0.0,35,0.07,2710
37,1,18,0.0,36,0.0,2710
38,1,18,0.0,37,0.0,2710
39,1,18,0.0,38,0.0,2710
40,1,18,0.0,39,0.0,2710
41,1,18,0.0,40,0.0,2710
42,1,18,0.0,41,0.0,2710
43,1,18,0.0,42,0.0,2710
44,1,18,0.0,43,0.0,2710
45,1,18,0.0,44,0.0,2710
46,1,18,0.0,45,0.0,2710
47,1,18,0.0,46,0.0,2710
48,1,18,0.0,47,0.0,2710
49,1,18,0.0,48,0.0,2710
50,1,18,0.0,49,0.0,2710
51,1,18,0.0,50,0.0,2710
52,1,18,0.0,51,0.0,2710
53,1,18,0.0,52,0.0,2710
54,1,18,0.0,53,0.0,2710
55,1,18,0.0,54,0.0,2710
56,1,18,0.0,55,0.0,2710
57,1,18,0.0,56,0.0,2710
58,1,18,0.0,57,0.0,2710
59,1,18,0.0,58,0.0,2710
60,1,18,0.0,59,0.0,2710
61,1,18,0.0,60,0.0,2710
62,1,18,0.0,61,0.0,2710
63,1,18,0.0,62,0.0,2710
64,1,18,0.0,63,0.0,2710
65,1,18,0.0,64,0.0,2710
66,1,18,0.0,65,0.0,2710
67,1,18,0.0,66,0.0,2710
68,1,18,0.0,67,0.0,2710
69,1,18,0.0,68,0.0,2710
70,1,18,0.0,69,0.0,2710
71,1,18,0.0,70,0.0,2710
72,1,18,0.0,71,0.0,2710
73,1,18,0.0,72,0.0,2710
74,1,18,0.0,73,0.0,2710
75,1,18,0.0,74,0.0,2710
76,1,18,0.0,75,0.0,2710
77,1,18,0.0,76,0.0,2710
78,1,18,0.0,77,0.0,2710
79,1,18,0.0,78,0.0,2710
80,1,18,0.0,79,0.0,2710
81,1,18,0.0,80,0.0,2710
82,1,18,0.0,81,0.0,2710
83,1,18,0.0,82,0.0,2710
84,1,18,0.0,83,0.0,2710
85,1,18,0.0,84,0.0,2710
86,1,18,0.0,85,0.0,2710
87,1,18,0.0,86,0.0,2710
88,1,18,0.0,87,0.0,2710
89,1,18,0.0,88,0.0,2710
90,1,18,0.0,89,0.0,2710
91,1,18,0.0,90,0.0,2710
92,1,18,0.0,91,0.0,2710
93,1,18,0.0,92,0.0,2710
94,1,18,0.0,93,0.0,2710
95,1,18,0.0,94,0.0,2710
96,1,18,0.0,95,0.0,2710
97,1,18,0.0,96,0.0,2710
98,1,18,0.0,97,0.0,2710
99,1,18,0.0,98,0.0,2710
100,1,18,0.0,99,0.0,2710
101,1,18,0.0,100,0.0,2710
102,1,18,0.0,101,0.0,2710
103,1,18,0.0,102,0.0,2710
104,1,18,0.0,103,0.0,2710
105,1,18,0.0,104,0.0,2710
106,1,18,0.0,105,0.0,2710
107,1,18,0.0,106,0.0,2710
108,1,18,0.0,107,0.0,2710
109,1,18,0.0,108,0.0,2710
110,1,18,0.0,109,0.0,2710
111,1,18,0.0,110,0.0,2710
112,1,18,0.0,111,0.0,2710
113,1,18,0.0,112,0.0,2710
114,1,18,0.0,113,0.0,2710
115,1,18,0.0,114,0.0,2710
116,1,18,0.0,115,0.0,2710
117,1,18,0.0,116,0.0,2710
118,1,18,0.0,117,0.0,2710
119,1,18,0.0,118,0.0,2710
120,1,18,0.0,119,0.0,2710
121,1,18,0.0,120,0.0,2710
122,1,18,0.0,121,0.0,2710
123,1,18,0.0,122,0.0,2710
124,1,18,0.0,123,0.0,2710
125,1,18,0.0,124,0.0,2710
126,1,18,0.0,125,0.0,2710
127,1,18,0.0,126,0.0,2710
128,1,18,0.0,127,0.0,2710
129,1,18,0.0,128,0.0,2710
130,1,18,0.0,129,0.0,2710
131,1,18,0.0,130,0.0,2710
132,1,18,0.0,131,0.0,2710
133,1,18,0.0,132,0.0,2710
134,1,18,0.0,133,0.0,2710
135,1,18,0.0,134,0.0,2710
136,1,18,0.0,135,0.1,2710
137,1,18,0.0,136,0.32,2710
138,1,18,0.0,137,0.0,2710
139,1,18,0.0,138,0.0,2710
140,1,18,0.0,139,0.0,2710
141,1,18,0.0,140,0.0,2710
142,1,18,0.0,141,0.0,2710
143,1,18,0.0,142,0.0,2710
144,1,18,0.0,143,0.0,2710
145,1,18,0.0,144,0.0,2710
146,1,18,0.0,145,0.0,2710
147,1,18,0.0,146,0.0,2710
148,1,18,0.0,147,0.0,2710
149,1,18,0.0,148,0.0,2710
150,1,18,0.0,149,0.0,2710
151,1,18,0.0,150,0.0,2710
152,1,18,0.0,151,0.0,2710
153,1,18,0.0,152,0.0,2710
154,1,18,0.0,153,0.0,2710
155,1,18,0.0,154,0.0,2710
156,1,18,0.0,155,0.0,2710
157,1,18,0.0,156,0.03,2710
158,1,18,0.0,157,0.0,2710
159,1,18,0.0,158,0.0,2710
160,1,18,0.0,159,0.65,2710
161,1,18,0.0,160,1.0,2710
162,1,18,0.0,161,1.0,2710
163,1,18,0.0,162,0.9,2710
1,1,18,0.0,0,0.0,4501
2,1,18,0.0,1,0.0,4501
3,1,18,0.0,2,0.0,4501
4,1,18,0.0,3,0.0,4501
5,1,18,0.0,4,0.0,4501
6,1,18,0.0,5,0.0,4501
7,1,18,0.0,6,0.0,4501
8,1,18,0.0,7,0.0,4501
9,1,18,0.0,8,0.0,4501
10,1,18,0.0,9,0.0,4501
11,1,18,0.0,10,0.0,4501
12,1,18,0.0,11,0.0,4501
13,1,18,0.0,12,0.0,4501
14,1,18,0.0,13,0.0,4501
15,1,18,0.0,14,0.0,4501
16,1,18,0.0,15,0.0,4501
17,1,18,0.0,16,0.0,4501
18,1,18,0.0,17,0.0,4501
19,1,18,0.0,18,0.0,4501
20,1,18,0.0,19,0.0,4501
21,1,18,0.0,20,0.0,4501
22,1,18,0.0,21,0.0,4501
23,1,18,0.0,22,0.0,4501
24,1,18,0.0,23,0.0,4501
25,1,18,0.0,24,0.0,4501
26,1,18,0.0,25,0.0,4501
27,1,18,0.0,26,0.0,4501
28,1,18,0.0,27,0.0,4501
29,1,18,0.0,28,0.0,4501
30,1,18,0.0,29,0.0,4501
31,1,18,0.0,30,0.0,4501
32,1,18,0.0,31,0.0,4501
33,1,18,0.0,32,0.0,4501
34,1,18,0.0,33,0.0,4501
35,1,18,0.0,34,0.0,4501
36,1,18,0.0,35,0.0,4501
37,1,18,0.0,36,0.0,4501
38,1,18,0.0,37,0.0,4501
39,1,18,0.0,38,0.0,4501
40,1,18,0.0,39,0.0,4501
41,1,18,0.0,40,0.0,4501
42,1,18,0.0,41,0.0,4501
43,1,18,0.0,42,0.0,4501
44,1,18,0.0,43,0.0,4501
45,1,18,0.0,44,0.0,4501
46,1,18,0.0,45,0.0,4501
47,1,18,0.0,46,0.0,4501
48,1,18,0.0,47,0.0,4501
49,1,18,0.0,48,0.0,4501
50,1,18,0.0,49,0.0,4501
51,1,18,0.0,50,0.0,4501
52,1,18,0.0,51,0.0,4501
53,1,18,0.0,52,0.0,4501
54,1,18,0.0,53,0.0,4501
55,1,18,0.0,54,0.0,4501
56,1,18,0.0,55,0.0,4501
57,1,18,0.0,56,0.0,4501
58,1,18,0.0,57,0.0,4501
59,1,18,0.0,58,0.0,4501
60,1,18,0.0,59,0.0,4501
61,1,18,0.0,60,0.0,4501
62,1,18,0.0,61,0.0,4501
63,1,18,0.0,62,0.0,4501
64,1,18,0.0,63,0.0,4501
65,1,18,0.0,64,0.0,4501
66,1,18,0.0,65,0.0,4501
67,1,18,0.0,66,0.0,4501
68,1,18,0.0,67,0.0,4501
69,1,18,0.0,68,0.0,4501
70,1,18,0.0,69,0.0,4501
71,1,18,0.0,70,0.0,4501
72,1,18,0.0,71,0.0,4501
73,1,18,0.0,72,0.0,4501
74,1,18,0.0,73,0.0,4501
75,1,18,0.0,74,0.0,4501
76,1,18,0.0,75,0.0,4501
77,1,18,0.0,76,0.0,4501
78,1,18,0.0,77,0.0,4501
79,1,18,0.0,78,0.0,4501
80,1,18,0.0,79,0.0,4501
81,1,18,0.0,80,0.0,4501
82,1,18,0.0,81,0.0,4501
83,1,18,0.0,82,0.0,4501
84,1,18,0.0,83,0.0,4501
85,1,18,0.0,84,0.0,4501
86,1,18,0.0,85,0.0,4501
87,1,18,0.0,86,0.0,4501
88,1,18,0.0,87,0.0,4501
89,1,18,0.0,88,0.0,4501
90,1,18,0.0,89,0.0,4501
91,1,18,0.0,90,0.0,4501
92,1,18,0.0,91,0.0,4501
93,1,18,0.0,92,0.0,4501
94,1,18,0.0,93,0.0,4501
95,1,18,0.0,94,0.0,4501
96,1,18,0.0,95,0.0,4501
97,1,18,0.0,96,0.0,4501
98,1,18,0.0,97,0.0,4501
99,1,18,0.0,98,0.0,4501
100,1,18,0.0,99,0.0,4501
101,1,18,0.0,100,0.0,4501
102,1,18,0.0,101,0.0,4501
103,1,18,0.0,102,0.0,4501
104,1,18,0.0,103,0.0,4501
105,1,18,0.0,104,0.0,4501
106,1,18,0.0,105,0.0,4501
107,1,18,0.0,106,0.0,4501
108,1,18,0.0,107,0.0,4501
109,1,18,0.0,108,0.0,4501
110,1,18,0.0,109,0.0,4501
111,1,18,0.0,110,0.0,4501
112,1,18,0.0,111,0.0,4501
113,1,18,0.0,112,0.0,4501
114,1,18,0.0,113,0.0,4501
115,1,18,0.0,114,0.0,4501
116,1,18,0.0,115,0.0,4501
117,1,18,0.0,116,0.0,4501
118,1,18,0.0,117,0.0,4501
119,1,18,0.0,118,0.0,4501
120,1,18,0.0,119,0.0,4501
121,1,18,0.0,120,0.0,4501
122,1,18,0.0,121,0.0,4501
123,1,18,0.0,122,0.0,4501
124,1,18,0.0,123,0.0,4501
125,1,18,0.0,124,0.0,4501
126,1,18,0.0,125,0.0,4501
127,1,18,0.0,126,0.0,4501
128,1,18,0.0,127,0.0,4501
129,1,18,0.0,128,0.0,4501
130,1,18,0.0,129,0.0,4501
131,1,18,0.0,130,0.0,4501
132,1,18,0.0,131,0.0,4501
133,1,18,0.0,132,0.0,4501
134,1,18,0.0,133,0.0,4501
135,1,18,0.0,134,0.0,4501
136,1,18,0.0,135,0.0,4501
137,1,18,0.0,136,0.0,4501
138,1,18,0.0,137,0.0,4501
139,1,18,0.0,138,0.0,4501
140,1,18,0.0,139,0.0,4501
141,1,18,0.0,140,0.0,4501
142,1,18,0.0,141,0.0,4501
143,1,18,0.0,142,0.0,4501
144,1,18,0.0,143,0.0,4501
145,1,18,0.0,144,0.0,4501
146,1,18,0.0,145,0.0,4501
147,1,18,0.0,146,0.0,4501
148,1,18,0.0,147,0.0,4501
149,1,18,0.0,148,0.0,4501
150,1,18,0.0,149,0.0,4501
151,1,18,0.0,150,0.0,4501
152,1,18,0.0,151,0.0,4501
153,1,18,0.0,152,0.0,4501
154,1,18,0.0,153,0.0,4501
155,1,18,0.0,154,0.0,4501
156,1,18,0.0,155,0.0,4501
157,1,18,0.0,156,0.0,4501
158,1,18,0.0,157,0.0,4501
159,1,18,0.0,158,0.0,4501
160,1,18,0.0,159,0.0,4501
161,1,18,0.0,160,0.0,4501
162,1,18,0.0,161,0.0,4501
163,1,18,0.0,162,0.0,4501
1,1,18,0.0,0,0.0,8898
2,1,18,0.0,1,0.0,8898
3,1,18,0.0,2,0.0,8898
4,1,18,0.0,3,0.0,8898
5,1,18,0.0,4,0.0,8898
6,1,18,0.0,5,0.0,8898
7,1,18,0.0,6,0.0,8898
8,1,18,0.0,7,0.0,8898
9,1,18,0.0,8,0.0,8898
10,1,18,0.0,9,0.0,8898
11,1,18,0.0,10,0.0,8898
12,1,18,0.0,11,0.0,8898
13,1,18,0.0,12,0.0,8898
14,1,18,0.0,13,0.0,8898
15,1,18,0.0,14,0.0,8898
16,1,18,0.0,15,0.0,8898
17,1,18,0.0,16,0.0,8898
18,1,18,0.0,17,0.0,8898
19,1,18,0.0,18,0.0,8898
20,1,18,0.0,19,0.0,8898
21,1,18,0.0,20,0.0,8898
22,1,18,0.0,21,0.0,8898
23,1,18,0.0,22,0.0,8898
24,1,18,0.0,23,0.0,8898
25,1,18,0.0,24,0.0,8898
26,1,18,0.0,25,0.0,8898
27,1,18,0.0,26,0.0,8898
28,1,18,0.0,27,0.0,8898
29,1,18,0.0,28,0.0,8898
30,1,18,0.0,29,0.0,8898
31,1,18,0.0,30,0.0,8898
32,1,18,0.0,31,0.0,8898
33,1,18,0.0,32,0.0,8898
34,1,18,0.0,33,0.0,8898
35,1,18,0.0,34,0.0,8898
36,1,18,0.0,35,0.0,8898
37,1,18,0.0,36,0.0,8898
38,1,18,0.0,37,0.0,8898
39,1,18,0.0,38,0.0,8898
40,1,18,0.0,39,0.0,8898
41,1,18,0.0,40,0.0,8898
42,1,18,0.0,41,0.0,8898
43,1,18,0.0,42,0.0,8898
44,1,18,0.0,43,0.0,8898
45,1,18,0.0,44,0.0,8898
46,1,18,0.0,45,0.0,8898
47,1,18,0.0,46,0.0,8898
48,1,18,0.0,47,0.0,8898
49,1,18,0.0,48,0.0,8898
50,1,18,0.0,49,0.0,8898
51,1,18,0.0,50,0.0,8898
52,1,18,0.0,51,0.0,8898
53,1,18,0.0,52,0.5,8898
54,1,18,0.0,53,0.34,8898
55,1,18,0.0,54,0.0,8898
56,1,18,0.0,55,0.0,8898
57,1,18,0.0,56,0.0,8898
58,1,18,0.0,57,0.0,8898
59,1,18,0.0,58,0.0,8898
60,1,18,0.0,59,0.0,8898
61,1,18,0.0,60,0.0,8898
62,1,18,0.0,61,0.0,8898
63,1,18,0.0,62,0.0,8898
64,1,18,0.0,63,0.0,8898
65,1,18,0.0,64,0.0,8898
66,1,18,0.0,65,0.0,8898
67,1,18,0.0,66,0.0,8898
68,1,18,0.0,67,0.0,8898
69,1,18,0.0,68,0.0,8898
70,1,18,0.0,69,0.0,8898
71,1,18,0.0,70,0.0,8898
72,1,18,0.0,71,0.0,8898
73,1,18,0.0,72,0.0,8898
74,1,18,0.0,73,0.0,8898
75,1,18,0.0,74,0.0,8898
76,1,18,0.0,75,0.0,8898
77,1,18,0.0,76,0.0,8898
78,1,18,0.0,77,0.0,8898
79,1,18,0.0,78,0.0,8898
80,1,18,0.0,79,0.0,8898
81,1,18,0.0,80,0.0,8898
82,1,18,0.0,81,0.0,8898
83,1,18,0.0,82,0.0,8898
84,1,18,0.0,83,0.0,8898
85,1,18,0.0,84,0.0,8898
86,1,18,0.0,85,0.0,8898
87,1,18,0.0,86,0.0,8898
88,1,18,0.0,87,0.0,8898
89,1,18,0.0,88,0.0,8898
90,1,18,0.0,89,0.0,8898
91,1,18,0.0,90,0.0,8898
92,1,18,0.0,91,0.0,8898
93,1,18,0.0,92,0.0,8898
94,1,18,0.0,93,0.0,8898
95,1,18,0.0,94,0.0,8898
96,1,18,0.0,95,0.0,8898
97,1,18,0.0,96,0.0,8898
98,1,18,0.0,97,0.0,8898
99,1,18,0.0,98,0.0,8898
100,1,18,0.0,99,0.0,8898
101,1,18,0.0,100,0.0,8898
102,1,18,0.0,101,0.0,8898
103,1,18,0.0,102,0.0,8898
104,1,18,0.0,103,0.0,8898
105,1,18,0.0,104,0.0,8898
106,1,18,0.0,105,0.0,8898
107,1,18,0.0,106,0.06,8898
108,1,18,0.0,107,0.0,8898
109,1,18,0.0,108,0.0,8898
110,1,18,0.0,109,0.0,8898
111,1,18,0.0,110,0.0,8898
112,1,18,0.0,111,0.0,8898
113,1,18,0.0,112,0.0,8898
114,1,18,0.0,113,0.0,8898
115,1,18,0.0,114,0.0,8898
116,1,18,0.0,115,0.0,8898
117,1,18,0.0,116,0.0,8898
118,1,18,0.0,117,0.0,8898
119,1,18,0.0,118,0.0,8898
120,1,18,0.0,119,0.0,8898
121,1,18,0.0,120,0.0,8898
122,1,18,0.0,121,0.0,8898
123,1,18,0.0,122,0.0,8898
124,1,18,0.0,123,0.0,8898
125,1,18,0.0,124,0.0,8898
126,1,18,0.0,125,0.0,8898
127,1,18,0.0,126,0.0,8898
128,1,18,0.0,127,0.0,8898
129,1,18,0.0,128,0.0,8898
130,1,18,0.0,129,0.0,8898
131,1,18,0.0,130,0.0,8898
132,1,18,0.0,131,0.0,8898
133,1,18,0.0,132,0.0,8898
134,1,18,0.0,133,0.0,8898
135,1,18,0.0,134,0.0,8898
136,1,18,0.0,135,0.0,8898
137,1,18,0.0,136,0.0,8898
138,1,18,0.0,137,0.45,8898
139,1,18,0.0,138,0.28,8898
140,1,18,0.0,139,0.0,8898
141,1,18,0.0,140,0.9,8898
142,1,18,0.0,141,1.0,8898
143,1,18,0.0,142,0.15,8898
144,1,18,0.0,143,0.0,8898
145,1,18,0.0,144,0.0,8898
146,1,18,0.0,145,0.0,8898
147,1,18,0.0,146,0.0,8898
148,1,18,0.0,147,0.0,8898
149,1,18,0.0,148,0.0,8898
150,1,18,0.0,149,0.0,8898
151,1,18,0.0,150,0.0,8898
152,1,18,0.0,151,0.0,8898
153,1,18,0.0,152,0.0,8898
154,1,18,0.0,153,0.0,8898
155,1,18,0.0,154,0.0,8898
156,1,18,0.0,155,0.0,8898
157,1,18,0.0,156,0.0,8898
158,1,18,0.0,157,0.0,8898
159,1,18,0.0,158,0.0,8898
160,1,18,0.0,159,0.0,8898
161,1,18,0.0,160,0.0,8898
162,1,18,0.0,161,0.0,8898
163,1,18,0.0,162,0.0,8898
1,1,18,0.0,0,0.0,2584
2,1,18,0.0,1,0.0,2584
3,1,18,0.0,2,0.0,2584
4,1,18,0.0,3,0.0,2584
5,1,18,0.0,4,0.0,2584
6,1,18,0.0,5,0.0,2584
7,1,18,0.0,6,0.0,2584
8,1,18,0.0,7,0.0,2584
9,1,18,0.0,8,0.0,2584
10,1,18,0.0,9,0.0,2584
11,1,18,0.0,10,0.0,2584
12,1,18,0.0,11,0.0,2584
13,1,18,0.0,12,0.0,2584
14,1,18,0.0,13,0.0,2584
15,1,18,0.0,14,0.0,2584
16,1,18,0.0,15,0.0,2584
17,1,18,0.0,16,0.0,2584
18,1,18,0.0,17,0.0,2584
19,1,18,0.0,18,0.0,2584
20,1,18,0.0,19,0.0,2584
21,1,18,0.0,20,0.0,2584
22,1,18,0.0,21,0.0,2584
23,1,18,0.0,22,0.0,2584
24,1,18,0.0,23,0.0,2584
25,1,18,0.0,24,0.0,2584
26,1,18,0.0,25,0.0,2584
27,1,18,0.0,26,0.0,2584
28,1,18,0.0,27,0.0,2584
29,1,18,0.0,28,0.0,2584
30,1,18,0.0,29,0.0,2584
31,1,18,0.0,30,0.0,2584
32,1,18,0.0,31,0.0,2584
33,1,18,0.0,32,0.0,2584
34,1,18,0.0,33,0.0,2584
35,1,18,0.0,34,0.0,2584
36,1,18,0.0,35,0.0,2584
37,1,18,0.0,36,0.0,2584
38,1,18,0.0,37,0.0,2584
39,1,18,0.0,38,0.0,2584
40,1,18,0.0,39,0.0,2584
41,1,18,0.0,40,0.0,2584
42,1,18,0.0,41,0.0,2584
43,1,18,0.0,42,0.0,2584
44,1,18,0.0,43,0.0,2584
45,1,18,0.0,44,0.0,2584
46,1,18,0.0,45,0.0,2584
47,1,18,0.0,46,0.0,2584
48,1,18,0.0,47,0.0,2584
49,1,18,0.0,48,0.0,2584
50,1,18,0.0,49,0.0,2584
51,1,18,0.0,50,0.0,2584
52,1,18,0.0,51,0.0,2584
53,1,18,0.0,52,0.0,2584
54,1,18,0.0,53,0.0,2584
55,1,18,0.0,54,0.0,2584
56,1,18,0.0,55,0.0,2584
57,1,18,0.0,56,0.0,2584
58,1,18,0.0,57,0.0,2584
59,1,18,0.0,58,0.0,2584
60,1,18,0.0,59,0.0,2584
61,1,18,0.0,60,0.0,2584
62,1,18,0.0,61,0.0,2584
63,1,18,0.0,62,0.0,2584
64,1,18,0.0,63,0.0,2584
65,1,18,0.0,64,0.0,2584
66,1,18,0.0,65,0.0,2584
67,1,18,0.0,66,0.0,2584
68,1,18,0.0,67,0.0,2584
69,1,18,0.0,68,0.0,2584
70,1,18,0.0,69,0.0,2584
71,1,18,0.0,70,0.0,2584
72,1,18,0.0,71,0.0,2584
73,1,18,0.0,72,0.0,2584
74,1,18,0.0,73,0.0,2584
75,1,18,0.0,74,0.0,2584
76,1,18,0.0,75,0.0,2584
77,1,18,0.0,76,0.0,2584
78,1,18,0.0,77,0.0,2584
79,1,18,0.0,78,0.0,2584
80,1,18,0.0,79,0.0,2584
81,1,18,0.0,80,0.0,2584
82,1,18,0.0,81,0.0,2584
83,1,18,0.0,82,0.0,2584
84,1,18,0.0,83,0.0,2584
85,1,18,0.0,84,0.0,2584
86,1,18,0.0,85,0.0,2584
87,1,18,0.0,86,0.0,2584
88,1,18,0.0,87,0.0,2584
89,1,18,0.0,88,0.0,2584
90,1,18,0.0,89,0.0,2584
91,1,18,0.0,90,0.0,2584
92,1,18,0.0,91,0.0,2584
93,1,18,0.0,92,0.0,2584
94,1,18,0.0,93,0.0,2584
95,1,18,0.0,94,0.0,2584
96,1,18,0.0,95,0.0,2584
97,1,18,0.0,96,0.0,2584
98,1,18,0.0,97,0.0,2584
99,1,18,0.0,98,0.0,2584
100,1,18,0.0,99,0.0,2584
101,1,18,0.0,100,0.0,2584
102,1,18,0.0,101,0.0,2584
103,1,18,0.0,102,0.0,2584
104,1,18,0.0,103,0.0,2584
105,1,18,0.0,104,0.0,2584
106,1,18,0.0,105,0.0,2584
107,1,18,0.0,106,0.0,2584
108,1,18,0.0,107,0.0,2584
109,1,18,0.0,108,0.0,2584
110,1,18,0.0,109,0.0,2584
111,1,18,0.0,110,0.0,2584
112,1,18,0.0,111,0.0,2584
113,1,18,0.0,112,0.0,2584
114,1,18,0.0,113,0.0,2584
115,1,18,0.0,114,0.0,2584
116,1,18,0.0,115,0.0,2584
117,1,18,0.0,116,0.0,2584
118,1,18,0.0,117,0.0,2584
119,1,18,0.0,118,0.0,2584
120,1,18,0.0,119,0.0,2584
121,1,18,0.0,120,0.0,2584
122,1,18,0.0,121,0.0,2584
123,1,18,0.0,122,0.0,2584
124,1,18,0.0,123,0.0,2584
125,1,18,0.0,124,0.0,2584
126,1,18,0.0,125,0.0,2584
127,1,18,0.0,126,0.0,2584
128,1,18,0.0,127,0.0,2584
129,1,18,0.0,128,0.0,2584
130,1,18,0.0,129,0.0,2584
131,1,18,0.0,130,0.0,2584
132,1,18,0.0,131,0.0,2584
133,1,18,0.0,132,0.0,2584
134,1,18,0.0,133,0.0,2584
135,1,18,0.0,134,0.0,2584
136,1,18,0.0,135,0.0,2584
137,1,18,0.0,136,0.0,2584
138,1,18,0.0,137,0.0,2584
139,1,18,0.0,138,0.0,2584
140,1,18,0.0,139,0.0,2584
141,1,18,0.0,140,0.0,2584
142,1,18,0.0,141,0.0,2584
143,1,18,0.0,142,0.0,2584
144,1,18,0.0,143,0.0,2584
145,1,18,0.0,144,0.0,2584
146,1,18,0.0,145,0.0,2584
147,1,18,0.0,146,0.0,2584
148,1,18,0.0,147,0.0,2584
149,1,18,0.0,148,0.0,2584
150,1,18,0.0,149,0.0,2584
151,1,18,0.0,150,0.0,2584
152,1,18,0.0,151,0.0,2584
153,1,18,0.0,152,0.0,2584
154,1,18,0.0,153,0.0,2584
155,1,18,0.0,154,0.0,2584
156,1,18,0.0,155,0.0,2584
157,1,18,0.0,156,0.0,2584
158,1,18,0.0,157,0.0,2584
159,1,18,0.0,158,0.0,2584
160,1,18,0.0,159,0.0,2584
161,1,18,0.0,160,0.0,2584
162,1,18,0.0,161,0.0,2584
163,1,18,0.0,162,0.0,2584
1,1,19,0.0,0,0.0,9696
2,1,19,0.0,1,0.0,9696
3,1,19,0.0,2,0.0,9696
4,1,19,0.0,3,0.0,9696
5,1,19,0.0,4,0.0,9696
6,1,19,0.0,5,0.0,9696
7,1,19,0.0,6,0.0,9696
8,1,19,0.0,7,0.0,9696
9,1,19,0.0,8,0.0,9696
10,1,19,0.0,9,0.0,9696
11,1,19,0.0,10,0.0,9696
12,1,19,0.0,11,0.0,9696
13,1,19,0.0,12,0.0,9696
14,1,19,0.0,13,0.0,9696
15,1,19,0.0,14,0.0,9696
16,1,19,0.0,15,0.0,9696
17,1,19,0.0,16,0.0,9696
18,1,19,0.0,17,0.0,9696
19,1,19,0.0,18,0.0,9696
20,1,19,0.0,19,0.0,9696
21,1,19,0.0,20,0.0,9696
22,1,19,0.0,21,0.0,9696
23,1,19,0.0,22,0.0,9696
24,1,19,0.0,23,0.0,9696
25,1,19,0.0,24,0.0,9696
26,1,19,0.0,25,0.0,9696
27,1,19,0.0,26,0.0,9696
28,1,19,0.0,27,0.0,9696
29,1,19,0.0,28,0.0,9696
30,1,19,0.0,29,0.0,9696
31,1,19,0.0,30,0.0,9696
32,1,19,0.0,31,0.0,9696
33,1,19,0.0,32,0.0,9696
34,1,19,0.0,33,0.0,9696
35,1,19,0.0,34,0.0,9696
36,1,19,0.0,35,0.0,9696
37,1,19,0.0,36,0.0,9696
38,1,19,0.0,37,0.0,9696
39,1,19,0.0,38,0.0,9696
40,1,19,0.0,39,0.0,9696
41,1,19,0.0,40,0.0,9696
42,1,19,0.0,41,0.0,9696
43,1,19,0.0,42,0.0,9696
44,1,19,0.0,43,0.0,9696
45,1,19,0.0,44,0.0,9696
46,1,19,0.0,45,0.0,9696
47,1,19,0.0,46,0.0,9696
48,1,19,0.0,47,0.0,9696
49,1,19,0.0,48,0.0,9696
50,1,19,0.0,49,0.0,9696
51,1,19,0.0,50,0.0,9696
52,1,19,0.0,51,0.0,9696
53,1,19,0.0,52,0.0,9696
54,1,19,0.0,53,0.0,9696
55,1,19,0.0,54,0.0,9696
56,1,19,0.0,55,0.0,9696
57,1,19,0.0,56,0.0,9696
58,1,19,0.0,57,0.0,9696
59,1,19,0.0,58,0.0,9696
60,1,19,0.0,59,0.0,9696
61,1,19,0.0,60,0.0,9696
62,1,19,0.0,61,0.0,9696
63,1,19,0.0,62,0.0,9696
64,1,19,0.0,63,0.0,9696
65,1,19,0.0,64,0.0,9696
66,1,19,0.0,65,0.0,9696
67,1,19,0.0,66,0.0,9696
68,1,19,0.0,67,0.0,9696
69,1,19,0.0,68,0.0,9696
70,1,19,0.0,69,0.0,9696
71,1,19,0.0,70,0.0,9696
72,1,19,0.0,71,0.0,9696
73,1,19,0.0,72,0.0,9696
74,1,19,0.0,73,0.0,9696
75,1,19,0.0,74,0.0,9696
76,1,19,0.0,75,0.0,9696
77,1,19,0.0,76,0.0,9696
78,1,19,0.0,77,0.0,9696
79,1,19,0.0,78,0.0,9696
80,1,19,0.0,79,0.0,9696
81,1,19,0.0,80,0.0,9696
82,1,19,0.0,81,0.0,9696
83,1,19,0.0,82,0.0,9696
84,1,19,0.0,83,0.0,9696
85,1,19,0.0,84,0.0,9696
86,1,19,0.0,85,0.0,9696
87,1,19,0.0,86,0.0,9696
88,1,19,0.0,87,0.0,9696
89,1,19,0.0,88,0.0,9696
90,1,19,0.0,89,0.0,9696
91,1,19,0.0,90,0.0,9696
92,1,19,0.0,91,0.0,9696
93,1,19,0.0,92,0.0,9696
94,1,19,0.0,93,0.0,9696
95,1,19,0.0,94,0.0,9696
96,1,19,0.0,95,0.0,9696
97,1,19,0.0,96,0.0,9696
98,1,19,0.0,97,0.0,9696
99,1,19,0.0,98,0.0,9696
100,1,19,0.0,99,0.0,9696
101,1,19,0.0,100,0.0,9696
102,1,19,0.0,101,0.0,9696
103,1,19,0.0,102,0.0,9696
104,1,19,0.0,103,0.0,9696
105,1,19,0.0,104,0.0,9696
106,1,19,0.0,105,0.0,9696
107,1,19,0.0,106,0.0,9696
108,1,19,0.0,107,0.0,9696
109,1,19,0.0,108,0.0,9696
110,1,19,0.0,109,0.0,9696
111,1,19,0.0,110,0.0,9696
112,1,19,0.0,111,0.0,9696
113,1,19,0.0,112,0.0,9696
114,1,19,0.0,113,0.0,9696
115,1,19,0.0,114,0.0,9696
116,1,19,0.0,115,0.0,9696
117,1,19,0.0,116,0.0,9696
118,1,19,0.0,117,0.0,9696
119,1,19,0.0,118,0.0,9696
120,1,19,0.0,119,0.0,9696
121,1,19,0.0,120,0.0,9696
122,1,19,0.0,121,0.0,9696
123,1,19,0.0,122,0.0,9696
124,1,19,0.0,123,0.0,9696
125,1,19,0.0,124,0.0,9696
126,1,19,0.0,125,0.0,9696
127,1,19,0.0,126,0.0,9696
128,1,19,0.0,127,0.0,9696
129,1,19,0.0,128,0.0,9696
130,1,19,0.0,129,0.0,9696
131,1,19,0.0,130,0.0,9696
132,1,19,0.0,131,0.0,9696
133,1,19,0.0,132,0.0,9696
134,1,19,0.0,133,0.0,9696
135,1,19,0.0,134,0.0,9696
136,1,19,0.0,135,0.0,9696
137,1,19,0.0,136,0.0,9696
138,1,19,0.0,137,0.0,9696
139,1,19,0.0,138,0.0,9696
140,1,19,0.0,139,0.0,9696
141,1,19,0.0,140,0.0,9696
142,1,19,0.0,141,0.0,9696
143,1,19,0.0,142,0.0,9696
144,1,19,0.0,143,0.0,9696
145,1,19,0.0,144,0.0,9696
146,1,19,0.0,145,0.0,9696
147,1,19,0.0,146,0.0,9696
148,1,19,0.0,147,0.0,9696
149,1,19,0.0,148,0.0,9696
150,1,19,0.0,149,0.0,9696
151,1,19,0.0,150,0.0,9696
152,1,19,0.0,151,0.0,9696
153,1,19,0.0,152,0.0,9696
154,1,19,0.0,153,0.0,9696
155,1,19,0.0,154,0.0,9696
156,1,19,0.0,155,0.0,9696
157,1,19,0.0,156,0.0,9696
158,1,19,0.0,157,0.0,9696
159,1,19,0.0,158,0.0,9696
160,1,19,0.0,159,0.0,9696
161,1,19,0.0,160,0.0,9696
162,1,19,0.0,161,0.0,9696
163,1,19,0.0,162,0.0,9696
1,1,19,0.0,0,0.0,4999
2,1,19,0.0,1,0.0,4999
3,1,19,0.0,2,0.0,4999
4,1,19,0.0,3,0.0,4999
5,1,19,0.0,4,0.0,4999
6,1,19,0.0,5,0.0,4999
7,1,19,0.0,6,0.0,4999
8,1,19,0.0,7,0.0,4999
9,1,19,0.0,8,0.0,4999
10,1,19,0.0,9,0.0,4999
11,1,19,0.0,10,0.0,4999
12,1,19,0.0,11,0.0,4999
13,1,19,0.0,12,0.0,4999
14,1,19,0.0,13,0.0,4999
15,1,19,0.0,14,0.0,4999
16,1,19,0.0,15,0.0,4999
17,1,19,0.0,16,0.0,4999
18,1,19,0.0,17,0.0,4999
19,1,19,0.0,18,0.0,4999
20,1,19,0.0,19,0.0,4999
21,1,19,0.0,20,0.0,4999
22,1,19,0.0,21,0.0,4999
23,1,19,0.0,22,0.0,4999
24,1,19,0.0,23,0.0,4999
25,1,19,0.0,24,0.0,4999
26,1,19,0.0,25,0.0,4999
27,1,19,0.0,26,0.0,4999
28,1,19,0.0,27,0.0,4999
29,1,19,0.0,28,0.0,4999
30,1,19,0.0,29,0.0,4999
31,1,19,0.0,30,0.0,4999
32,1,19,0.0,31,0.0,4999
33,1,19,0.0,32,0.0,4999
34,1,19,0.0,33,0.0,4999
35,1,19,0.0,34,0.0,4999
36,1,19,0.0,35,0.0,4999
37,1,19,0.0,36,0.0,4999
38,1,19,0.0,37,0.0,4999
39,1,19,0.0,38,0.0,4999
40,1,19,0.0,39,0.0,4999
41,1,19,0.0,40,0.0,4999
42,1,19,0.0,41,0.0,4999
43,1,19,0.0,42,0.0,4999
44,1,19,0.0,43,0.0,4999
45,1,19,0.0,44,0.0,4999
46,1,19,0.0,45,0.0,4999
47,1,19,0.0,46,0.0,4999
48,1,19,0.0,47,0.0,4999
49,1,19,0.0,48,0.0,4999
50,1,19,0.0,49,0.0,4999
51,1,19,0.0,50,0.0,4999
52,1,19,0.0,51,0.0,4999
53,1,19,0.0,52,0.0,4999
54,1,19,0.0,53,0.0,4999
55,1,19,0.0,54,0.0,4999
56,1,19,0.0,55,0.0,4999
57,1,19,0.0,56,0.0,4999
58,1,19,0.0,57,0.0,4999
59,1,19,0.0,58,0.0,4999
60,1,19,0.0,59,0.0,4999
61,1,19,0.0,60,0.0,4999
62,1,19,0.0,61,0.0,4999
63,1,19,0.0,62,0.0,4999
64,1,19,0.0,63,0.0,4999
65,1,19,0.0,64,0.0,4999
66,1,19,0.0,65,0.0,4999
67,1,19,0.0,66,0.0,4999
68,1,19,0.0,67,0.0,4999
69,1,19,0.0,68,0.0,4999
70,1,19,0.0,69,0.0,4999
71,1,19,0.0,70,0.0,4999
72,1,19,0.0,71,0.0,4999
73,1,19,0.0,72,0.0,4999
74,1,19,0.0,73,0.0,4999
75,1,19,0.0,74,0.0,4999
76,1,19,0.0,75,0.0,4999
77,1,19,0.0,76,0.0,4999
78,1,19,0.0,77,0.0,4999
79,1,19,0.0,78,0.0,4999
80,1,19,0.0,79,0.0,4999
81,1,19,0.0,80,0.0,4999
82,1,19,0.0,81,0.0,4999
83,1,19,0.0,82,0.0,4999
84,1,19,0.0,83,0.0,4999
85,1,19,0.0,84,0.0,4999
86,1,19,0.0,85,0.0,4999
87,1,19,0.0,86,0.0,4999
88,1,19,0.0,87,0.0,4999
89,1,19,0.0,88,0.0,4999
90,1,19,0.0,89,0.0,4999
91,1,19,0.0,90,0.0,4999
92,1,19,0.0,91,0.0,4999
93,1,19,0.0,92,0.0,4999
94,1,19,0.0,93,0.0,4999
95,1,19,0.0,94,0.0,4999
96,1,19,0.0,95,0.0,4999
97,1,19,0.0,96,0.0,4999
98,1,19,0.0,97,0.0,4999
99,1,19,0.0,98,0.0,4999
100,1,19,0.0,99,0.0,4999
101,1,19,0.0,100,0.0,4999
102,1,19,0.0,101,0.0,4999
103,1,19,0.0,102,0.0,4999
104,1,19,0.0,103,0.0,4999
105,1,19,0.0,104,0.0,4999
106,1,19,0.0,105,0.0,4999
107,1,19,0.0,106,0.0,4999
108,1,19,0.0,107,0.0,4999
109,1,19,0.0,108,0.0,4999
110,1,19,0.0,109,0.0,4999
111,1,19,0.0,110,0.0,4999
112,1,19,0.0,111,0.0,4999
113,1,19,0.0,112,0.0,4999
114,1,19,0.0,113,0.0,4999
115,1,19,0.0,114,0.0,4999
116,1,19,0.0,115,0.0,4999
117,1,19,0.0,116,0.0,4999
118,1,19,0.0,117,0.0,4999
119,1,19,0.0,118,0.0,4999
120,1,19,0.0,119,0.0,4999
121,1,19,0.0,120,0.0,4999
122,1,19,0.0,121,0.0,4999
123,1,19,0.0,122,0.0,4999
124,1,19,0.0,123,0.0,4999
125,1,19,0.0,124,0.0,4999
126,1,19,0.0,125,0.0,4999
127,1,19,0.0,126,0.0,4999
128,1,19,0.0,127,0.0,4999
129,1,19,0.0,128,0.0,4999
130,1,19,0.0,129,0.0,4999
131,1,19,0.0,130,0.0,4999
132,1,19,0.0,131,0.0,4999
133,1,19,0.0,132,0.0,4999
134,1,19,0.0,133,0.0,4999
135,1,19,0.0,134,0.0,4999
136,1,19,0.0,135,0.0,4999
137,1,19,0.0,136,0.0,4999
138,1,19,0.0,137,0.0,4999
139,1,19,0.0,138,0.0,4999
140,1,19,0.0,139,0.0,4999
141,1,19,0.0,140,0.0,4999
142,1,19,0.0,141,0.0,4999
143,1,19,0.0,142,0.0,4999
144,1,19,0.0,143,0.0,4999
145,1,19,0.0,144,0.0,4999
146,1,19,0.0,145,0.0,4999
147,1,19,0.0,146,0.0,4999
148,1,19,0.0,147,0.0,4999
149,1,19,0.0,148,0.0,4999
150,1,19,0.0,149,0.0,4999
151,1,19,0.0,150,0.0,4999
152,1,19,0.0,151,0.0,4999
153,1,19,0.0,152,0.0,4999
154,1,19,0.0,153,0.0,4999
155,1,19,0.0,154,0.0,4999
156,1,19,0.0,155,0.0,4999
157,1,19,0.0,156,0.0,4999
158,1,19,0.0,157,0.0,4999
159,1,19,0.0,158,0.0,4999
160,1,19,0.0,159,0.0,4999
161,1,19,0.0,160,0.0,4999
162,1,19,0.0,161,0.0,4999
163,1,19,0.0,162,0.0,4999
1,1,19,0.0,0,0.0,6904
2,1,19,0.0,1,0.0,6904
3,1,19,0.0,2,0.0,6904
4,1,19,0.0,3,0.0,6904
5,1,19,0.0,4,0.0,6904
6,1,19,0.0,5,0.0,6904
7,1,19,0.0,6,0.4,6904
8,1,19,0.0,7,0.66,6904
9,1,19,0.0,8,0.0,6904
10,1,19,0.0,9,0.0,6904
11,1,19,0.0,10,0.0,6904
12,1,19,0.05,11,0.0,6904
13,1,19,0.0,12,0.0,6904
14,1,19,0.0,13,0.35,6904
15,1,19,0.0,14,0.31,6904
16,1,19,0.0,15,0.0,6904
17,1,19,0.0,16,0.9,6904
18,1,19,0.0,17,0.8,6904
19,1,19,0.0,18,1.0,6904
20,1,19,0.0,19,0.65,6904
21,1,19,0.0,20,0.0,6904
22,1,19,0.0,21,0.0,6904
23,1,19,0.0,22,0.0,6904
24,1,19,0.0,23,0.0,6904
25,1,19,0.0,24,0.0,6904
26,1,19,0.0,25,0.0,6904
27,1,19,0.0,26,0.0,6904
28,1,19,0.0,27,0.0,6904
29,1,19,0.0,28,0.0,6904
30,1,19,0.0,29,0.0,6904
31,1,19,0.0,30,0.0,6904
32,1,19,0.0,31,0.0,6904
33,1,19,0.0,32,0.0,6904
34,1,19,0.0,33,0.0,6904
35,1,19,0.0,34,0.0,6904
36,1,19,0.0,35,0.0,6904
37,1,19,0.0,36,0.0,6904
38,1,19,0.0,37,0.0,6904
39,1,19,0.0,38,0.0,6904
40,1,19,0.0,39,0.4,6904
41,1,19,0.55,40,0.0,6904
42,1,19,1.0,41,0.0,6904
43,1,19,1.0,42,0.0,6904
44,1,19,1.0,43,0.0,6904
45,1,19,1.0,44,0.0,6904
46,1,19,1.0,45,0.0,6904
47,1,19,1.0,46,0.0,6904
48,1,19,1.0,47,0.0,6904
49,1,19,1.0,48,0.0,6904
50,1,19,1.0,49,0.0,6904
51,1,19,1.0,50,0.0,6904
52,1,19,1.0,51,0.0,6904
53,1,19,1.0,52,0.0,6904
54,1,19,1.0,53,0.0,6904
55,1,19,0.85,54,0.0,6904
56,1,19,0.6,55,0.0,6904
57,1,19,0.3,56,0.0,6904
58,1,19,0.0,57,0.0,6904
59,1,19,0.0,58,0.0,6904
60,1,19,0.0,59,0.0,6904
61,1,19,0.0,60,0.0,6904
62,1,19,0.0,61,0.0,6904
63,1,19,0.0,62,0.0,6904
64,1,19,0.0,63,0.0,6904
65,1,19,0.0,64,0.0,6904
66,1,19,0.0,65,0.0,6904
67,1,19,0.0,66,0.0,6904
68,1,19,0.0,67,0.0,6904
69,1,19,0.0,68,0.0,6904
70,1,19,0.0,69,0.0,6904
71,1,19,0.0,70,0.0,6904
72,1,19,0.0,71,0.0,6904
73,1,19,0.0,72,0.0,6904
74,1,19,0.0,73,0.0,6904
75,1,19,0.0,74,0.0,6904
76,1,19,0.0,75,0.0,6904
77,1,19,0.0,76,0.0,6904
78,1,19,0.0,77,0.0,6904
79,1,19,0.0,78,0.0,6904
80,1,19,0.0,79,0.0,6904
81,1,19,0.0,80,0.0,6904
82,1,19,0.0,81,0.0,6904
83,1,19,0.0,82,0.0,6904
84,1,19,0.0,83,0.0,6904
85,1,19,0.0,84,0.0,6904
86,1,19,0.0,85,0.0,6904
87,1,19,0.0,86,0.0,6904
88,1,19,0.0,87,0.0,6904
89,1,19,0.0,88,0.0,6904
90,1,19,0.0,89,0.0,6904
91,1,19,0.0,90,0.0,6904
92,1,19,0.0,91,0.0,6904
93,1,19,0.0,92,0.0,6904
94,1,19,0.0,93,0.0,6904
95,1,19,0.0,94,0.0,6904
96,1,19,0.0,95,0.0,6904
97,1,19,0.0,96,0.0,6904
98,1,19,0.0,97,0.0,6904
99,1,19,0.0,98,0.0,6904
100,1,19,0.0,99,0.0,6904
101,1,19,0.0,100,0.0,6904
102,1,19,0.0,101,0.0,6904
103,1,19,0.0,102,0.0,6904
104,1,19,0.0,103,0.0,6904
105,1,19,0.0,104,0.0,6904
106,1,19,0.0,105,0.0,6904
107,1,19,0.0,106,0.0,6904
108,1,19,0.0,107,0.0,6904
109,1,19,0.0,108,0.0,6904
110,1,19,0.0,109,0.0,6904
111,1,19,0.0,110,0.0,6904
112,1,19,0.0,111,0.0,6904
113,1,19,0.0,112,0.0,6904
114,1,19,0.0,113,0.0,6904
115,1,19,0.0,114,0.0,6904
116,1,19,0.0,115,0.0,6904
117,1,19,0.0,116,0.0,6904
118,1,19,0.0,117,0.0,6904
119,1,19,0.0,118,0.0,6904
120,1,19,0.0,119,0.0,6904
121,1,19,0.0,120,0.0,6904
122,1,19,0.0,121,0.0,6904
123,1,19,0.0,122,0.0,6904
124,1,19,0.0,123,0.0,6904
125,1,19,0.0,124,0.0,6904
126,1,19,0.0,125,0.0,6904
127,1,19,0.0,126,0.0,6904
128,1,19,0.0,127,0.0,6904
129,1,19,0.0,128,0.0,6904
130,1,19,0.0,129,0.0,6904
131,1,19,0.0,130,0.0,6904
132,1,19,0.0,131,0.0,6904
133,1,19,0.0,132,0.0,6904
134,1,19,0.0,133,0.0,6904
135,1,19,0.0,134,0.0,6904
136,1,19,0.0,135,0.0,6904
137,1,19,0.0,136,0.0,6904
138,1,19,0.0,137,0.0,6904
139,1,19,0.0,138,0.0,6904
140,1,19,0.0,139,0.0,6904
141,1,19,0.0,140,0.0,6904
142,1,19,0.0,141,0.0,6904
143,1,19,0.0,142,0.0,6904
144,1,19,0.0,143,0.0,6904
145,1,19,0.0,144,0.0,6904
146,1,19,0.0,145,0.0,6904
147,1,19,0.0,146,0.0,6904
148,1,19,0.0,147,0.0,6904
149,1,19,0.0,148,0.0,6904
150,1,19,0.0,149,0.0,6904
151,1,19,0.0,150,0.0,6904
152,1,19,0.0,151,0.0,6904
153,1,19,0.0,152,0.0,6904
154,1,19,0.0,153,0.0,6904
155,1,19,0.0,154,0.23,6904
156,1,19,0.0,155,1.0,6904
157,1,19,0.0,156,1.0,6904
158,1,19,0.0,157,1.0,6904
159,1,19,0.0,158,1.0,6904
160,1,19,0.0,159,1.0,6904
161,1,19,0.0,160,1.0,6904
162,1,19,0.0,161,1.0,6904
163,1,19,0.0,162,1.0,6904
1,1,19,0.0,0,0.0,11096
2,1,19,0.0,1,0.0,11096
3,1,19,0.0,2,0.0,11096
4,1,19,0.0,3,0.0,11096
5,1,19,0.0,4,0.0,11096
6,1,19,0.0,5,0.0,11096
7,1,19,0.0,6,0.0,11096
8,1,19,0.0,7,0.0,11096
9,1,19,0.0,8,0.0,11096
10,1,19,0.0,9,0.0,11096
11,1,19,0.0,10,0.0,11096
12,1,19,0.0,11,0.0,11096
13,1,19,0.0,12,0.0,11096
14,1,19,0.0,13,0.0,11096
15,1,19,0.0,14,0.0,11096
16,1,19,0.0,15,0.0,11096
17,1,19,0.0,16,0.0,11096
18,1,19,0.0,17,0.0,11096
19,1,19,0.0,18,0.0,11096
20,1,19,0.0,19,0.0,11096
21,1,19,0.0,20,0.0,11096
22,1,19,0.0,21,0.0,11096
23,1,19,0.0,22,0.0,11096
24,1,19,0.0,23,0.0,11096
25,1,19,0.0,24,0.0,11096
26,1,19,0.0,25,0.0,11096
27,1,19,0.0,26,0.0,11096
28,1,19,0.0,27,0.0,11096
29,1,19,0.0,28,0.0,11096
30,1,19,0.0,29,0.0,11096
31,1,19,0.0,30,0.0,11096
32,1,19,0.0,31,0.0,11096
33,1,19,0.0,32,0.0,11096
34,1,19,0.0,33,0.0,11096
35,1,19,0.0,34,0.0,11096
36,1,19,0.0,35,0.0,11096
37,1,19,0.0,36,0.0,11096
38,1,19,0.0,37,0.0,11096
39,1,19,0.0,38,0.0,11096
40,1,19,0.0,39,0.0,11096
41,1,19,0.0,40,0.0,11096
42,1,19,0.0,41,0.0,11096
43,1,19,0.0,42,0.0,11096
44,1,19,0.0,43,0.0,11096
45,1,19,0.0,44,0.0,11096
46,1,19,0.0,45,0.0,11096
47,1,19,0.0,46,0.0,11096
48,1,19,0.0,47,0.0,11096
49,1,19,0.0,48,0.0,11096
50,1,19,0.0,49,0.0,11096
51,1,19,0.0,50,0.0,11096
52,1,19,0.0,51,0.0,11096
53,1,19,0.0,52,0.0,11096
54,1,19,0.0,53,0.0,11096
55,1,19,0.0,54,0.0,11096
56,1,19,0.0,55,0.0,11096
57,1,19,0.0,56,0.0,11096
58,1,19,0.0,57,0.0,11096
59,1,19,0.0,58,0.0,11096
60,1,19,0.0,59,0.0,11096
61,1,19,0.0,60,0.0,11096
62,1,19,0.0,61,0.0,11096
63,1,19,0.0,62,0.0,11096
64,1,19,0.0,63,0.0,11096
65,1,19,0.0,64,0.0,11096
66,1,19,0.0,65,0.0,11096
67,1,19,0.0,66,0.0,11096
68,1,19,0.0,67,0.0,11096
69,1,19,0.0,68,0.0,11096
70,1,19,0.0,69,0.0,11096
71,1,19,0.0,70,0.0,11096
72,1,19,0.0,71,0.0,11096
73,1,19,0.0,72,0.0,11096
74,1,19,0.0,73,0.0,11096
75,1,19,0.0,74,0.0,11096
76,1,19,0.0,75,0.0,11096
77,1,19,0.0,76,0.0,11096
78,1,19,0.0,77,0.0,11096
79,1,19,0.0,78,0.0,11096
80,1,19,0.0,79,0.0,11096
81,1,19,0.0,80,0.0,11096
82,1,19,0.0,81,0.0,11096
83,1,19,0.0,82,0.0,11096
84,1,19,0.0,83,0.0,11096
85,1,19,0.0,84,0.0,11096
86,1,19,0.0,85,0.0,11096
87,1,19,0.0,86,0.0,11096
88,1,19,0.0,87,0.0,11096
89,1,19,0.0,88,0.0,11096
90,1,19,0.0,89,0.0,11096
91,1,19,0.0,90,0.0,11096
92,1,19,0.0,91,0.0,11096
93,1,19,0.0,92,0.0,11096
94,1,19,0.0,93,0.0,11096
95,1,19,0.0,94,0.0,11096
96,1,19,0.0,95,0.0,11096
97,1,19,0.0,96,0.0,11096
98,1,19,0.0,97,0.0,11096
99,1,19,0.0,98,0.0,11096
100,1,19,0.0,99,0.0,11096
101,1,19,0.0,100,0.0,11096
102,1,19,0.0,101,0.0,11096
103,1,19,0.0,102,0.0,11096
104,1,19,0.0,103,0.0,11096
105,1,19,0.0,104,0.0,11096
106,1,19,0.0,105,0.0,11096
107,1,19,0.0,106,0.0,11096
108,1,19,0.0,107,0.0,11096
109,1,19,0.0,108,0.0,11096
110,1,19,0.0,109,0.0,11096
111,1,19,0.0,110,0.0,11096
112,1,19,0.0,111,0.0,11096
113,1,19,0.0,112,0.0,11096
114,1,19,0.0,113,0.0,11096
115,1,19,0.0,114,0.0,11096
116,1,19,0.0,115,0.0,11096
117,1,19,0.0,116,0.0,11096
118,1,19,0.0,117,0.0,11096
119,1,19,0.0,118,0.0,11096
120,1,19,0.0,119,0.0,11096
121,1,19,0.0,120,0.0,11096
122,1,19,0.0,121,0.0,11096
123,1,19,0.0,122,0.0,11096
124,1,19,0.0,123,0.0,11096
125,1,19,0.0,124,0.0,11096
126,1,19,0.0,125,0.0,11096
127,1,19,0.0,126,0.0,11096
128,1,19,0.0,127,0.0,11096
129,1,19,0.0,128,0.0,11096
130,1,19,0.0,129,0.0,11096
131,1,19,0.0,130,0.0,11096
132,1,19,0.0,131,0.0,11096
133,1,19,0.0,132,0.0,11096
134,1,19,0.0,133,0.0,11096
135,1,19,0.0,134,0.0,11096
136,1,19,0.0,135,0.0,11096
137,1,19,0.0,136,0.0,11096
138,1,19,0.0,137,0.0,11096
139,1,19,0.0,138,0.0,11096
140,1,19,0.0,139,0.0,11096
141,1,19,0.0,140,0.0,11096
142,1,19,0.0,141,0.0,11096
143,1,19,0.0,142,0.0,11096
144,1,19,0.0,143,0.0,11096
145,1,19,0.0,144,0.0,11096
146,1,19,0.0,145,0.0,11096
147,1,19,0.0,146,0.0,11096
148,1,19,0.0,147,0.0,11096
149,1,19,0.0,148,0.0,11096
150,1,19,0.0,149,0.0,11096
151,1,19,0.0,150,0.0,11096
152,1,19,0.0,151,0.0,11096
153,1,19,0.0,152,0.0,11096
154,1,19,0.0,153,0.0,11096
155,1,19,0.0,154,0.0,11096
156,1,19,0.0,155,0.0,11096
157,1,19,0.0,156,0.0,11096
158,1,19,0.0,157,0.0,11096
159,1,19,0.0,158,0.0,11096
160,1,19,0.0,159,0.0,11096
161,1,19,0.0,160,0.0,11096
162,1,19,0.0,161,0.0,11096
163,1,19,0.0,162,0.0,11096
1,1,19,0.0,0,0.0,9408
2,1,19,0.0,1,0.0,9408
3,1,19,0.0,2,0.0,9408
4,1,19,0.0,3,0.0,9408
5,1,19,0.0,4,0.0,9408
6,1,19,0.0,5,0.0,9408
7,1,19,0.0,6,0.0,9408
8,1,19,0.0,7,0.0,9408
9,1,19,0.0,8,0.0,9408
10,1,19,0.0,9,0.0,9408
11,1,19,0.0,10,0.0,9408
12,1,19,0.0,11,0.0,9408
13,1,19,0.0,12,0.0,9408
14,1,19,0.0,13,0.0,9408
15,1,19,0.0,14,0.0,9408
16,1,19,0.0,15,0.0,9408
17,1,19,0.0,16,0.0,9408
18,1,19,0.0,17,0.0,9408
19,1,19,0.0,18,0.0,9408
20,1,19,0.0,19,0.0,9408
21,1,19,0.0,20,0.0,9408
22,1,19,0.0,21,0.0,9408
23,1,19,0.0,22,0.0,9408
24,1,19,0.0,23,0.0,9408
25,1,19,0.0,24,0.0,9408
26,1,19,0.0,25,0.0,9408
27,1,19,0.0,26,0.0,9408
28,1,19,0.0,27,0.0,9408
29,1,19,0.0,28,0.0,9408
30,1,19,0.0,29,0.0,9408
31,1,19,0.0,30,0.0,9408
32,1,19,0.0,31,0.0,9408
33,1,19,0.0,32,1.0,9408
34,1,19,0.0,33,0.6,9408
35,1,19,0.0,34,0.0,9408
36,1,19,0.0,35,0.0,9408
37,1,19,0.0,36,0.0,9408
38,1,19,0.0,37,0.0,9408
39,1,19,0.0,38,0.0,9408
40,1,19,0.0,39,0.0,9408
41,1,19,0.0,40,0.0,9408
42,1,19,0.0,41,0.0,9408
43,1,19,0.0,42,0.0,9408
44,1,19,0.0,43,0.0,9408
45,1,19,0.0,44,0.0,9408
46,1,19,0.0,45,0.0,9408
47,1,19,0.0,46,0.0,9408
48,1,19,0.0,47,0.0,9408
49,1,19,0.0,48,0.0,9408
50,1,19,0.0,49,0.0,9408
51,1,19,0.0,50,0.0,9408
52,1,19,0.0,51,0.0,9408
53,1,19,0.0,52,0.0,9408
54,1,19,0.0,53,0.0,9408
55,1,19,0.0,54,0.0,9408
56,1,19,0.0,55,0.0,9408
57,1,19,0.0,56,0.0,9408
58,1,19,0.0,57,0.46,9408
59,1,19,0.0,58,0.49,9408
60,1,19,0.0,59,0.53,9408
61,1,19,0.0,60,0.0,9408
62,1,19,0.0,61,0.0,9408
63,1,19,0.0,62,0.0,9408
64,1,19,0.0,63,0.0,9408
65,1,19,0.0,64,0.0,9408
66,1,19,0.0,65,0.0,9408
67,1,19,0.0,66,0.0,9408
68,1,19,0.0,67,0.7,9408
69,1,19,0.0,68,0.36,9408
70,1,19,0.0,69,0.34,9408
71,1,19,0.0,70,0.0,9408
72,1,19,0.0,71,0.0,9408
73,1,19,0.0,72,0.01,9408
74,1,19,0.0,73,0.61,9408
75,1,19,0.0,74,0.0,9408
76,1,19,0.0,75,0.0,9408
77,1,19,0.0,76,0.0,9408
78,1,19,0.0,77,0.0,9408
79,1,19,0.0,78,0.0,9408
80,1,19,0.0,79,0.0,9408
81,1,19,0.0,80,0.0,9408
82,1,19,0.0,81,0.0,9408
83,1,19,0.0,82,0.0,9408
84,1,19,0.0,83,0.0,9408
85,1,19,0.0,84,0.0,9408
86,1,19,0.0,85,0.0,9408
87,1,19,0.0,86,0.0,9408
88,1,19,0.0,87,0.0,9408
89,1,19,0.0,88,0.0,9408
90,1,19,0.0,89,0.0,9408
91,1,19,0.0,90,0.0,9408
92,1,19,0.0,91,0.0,9408
93,1,19,0.0,92,0.0,9408
94,1,19,0.0,93,0.0,9408
95,1,19,0.0,94,0.0,9408
96,1,19,0.0,95,0.0,9408
97,1,19,0.0,96,0.0,9408
98,1,19,0.0,97,0.0,9408
99,1,19,0.0,98,0.0,9408
100,1,19,0.0,99,0.0,9408
101,1,19,0.0,100,0.0,9408
102,1,19,0.0,101,0.0,9408
103,1,19,0.0,102,0.0,9408
104,1,19,0.0,103,0.0,9408
105,1,19,0.0,104,0.0,9408
106,1,19,0.0,105,0.0,9408
107,1,19,0.0,106,0.0,9408
108,1,19,0.0,107,0.0,9408
109,1,19,0.0,108,0.0,9408
110,1,19,0.0,109,0.0,9408
111,1,19,0.0,110,0.0,9408
112,1,19,0.0,111,0.0,9408
113,1,19,0.0,112,0.0,9408
114,1,19,0.0,113,0.0,9408
115,1,19,0.0,114,0.61,9408
116,1,19,0.0,115,0.14,9408
117,1,19,0.0,116,0.11,9408
118,1,19,0.0,117,0.8,9408
119,1,19,0.0,118,0.0,9408
120,1,19,0.0,119,0.0,9408
121,1,19,0.0,120,0.46,9408
122,1,19,0.0,121,1.0,9408
123,1,19,0.0,122,0.79,9408
124,1,19,0.0,123,0.0,9408
125,1,19,0.0,124,0.0,9408
126,1,19,0.0,125,0.0,9408
127,1,19,0.0,126,0.0,9408
128,1,19,0.0,127,0.0,9408
129,1,19,0.0,128,0.0,9408
130,1,19,0.0,129,0.0,9408
131,1,19,0.0,130,0.0,9408
132,1,19,0.0,131,0.0,9408
133,1,19,0.0,132,0.0,9408
134,1,19,0.0,133,0.0,9408
135,1,19,0.0,134,0.0,9408
136,1,19,0.0,135,0.0,9408
137,1,19,0.0,136,0.0,9408
138,1,19,0.0,137,0.0,9408
139,1,19,0.0,138,0.0,9408
140,1,19,0.0,139,0.0,9408
141,1,19,0.0,140,0.0,9408
142,1,19,0.0,141,0.0,9408
143,1,19,0.0,142,0.0,9408
144,1,19,0.0,143,0.0,9408
145,1,19,0.0,144,0.0,9408
146,1,19,0.0,145,0.0,9408
147,1,19,0.0,146,0.0,9408
148,1,19,0.0,147,0.0,9408
149,1,19,0.0,148,0.0,9408
150,1,19,0.0,149,0.0,9408
151,1,19,0.0,150,0.0,9408
152,1,19,0.0,151,0.0,9408
153,1,19,0.0,152,0.0,9408
154,1,19,0.0,153,0.0,9408
155,1,19,0.0,154,0.0,9408
156,1,19,0.0,155,0.0,9408
157,1,19,0.0,156,0.0,9408
158,1,19,0.0,157,0.0,9408
159,1,19,0.0,158,0.0,9408
160,1,19,0.0,159,0.0,9408
161,1,19,0.0,160,0.0,9408
162,1,19,0.0,161,0.0,9408
163,1,19,0.0,162,0.81,9408
1,1,19,0.0,0,0.0,1197
2,1,19,0.0,1,0.0,1197
3,1,19,0.0,2,0.0,1197
4,1,19,0.0,3,0.0,1197
5,1,19,0.0,4,0.0,1197
6,1,19,0.0,5,0.0,1197
7,1,19,0.0,6,0.0,1197
8,1,19,0.0,7,0.0,1197
9,1,19,0.0,8,0.0,1197
10,1,19,0.0,9,0.0,1197
11,1,19,0.0,10,0.0,1197
12,1,19,0.0,11,0.0,1197
13,1,19,0.0,12,0.0,1197
14,1,19,0.0,13,0.0,1197
15,1,19,0.0,14,0.0,1197
16,1,19,0.0,15,0.0,1197
17,1,19,0.0,16,0.0,1197
18,1,19,0.0,17,0.0,1197
19,1,19,0.0,18,0.0,1197
20,1,19,0.0,19,0.0,1197
21,1,19,0.0,20,0.0,1197
22,1,19,0.0,21,0.0,1197
23,1,19,0.0,22,0.0,1197
24,1,19,0.0,23,0.0,1197
25,1,19,0.0,24,0.0,1197
26,1,19,0.0,25,0.0,1197
27,1,19,0.0,26,0.0,1197
28,1,19,0.0,27,0.0,1197
29,1,19,0.0,28,0.0,1197
30,1,19,0.0,29,0.0,1197
31,1,19,0.0,30,0.0,1197
32,1,19,0.0,31,0.0,1197
33,1,19,0.0,32,0.0,1197
34,1,19,0.0,33,0.0,1197
35,1,19,0.0,34,0.0,1197
36,1,19,0.0,35,0.0,1197
37,1,19,0.0,36,0.0,1197
38,1,19,0.0,37,0.0,1197
39,1,19,0.0,38,0.0,1197
40,1,19,0.0,39,0.0,1197
41,1,19,0.0,40,0.0,1197
42,1,19,0.0,41,0.0,1197
43,1,19,0.0,42,0.0,1197
44,1,19,0.0,43,0.0,1197
45,1,19,0.0,44,0.0,1197
46,1,19,0.0,45,0.0,1197
47,1,19,0.0,46,0.0,1197
48,1,19,0.0,47,0.0,1197
49,1,19,0.9,48,0.0,1197
50,1,19,1.0,49,0.0,1197
51,1,19,0.3,50,0.0,1197
52,1,19,0.0,51,0.0,1197
53,1,19,0.1,52,0.0,1197
54,1,19,0.75,53,0.0,1197
55,1,19,0.0,54,0.0,1197
56,1,19,0.0,55,0.0,1197
57,1,19,0.0,56,0.0,1197
58,1,19,0.45,57,0.0,1197
59,1,19,1.0,58,0.0,1197
60,1,19,1.0,59,0.0,1197
61,1,19,0.2,60,0.0,1197
62,1,19,0.0,61,0.0,1197
63,1,19,0.0,62,0.0,1197
64,1,19,0.0,63,0.0,1197
65,1,19,0.0,64,0.0,1197
66,1,19,0.0,65,0.0,1197
67,1,19,0.0,66,0.55,1197
68,1,19,0.0,67,1.0,1197
69,1,19,0.0,68,0.8,1197
70,1,19,0.0,69,0.0,1197
71,1,19,0.0,70,0.0,1197
72,1,19,0.0,71,0.0,1197
73,1,19,0.0,72,0.0,1197
74,1,19,0.0,73,0.3,1197
75,1,19,0.0,74,0.65,1197
76,1,19,0.0,75,0.0,1197
77,1,19,0.0,76,0.0,1197
78,1,19,0.0,77,0.0,1197
79,1,19,0.0,78,0.0,1197
80,1,19,0.0,79,0.0,1197
81,1,19,0.0,80,0.0,1197
82,1,19,0.0,81,0.0,1197
83,1,19,0.0,82,0.0,1197
84,1,19,0.0,83,0.0,1197
85,1,19,0.0,84,0.0,1197
86,1,19,0.0,85,0.0,1197
87,1,19,0.0,86,0.0,1197
88,1,19,0.0,87,0.0,1197
89,1,19,0.0,88,0.0,1197
90,1,19,0.0,89,0.0,1197
91,1,19,0.0,90,0.0,1197
92,1,19,0.0,91,0.0,1197
93,1,19,0.0,92,0.0,1197
94,1,19,0.0,93,0.0,1197
95,1,19,0.0,94,0.0,1197
96,1,19,0.0,95,0.0,1197
97,1,19,0.0,96,0.0,1197
98,1,19,0.0,97,0.0,1197
99,1,19,0.0,98,0.0,1197
100,1,19,0.0,99,0.0,1197
101,1,19,0.0,100,0.0,1197
102,1,19,0.0,101,0.0,1197
103,1,19,0.0,102,0.0,1197
104,1,19,0.0,103,0.0,1197
105,1,19,0.0,104,0.0,1197
106,1,19,0.0,105,0.0,1197
107,1,19,0.0,106,0.0,1197
108,1,19,0.0,107,0.0,1197
109,1,19,0.0,108,0.0,1197
110,1,19,0.0,109,0.0,1197
111,1,19,0.0,110,0.0,1197
112,1,19,0.0,111,0.0,1197
113,1,19,0.0,112,0.0,1197
114,1,19,0.0,113,0.0,1197
115,1,19,0.0,114,0.0,1197
116,1,19,0.0,115,0.0,1197
117,1,19,0.0,116,0.0,1197
118,1,19,0.0,117,0.0,1197
119,1,19,0.0,118,0.0,1197
120,1,19,0.0,119,0.0,1197
121,1,19,0.0,120,0.0,1197
122,1,19,0.0,121,0.0,1197
123,1,19,0.0,122,0.0,1197
124,1,19,0.0,123,0.0,1197
125,1,19,0.0,124,0.0,1197
126,1,19,0.0,125,0.0,1197
127,1,19,0.0,126,0.0,1197
128,1,19,0.0,127,0.0,1197
129,1,19,0.0,128,0.0,1197
130,1,19,0.0,129,0.0,1197
131,1,19,0.0,130,0.0,1197
132,1,19,0.0,131,0.0,1197
133,1,19,0.0,132,0.0,1197
134,1,19,0.0,133,0.0,1197
135,1,19,0.0,134,0.0,1197
136,1,19,0.0,135,0.0,1197
137,1,19,0.0,136,0.0,1197
138,1,19,0.0,137,0.0,1197
139,1,19,0.0,138,0.0,1197
140,1,19,0.0,139,0.0,1197
141,1,19,0.0,140,0.0,1197
142,1,19,0.0,141,0.0,1197
143,1,19,0.0,142,0.0,1197
144,1,19,0.0,143,0.0,1197
145,1,19,0.0,144,0.0,1197
146,1,19,0.0,145,0.0,1197
147,1,19,0.0,146,0.0,1197
148,1,19,0.0,147,0.0,1197
149,1,19,0.0,148,0.0,1197
150,1,19,0.0,149,0.0,1197
151,1,19,0.0,150,0.0,1197
152,1,19,0.0,151,0.0,1197
153,1,19,0.0,152,0.0,1197
154,1,19,0.0,153,0.0,1197
155,1,19,0.0,154,0.0,1197
156,1,19,0.0,155,0.0,1197
157,1,19,0.0,156,0.0,1197
158,1,19,0.0,157,0.0,1197
159,1,19,0.0,158,0.0,1197
160,1,19,0.0,159,0.0,1197
161,1,19,0.0,160,0.0,1197
162,1,19,0.0,161,0.0,1197
163,1,19,0.0,162,0.0,1197
1,1,20,0.0,0,0.0,6072
2,1,20,0.0,1,0.0,6072
3,1,20,0.0,2,0.0,6072
4,1,20,0.0,3,0.0,6072
5,1,20,0.0,4,0.0,6072
6,1,20,0.0,5,0.0,6072
7,1,20,0.0,6,0.0,6072
8,1,20,0.0,7,0.0,6072
9,1,20,0.0,8,0.0,6072
10,1,20,0.0,9,0.0,6072
11,1,20,0.0,10,0.0,6072
12,1,20,0.0,11,0.0,6072
13,1,20,0.0,12,0.0,6072
14,1,20,0.0,13,0.0,6072
15,1,20,0.0,14,0.0,6072
16,1,20,0.0,15,0.0,6072
17,1,20,0.0,16,0.0,6072
18,1,20,0.0,17,0.0,6072
19,1,20,0.0,18,0.0,6072
20,1,20,0.0,19,0.0,6072
21,1,20,0.0,20,0.0,6072
22,1,20,0.0,21,0.0,6072
23,1,20,0.0,22,0.0,6072
24,1,20,0.0,23,0.0,6072
25,1,20,0.0,24,0.6,6072
26,1,20,0.0,25,1.0,6072
27,1,20,0.0,26,0.52,6072
28,1,20,0.0,27,0.0,6072
29,1,20,0.0,28,0.0,6072
30,1,20,0.0,29,0.0,6072
31,1,20,0.0,30,0.0,6072
32,1,20,0.0,31,0.0,6072
33,1,20,0.0,32,0.0,6072
34,1,20,0.0,33,0.0,6072
35,1,20,0.0,34,0.0,6072
36,1,20,0.0,35,0.0,6072
37,1,20,0.0,36,0.0,6072
38,1,20,0.0,37,0.0,6072
39,1,20,0.0,38,0.0,6072
40,1,20,0.0,39,0.0,6072
41,1,20,0.0,40,0.0,6072
42,1,20,0.0,41,0.0,6072
43,1,20,0.0,42,0.0,6072
44,1,20,0.0,43,0.0,6072
45,1,20,0.0,44,0.0,6072
46,1,20,0.0,45,0.0,6072
47,1,20,0.0,46,0.0,6072
48,1,20,0.0,47,0.0,6072
49,1,20,0.0,48,0.05,6072
50,1,20,0.0,49,0.65,6072
51,1,20,0.0,50,0.0,6072
52,1,20,0.0,51,0.45,6072
53,1,20,0.0,52,0.65,6072
54,1,20,0.0,53,0.0,6072
55,1,20,0.0,54,0.0,6072
56,1,20,0.0,55,0.0,6072
57,1,20,0.0,56,0.0,6072
58,1,20,0.0,57,0.0,6072
59,1,20,0.0,58,0.0,6072
60,1,20,0.0,59,0.0,6072
61,1,20,0.0,60,0.0,6072
62,1,20,0.0,61,0.0,6072
63,1,20,0.0,62,0.0,6072
64,1,20,0.0,63,0.0,6072
65,1,20,0.0,64,0.0,6072
66,1,20,0.0,65,0.0,6072
67,1,20,0.0,66,0.0,6072
68,1,20,0.0,67,0.0,6072
69,1,20,0.0,68,0.0,6072
70,1,20,0.0,69,0.0,6072
71,1,20,0.0,70,0.0,6072
72,1,20,0.0,71,0.0,6072
73,1,20,0.0,72,0.0,6072
74,1,20,0.0,73,0.0,6072
75,1,20,0.0,74,0.0,6072
76,1,20,0.0,75,0.0,6072
77,1,20,0.0,76,0.0,6072
78,1,20,0.0,77,0.0,6072
79,1,20,0.0,78,0.0,6072
80,1,20,0.0,79,0.0,6072
81,1,20,0.0,80,0.1,6072
82,1,20,0.0,81,0.0,6072
83,1,20,0.0,82,0.0,6072
84,1,20,0.0,83,0.0,6072
85,1,20,0.0,84,0.0,6072
86,1,20,0.0,85,0.0,6072
87,1,20,0.0,86,0.0,6072
88,1,20,0.0,87,0.02,6072
89,1,20,0.0,88,1.0,6072
90,1,20,0.0,89,1.0,6072
91,1,20,0.0,90,0.78,6072
92,1,20,0.0,91,0.46,6072
93,1,20,0.0,92,0.0,6072
94,1,20,0.0,93,0.45,6072
95,1,20,0.0,94,0.2,6072
96,1,20,0.0,95,0.0,6072
97,1,20,0.0,96,0.0,6072
98,1,20,0.0,97,0.0,6072
99,1,20,0.0,98,0.0,6072
100,1,20,0.0,99,0.0,6072
101,1,20,0.0,100,0.0,6072
102,1,20,0.0,101,0.0,6072
103,1,20,0.0,102,0.0,6072
104,1,20,0.0,103,0.0,6072
105,1,20,0.0,104,0.0,6072
106,1,20,0.0,105,0.0,6072
107,1,20,0.0,106,0.0,6072
108,1,20,0.0,107,0.0,6072
109,1,20,0.0,108,0.0,6072
110,1,20,0.0,109,0.0,6072
111,1,20,0.0,110,0.0,6072
112,1,20,0.0,111,0.0,6072
113,1,20,0.0,112,0.0,6072
114,1,20,0.0,113,0.0,6072
115,1,20,0.0,114,0.0,6072
116,1,20,0.0,115,0.0,6072
117,1,20,0.0,116,0.0,6072
118,1,20,0.0,117,0.0,6072
119,1,20,0.0,118,0.0,6072
120,1,20,0.0,119,0.0,6072
121,1,20,0.0,120,0.0,6072
122,1,20,0.0,121,0.0,6072
123,1,20,0.0,122,0.0,6072
124,1,20,0.0,123,0.1,6072
125,1,20,0.0,124,0.37,6072
126,1,20,0.0,125,1.0,6072
127,1,20,0.0,126,0.63,6072
128,1,20,0.0,127,0.32,6072
129,1,20,0.0,128,0.88,6072
130,1,20,0.0,129,0.0,6072
131,1,20,0.0,130,0.0,6072
132,1,20,0.0,131,0.0,6072
133,1,20,0.0,132,0.0,6072
134,1,20,0.0,133,0.0,6072
135,1,20,0.0,134,0.0,6072
136,1,20,0.0,135,0.0,6072
137,1,20,0.0,136,0.0,6072
138,1,20,0.0,137,0.0,6072
139,1,20,0.0,138,0.0,6072
140,1,20,0.0,139,0.0,6072
141,1,20,0.0,140,0.0,6072
142,1,20,0.0,141,0.0,6072
143,1,20,0.0,142,0.0,6072
144,1,20,0.0,143,0.0,6072
145,1,20,0.0,144,0.0,6072
146,1,20,0.0,145,0.0,6072
147,1,20,0.0,146,0.0,6072
148,1,20,0.0,147,0.0,6072
149,1,20,0.0,148,0.0,6072
150,1,20,0.0,149,0.0,6072
151,1,20,0.0,150,0.0,6072
152,1,20,0.0,151,0.0,6072
153,1,20,0.0,152,0.0,6072
154,1,20,0.0,153,0.0,6072
155,1,20,0.0,154,0.0,6072
156,1,20,0.0,155,0.0,6072
157,1,20,0.0,156,0.0,6072
158,1,20,0.0,157,0.0,6072
159,1,20,0.0,158,0.0,6072
160,1,20,0.0,159,0.0,6072
161,1,20,0.0,160,0.0,6072
162,1,20,0.0,161,0.0,6072
163,1,20,0.0,162,0.0,6072
1,1,20,0.0,0,0.0,294
2,1,20,0.0,1,0.0,294
3,1,20,0.0,2,0.0,294
4,1,20,0.0,3,0.0,294
5,1,20,0.0,4,0.0,294
6,1,20,0.0,5,0.0,294
7,1,20,0.0,6,0.0,294
8,1,20,0.0,7,0.0,294
9,1,20,0.0,8,0.0,294
10,1,20,0.0,9,0.0,294
11,1,20,0.0,10,0.2,294
12,1,20,0.0,11,0.52,294
13,1,20,0.0,12,0.0,294
14,1,20,0.0,13,0.0,294
15,1,20,0.0,14,0.55,294
16,1,20,0.0,15,0.1,294
17,1,20,0.0,16,0.15,294
18,1,20,0.0,17,0.4,294
19,1,20,0.0,18,0.0,294
20,1,20,0.0,19,0.0,294
21,1,20,0.0,20,0.0,294
22,1,20,0.0,21,0.0,294
23,1,20,0.0,22,0.0,294
24,1,20,0.65,23,0.0,294
25,1,20,1.0,24,0.0,294
26,1,20,1.0,25,0.0,294
27,1,20,1.0,26,0.0,294
28,1,20,1.0,27,0.0,294
29,1,20,1.0,28,0.0,294
30,1,20,0.22,29,0.2,294
31,1,20,0.0,30,1.0,294
32,1,20,0.0,31,1.0,294
33,1,20,0.0,32,1.0,294
34,1,20,0.0,33,0.5,294
35,1,20,0.0,34,0.85,294
36,1,20,0.0,35,1.0,294
37,1,20,0.0,36,1.0,294
38,1,20,0.0,37,1.0,294
39,1,20,0.0,38,1.0,294
40,1,20,0.0,39,0.52,294
41,1,20,0.6,40,0.0,294
42,1,20,1.0,41,0.0,294
43,1,20,1.0,42,0.0,294
44,1,20,1.0,43,0.0,294
45,1,20,1.0,44,0.0,294
46,1,20,1.0,45,0.0,294
47,1,20,1.0,46,0.0,294
48,1,20,0.97,47,0.0,294
49,1,20,0.0,48,0.0,294
50,1,20,0.0,49,0.6,294
51,1,20,0.0,50,1.0,294
52,1,20,0.0,51,1.0,294
53,1,20,0.0,52,1.0,294
54,1,20,0.0,53,1.0,294
55,1,20,0.0,54,1.0,294
56,1,20,0.0,55,1.0,294
57,1,20,0.0,56,1.0,294
58,1,20,0.0,57,0.65,294
59,1,20,0.75,58,0.0,294
60,1,20,1.0,59,0.0,294
61,1,20,1.0,60,0.0,294
62,1,20,1.0,61,0.0,294
63,1,20,1.0,62,0.0,294
64,1,20,0.7,63,0.0,294
65,1,20,0.0,64,0.0,294
66,1,20,0.0,65,0.0,294
67,1,20,0.0,66,0.0,294
68,1,20,0.0,67,0.0,294
69,1,20,0.0,68,0.0,294
70,1,20,0.0,69,0.0,294
71,1,20,0.0,70,0.0,294
72,1,20,0.0,71,0.0,294
73,1,20,0.0,72,0.0,294
74,1,20,0.0,73,0.0,294
75,1,20,0.0,74,0.0,294
76,1,20,0.0,75,0.0,294
77,1,20,0.0,76,0.0,294
78,1,20,0.0,77,0.0,294
79,1,20,0.0,78,0.0,294
80,1,20,0.0,79,0.0,294
81,1,20,0.0,80,0.0,294
82,1,20,0.0,81,0.0,294
83,1,20,0.0,82,0.9,294
84,1,20,0.0,83,1.0,294
85,1,20,0.0,84,1.0,294
86,1,20,0.0,85,1.0,294
87,1,20,0.0,86,1.0,294
88,1,20,0.0,87,1.0,294
89,1,20,0.0,88,1.0,294
90,1,20,0.0,89,0.75,294
91,1,20,0.0,90,0.0,294
92,1,20,0.0,91,0.5,294
93,1,20,0.0,92,1.0,294
94,1,20,0.0,93,1.0,294
95,1,20,0.0,94,0.51,294
96,1,20,0.0,95,0.0,294
97,1,20,0.0,96,0.0,294
98,1,20,0.0,97,0.0,294
99,1,20,0.0,98,0.0,294
100,1,20,0.0,99,0.15,294
101,1,20,0.0,100,0.0,294
102,1,20,0.0,101,0.0,294
103,1,20,0.0,102,0.0,294
104,1,20,0.0,103,0.0,294
105,1,20,0.0,104,0.0,294
106,1,20,0.0,105,0.0,294
107,1,20,0.0,106,0.0,294
108,1,20,0.0,107,0.0,294
109,1,20,0.0,108,0.0,294
110,1,20,0.0,109,0.0,294
111,1,20,0.0,110,0.45,294
112,1,20,0.0,111,1.0,294
113,1,20,0.0,112,1.0,294
114,1,20,0.0,113,1.0,294
115,1,20,0.0,114,1.0,294
116,1,20,0.0,115,0.15,294
117,1,20,0.0,116,0.0,294
118,1,20,0.0,117,0.0,294
119,1,20,0.0,118,0.0,294
120,1,20,0.0,119,0.0,294
121,1,20,0.0,120,0.0,294
122,1,20,0.15,121,0.0,294
123,1,20,1.0,122,0.0,294
124,1,20,1.0,123,0.0,294
125,1,20,0.55,124,0.0,294
126,1,20,0.0,125,0.0,294
127,1,20,0.0,126,0.0,294
128,1,20,0.0,127,0.0,294
129,1,20,0.0,128,0.0,294
130,1,20,0.4,129,0.0,294
131,1,20,1.0,130,0.0,294
132,1,20,1.0,131,0.0,294
133,1,20,1.0,132,0.0,294
134,1,20,0.95,133,0.0,294
135,1,20,0.0,134,0.6,294
136,1,20,0.0,135,1.0,294
137,1,20,0.0,136,1.0,294
138,1,20,0.0,137,1.0,294
139,1,20,0.0,138,0.9,294
140,1,20,0.75,139,0.0,294
141,1,20,1.0,140,0.0,294
142,1,20,1.0,141,0.0,294
143,1,20,1.0,142,0.0,294
144,1,20,1.0,143,0.0,294
145,1,20,1.0,144,0.0,294
146,1,20,1.0,145,0.0,294
147,1,20,1.0,146,0.0,294
148,1,20,1.0,147,0.0,294
149,1,20,1.0,148,0.0,294
150,1,20,1.0,149,0.0,294
151,1,20,1.0,150,0.0,294
152,1,20,1.0,151,0.0,294
153,1,20,0.6,152,0.0,294
154,1,20,0.0,153,0.0,294
155,1,20,0.0,154,0.0,294
156,1,20,0.0,155,0.0,294
157,1,20,0.0,156,0.0,294
158,1,20,0.0,157,0.0,294
159,1,20,0.0,158,0.0,294
160,1,20,0.0,159,0.0,294
161,1,20,0.0,160,0.0,294
162,1,20,0.0,161,0.0,294
163,1,20,0.0,162,0.0,294
1,1,20,0.0,0,0.0,1159
2,1,20,0.0,1,0.0,1159
3,1,20,0.0,2,0.0,1159
4,1,20,0.0,3,0.0,1159
5,1,20,0.0,4,0.0,1159
6,1,20,0.0,5,0.0,1159
7,1,20,0.0,6,0.0,1159
8,1,20,0.0,7,0.0,1159
9,1,20,0.0,8,0.0,1159
10,1,20,0.0,9,0.0,1159
11,1,20,0.0,10,0.0,1159
12,1,20,0.0,11,0.0,1159
13,1,20,0.0,12,0.0,1159
14,1,20,0.0,13,0.0,1159
15,1,20,0.0,14,0.0,1159
16,1,20,0.0,15,0.0,1159
17,1,20,0.0,16,0.0,1159
18,1,20,0.0,17,0.0,1159
19,1,20,0.0,18,0.0,1159
20,1,20,0.0,19,0.0,1159
21,1,20,0.0,20,0.0,1159
22,1,20,0.0,21,0.0,1159
23,1,20,0.0,22,0.0,1159
24,1,20,0.0,23,0.0,1159
25,1,20,0.0,24,0.0,1159
26,1,20,0.0,25,0.0,1159
27,1,20,0.0,26,0.0,1159
28,1,20,0.0,27,0.0,1159
29,1,20,0.0,28,0.0,1159
30,1,20,0.0,29,0.1,1159
31,1,20,0.0,30,0.3,1159
32,1,20,0.0,31,1.0,1159
33,1,20,0.0,32,1.0,1159
34,1,20,0.0,33,0.1,1159
35,1,20,0.0,34,0.0,1159
36,1,20,0.0,35,0.0,1159
37,1,20,0.0,36,0.0,1159
38,1,20,0.0,37,0.05,1159
39,1,20,0.0,38,1.0,1159
40,1,20,0.0,39,0.05,1159
41,1,20,0.0,40,0.0,1159
42,1,20,0.0,41,0.0,1159
43,1,20,0.0,42,0.0,1159
44,1,20,0.0,43,0.0,1159
45,1,20,0.0,44,0.0,1159
46,1,20,0.0,45,0.0,1159
47,1,20,0.0,46,0.0,1159
48,1,20,0.0,47,0.0,1159
49,1,20,0.0,48,0.0,1159
50,1,20,0.0,49,0.0,1159
51,1,20,0.0,50,0.0,1159
52,1,20,0.0,51,0.0,1159
53,1,20,0.0,52,0.0,1159
54,1,20,0.0,53,0.0,1159
55,1,20,0.0,54,0.0,1159
56,1,20,0.0,55,0.0,1159
57,1,20,0.0,56,0.0,1159
58,1,20,0.0,57,0.0,1159
59,1,20,0.0,58,0.0,1159
60,1,20,0.0,59,0.0,1159
61,1,20,0.0,60,0.0,1159
62,1,20,0.0,61,0.0,1159
63,1,20,0.0,62,0.0,1159
64,1,20,0.0,63,0.0,1159
65,1,20,0.0,64,0.0,1159
66,1,20,0.0,65,0.0,1159
67,1,20,0.0,66,0.0,1159
68,1,20,0.0,67,0.0,1159
69,1,20,0.0,68,0.0,1159
70,1,20,0.0,69,0.0,1159
71,1,20,0.0,70,0.0,1159
72,1,20,0.0,71,0.0,1159
73,1,20,0.0,72,0.0,1159
74,1,20,0.0,73,0.0,1159
75,1,20,0.0,74,0.0,1159
76,1,20,0.0,75,0.0,1159
77,1,20,0.0,76,0.0,1159
78,1,20,0.0,77,0.0,1159
79,1,20,0.0,78,0.0,1159
80,1,20,0.0,79,0.0,1159
81,1,20,0.0,80,0.0,1159
82,1,20,0.0,81,0.0,1159
83,1,20,0.0,82,0.0,1159
84,1,20,0.0,83,0.0,1159
85,1,20,0.0,84,0.0,1159
86,1,20,0.0,85,0.0,1159
87,1,20,0.0,86,0.0,1159
88,1,20,0.0,87,0.0,1159
89,1,20,0.0,88,0.0,1159
90,1,20,0.0,89,0.0,1159
91,1,20,0.0,90,0.0,1159
92,1,20,0.0,91,0.0,1159
93,1,20,0.0,92,0.0,1159
94,1,20,0.0,93,0.0,1159
95,1,20,0.0,94,0.0,1159
96,1,20,0.0,95,0.21,1159
97,1,20,0.0,96,0.0,1159
98,1,20,0.0,97,0.46,1159
99,1,20,0.0,98,0.0,1159
100,1,20,0.0,99,0.0,1159
101,1,20,0.0,100,0.85,1159
102,1,20,0.0,101,0.4,1159
103,1,20,0.0,102,0.0,1159
104,1,20,0.0,103,0.5,1159
105,1,20,0.0,104,1.0,1159
106,1,20,0.0,105,1.0,1159
107,1,20,0.0,106,0.23,1159
108,1,20,0.0,107,0.0,1159
109,1,20,0.0,108,0.0,1159
110,1,20,0.0,109,0.0,1159
111,1,20,0.0,110,0.0,1159
112,1,20,0.0,111,0.3,1159
113,1,20,0.0,112,1.0,1159
114,1,20,0.0,113,0.9,1159
115,1,20,0.0,114,0.0,1159
116,1,20,0.0,115,0.0,1159
117,1,20,0.0,116,0.0,1159
118,1,20,0.0,117,0.0,1159
119,1,20,0.0,118,0.0,1159
120,1,20,0.0,119,0.0,1159
121,1,20,0.0,120,0.0,1159
122,1,20,0.0,121,0.0,1159
123,1,20,0.0,122,0.0,1159
124,1,20,0.0,123,0.0,1159
125,1,20,0.0,124,0.0,1159
126,1,20,0.0,125,0.0,1159
127,1,20,0.0,126,0.0,1159
128,1,20,0.0,127,0.0,1159
129,1,20,0.0,128,0.0,1159
130,1,20,0.0,129,0.0,1159
131,1,20,0.0,130,0.0,1159
132,1,20,0.0,131,0.0,1159
133,1,20,0.0,132,0.0,1159
134,1,20,0.0,133,0.0,1159
135,1,20,0.0,134,0.0,1159
136,1,20,0.0,135,0.0,1159
137,1,20,0.0,136,0.0,1159
138,1,20,0.0,137,0.0,1159
139,1,20,0.0,138,0.0,1159
140,1,20,0.0,139,0.2,1159
141,1,20,0.0,140,0.2,1159
142,1,20,0.0,141,0.55,1159
143,1,20,0.0,142,0.5,1159
144,1,20,0.0,143,0.0,1159
145,1,20,0.0,144,0.0,1159
146,1,20,0.0,145,0.15,1159
147,1,20,0.0,146,1.0,1159
148,1,20,0.0,147,1.0,1159
149,1,20,0.0,148,1.0,1159
150,1,20,0.0,149,1.0,1159
151,1,20,0.0,150,1.0,1159
152,1,20,0.0,151,1.0,1159
153,1,20,0.0,152,1.0,1159
154,1,20,0.0,153,1.0,1159
155,1,20,0.0,154,1.0,1159
156,1,20,0.0,155,1.0,1159
157,1,20,0.0,156,1.0,1159
158,1,20,0.0,157,1.0,1159
159,1,20,0.0,158,0.3,1159
160,1,20,0.0,159,0.0,1159
161,1,20,0.0,160,0.0,1159
162,1,20,0.0,161,0.0,1159
163,1,20,0.0,162,0.0,1159
1,1,20,0.0,0,0.0,1661
2,1,20,0.0,1,0.0,1661
3,1,20,0.0,2,0.0,1661
4,1,20,0.0,3,0.0,1661
5,1,20,0.0,4,0.0,1661
6,1,20,0.0,5,0.0,1661
7,1,20,0.0,6,0.0,1661
8,1,20,0.0,7,0.0,1661
9,1,20,0.0,8,0.0,1661
10,1,20,0.0,9,0.0,1661
11,1,20,0.0,10,0.0,1661
12,1,20,0.0,11,0.0,1661
13,1,20,0.0,12,0.0,1661
14,1,20,0.0,13,0.0,1661
15,1,20,0.0,14,0.0,1661
16,1,20,0.0,15,0.0,1661
17,1,20,0.0,16,0.0,1661
18,1,20,0.0,17,0.0,1661
19,1,20,0.0,18,0.0,1661
20,1,20,0.0,19,0.0,1661
21,1,20,0.0,20,0.0,1661
22,1,20,0.0,21,0.0,1661
23,1,20,0.0,22,0.0,1661
24,1,20,0.0,23,0.0,1661
25,1,20,0.0,24,0.0,1661
26,1,20,0.0,25,0.9,1661
27,1,20,0.0,26,1.0,1661
28,1,20,0.0,27,1.0,1661
29,1,20,0.0,28,0.8,1661
30,1,20,0.0,29,0.0,1661
31,1,20,0.0,30,0.0,1661
32,1,20,0.0,31,0.0,1661
33,1,20,0.0,32,0.0,1661
34,1,20,0.0,33,0.0,1661
35,1,20,0.0,34,0.0,1661
36,1,20,0.0,35,0.0,1661
37,1,20,0.0,36,0.0,1661
38,1,20,0.0,37,0.0,1661
39,1,20,0.0,38,0.0,1661
40,1,20,0.0,39,0.0,1661
41,1,20,0.0,40,0.0,1661
42,1,20,0.0,41,0.0,1661
43,1,20,0.0,42,0.0,1661
44,1,20,0.0,43,0.0,1661
45,1,20,0.0,44,0.0,1661
46,1,20,0.0,45,0.0,1661
47,1,20,0.0,46,0.0,1661
48,1,20,0.0,47,0.0,1661
49,1,20,0.0,48,0.0,1661
50,1,20,0.0,49,0.0,1661
51,1,20,0.0,50,0.0,1661
52,1,20,0.0,51,0.0,1661
53,1,20,0.0,52,0.0,1661
54,1,20,0.0,53,0.0,1661
55,1,20,0.0,54,0.0,1661
56,1,20,0.0,55,0.0,1661
57,1,20,0.0,56,0.0,1661
58,1,20,0.0,57,0.0,1661
59,1,20,0.0,58,0.0,1661
60,1,20,0.0,59,0.35,1661
61,1,20,0.0,60,0.9,1661
62,1,20,0.0,61,0.8,1661
63,1,20,0.0,62,1.0,1661
64,1,20,0.0,63,1.0,1661
65,1,20,0.0,64,0.9,1661
66,1,20,0.0,65,0.0,1661
67,1,20,0.0,66,0.0,1661
68,1,20,0.0,67,0.0,1661
69,1,20,0.0,68,0.0,1661
70,1,20,0.0,69,0.0,1661
71,1,20,0.0,70,0.0,1661
72,1,20,0.0,71,0.0,1661
73,1,20,0.0,72,0.0,1661
74,1,20,0.0,73,0.0,1661
75,1,20,0.0,74,0.0,1661
76,1,20,0.0,75,0.0,1661
77,1,20,0.0,76,0.0,1661
78,1,20,0.0,77,0.0,1661
79,1,20,0.0,78,0.0,1661
80,1,20,0.0,79,0.0,1661
81,1,20,0.0,80,0.0,1661
82,1,20,0.0,81,0.0,1661
83,1,20,0.0,82,0.0,1661
84,1,20,0.0,83,0.0,1661
85,1,20,0.0,84,0.0,1661
86,1,20,0.0,85,0.0,1661
87,1,20,0.0,86,0.0,1661
88,1,20,0.0,87,0.0,1661
89,1,20,0.0,88,0.0,1661
90,1,20,0.0,89,0.0,1661
91,1,20,0.0,90,0.0,1661
92,1,20,0.0,91,0.0,1661
93,1,20,0.0,92,0.0,1661
94,1,20,0.0,93,0.0,1661
95,1,20,0.0,94,0.0,1661
96,1,20,0.0,95,0.0,1661
97,1,20,0.0,96,0.0,1661
98,1,20,0.0,97,0.0,1661
99,1,20,0.0,98,0.0,1661
100,1,20,0.0,99,0.0,1661
101,1,20,0.0,100,0.0,1661
102,1,20,0.0,101,0.0,1661
103,1,20,0.0,102,0.0,1661
104,1,20,0.0,103,0.0,1661
105,1,20,0.0,104,0.0,1661
106,1,20,0.0,105,0.0,1661
107,1,20,0.0,106,0.0,1661
108,1,20,0.0,107,0.0,1661
109,1,20,0.0,108,0.0,1661
110,1,20,0.0,109,0.0,1661
111,1,20,0.0,110,0.0,1661
112,1,20,0.0,111,0.4,1661
113,1,20,0.0,112,1.0,1661
114,1,20,0.0,113,1.0,1661
115,1,20,0.0,114,1.0,1661
116,1,20,0.0,115,1.0,1661
117,1,20,0.0,116,1.0,1661
118,1,20,0.0,117,0.4,1661
119,1,20,0.0,118,0.0,1661
120,1,20,0.0,119,0.0,1661
121,1,20,0.0,120,0.0,1661
122,1,20,0.0,121,0.0,1661
123,1,20,0.0,122,0.0,1661
124,1,20,0.0,123,0.0,1661
125,1,20,0.0,124,0.0,1661
126,1,20,0.0,125,0.0,1661
127,1,20,0.0,126,0.0,1661
128,1,20,0.0,127,0.0,1661
129,1,20,0.0,128,0.0,1661
130,1,20,0.0,129,0.0,1661
131,1,20,0.0,130,0.0,1661
132,1,20,0.0,131,0.0,1661
133,1,20,0.0,132,0.0,1661
134,1,20,0.0,133,0.0,1661
135,1,20,0.0,134,0.0,1661
136,1,20,0.0,135,0.0,1661
137,1,20,0.0,136,0.0,1661
138,1,20,0.0,137,0.0,1661
139,1,20,0.0,138,0.0,1661
140,1,20,0.0,139,0.0,1661
141,1,20,0.0,140,0.0,1661
142,1,20,0.0,141,0.0,1661
143,1,20,0.0,142,0.0,1661
144,1,20,0.0,143,0.0,1661
145,1,20,0.0,144,0.0,1661
146,1,20,0.0,145,0.0,1661
147,1,20,0.0,146,0.0,1661
148,1,20,0.0,147,0.55,1661
149,1,20,0.0,148,1.0,1661
150,1,20,0.0,149,1.0,1661
151,1,20,0.0,150,0.26,1661
152,1,20,0.0,151,0.0,1661
153,1,20,0.0,152,0.0,1661
154,1,20,0.0,153,0.0,1661
155,1,20,0.0,154,0.0,1661
156,1,20,0.0,155,0.0,1661
157,1,20,0.0,156,0.0,1661
158,1,20,0.0,157,0.0,1661
159,1,20,0.0,158,0.0,1661
160,1,20,0.0,159,0.0,1661
161,1,20,0.0,160,1.0,1661
162,1,20,0.0,161,1.0,1661
163,1,20,0.0,162,1.0,1661
1,1,20,0.0,0,0.0,5137
2,1,20,0.0,1,0.0,5137
3,1,20,0.0,2,0.0,5137
4,1,20,0.0,3,0.0,5137
5,1,20,0.0,4,0.0,5137
6,1,20,0.0,5,0.0,5137
7,1,20,0.0,6,0.0,5137
8,1,20,0.0,7,0.0,5137
9,1,20,0.0,8,0.0,5137
10,1,20,0.0,9,0.0,5137
11,1,20,0.0,10,0.0,5137
12,1,20,0.0,11,0.5,5137
13,1,20,0.0,12,0.76,5137
14,1,20,0.0,13,0.0,5137
15,1,20,0.0,14,0.0,5137
16,1,20,0.0,15,0.0,5137
17,1,20,0.0,16,0.0,5137
18,1,20,0.0,17,0.0,5137
19,1,20,0.0,18,0.0,5137
20,1,20,0.0,19,0.0,5137
21,1,20,0.0,20,0.0,5137
22,1,20,0.0,21,0.0,5137
23,1,20,0.0,22,0.0,5137
24,1,20,0.0,23,0.0,5137
25,1,20,0.0,24,0.0,5137
26,1,20,0.0,25,0.0,5137
27,1,20,0.0,26,0.0,5137
28,1,20,0.0,27,0.0,5137
29,1,20,0.0,28,0.0,5137
30,1,20,0.0,29,0.0,5137
31,1,20,0.0,30,0.0,5137
32,1,20,0.0,31,0.0,5137
33,1,20,0.0,32,0.0,5137
34,1,20,0.0,33,0.0,5137
35,1,20,0.0,34,0.0,5137
36,1,20,0.0,35,0.0,5137
37,1,20,0.0,36,0.0,5137
38,1,20,0.0,37,0.0,5137
39,1,20,0.0,38,0.0,5137
40,1,20,0.0,39,0.0,5137
41,1,20,0.0,40,0.0,5137
42,1,20,0.0,41,0.0,5137
43,1,20,0.0,42,0.0,5137
44,1,20,0.0,43,0.0,5137
45,1,20,0.0,44,0.0,5137
46,1,20,0.0,45,0.0,5137
47,1,20,0.0,46,0.0,5137
48,1,20,0.0,47,0.0,5137
49,1,20,0.0,48,0.0,5137
50,1,20,0.0,49,0.0,5137
51,1,20,0.0,50,0.0,5137
52,1,20,0.0,51,0.0,5137
53,1,20,0.0,52,0.0,5137
54,1,20,0.0,53,0.0,5137
55,1,20,0.0,54,0.0,5137
56,1,20,0.0,55,0.1,5137
57,1,20,0.0,56,1.0,5137
58,1,20,0.0,57,1.0,5137
59,1,20,0.0,58,1.0,5137
60,1,20,0.0,59,1.0,5137
61,1,20,0.0,60,1.0,5137
62,1,20,0.0,61,1.0,5137
63,1,20,0.0,62,0.15,5137
64,1,20,0.0,63,0.0,5137
65,1,20,0.0,64,0.0,5137
66,1,20,0.0,65,0.0,5137
67,1,20,0.0,66,0.0,5137
68,1,20,0.0,67,0.0,5137
69,1,20,0.0,68,0.0,5137
70,1,20,0.0,69,0.0,5137
71,1,20,0.0,70,0.0,5137
72,1,20,0.0,71,0.0,5137
73,1,20,0.0,72,0.0,5137
74,1,20,0.0,73,0.0,5137
75,1,20,0.0,74,0.0,5137
76,1,20,0.0,75,0.4,5137
77,1,20,0.0,76,0.35,5137
78,1,20,0.0,77,0.0,5137
79,1,20,0.0,78,0.0,5137
80,1,20,0.0,79,0.0,5137
81,1,20,0.0,80,0.0,5137
82,1,20,0.0,81,0.0,5137
83,1,20,0.0,82,0.0,5137
84,1,20,0.0,83,0.0,5137
85,1,20,0.0,84,0.0,5137
86,1,20,0.0,85,0.0,5137
87,1,20,0.0,86,0.0,5137
88,1,20,0.0,87,0.0,5137
89,1,20,0.0,88,0.0,5137
90,1,20,0.0,89,0.0,5137
91,1,20,0.0,90,0.0,5137
92,1,20,0.0,91,0.0,5137
93,1,20,0.0,92,0.0,5137
94,1,20,0.0,93,0.0,5137
95,1,20,0.0,94,0.0,5137
96,1,20,0.0,95,0.0,5137
97,1,20,0.0,96,0.0,5137
98,1,20,0.0,97,0.0,5137
99,1,20,0.0,98,0.0,5137
100,1,20,0.0,99,0.0,5137
101,1,20,0.0,100,0.0,5137
102,1,20,0.0,101,0.0,5137
103,1,20,0.0,102,0.0,5137
104,1,20,0.0,103,0.0,5137
105,1,20,0.0,104,0.61,5137
106,1,20,0.0,105,0.0,5137
107,1,20,0.0,106,0.0,5137
108,1,20,0.0,107,0.22,5137
109,1,20,0.0,108,0.0,5137
110,1,20,0.0,109,0.0,5137
111,1,20,0.0,110,0.0,5137
112,1,20,0.0,111,0.65,5137
113,1,20,0.0,112,0.0,5137
114,1,20,0.0,113,0.0,5137
115,1,20,0.0,114,0.0,5137
116,1,20,0.0,115,0.0,5137
117,1,20,0.0,116,0.0,5137
118,1,20,0.0,117,0.0,5137
119,1,20,0.0,118,0.0,5137
120,1,20,0.0,119,0.0,5137
121,1,20,0.0,120,0.0,5137
122,1,20,0.0,121,0.0,5137
123,1,20,0.0,122,0.0,5137
124,1,20,0.0,123,0.0,5137
125,1,20,0.0,124,0.0,5137
126,1,20,0.0,125,0.0,5137
127,1,20,0.0,126,0.65,5137
128,1,20,0.0,127,0.0,5137
129,1,20,0.0,128,0.67,5137
130,1,20,0.0,129,0.0,5137
131,1,20,0.0,130,0.35,5137
132,1,20,0.0,131,0.3,5137
133,1,20,0.0,132,0.0,5137
134,1,20,0.0,133,0.0,5137
135,1,20,0.0,134,0.0,5137
136,1,20,0.0,135,0.0,5137
137,1,20,0.0,136,0.0,5137
138,1,20,0.0,137,0.0,5137
139,1,20,0.0,138,0.0,5137
140,1,20,0.0,139,0.0,5137
141,1,20,0.0,140,0.0,5137
142,1,20,0.0,141,0.0,5137
143,1,20,0.0,142,0.0,5137
144,1,20,0.0,143,0.0,5137
145,1,20,0.0,144,0.1,5137
146,1,20,0.0,145,0.55,5137
147,1,20,0.0,146,0.1,5137
148,1,20,0.0,147,1.0,5137
149,1,20,0.0,148,1.0,5137
150,1,20,0.0,149,1.0,5137
151,1,20,0.0,150,0.2,5137
152,1,20,0.0,151,0.0,5137
153,1,20,0.0,152,0.0,5137
154,1,20,0.0,153,0.0,5137
155,1,20,0.0,154,0.0,5137
156,1,20,0.0,155,0.0,5137
157,1,20,0.0,156,0.0,5137
158,1,20,0.0,157,0.0,5137
159,1,20,0.0,158,0.0,5137
160,1,20,0.0,159,0.0,5137
161,1,20,0.0,160,0.0,5137
162,1,20,0.0,161,0.0,5137
163,1,20,0.0,162,0.0,5137
1,1,21,0.0,0,0.0,4123
2,1,21,0.0,1,0.0,4123
3,1,21,0.0,2,0.0,4123
4,1,21,0.0,3,0.0,4123
5,1,21,0.0,4,0.0,4123
6,1,21,0.0,5,0.0,4123
7,1,21,0.0,6,0.0,4123
8,1,21,0.0,7,0.0,4123
9,1,21,0.0,8,0.0,4123
10,1,21,0.0,9,0.0,4123
11,1,21,0.0,10,0.0,4123
12,1,21,0.0,11,0.2,4123
13,1,21,0.0,12,0.35,4123
14,1,21,0.0,13,0.0,4123
15,1,21,0.0,14,0.0,4123
16,1,21,0.0,15,0.0,4123
17,1,21,0.0,16,0.0,4123
18,1,21,0.0,17,0.0,4123
19,1,21,0.0,18,0.0,4123
20,1,21,0.0,19,0.0,4123
21,1,21,0.0,20,0.0,4123
22,1,21,0.0,21,0.0,4123
23,1,21,0.0,22,0.0,4123
24,1,21,0.0,23,0.0,4123
25,1,21,0.0,24,0.0,4123
26,1,21,0.0,25,0.0,4123
27,1,21,0.0,26,0.0,4123
28,1,21,0.0,27,0.4,4123
29,1,21,0.0,28,1.0,4123
30,1,21,0.0,29,1.0,4123
31,1,21,0.0,30,0.65,4123
32,1,21,0.0,31,0.0,4123
33,1,21,0.0,32,0.0,4123
34,1,21,0.0,33,0.0,4123
35,1,21,0.25,34,0.0,4123
36,1,21,1.0,35,0.0,4123
37,1,21,0.03,36,0.8,4123
38,1,21,0.0,37,0.9,4123
39,1,21,0.0,38,0.0,4123
40,1,21,0.0,39,0.12,4123
41,1,21,0.0,40,0.0,4123
42,1,21,0.0,41,0.0,4123
43,1,21,0.0,42,0.0,4123
44,1,21,0.0,43,0.0,4123
45,1,21,0.0,44,0.0,4123
46,1,21,0.0,45,0.0,4123
47,1,21,0.0,46,0.0,4123
48,1,21,0.0,47,0.0,4123
49,1,21,0.0,48,0.0,4123
50,1,21,0.0,49,0.0,4123
51,1,21,0.0,50,0.0,4123
52,1,21,0.0,51,0.0,4123
53,1,21,0.0,52,0.0,4123
54,1,21,0.0,53,0.0,4123
55,1,21,0.15,54,0.0,4123
56,1,21,1.0,55,0.0,4123
57,1,21,1.0,56,0.0,4123
58,1,21,1.0,57,0.0,4123
59,1,21,1.0,58,0.0,4123
60,1,21,1.0,59,0.0,4123
61,1,21,1.0,60,0.0,4123
62,1,21,0.66,61,0.0,4123
63,1,21,0.0,62,0.4,4123
64,1,21,0.0,63,0.87,4123
65,1,21,0.0,64,0.0,4123
66,1,21,0.0,65,0.0,4123
67,1,21,0.2,66,0.0,4123
68,1,21,1.0,67,0.0,4123
69,1,21,1.0,68,0.0,4123
70,1,21,1.0,69,0.0,4123
71,1,21,0.95,70,0.0,4123
72,1,21,0.0,71,0.65,4123
73,1,21,0.0,72,1.0,4123
74,1,21,0.0,73,1.0,4123
75,1,21,0.0,74,1.0,4123
76,1,21,0.0,75,1.0,4123
77,1,21,0.0,76,0.8,4123
78,1,21,0.75,77,0.0,4123
79,1,21,1.0,78,0.0,4123
80,1,21,0.8,79,0.0,4123
81,1,21,0.0,80,0.0,4123
82,1,21,0.0,81,0.0,4123
83,1,21,0.0,82,0.2,4123
84,1,21,0.0,83,1.0,4123
85,1,21,0.0,84,1.0,4123
86,1,21,0.0,85,1.0,4123
87,1,21,0.25,86,0.35,4123
88,1,21,1.0,87,0.0,4123
89,1,21,1.0,88,0.0,4123
90,1,21,1.0,89,0.0,4123
91,1,21,1.0,90,0.0,4123
92,1,21,1.0,91,0.0,4123
93,1,21,1.0,92,0.0,4123
94,1,21,1.0,93,0.0,4123
95,1,21,1.0,94,0.0,4123
96,1,21,1.0,95,0.0,4123
97,1,21,1.0,96,0.0,4123
98,1,21,1.0,97,0.0,4123
99,1,21,1.0,98,0.0,4123
100,1,21,1.0,99,0.0,4123
101,1,21,0.9,100,0.0,4123
102,1,21,0.0,101,0.0,4123
103,1,21,0.7,102,0.0,4123
104,1,21,1.0,103,0.0,4123
105,1,21,1.0,104,0.0,4123
106,1,21,1.0,105,0.0,4123
107,1,21,1.0,106,0.0,4123
108,1,21,1.0,107,0.0,4123
109,1,21,1.0,108,0.0,4123
110,1,21,1.0,109,0.0,4123
111,1,21,0.25,110,0.0,4123
112,1,21,0.0,111,0.95,4123
113,1,21,0.0,112,1.0,4123
114,1,21,0.0,113,1.0,4123
115,1,21,0.0,114,1.0,4123
116,1,21,0.0,115,1.0,4123
117,1,21,0.0,116,1.0,4123
118,1,21,0.0,117,0.22,4123
119,1,21,0.0,118,0.0,4123
120,1,21,0.0,119,0.0,4123
121,1,21,0.0,120,0.0,4123
122,1,21,0.0,121,0.0,4123
123,1,21,0.0,122,0.55,4123
124,1,21,0.0,123,1.0,4123
125,1,21,0.0,124,1.0,4123
126,1,21,0.0,125,1.0,4123
127,1,21,0.0,126,0.9,4123
128,1,21,0.0,127,0.0,4123
129,1,21,0.0,128,0.0,4123
130,1,21,0.0,129,0.0,4123
131,1,21,0.0,130,0.0,4123
132,1,21,0.0,131,0.0,4123
133,1,21,0.0,132,0.7,4123
134,1,21,0.0,133,1.0,4123
135,1,21,0.0,134,1.0,4123
136,1,21,0.0,135,1.0,4123
137,1,21,0.0,136,1.0,4123
138,1,21,0.0,137,1.0,4123
139,1,21,0.0,138,1.0,4123
140,1,21,0.0,139,0.2,4123
141,1,21,0.0,140,0.0,4123
142,1,21,0.0,141,0.0,4123
143,1,21,0.0,142,0.0,4123
144,1,21,0.0,143,0.0,4123
145,1,21,0.0,144,0.0,4123
146,1,21,0.0,145,0.0,4123
147,1,21,0.0,146,0.0,4123
148,1,21,0.0,147,0.0,4123
149,1,21,0.0,148,0.0,4123
150,1,21,0.0,149,0.85,4123
151,1,21,0.0,150,0.0,4123
152,1,21,0.0,151,0.0,4123
153,1,21,0.0,152,0.0,4123
154,1,21,0.0,153,0.0,4123
155,1,21,0.0,154,0.0,4123
156,1,21,0.0,155,0.0,4123
157,1,21,0.0,156,0.0,4123
158,1,21,0.0,157,0.65,4123
159,1,21,0.0,158,0.0,4123
160,1,21,0.0,159,0.65,4123
161,1,21,0.0,160,0.05,4123
162,1,21,0.0,161,0.0,4123
163,1,21,0.0,162,0.0,4123
1,1,22,0.0,0,0.0,3408
2,1,22,0.0,1,0.0,3408
3,1,22,0.0,2,0.0,3408
4,1,22,0.0,3,0.0,3408
5,1,22,0.0,4,0.0,3408
6,1,22,0.0,5,0.0,3408
7,1,22,0.0,6,0.0,3408
8,1,22,0.0,7,0.0,3408
9,1,22,0.0,8,0.0,3408
10,1,22,0.0,9,0.0,3408
11,1,22,0.0,10,0.0,3408
12,1,22,0.0,11,0.0,3408
13,1,22,0.0,12,0.0,3408
14,1,22,0.0,13,0.0,3408
15,1,22,0.0,14,0.0,3408
16,1,22,0.0,15,0.0,3408
17,1,22,0.0,16,0.0,3408
18,1,22,0.0,17,0.0,3408
19,1,22,0.0,18,0.0,3408
20,1,22,0.0,19,0.0,3408
21,1,22,0.0,20,0.0,3408
22,1,22,0.0,21,0.0,3408
23,1,22,0.0,22,0.0,3408
24,1,22,0.0,23,0.0,3408
25,1,22,0.0,24,0.0,3408
26,1,22,0.0,25,0.0,3408
27,1,22,0.0,26,0.0,3408
28,1,22,0.0,27,0.0,3408
29,1,22,0.0,28,0.0,3408
30,1,22,0.0,29,0.0,3408
31,1,22,0.0,30,0.0,3408
32,1,22,0.0,31,0.0,3408
33,1,22,0.0,32,0.0,3408
34,1,22,0.0,33,0.0,3408
35,1,22,0.0,34,0.0,3408
36,1,22,0.0,35,0.0,3408
37,1,22,0.0,36,0.0,3408
38,1,22,0.0,37,0.0,3408
39,1,22,0.0,38,0.0,3408
40,1,22,0.0,39,0.0,3408
41,1,22,0.0,40,0.0,3408
42,1,22,0.0,41,0.0,3408
43,1,22,0.0,42,0.0,3408
44,1,22,0.0,43,0.0,3408
45,1,22,0.0,44,0.0,3408
46,1,22,0.0,45,0.0,3408
47,1,22,0.0,46,0.0,3408
48,1,22,0.0,47,0.0,3408
49,1,22,0.0,48,0.0,3408
50,1,22,0.0,49,0.0,3408
51,1,22,0.0,50,0.0,3408
52,1,22,0.0,51,0.0,3408
53,1,22,0.0,52,0.0,3408
54,1,22,0.0,53,0.0,3408
55,1,22,0.0,54,0.0,3408
56,1,22,0.0,55,0.0,3408
57,1,22,0.0,56,0.0,3408
58,1,22,0.0,57,0.0,3408
59,1,22,0.0,58,0.0,3408
60,1,22,0.0,59,0.0,3408
61,1,22,0.0,60,0.0,3408
62,1,22,0.0,61,0.0,3408
63,1,22,0.0,62,0.0,3408
64,1,22,0.0,63,0.0,3408
65,1,22,0.0,64,0.0,3408
66,1,22,0.0,65,0.0,3408
67,1,22,0.0,66,0.0,3408
68,1,22,0.0,67,0.0,3408
69,1,22,0.0,68,0.0,3408
70,1,22,0.0,69,0.0,3408
71,1,22,0.0,70,0.0,3408
72,1,22,0.0,71,0.0,3408
73,1,22,0.0,72,0.0,3408
74,1,22,0.0,73,0.0,3408
75,1,22,0.0,74,0.0,3408
76,1,22,0.0,75,0.0,3408
77,1,22,0.0,76,0.0,3408
78,1,22,0.0,77,0.0,3408
79,1,22,0.0,78,0.0,3408
80,1,22,0.0,79,0.0,3408
81,1,22,0.0,80,0.0,3408
82,1,22,0.0,81,0.0,3408
83,1,22,0.0,82,0.0,3408
84,1,22,0.0,83,0.0,3408
85,1,22,0.0,84,0.0,3408
86,1,22,0.0,85,0.0,3408
87,1,22,0.0,86,0.0,3408
88,1,22,0.0,87,0.0,3408
89,1,22,0.0,88,0.0,3408
90,1,22,0.0,89,0.0,3408
91,1,22,0.0,90,0.0,3408
92,1,22,0.0,91,0.0,3408
93,1,22,0.0,92,0.0,3408
94,1,22,0.0,93,0.0,3408
95,1,22,0.0,94,0.0,3408
96,1,22,0.0,95,0.0,3408
97,1,22,0.0,96,0.0,3408
98,1,22,0.0,97,0.0,3408
99,1,22,0.0,98,0.0,3408
100,1,22,0.0,99,0.0,3408
101,1,22,0.0,100,0.0,3408
102,1,22,0.0,101,0.0,3408
103,1,22,0.0,102,0.0,3408
104,1,22,0.0,103,0.0,3408
105,1,22,0.0,104,0.0,3408
106,1,22,0.0,105,0.0,3408
107,1,22,0.0,106,0.0,3408
108,1,22,0.0,107,0.0,3408
109,1,22,0.0,108,0.0,3408
110,1,22,0.0,109,0.0,3408
111,1,22,0.0,110,0.0,3408
112,1,22,0.0,111,0.0,3408
113,1,22,0.0,112,0.0,3408
114,1,22,0.0,113,0.0,3408
115,1,22,0.0,114,0.0,3408
116,1,22,0.0,115,0.0,3408
117,1,22,0.0,116,0.0,3408
118,1,22,0.0,117,0.0,3408
119,1,22,0.0,118,0.0,3408
120,1,22,0.0,119,0.0,3408
121,1,22,0.0,120,0.0,3408
122,1,22,0.0,121,0.0,3408
123,1,22,0.0,122,0.0,3408
124,1,22,0.0,123,0.0,3408
125,1,22,0.0,124,0.0,3408
126,1,22,0.0,125,0.0,3408
127,1,22,0.0,126,0.0,3408
128,1,22,0.0,127,0.0,3408
129,1,22,0.0,128,0.0,3408
130,1,22,0.0,129,0.0,3408
131,1,22,0.0,130,0.0,3408
132,1,22,0.0,131,0.0,3408
133,1,22,0.0,132,0.0,3408
134,1,22,0.0,133,0.0,3408
135,1,22,0.0,134,0.0,3408
136,1,22,0.0,135,0.0,3408
137,1,22,0.0,136,0.0,3408
138,1,22,0.0,137,0.0,3408
139,1,22,0.0,138,0.0,3408
140,1,22,0.0,139,0.0,3408
141,1,22,0.0,140,0.0,3408
142,1,22,0.0,141,0.0,3408
143,1,22,0.0,142,0.0,3408
144,1,22,0.0,143,0.0,3408
145,1,22,0.0,144,0.0,3408
146,1,22,0.0,145,0.0,3408
147,1,22,0.0,146,0.0,3408
148,1,22,0.0,147,0.0,3408
149,1,22,0.0,148,0.0,3408
150,1,22,0.0,149,0.0,3408
151,1,22,0.0,150,0.0,3408
152,1,22,0.0,151,0.0,3408
153,1,22,0.0,152,0.0,3408
154,1,22,0.0,153,0.0,3408
155,1,22,0.0,154,0.0,3408
156,1,22,0.0,155,0.0,3408
157,1,22,0.0,156,0.0,3408
158,1,22,0.0,157,0.0,3408
159,1,22,0.0,158,0.0,3408
160,1,22,0.0,159,0.0,3408
161,1,22,0.0,160,0.0,3408
162,1,22,0.0,161,0.0,3408
163,1,22,0.0,162,0.0,3408
1,1,21,0.0,0,0.0,4415
2,1,21,0.0,1,0.0,4415
3,1,21,0.0,2,0.0,4415
4,1,21,0.0,3,0.0,4415
5,1,21,0.0,4,0.0,4415
6,1,21,0.0,5,0.0,4415
7,1,21,0.0,6,0.0,4415
8,1,21,0.0,7,0.0,4415
9,1,21,0.0,8,0.0,4415
10,1,21,0.0,9,0.0,4415
11,1,21,0.0,10,0.0,4415
12,1,21,0.0,11,0.0,4415
13,1,21,0.0,12,0.0,4415
14,1,21,0.0,13,0.0,4415
15,1,21,0.0,14,0.0,4415
16,1,21,0.0,15,0.0,4415
17,1,21,0.0,16,0.0,4415
18,1,21,0.0,17,0.0,4415
19,1,21,0.0,18,0.0,4415
20,1,21,0.0,19,0.0,4415
21,1,21,0.0,20,0.0,4415
22,1,21,0.0,21,0.0,4415
23,1,21,0.0,22,0.0,4415
24,1,21,0.0,23,0.0,4415
25,1,21,0.0,24,0.0,4415
26,1,21,0.0,25,0.0,4415
27,1,21,0.0,26,0.0,4415
28,1,21,0.0,27,0.0,4415
29,1,21,0.0,28,0.0,4415
30,1,21,0.0,29,0.7,4415
31,1,21,0.0,30,1.0,4415
32,1,21,0.0,31,0.36,4415
33,1,21,0.0,32,0.0,4415
34,1,21,0.0,33,0.0,4415
35,1,21,0.0,34,0.0,4415
36,1,21,0.0,35,0.0,4415
37,1,21,0.0,36,0.16,4415
38,1,21,0.0,37,0.0,4415
39,1,21,0.0,38,0.0,4415
40,1,21,0.0,39,0.0,4415
41,1,21,0.0,40,0.0,4415
42,1,21,0.0,41,0.0,4415
43,1,21,0.0,42,0.0,4415
44,1,21,0.0,43,0.5,4415
45,1,21,0.0,44,1.0,4415
46,1,21,0.0,45,1.0,4415
47,1,21,0.0,46,0.0,4415
48,1,21,0.0,47,0.0,4415
49,1,21,0.0,48,0.0,4415
50,1,21,0.0,49,0.0,4415
51,1,21,0.0,50,0.0,4415
52,1,21,0.0,51,0.71,4415
53,1,21,0.0,52,0.0,4415
54,1,21,0.0,53,0.0,4415
55,1,21,0.0,54,0.65,4415
56,1,21,0.0,55,0.15,4415
57,1,21,0.0,56,0.0,4415
58,1,21,0.0,57,0.0,4415
59,1,21,0.0,58,0.0,4415
60,1,21,0.0,59,0.0,4415
61,1,21,0.0,60,0.66,4415
62,1,21,0.0,61,0.0,4415
63,1,21,0.0,62,0.0,4415
64,1,21,0.0,63,0.0,4415
65,1,21,0.0,64,0.0,4415
66,1,21,0.0,65,0.0,4415
67,1,21,0.0,66,0.0,4415
68,1,21,0.0,67,0.0,4415
69,1,21,0.0,68,0.0,4415
70,1,21,0.0,69,0.0,4415
71,1,21,0.0,70,0.0,4415
72,1,21,0.0,71,0.3,4415
73,1,21,0.0,72,0.0,4415
74,1,21,0.0,73,0.0,4415
75,1,21,0.0,74,0.0,4415
76,1,21,0.0,75,0.0,4415
77,1,21,0.0,76,0.0,4415
78,1,21,0.0,77,0.0,4415
79,1,21,0.0,78,0.0,4415
80,1,21,0.0,79,0.0,4415
81,1,21,0.0,80,0.0,4415
82,1,21,0.0,81,0.0,4415
83,1,21,0.0,82,0.15,4415
84,1,21,0.0,83,0.0,4415
85,1,21,0.0,84,0.45,4415
86,1,21,0.0,85,0.2,4415
87,1,21,0.0,86,0.0,4415
88,1,21,0.0,87,0.66,4415
89,1,21,0.0,88,0.0,4415
90,1,21,0.0,89,0.0,4415
91,1,21,0.0,90,0.0,4415
92,1,21,0.0,91,0.0,4415
93,1,21,0.0,92,0.0,4415
94,1,21,0.0,93,0.0,4415
95,1,21,0.0,94,0.0,4415
96,1,21,0.0,95,0.0,4415
97,1,21,0.0,96,0.7,4415
98,1,21,0.0,97,1.0,4415
99,1,21,0.0,98,0.0,4415
100,1,21,0.0,99,0.0,4415
101,1,21,0.0,100,0.0,4415
102,1,21,0.0,101,0.0,4415
103,1,21,0.0,102,0.0,4415
104,1,21,0.0,103,0.0,4415
105,1,21,0.0,104,0.0,4415
106,1,21,0.0,105,0.0,4415
107,1,21,0.0,106,0.78,4415
108,1,21,0.0,107,0.0,4415
109,1,21,0.0,108,0.0,4415
110,1,21,0.0,109,0.45,4415
111,1,21,0.0,110,1.0,4415
112,1,21,0.0,111,0.35,4415
113,1,21,0.0,112,0.0,4415
114,1,21,0.0,113,0.0,4415
115,1,21,0.0,114,0.0,4415
116,1,21,0.0,115,0.0,4415
117,1,21,0.0,116,0.0,4415
118,1,21,0.0,117,0.0,4415
119,1,21,0.0,118,0.0,4415
120,1,21,0.0,119,0.0,4415
121,1,21,0.0,120,0.0,4415
122,1,21,0.0,121,0.0,4415
123,1,21,0.0,122,0.0,4415
124,1,21,0.0,123,0.0,4415
125,1,21,0.0,124,0.0,4415
126,1,21,0.0,125,0.0,4415
127,1,21,0.0,126,0.0,4415
128,1,21,0.0,127,0.0,4415
129,1,21,0.0,128,0.0,4415
130,1,21,0.0,129,0.0,4415
131,1,21,0.0,130,0.0,4415
132,1,21,0.0,131,0.0,4415
133,1,21,0.0,132,0.0,4415
134,1,21,0.0,133,0.0,4415
135,1,21,0.0,134,0.0,4415
136,1,21,0.0,135,0.0,4415
137,1,21,0.0,136,0.0,4415
138,1,21,0.0,137,0.4,4415
139,1,21,0.0,138,1.0,4415
140,1,21,0.0,139,0.35,4415
141,1,21,0.0,140,0.0,4415
142,1,21,0.0,141,0.0,4415
143,1,21,0.0,142,0.0,4415
144,1,21,0.0,143,0.0,4415
145,1,21,0.0,144,0.3,4415
146,1,21,0.0,145,0.36,4415
147,1,21,0.0,146,0.0,4415
148,1,21,0.0,147,0.75,4415
149,1,21,0.0,148,0.35,4415
150,1,21,0.0,149,0.0,4415
151,1,21,0.0,150,0.0,4415
152,1,21,0.0,151,0.0,4415
153,1,21,0.0,152,0.0,4415
154,1,21,0.0,153,0.0,4415
155,1,21,0.0,154,0.0,4415
156,1,21,0.0,155,0.0,4415
157,1,21,0.0,156,0.0,4415
158,1,21,0.0,157,0.0,4415
159,1,21,0.0,158,0.05,4415
160,1,21,0.0,159,0.02,4415
161,1,21,0.0,160,0.0,4415
162,1,21,0.0,161,0.0,4415
163,1,21,0.0,162,0.0,4415
1,1,22,0.0,0,0.0,4964
2,1,22,0.0,1,0.7,4964
3,1,22,0.0,2,0.0,4964
4,1,22,0.0,3,0.0,4964
5,1,22,0.0,4,0.0,4964
6,1,22,0.0,5,0.0,4964
7,1,22,0.0,6,0.0,4964
8,1,22,0.0,7,0.0,4964
9,1,22,0.0,8,0.0,4964
10,1,22,0.0,9,0.0,4964
11,1,22,0.0,10,0.0,4964
12,1,22,0.0,11,0.0,4964
13,1,22,0.0,12,0.0,4964
14,1,22,0.0,13,0.0,4964
15,1,22,0.0,14,0.0,4964
16,1,22,0.0,15,0.0,4964
17,1,22,0.0,16,0.0,4964
18,1,22,0.0,17,0.0,4964
19,1,22,0.0,18,0.0,4964
20,1,22,0.0,19,0.0,4964
21,1,22,0.0,20,0.0,4964
22,1,22,0.0,21,0.0,4964
23,1,22,0.0,22,0.0,4964
24,1,22,0.0,23,0.0,4964
25,1,22,0.0,24,0.0,4964
26,1,22,0.0,25,0.0,4964
27,1,22,0.0,26,0.0,4964
28,1,22,0.0,27,0.0,4964
29,1,22,0.0,28,0.0,4964
30,1,22,0.0,29,0.0,4964
31,1,22,0.0,30,0.0,4964
32,1,22,0.0,31,0.0,4964
33,1,22,0.0,32,0.0,4964
34,1,22,0.0,33,0.0,4964
35,1,22,0.0,34,0.0,4964
36,1,22,0.0,35,0.0,4964
37,1,22,0.0,36,0.0,4964
38,1,22,0.0,37,0.0,4964
39,1,22,0.0,38,0.0,4964
40,1,22,0.0,39,0.0,4964
41,1,22,0.0,40,0.0,4964
42,1,22,0.0,41,0.0,4964
43,1,22,0.0,42,0.0,4964
44,1,22,0.0,43,0.0,4964
45,1,22,0.0,44,0.0,4964
46,1,22,0.0,45,0.0,4964
47,1,22,0.0,46,0.0,4964
48,1,22,0.0,47,0.0,4964
49,1,22,0.0,48,0.0,4964
50,1,22,0.0,49,0.0,4964
51,1,22,0.0,50,0.0,4964
52,1,22,0.0,51,0.0,4964
53,1,22,0.0,52,0.0,4964
54,1,22,0.0,53,0.4,4964
55,1,22,0.0,54,0.6,4964
56,1,22,0.0,55,0.0,4964
57,1,22,0.0,56,0.1,4964
58,1,22,0.0,57,0.0,4964
59,1,22,0.0,58,0.0,4964
60,1,22,0.0,59,0.0,4964
61,1,22,0.0,60,0.1,4964
62,1,22,0.0,61,0.0,4964
63,1,22,0.0,62,0.0,4964
64,1,22,0.0,63,0.0,4964
65,1,22,0.0,64,0.0,4964
66,1,22,0.0,65,0.0,4964
67,1,22,0.0,66,0.0,4964
68,1,22,0.0,67,0.0,4964
69,1,22,0.0,68,0.0,4964
70,1,22,0.0,69,0.0,4964
71,1,22,0.0,70,0.0,4964
72,1,22,0.0,71,0.0,4964
73,1,22,0.0,72,0.0,4964
74,1,22,0.0,73,0.0,4964
75,1,22,0.0,74,0.0,4964
76,1,22,0.0,75,0.0,4964
77,1,22,0.0,76,0.0,4964
78,1,22,0.0,77,0.0,4964
79,1,22,0.0,78,0.0,4964
80,1,22,0.0,79,0.0,4964
81,1,22,0.0,80,0.0,4964
82,1,22,0.0,81,0.0,4964
83,1,22,0.0,82,0.12,4964
84,1,22,0.0,83,0.1,4964
85,1,22,0.0,84,0.06,4964
86,1,22,0.0,85,0.0,4964
87,1,22,0.0,86,0.2,4964
88,1,22,0.0,87,0.0,4964
89,1,22,0.0,88,0.15,4964
90,1,22,0.0,89,0.0,4964
91,1,22,0.0,90,0.0,4964
92,1,22,0.0,91,0.1,4964
93,1,22,0.0,92,0.05,4964
94,1,22,0.0,93,0.1,4964
95,1,22,0.0,94,0.0,4964
96,1,22,0.0,95,0.0,4964
97,1,22,0.0,96,0.15,4964
98,1,22,0.0,97,0.0,4964
99,1,22,0.0,98,0.12,4964
100,1,22,0.0,99,0.0,4964
101,1,22,0.0,100,0.0,4964
102,1,22,0.0,101,0.15,4964
103,1,22,0.0,102,0.0,4964
104,1,22,0.0,103,0.0,4964
105,1,22,0.0,104,0.1,4964
106,1,22,0.0,105,0.0,4964
107,1,22,0.0,106,0.0,4964
108,1,22,0.0,107,0.0,4964
109,1,22,0.0,108,0.0,4964
110,1,22,0.0,109,0.0,4964
111,1,22,0.0,110,0.0,4964
112,1,22,0.0,111,0.0,4964
113,1,22,0.0,112,0.0,4964
114,1,22,0.0,113,0.0,4964
115,1,22,0.0,114,0.0,4964
116,1,22,0.0,115,0.0,4964
117,1,22,0.0,116,0.0,4964
118,1,22,0.0,117,0.0,4964
119,1,22,0.0,118,0.0,4964
120,1,22,0.0,119,0.07,4964
121,1,22,0.0,120,0.0,4964
122,1,22,0.0,121,0.0,4964
123,1,22,0.0,122,0.0,4964
124,1,22,0.0,123,0.0,4964
125,1,22,0.0,124,0.0,4964
126,1,22,0.0,125,0.0,4964
127,1,22,0.0,126,0.0,4964
128,1,22,0.0,127,0.0,4964
129,1,22,0.0,128,0.0,4964
130,1,22,0.0,129,0.0,4964
131,1,22,0.0,130,0.0,4964
132,1,22,0.0,131,0.0,4964
133,1,22,0.0,132,0.0,4964
134,1,22,0.0,133,0.0,4964
135,1,22,0.0,134,0.1,4964
136,1,22,0.0,135,0.1,4964
137,1,22,0.0,136,0.0,4964
138,1,22,0.0,137,0.08,4964
139,1,22,0.0,138,0.0,4964
140,1,22,0.0,139,0.0,4964
141,1,22,0.0,140,0.0,4964
142,1,22,0.0,141,0.0,4964
143,1,22,0.0,142,0.05,4964
144,1,22,0.0,143,0.05,4964
145,1,22,0.0,144,0.0,4964
146,1,22,0.0,145,0.0,4964
147,1,22,0.0,146,0.0,4964
148,1,22,0.0,147,0.0,4964
149,1,22,0.0,148,0.05,4964
150,1,22,0.0,149,0.05,4964
151,1,22,0.0,150,0.0,4964
152,1,22,0.0,151,0.0,4964
153,1,22,0.0,152,0.0,4964
154,1,22,0.0,153,0.0,4964
155,1,22,0.0,154,0.0,4964
156,1,22,0.0,155,0.0,4964
157,1,22,0.0,156,0.0,4964
158,1,22,0.0,157,0.1,4964
159,1,22,0.0,158,0.0,4964
160,1,22,0.0,159,0.1,4964
161,1,22,0.0,160,0.0,4964
162,1,22,0.0,161,0.0,4964
163,1,22,0.0,162,0.0,4964
1,1,23,0.0,0,0.0,4501
2,1,23,0.0,1,0.0,4501
3,1,23,0.0,2,0.0,4501
4,1,23,0.0,3,0.0,4501
5,1,23,0.0,4,0.0,4501
6,1,23,0.0,5,0.0,4501
7,1,23,0.0,6,0.0,4501
8,1,23,0.0,7,0.0,4501
9,1,23,0.0,8,0.0,4501
10,1,23,0.0,9,0.0,4501
11,1,23,0.0,10,0.0,4501
12,1,23,0.0,11,0.0,4501
13,1,23,0.0,12,0.0,4501
14,1,23,0.0,13,0.0,4501
15,1,23,0.0,14,0.0,4501
16,1,23,0.0,15,0.0,4501
17,1,23,0.0,16,0.0,4501
18,1,23,0.0,17,0.0,4501
19,1,23,0.0,18,0.0,4501
20,1,23,0.0,19,0.0,4501
21,1,23,0.0,20,0.0,4501
22,1,23,0.0,21,0.0,4501
23,1,23,0.0,22,0.0,4501
24,1,23,0.0,23,0.0,4501
25,1,23,0.0,24,0.0,4501
26,1,23,0.0,25,0.0,4501
27,1,23,0.0,26,0.0,4501
28,1,23,0.0,27,0.0,4501
29,1,23,0.0,28,0.0,4501
30,1,23,0.0,29,0.0,4501
31,1,23,0.0,30,0.0,4501
32,1,23,0.0,31,0.0,4501
33,1,23,0.0,32,0.0,4501
34,1,23,0.0,33,0.0,4501
35,1,23,0.0,34,0.0,4501
36,1,23,0.0,35,0.0,4501
37,1,23,0.0,36,0.0,4501
38,1,23,0.0,37,0.0,4501
39,1,23,0.0,38,0.0,4501
40,1,23,0.0,39,0.0,4501
41,1,23,0.0,40,0.0,4501
42,1,23,0.0,41,0.0,4501
43,1,23,0.0,42,0.0,4501
44,1,23,0.0,43,0.0,4501
45,1,23,0.0,44,0.0,4501
46,1,23,0.0,45,0.0,4501
47,1,23,0.0,46,0.0,4501
48,1,23,0.0,47,0.0,4501
49,1,23,0.0,48,0.0,4501
50,1,23,0.0,49,0.0,4501
51,1,23,0.0,50,0.0,4501
52,1,23,0.0,51,0.0,4501
53,1,23,0.0,52,0.0,4501
54,1,23,0.0,53,0.0,4501
55,1,23,0.0,54,0.0,4501
56,1,23,0.0,55,0.0,4501
57,1,23,0.0,56,0.0,4501
58,1,23,0.0,57,0.0,4501
59,1,23,0.0,58,0.0,4501
60,1,23,0.0,59,0.0,4501
61,1,23,0.0,60,0.0,4501
62,1,23,0.0,61,0.0,4501
63,1,23,0.0,62,0.0,4501
64,1,23,0.0,63,0.0,4501
65,1,23,0.0,64,0.0,4501
66,1,23,0.0,65,0.0,4501
67,1,23,0.0,66,0.0,4501
68,1,23,0.0,67,0.0,4501
69,1,23,0.0,68,0.0,4501
70,1,23,0.0,69,0.0,4501
71,1,23,0.0,70,0.0,4501
72,1,23,0.0,71,0.0,4501
73,1,23,0.0,72,0.0,4501
74,1,23,0.0,73,0.0,4501
75,1,23,0.0,74,0.0,4501
76,1,23,0.0,75,0.0,4501
77,1,23,0.0,76,0.0,4501
78,1,23,0.0,77,0.0,4501
79,1,23,0.0,78,0.0,4501
80,1,23,0.0,79,0.0,4501
81,1,23,0.0,80,0.0,4501
82,1,23,0.0,81,0.0,4501
83,1,23,0.0,82,0.0,4501
84,1,23,0.0,83,0.0,4501
85,1,23,0.0,84,0.0,4501
86,1,23,0.0,85,0.0,4501
87,1,23,0.0,86,0.0,4501
88,1,23,0.0,87,0.0,4501
89,1,23,0.0,88,0.0,4501
90,1,23,0.0,89,0.0,4501
91,1,23,0.0,90,0.0,4501
92,1,23,0.0,91,0.0,4501
93,1,23,0.0,92,0.0,4501
94,1,23,0.0,93,0.0,4501
95,1,23,0.0,94,0.0,4501
96,1,23,0.0,95,0.0,4501
97,1,23,0.0,96,0.0,4501
98,1,23,0.0,97,0.0,4501
99,1,23,0.0,98,0.0,4501
100,1,23,0.0,99,0.0,4501
101,1,23,0.0,100,0.0,4501
102,1,23,0.0,101,0.0,4501
103,1,23,0.0,102,0.0,4501
104,1,23,0.0,103,0.0,4501
105,1,23,0.0,104,0.0,4501
106,1,23,0.0,105,0.0,4501
107,1,23,0.0,106,0.0,4501
108,1,23,0.0,107,0.0,4501
109,1,23,0.0,108,0.0,4501
110,1,23,0.0,109,0.0,4501
111,1,23,0.0,110,0.0,4501
112,1,23,0.0,111,0.0,4501
113,1,23,0.0,112,0.0,4501
114,1,23,0.0,113,0.0,4501
115,1,23,0.0,114,0.0,4501
116,1,23,0.0,115,0.0,4501
117,1,23,0.0,116,0.0,4501
118,1,23,0.0,117,0.0,4501
119,1,23,0.0,118,0.0,4501
120,1,23,0.0,119,0.0,4501
121,1,23,0.0,120,0.0,4501
122,1,23,0.0,121,0.0,4501
123,1,23,0.0,122,0.0,4501
124,1,23,0.0,123,0.0,4501
125,1,23,0.0,124,0.0,4501
126,1,23,0.0,125,0.0,4501
127,1,23,0.0,126,0.0,4501
128,1,23,0.0,127,0.0,4501
129,1,23,0.0,128,0.0,4501
130,1,23,0.0,129,0.0,4501
131,1,23,0.0,130,0.0,4501
132,1,23,0.0,131,0.0,4501
133,1,23,0.0,132,0.0,4501
134,1,23,0.0,133,0.0,4501
135,1,23,0.0,134,0.0,4501
136,1,23,0.0,135,0.0,4501
137,1,23,0.0,136,0.0,4501
138,1,23,0.0,137,0.0,4501
139,1,23,0.0,138,0.0,4501
140,1,23,0.0,139,0.0,4501
141,1,23,0.0,140,0.0,4501
142,1,23,0.0,141,0.0,4501
143,1,23,0.0,142,0.0,4501
144,1,23,0.0,143,0.0,4501
145,1,23,0.0,144,0.0,4501
146,1,23,0.0,145,0.0,4501
147,1,23,0.0,146,0.0,4501
148,1,23,0.0,147,0.0,4501
149,1,23,0.0,148,0.0,4501
150,1,23,0.0,149,0.0,4501
151,1,23,0.0,150,0.0,4501
152,1,23,0.0,151,0.0,4501
153,1,23,0.0,152,0.0,4501
154,1,23,0.0,153,0.0,4501
155,1,23,0.0,154,0.0,4501
156,1,23,0.0,155,0.0,4501
157,1,23,0.0,156,0.0,4501
158,1,23,0.0,157,0.0,4501
159,1,23,0.0,158,0.0,4501
160,1,23,0.0,159,0.0,4501
161,1,23,0.0,160,0.0,4501
162,1,23,0.0,161,0.0,4501
163,1,23,0.0,162,0.0,4501
1,1,21,0.0,0,0.0,7042
2,1,21,0.0,1,0.0,7042
3,1,21,0.0,2,0.0,7042
4,1,21,0.0,3,0.0,7042
5,1,21,0.0,4,0.0,7042
6,1,21,0.0,5,0.0,7042
7,1,21,0.0,6,0.0,7042
8,1,21,0.0,7,0.0,7042
9,1,21,0.0,8,0.0,7042
10,1,21,0.0,9,0.0,7042
11,1,21,0.0,10,0.0,7042
12,1,21,0.0,11,0.0,7042
13,1,21,0.0,12,0.0,7042
14,1,21,0.0,13,0.0,7042
15,1,21,0.0,14,0.0,7042
16,1,21,0.0,15,0.0,7042
17,1,21,0.0,16,0.0,7042
18,1,21,0.0,17,0.0,7042
19,1,21,0.0,18,0.0,7042
20,1,21,0.0,19,0.0,7042
21,1,21,0.0,20,0.0,7042
22,1,21,0.0,21,0.0,7042
23,1,21,0.0,22,0.0,7042
24,1,21,0.0,23,0.0,7042
25,1,21,0.0,24,0.0,7042
26,1,21,0.0,25,0.0,7042
27,1,21,0.0,26,0.0,7042
28,1,21,0.0,27,0.0,7042
29,1,21,0.0,28,0.0,7042
30,1,21,0.0,29,0.0,7042
31,1,21,0.0,30,0.0,7042
32,1,21,0.0,31,0.0,7042
33,1,21,0.0,32,0.0,7042
34,1,21,0.0,33,0.0,7042
35,1,21,0.0,34,0.0,7042
36,1,21,0.0,35,0.0,7042
37,1,21,0.0,36,0.0,7042
38,1,21,0.0,37,0.55,7042
39,1,21,0.0,38,0.7,7042
40,1,21,0.0,39,0.0,7042
41,1,21,0.0,40,0.0,7042
42,1,21,0.0,41,0.0,7042
43,1,21,0.0,42,0.0,7042
44,1,21,0.0,43,0.0,7042
45,1,21,0.0,44,0.0,7042
46,1,21,0.0,45,0.0,7042
47,1,21,0.0,46,0.0,7042
48,1,21,0.0,47,0.0,7042
49,1,21,0.0,48,0.0,7042
50,1,21,0.0,49,0.0,7042
51,1,21,0.0,50,0.0,7042
52,1,21,0.0,51,0.0,7042
53,1,21,0.0,52,0.0,7042
54,1,21,0.0,53,0.0,7042
55,1,21,0.0,54,0.0,7042
56,1,21,0.0,55,0.0,7042
57,1,21,0.0,56,0.0,7042
58,1,21,0.0,57,0.0,7042
59,1,21,0.0,58,0.0,7042
60,1,21,0.0,59,0.0,7042
61,1,21,0.0,60,0.0,7042
62,1,21,0.0,61,0.0,7042
63,1,21,0.0,62,0.0,7042
64,1,21,0.0,63,0.0,7042
65,1,21,0.0,64,0.0,7042
66,1,21,0.0,65,0.0,7042
67,1,21,0.0,66,0.0,7042
68,1,21,0.0,67,0.0,7042
69,1,21,0.0,68,0.0,7042
70,1,21,0.0,69,0.0,7042
71,1,21,0.0,70,0.0,7042
72,1,21,0.0,71,0.0,7042
73,1,21,0.0,72,0.0,7042
74,1,21,0.0,73,0.0,7042
75,1,21,0.0,74,0.0,7042
76,1,21,0.0,75,0.0,7042
77,1,21,0.0,76,0.0,7042
78,1,21,0.0,77,0.0,7042
79,1,21,0.0,78,0.0,7042
80,1,21,0.0,79,0.0,7042
81,1,21,0.0,80,0.0,7042
82,1,21,0.0,81,0.0,7042
83,1,21,0.0,82,0.0,7042
84,1,21,0.0,83,0.0,7042
85,1,21,0.0,84,0.0,7042
86,1,21,0.0,85,0.0,7042
87,1,21,0.0,86,0.43,7042
88,1,21,0.0,87,0.23,7042
89,1,21,0.0,88,0.0,7042
90,1,21,0.0,89,0.0,7042
91,1,21,0.0,90,0.58,7042
92,1,21,0.0,91,0.62,7042
93,1,21,0.0,92,0.0,7042
94,1,21,0.0,93,0.87,7042
95,1,21,0.0,94,0.28,7042
96,1,21,0.0,95,1.0,7042
97,1,21,0.0,96,0.62,7042
98,1,21,0.0,97,0.0,7042
99,1,21,0.0,98,0.0,7042
100,1,21,0.0,99,0.0,7042
101,1,21,0.0,100,0.0,7042
102,1,21,0.0,101,0.0,7042
103,1,21,0.0,102,0.0,7042
104,1,21,0.0,103,0.0,7042
105,1,21,0.0,104,0.0,7042
106,1,21,0.0,105,0.0,7042
107,1,21,0.0,106,0.0,7042
108,1,21,0.0,107,0.08,7042
109,1,21,0.0,108,0.82,7042
110,1,21,0.0,109,0.0,7042
111,1,21,0.0,110,0.0,7042
112,1,21,0.0,111,0.0,7042
113,1,21,0.0,112,0.0,7042
114,1,21,0.0,113,0.0,7042
115,1,21,0.0,114,0.0,7042
116,1,21,0.0,115,0.0,7042
117,1,21,0.0,116,0.0,7042
118,1,21,0.0,117,0.0,7042
119,1,21,0.0,118,0.0,7042
120,1,21,0.0,119,0.0,7042
121,1,21,0.0,120,0.0,7042
122,1,21,0.0,121,0.0,7042
123,1,21,0.0,122,0.0,7042
124,1,21,0.0,123,0.0,7042
125,1,21,0.0,124,0.0,7042
126,1,21,0.0,125,0.0,7042
127,1,21,0.0,126,0.0,7042
128,1,21,0.0,127,0.0,7042
129,1,21,0.0,128,0.0,7042
130,1,21,0.0,129,0.0,7042
131,1,21,0.0,130,0.0,7042
132,1,21,0.0,131,0.0,7042
133,1,21,0.0,132,0.0,7042
134,1,21,0.0,133,0.0,7042
135,1,21,0.0,134,0.98,7042
136,1,21,0.0,135,0.02,7042
137,1,21,0.0,136,0.0,7042
138,1,21,0.0,137,0.0,7042
139,1,21,0.0,138,0.03,7042
140,1,21,0.0,139,1.0,7042
141,1,21,0.0,140,0.94,7042
142,1,21,0.0,141,0.0,7042
143,1,21,0.0,142,0.0,7042
144,1,21,0.0,143,0.0,7042
145,1,21,0.0,144,0.0,7042
146,1,21,0.0,145,0.0,7042
147,1,21,0.0,146,0.0,7042
148,1,21,0.0,147,0.0,7042
149,1,21,0.0,148,0.0,7042
150,1,21,0.0,149,0.0,7042
151,1,21,0.0,150,0.0,7042
152,1,21,0.0,151,0.0,7042
153,1,21,0.0,152,0.0,7042
154,1,21,0.0,153,0.0,7042
155,1,21,0.0,154,0.0,7042
156,1,21,0.0,155,0.0,7042
157,1,21,0.0,156,0.0,7042
158,1,21,0.0,157,0.0,7042
159,1,21,0.0,158,0.0,7042
160,1,21,0.0,159,0.0,7042
161,1,21,0.0,160,0.0,7042
162,1,21,0.0,161,0.0,7042
163,1,21,0.0,162,0.0,7042
1,1,4,0.0,0,0.0,1759
2,1,4,0.0,1,0.0,1759
3,1,4,0.0,2,0.0,1759
4,1,4,0.0,3,0.0,1759
5,1,4,0.0,4,0.0,1759
6,1,4,0.0,5,0.0,1759
7,1,4,0.1,6,0.0,1759
8,1,4,0.0,7,0.0,1759
9,1,4,0.0,8,0.0,1759
10,1,4,0.0,9,0.0,1759
11,1,4,0.0,10,0.0,1759
12,1,4,0.0,11,0.0,1759
13,1,4,0.0,12,0.0,1759
14,1,4,0.0,13,0.0,1759
15,1,4,0.0,14,0.0,1759
16,1,4,0.0,15,0.0,1759
17,1,4,0.0,16,0.0,1759
18,1,4,0.0,17,0.0,1759
19,1,4,0.0,18,0.0,1759
20,1,4,0.0,19,0.0,1759
21,1,4,0.0,20,0.0,1759
22,1,4,0.0,21,0.0,1759
23,1,4,0.0,22,0.0,1759
24,1,4,0.0,23,0.0,1759
25,1,4,0.0,24,0.0,1759
26,1,4,0.0,25,0.0,1759
27,1,4,0.0,26,0.0,1759
28,1,4,0.0,27,0.0,1759
29,1,4,0.0,28,0.0,1759
30,1,4,0.0,29,0.0,1759
31,1,4,0.0,30,0.0,1759
32,1,4,0.0,31,0.0,1759
33,1,4,0.0,32,0.0,1759
34,1,4,0.0,33,0.0,1759
35,1,4,0.0,34,0.0,1759
36,1,4,0.0,35,0.0,1759
37,1,4,0.0,36,0.0,1759
38,1,4,0.0,37,0.0,1759
39,1,4,0.0,38,0.0,1759
40,1,4,0.0,39,0.0,1759
41,1,4,0.0,40,0.0,1759
42,1,4,0.0,41,0.0,1759
43,1,4,0.0,42,0.0,1759
44,1,4,0.0,43,0.0,1759
45,1,4,0.0,44,0.0,1759
46,1,4,0.0,45,0.0,1759
47,1,4,0.0,46,0.0,1759
48,1,4,0.0,47,0.0,1759
49,1,4,0.0,48,0.0,1759
50,1,4,0.0,49,0.0,1759
51,1,4,0.0,50,0.0,1759
52,1,4,0.0,51,0.0,1759
53,1,4,0.0,52,0.0,1759
54,1,4,0.0,53,0.0,1759
55,1,4,0.0,54,0.0,1759
56,1,4,0.0,55,0.0,1759
57,1,4,0.0,56,0.0,1759
58,1,4,0.0,57,0.0,1759
59,1,4,0.0,58,0.0,1759
60,1,4,0.0,59,0.0,1759
61,1,4,0.0,60,0.0,1759
62,1,4,0.0,61,0.0,1759
63,1,4,0.0,62,0.0,1759
64,1,4,0.0,63,0.0,1759
65,1,4,0.0,64,0.0,1759
66,1,4,0.0,65,0.0,1759
67,1,4,0.0,66,0.0,1759
68,1,4,0.0,67,0.0,1759
69,1,4,0.0,68,0.0,1759
70,1,4,0.0,69,0.0,1759
71,1,4,0.0,70,0.0,1759
72,1,4,0.0,71,0.0,1759
73,1,4,0.0,72,0.0,1759
74,1,4,0.0,73,0.0,1759
75,1,4,0.0,74,0.0,1759
76,1,4,0.0,75,0.0,1759
77,1,4,0.0,76,0.0,1759
78,1,4,0.0,77,0.0,1759
79,1,4,0.0,78,0.0,1759
80,1,4,0.0,79,0.0,1759
81,1,4,0.0,80,0.0,1759
82,1,4,0.0,81,0.0,1759
83,1,4,0.0,82,0.0,1759
84,1,4,0.0,83,0.0,1759
85,1,4,0.0,84,0.0,1759
86,1,4,0.0,85,0.0,1759
87,1,4,0.0,86,0.0,1759
88,1,4,0.0,87,0.0,1759
89,1,4,0.0,88,0.0,1759
90,1,4,0.0,89,0.0,1759
91,1,4,0.0,90,0.0,1759
92,1,4,0.0,91,0.0,1759
93,1,4,0.0,92,0.0,1759
94,1,4,0.0,93,0.0,1759
95,1,4,0.0,94,0.0,1759
96,1,4,0.0,95,0.0,1759
97,1,4,0.0,96,0.0,1759
98,1,4,0.0,97,0.0,1759
99,1,4,0.0,98,0.0,1759
100,1,4,0.0,99,0.0,1759
101,1,4,0.0,100,0.0,1759
102,1,4,0.0,101,0.0,1759
103,1,4,0.0,102,0.0,1759
104,1,4,0.0,103,0.0,1759
105,1,4,0.0,104,0.0,1759
106,1,4,0.0,105,0.0,1759
107,1,4,0.0,106,0.0,1759
108,1,4,0.0,107,0.0,1759
109,1,4,0.0,108,0.0,1759
110,1,4,0.0,109,0.0,1759
111,1,4,0.0,110,0.0,1759
112,1,4,0.0,111,0.0,1759
113,1,4,0.0,112,0.0,1759
114,1,4,0.0,113,0.0,1759
115,1,4,0.0,114,0.0,1759
116,1,4,0.0,115,0.0,1759
117,1,4,0.0,116,0.0,1759
118,1,4,0.0,117,0.0,1759
119,1,4,0.0,118,0.0,1759
120,1,4,0.0,119,0.0,1759
121,1,4,0.0,120,0.0,1759
122,1,4,0.0,121,0.0,1759
123,1,4,0.0,122,0.0,1759
124,1,4,0.0,123,0.0,1759
125,1,4,0.0,124,0.0,1759
126,1,4,0.0,125,0.0,1759
127,1,4,0.0,126,0.0,1759
128,1,4,0.0,127,0.0,1759
129,1,4,0.0,128,0.0,1759
130,1,4,0.0,129,0.0,1759
131,1,4,0.0,130,0.0,1759
132,1,4,0.0,131,0.0,1759
133,1,4,0.0,132,0.0,1759
134,1,4,0.0,133,0.0,1759
135,1,4,0.0,134,0.0,1759
136,1,4,0.0,135,0.0,1759
137,1,4,0.0,136,0.0,1759
138,1,4,0.0,137,0.0,1759
139,1,4,0.0,138,0.0,1759
140,1,4,0.0,139,0.0,1759
141,1,4,0.0,140,0.0,1759
142,1,4,0.0,141,0.0,1759
143,1,4,0.0,142,0.0,1759
144,1,4,0.0,143,0.0,1759
145,1,4,0.0,144,0.0,1759
146,1,4,0.0,145,0.0,1759
147,1,4,0.0,146,0.0,1759
148,1,4,0.0,147,0.0,1759
149,1,4,0.0,148,0.0,1759
150,1,4,0.0,149,0.0,1759
151,1,4,0.0,150,0.0,1759
152,1,4,0.0,151,0.0,1759
153,1,4,0.0,152,0.0,1759
154,1,4,0.0,153,0.0,1759
155,1,4,0.0,154,0.0,1759
156,1,4,0.0,155,0.0,1759
157,1,4,0.0,156,0.0,1759
158,1,4,0.0,157,0.0,1759
159,1,4,0.0,158,0.0,1759
160,1,4,0.0,159,0.0,1759
161,1,4,0.0,160,0.0,1759
162,1,4,0.0,161,0.0,1759
163,1,4,0.0,162,0.0,1759
1,1,21,0.0,0,0.0,1836
2,1,21,0.0,1,0.0,1836
3,1,21,0.0,2,0.0,1836
4,1,21,0.0,3,0.0,1836
5,1,21,0.0,4,0.0,1836
6,1,21,0.0,5,0.0,1836
7,1,21,0.0,6,0.0,1836
8,1,21,0.0,7,0.0,1836
9,1,21,0.0,8,0.0,1836
10,1,21,0.0,9,0.0,1836
11,1,21,0.0,10,0.0,1836
12,1,21,0.0,11,0.0,1836
13,1,21,0.0,12,0.0,1836
14,1,21,0.0,13,0.0,1836
15,1,21,0.0,14,0.0,1836
16,1,21,0.0,15,0.0,1836
17,1,21,0.0,16,0.0,1836
18,1,21,0.0,17,0.0,1836
19,1,21,0.0,18,0.0,1836
20,1,21,0.0,19,0.0,1836
21,1,21,0.0,20,0.0,1836
22,1,21,0.0,21,0.0,1836
23,1,21,0.0,22,0.0,1836
24,1,21,0.0,23,0.0,1836
25,1,21,0.0,24,0.0,1836
26,1,21,0.0,25,0.0,1836
27,1,21,0.0,26,0.0,1836
28,1,21,0.0,27,0.0,1836
29,1,21,0.0,28,0.0,1836
30,1,21,0.0,29,0.0,1836
31,1,21,0.0,30,0.0,1836
32,1,21,0.0,31,0.0,1836
33,1,21,0.0,32,0.0,1836
34,1,21,0.0,33,0.0,1836
35,1,21,0.0,34,0.0,1836
36,1,21,0.0,35,0.0,1836
37,1,21,0.0,36,0.0,1836
38,1,21,0.0,37,0.0,1836
39,1,21,0.0,38,0.0,1836
40,1,21,0.0,39,0.0,1836
41,1,21,0.0,40,0.0,1836
42,1,21,0.0,41,0.0,1836
43,1,21,0.0,42,0.0,1836
44,1,21,0.0,43,0.0,1836
45,1,21,0.0,44,0.0,1836
46,1,21,0.0,45,0.0,1836
47,1,21,0.0,46,0.0,1836
48,1,21,0.0,47,0.0,1836
49,1,21,0.0,48,0.0,1836
50,1,21,0.0,49,0.0,1836
51,1,21,0.0,50,0.0,1836
52,1,21,0.0,51,0.0,1836
53,1,21,0.0,52,0.0,1836
54,1,21,0.0,53,0.0,1836
55,1,21,0.25,54,0.0,1836
56,1,21,0.1,55,0.0,1836
57,1,21,0.65,56,0.0,1836
58,1,21,0.8,57,0.0,1836
59,1,21,1.0,58,0.0,1836
60,1,21,0.2,59,0.0,1836
61,1,21,0.0,60,0.0,1836
62,1,21,0.05,61,0.0,1836
63,1,21,1.0,62,0.0,1836
64,1,21,0.15,63,0.0,1836
65,1,21,0.0,64,0.0,1836
66,1,21,0.0,65,0.0,1836
67,1,21,0.0,66,0.0,1836
68,1,21,0.0,67,0.0,1836
69,1,21,0.0,68,0.0,1836
70,1,21,0.0,69,0.0,1836
71,1,21,0.0,70,0.0,1836
72,1,21,0.0,71,0.0,1836
73,1,21,0.06,72,0.0,1836
74,1,21,0.45,73,0.0,1836
75,1,21,1.0,74,0.0,1836
76,1,21,0.8,75,0.0,1836
77,1,21,0.0,76,0.0,1836
78,1,21,0.0,77,0.0,1836
79,1,21,0.0,78,0.0,1836
80,1,21,0.0,79,0.0,1836
81,1,21,0.0,80,0.0,1836
82,1,21,0.0,81,0.0,1836
83,1,21,0.0,82,0.0,1836
84,1,21,0.0,83,0.0,1836
85,1,21,0.0,84,0.0,1836
86,1,21,0.0,85,0.0,1836
87,1,21,0.0,86,0.0,1836
88,1,21,0.0,87,0.0,1836
89,1,21,0.0,88,0.0,1836
90,1,21,0.0,89,0.0,1836
91,1,21,0.0,90,0.0,1836
92,1,21,0.0,91,0.0,1836
93,1,21,0.0,92,0.0,1836
94,1,21,0.0,93,0.0,1836
95,1,21,0.0,94,0.0,1836
96,1,21,0.0,95,0.0,1836
97,1,21,0.0,96,0.0,1836
98,1,21,0.0,97,0.0,1836
99,1,21,0.0,98,0.0,1836
100,1,21,0.0,99,0.0,1836
101,1,21,0.0,100,0.0,1836
102,1,21,0.0,101,0.0,1836
103,1,21,0.0,102,0.0,1836
104,1,21,0.0,103,0.0,1836
105,1,21,0.0,104,0.0,1836
106,1,21,0.0,105,0.0,1836
107,1,21,0.0,106,0.0,1836
108,1,21,0.0,107,0.0,1836
109,1,21,0.0,108,0.0,1836
110,1,21,0.0,109,0.0,1836
111,1,21,0.0,110,0.0,1836
112,1,21,0.0,111,0.0,1836
113,1,21,0.0,112,0.0,1836
114,1,21,0.0,113,0.0,1836
115,1,21,0.0,114,0.0,1836
116,1,21,0.0,115,0.0,1836
117,1,21,0.0,116,0.0,1836
118,1,21,0.0,117,0.0,1836
119,1,21,0.0,118,0.0,1836
120,1,21,0.0,119,0.0,1836
121,1,21,0.0,120,0.0,1836
122,1,21,0.0,121,0.0,1836
123,1,21,0.0,122,0.0,1836
124,1,21,0.0,123,0.0,1836
125,1,21,0.0,124,0.0,1836
126,1,21,0.0,125,0.0,1836
127,1,21,0.0,126,0.0,1836
128,1,21,0.0,127,0.0,1836
129,1,21,0.0,128,0.0,1836
130,1,21,0.0,129,0.0,1836
131,1,21,0.0,130,0.0,1836
132,1,21,0.0,131,0.0,1836
133,1,21,0.0,132,0.0,1836
134,1,21,0.0,133,0.0,1836
135,1,21,0.0,134,0.0,1836
136,1,21,0.0,135,0.0,1836
137,1,21,0.0,136,0.0,1836
138,1,21,0.0,137,0.0,1836
139,1,21,0.0,138,0.0,1836
140,1,21,0.0,139,0.0,1836
141,1,21,0.0,140,0.0,1836
142,1,21,0.0,141,0.0,1836
143,1,21,0.0,142,0.0,1836
144,1,21,0.0,143,0.0,1836
145,1,21,0.0,144,0.0,1836
146,1,21,0.0,145,0.0,1836
147,1,21,0.0,146,0.0,1836
148,1,21,0.0,147,0.0,1836
149,1,21,0.0,148,0.0,1836
150,1,21,0.0,149,0.0,1836
151,1,21,0.0,150,0.0,1836
152,1,21,0.0,151,0.0,1836
153,1,21,0.0,152,0.0,1836
154,1,21,0.0,153,0.0,1836
155,1,21,0.0,154,0.0,1836
156,1,21,0.0,155,0.0,1836
157,1,21,0.0,156,0.0,1836
158,1,21,0.0,157,0.0,1836
159,1,21,0.0,158,0.0,1836
160,1,21,0.0,159,0.0,1836
161,1,21,0.0,160,0.0,1836
162,1,21,0.0,161,0.0,1836
163,1,21,0.0,162,0.0,1836
1,1,22,0.0,0,0.0,4470
2,1,22,0.0,1,0.0,4470
3,1,22,0.0,2,0.0,4470
4,1,22,0.0,3,0.0,4470
5,1,22,0.0,4,0.0,4470
6,1,22,0.0,5,0.0,4470
7,1,22,0.0,6,0.0,4470
8,1,22,0.0,7,0.0,4470
9,1,22,0.0,8,0.0,4470
10,1,22,0.0,9,0.0,4470
11,1,22,0.0,10,0.0,4470
12,1,22,0.0,11,0.0,4470
13,1,22,0.0,12,0.0,4470
14,1,22,0.0,13,0.0,4470
15,1,22,0.0,14,0.0,4470
16,1,22,0.0,15,0.0,4470
17,1,22,0.0,16,0.0,4470
18,1,22,0.0,17,0.0,4470
19,1,22,0.0,18,0.0,4470
20,1,22,0.0,19,0.0,4470
21,1,22,0.0,20,0.0,4470
22,1,22,0.0,21,0.0,4470
23,1,22,0.0,22,0.0,4470
24,1,22,0.0,23,0.0,4470
25,1,22,0.0,24,0.0,4470
26,1,22,0.0,25,0.0,4470
27,1,22,0.0,26,0.0,4470
28,1,22,0.0,27,0.0,4470
29,1,22,0.0,28,0.0,4470
30,1,22,0.0,29,0.0,4470
31,1,22,0.0,30,0.0,4470
32,1,22,0.0,31,0.0,4470
33,1,22,0.0,32,0.0,4470
34,1,22,0.0,33,0.0,4470
35,1,22,0.0,34,0.0,4470
36,1,22,0.0,35,0.0,4470
37,1,22,0.0,36,0.0,4470
38,1,22,0.0,37,0.0,4470
39,1,22,0.0,38,0.0,4470
40,1,22,0.0,39,0.0,4470
41,1,22,0.0,40,0.0,4470
42,1,22,0.0,41,0.0,4470
43,1,22,0.0,42,0.0,4470
44,1,22,0.0,43,0.0,4470
45,1,22,0.0,44,0.0,4470
46,1,22,0.0,45,0.0,4470
47,1,22,0.0,46,0.0,4470
48,1,22,0.0,47,0.0,4470
49,1,22,0.0,48,0.0,4470
50,1,22,0.0,49,0.0,4470
51,1,22,0.0,50,0.0,4470
52,1,22,0.0,51,0.0,4470
53,1,22,0.0,52,0.0,4470
54,1,22,0.0,53,0.0,4470
55,1,22,0.0,54,0.0,4470
56,1,22,0.0,55,0.0,4470
57,1,22,0.0,56,0.0,4470
58,1,22,0.0,57,0.0,4470
59,1,22,0.0,58,0.0,4470
60,1,22,0.0,59,0.0,4470
61,1,22,0.0,60,0.0,4470
62,1,22,0.0,61,0.0,4470
63,1,22,0.0,62,0.0,4470
64,1,22,0.0,63,0.0,4470
65,1,22,0.0,64,0.0,4470
66,1,22,0.0,65,0.0,4470
67,1,22,0.0,66,0.0,4470
68,1,22,0.0,67,0.0,4470
69,1,22,0.0,68,0.0,4470
70,1,22,0.0,69,0.0,4470
71,1,22,0.0,70,0.0,4470
72,1,22,0.0,71,0.0,4470
73,1,22,0.0,72,0.0,4470
74,1,22,0.0,73,0.0,4470
75,1,22,0.0,74,0.0,4470
76,1,22,0.0,75,0.0,4470
77,1,22,0.0,76,0.0,4470
78,1,22,0.0,77,0.0,4470
79,1,22,0.0,78,0.0,4470
80,1,22,0.0,79,0.0,4470
81,1,22,0.0,80,0.0,4470
82,1,22,0.0,81,0.0,4470
83,1,22,0.0,82,0.0,4470
84,1,22,0.0,83,0.0,4470
85,1,22,0.0,84,0.0,4470
86,1,22,0.0,85,0.0,4470
87,1,22,0.0,86,0.0,4470
88,1,22,0.0,87,0.0,4470
89,1,22,0.0,88,0.0,4470
90,1,22,0.0,89,0.0,4470
91,1,22,0.0,90,0.0,4470
92,1,22,0.0,91,0.0,4470
93,1,22,0.0,92,0.0,4470
94,1,22,0.0,93,0.0,4470
95,1,22,0.0,94,0.0,4470
96,1,22,0.0,95,0.0,4470
97,1,22,0.0,96,0.0,4470
98,1,22,0.0,97,0.0,4470
99,1,22,0.0,98,0.0,4470
100,1,22,0.0,99,0.0,4470
101,1,22,0.0,100,0.0,4470
102,1,22,0.0,101,0.0,4470
103,1,22,0.0,102,0.0,4470
104,1,22,0.0,103,0.0,4470
105,1,22,0.0,104,0.0,4470
106,1,22,0.0,105,0.0,4470
107,1,22,0.0,106,0.0,4470
108,1,22,0.0,107,0.0,4470
109,1,22,0.0,108,0.0,4470
110,1,22,0.0,109,0.0,4470
111,1,22,0.0,110,0.0,4470
112,1,22,0.0,111,0.0,4470
113,1,22,0.0,112,0.0,4470
114,1,22,0.0,113,0.0,4470
115,1,22,0.0,114,0.0,4470
116,1,22,0.0,115,0.0,4470
117,1,22,0.0,116,0.0,4470
118,1,22,0.0,117,0.0,4470
119,1,22,0.0,118,0.0,4470
120,1,22,0.0,119,0.0,4470
121,1,22,0.0,120,0.0,4470
122,1,22,0.0,121,0.0,4470
123,1,22,0.0,122,0.0,4470
124,1,22,0.0,123,0.0,4470
125,1,22,0.0,124,0.0,4470
126,1,22,0.0,125,0.0,4470
127,1,22,0.0,126,0.0,4470
128,1,22,0.0,127,0.0,4470
129,1,22,0.0,128,0.0,4470
130,1,22,0.0,129,0.0,4470
131,1,22,0.0,130,0.0,4470
132,1,22,0.0,131,0.0,4470
133,1,22,0.0,132,0.0,4470
134,1,22,0.0,133,0.0,4470
135,1,22,0.0,134,0.0,4470
136,1,22,0.0,135,0.0,4470
137,1,22,0.0,136,0.0,4470
138,1,22,0.0,137,0.0,4470
139,1,22,0.0,138,0.0,4470
140,1,22,0.0,139,0.0,4470
141,1,22,0.0,140,0.0,4470
142,1,22,0.0,141,0.0,4470
143,1,22,0.0,142,0.0,4470
144,1,22,0.0,143,0.0,4470
145,1,22,0.0,144,0.0,4470
146,1,22,0.0,145,0.0,4470
147,1,22,0.0,146,0.0,4470
148,1,22,0.0,147,0.0,4470
149,1,22,0.0,148,0.0,4470
150,1,22,0.0,149,0.0,4470
151,1,22,0.0,150,0.0,4470
152,1,22,0.0,151,0.0,4470
153,1,22,0.0,152,0.0,4470
154,1,22,0.0,153,0.0,4470
155,1,22,0.0,154,0.0,4470
156,1,22,0.0,155,0.0,4470
157,1,22,0.0,156,0.0,4470
158,1,22,0.0,157,0.0,4470
159,1,22,0.0,158,0.0,4470
160,1,22,0.0,159,0.0,4470
161,1,22,0.0,160,0.0,4470
162,1,22,0.0,161,0.0,4470
163,1,22,0.0,162,0.0,4470
1,1,21,0.0,0,0.0,4
2,1,21,0.0,1,0.0,4
3,1,21,0.0,2,0.0,4
4,1,21,0.0,3,0.0,4
5,1,21,0.0,4,0.0,4
6,1,21,0.0,5,0.0,4
7,1,21,0.0,6,0.0,4
8,1,21,0.0,7,0.0,4
9,1,21,0.0,8,0.0,4
10,1,21,0.0,9,0.0,4
11,1,21,0.0,10,0.0,4
12,1,21,0.0,11,0.0,4
13,1,21,0.0,12,0.0,4
14,1,21,0.0,13,0.0,4
15,1,21,0.0,14,0.0,4
16,1,21,0.0,15,0.0,4
17,1,21,0.0,16,0.0,4
18,1,21,0.0,17,0.0,4
19,1,21,0.0,18,0.0,4
20,1,21,0.0,19,0.0,4
21,1,21,0.0,20,0.0,4
22,1,21,0.0,21,0.0,4
23,1,21,0.0,22,0.0,4
24,1,21,0.0,23,0.0,4
25,1,21,0.0,24,0.0,4
26,1,21,0.0,25,0.0,4
27,1,21,0.0,26,0.85,4
28,1,21,0.0,27,1.0,4
29,1,21,0.0,28,1.0,4
30,1,21,0.0,29,0.25,4
31,1,21,0.0,30,1.0,4
32,1,21,0.0,31,1.0,4
33,1,21,0.0,32,1.0,4
34,1,21,0.0,33,0.96,4
35,1,21,0.0,34,0.15,4
36,1,21,0.0,35,1.0,4
37,1,21,0.0,36,1.0,4
38,1,21,0.0,37,1.0,4
39,1,21,0.0,38,1.0,4
40,1,21,0.0,39,0.67,4
41,1,21,0.0,40,0.0,4
42,1,21,0.0,41,0.0,4
43,1,21,0.0,42,0.0,4
44,1,21,0.0,43,0.0,4
45,1,21,0.0,44,0.0,4
46,1,21,0.0,45,0.0,4
47,1,21,0.0,46,0.0,4
48,1,21,0.0,47,0.0,4
49,1,21,0.0,48,0.0,4
50,1,21,0.0,49,0.0,4
51,1,21,0.0,50,0.0,4
52,1,21,0.0,51,0.0,4
53,1,21,0.0,52,0.0,4
54,1,21,0.0,53,0.0,4
55,1,21,0.0,54,0.0,4
56,1,21,0.0,55,0.0,4
57,1,21,0.0,56,0.0,4
58,1,21,0.0,57,0.0,4
59,1,21,0.0,58,0.0,4
60,1,21,0.0,59,0.0,4
61,1,21,0.0,60,0.0,4
62,1,21,0.0,61,0.0,4
63,1,21,0.0,62,0.0,4
64,1,21,0.0,63,0.0,4
65,1,21,0.0,64,0.0,4
66,1,21,0.0,65,0.0,4
67,1,21,0.0,66,0.0,4
68,1,21,0.0,67,0.0,4
69,1,21,0.0,68,0.0,4
70,1,21,0.0,69,0.0,4
71,1,21,0.0,70,0.0,4
72,1,21,0.0,71,0.0,4
73,1,21,0.0,72,0.0,4
74,1,21,0.0,73,0.0,4
75,1,21,0.0,74,0.0,4
76,1,21,0.0,75,0.0,4
77,1,21,0.0,76,0.0,4
78,1,21,0.0,77,0.0,4
79,1,21,0.0,78,0.0,4
80,1,21,0.0,79,0.0,4
81,1,21,0.0,80,0.0,4
82,1,21,0.0,81,0.0,4
83,1,21,0.0,82,0.0,4
84,1,21,0.0,83,0.0,4
85,1,21,0.0,84,0.0,4
86,1,21,0.0,85,0.0,4
87,1,21,0.0,86,0.0,4
88,1,21,0.0,87,0.0,4
89,1,21,0.0,88,0.0,4
90,1,21,0.0,89,0.0,4
91,1,21,0.0,90,0.0,4
92,1,21,0.0,91,0.0,4
93,1,21,0.0,92,0.0,4
94,1,21,0.0,93,0.0,4
95,1,21,0.0,94,0.0,4
96,1,21,0.0,95,0.0,4
97,1,21,0.0,96,0.0,4
98,1,21,0.0,97,0.0,4
99,1,21,0.0,98,0.0,4
100,1,21,0.0,99,0.31,4
101,1,21,0.0,100,0.69,4
102,1,21,0.0,101,0.26,4
103,1,21,0.0,102,0.59,4
104,1,21,0.0,103,0.71,4
105,1,21,0.0,104,1.0,4
106,1,21,0.0,105,0.79,4
107,1,21,0.0,106,0.0,4
108,1,21,0.0,107,0.0,4
109,1,21,0.0,108,0.9,4
110,1,21,0.0,109,0.0,4
111,1,21,0.0,110,0.0,4
112,1,21,0.0,111,0.0,4
113,1,21,0.0,112,0.0,4
114,1,21,0.0,113,0.0,4
115,1,21,0.0,114,0.0,4
116,1,21,0.0,115,0.0,4
117,1,21,0.0,116,0.0,4
118,1,21,0.0,117,0.0,4
119,1,21,0.0,118,0.0,4
120,1,21,0.0,119,0.0,4
121,1,21,0.0,120,0.0,4
122,1,21,0.0,121,0.0,4
123,1,21,0.0,122,0.0,4
124,1,21,0.0,123,0.0,4
125,1,21,0.0,124,0.0,4
126,1,21,0.0,125,0.0,4
127,1,21,0.0,126,0.0,4
128,1,21,0.0,127,0.0,4
129,1,21,0.0,128,0.0,4
130,1,21,0.0,129,0.0,4
131,1,21,0.0,130,0.0,4
132,1,21,0.0,131,0.0,4
133,1,21,0.0,132,0.0,4
134,1,21,0.0,133,0.0,4
135,1,21,0.0,134,0.0,4
136,1,21,0.0,135,0.0,4
137,1,21,0.0,136,0.0,4
138,1,21,0.0,137,0.0,4
139,1,21,0.0,138,0.0,4
140,1,21,0.0,139,0.0,4
141,1,21,0.0,140,0.0,4
142,1,21,0.0,141,0.0,4
143,1,21,0.0,142,0.0,4
144,1,21,0.0,143,0.0,4
145,1,21,0.0,144,0.0,4
146,1,21,0.0,145,0.0,4
147,1,21,0.0,146,0.0,4
148,1,21,0.0,147,0.0,4
149,1,21,0.0,148,0.0,4
150,1,21,0.0,149,0.0,4
151,1,21,0.0,150,0.0,4
152,1,21,0.0,151,0.0,4
153,1,21,0.0,152,0.0,4
154,1,21,0.0,153,0.0,4
155,1,21,0.0,154,0.0,4
156,1,21,0.0,155,0.0,4
157,1,21,0.0,156,0.0,4
158,1,21,0.0,157,0.0,4
159,1,21,0.0,158,0.0,4
160,1,21,0.0,159,0.0,4
161,1,21,0.0,160,0.0,4
162,1,21,0.0,161,0.0,4
163,1,21,0.0,162,0.0,4
1,1,20,0.0,0,0.0,5857
2,1,20,0.0,1,0.0,5857
3,1,20,0.0,2,0.0,5857
4,1,20,0.0,3,0.0,5857
5,1,20,0.0,4,0.0,5857
6,1,20,0.0,5,0.0,5857
7,1,20,0.0,6,0.0,5857
8,1,20,0.0,7,0.0,5857
9,1,20,0.0,8,0.0,5857
10,1,20,0.0,9,0.0,5857
11,1,20,0.0,10,0.0,5857
12,1,20,0.0,11,0.0,5857
13,1,20,0.0,12,0.0,5857
14,1,20,0.0,13,0.0,5857
15,1,20,0.0,14,0.0,5857
16,1,20,0.0,15,0.0,5857
17,1,20,0.0,16,0.0,5857
18,1,20,0.0,17,0.0,5857
19,1,20,0.0,18,0.0,5857
20,1,20,0.0,19,0.0,5857
21,1,20,0.0,20,0.0,5857
22,1,20,0.0,21,0.0,5857
23,1,20,0.0,22,0.0,5857
24,1,20,0.0,23,0.0,5857
25,1,20,0.0,24,0.0,5857
26,1,20,0.0,25,0.0,5857
27,1,20,0.0,26,0.0,5857
28,1,20,0.0,27,0.0,5857
29,1,20,0.0,28,0.0,5857
30,1,20,0.0,29,0.0,5857
31,1,20,0.0,30,0.0,5857
32,1,20,0.0,31,0.0,5857
33,1,20,0.0,32,0.0,5857
34,1,20,0.0,33,0.0,5857
35,1,20,0.0,34,0.0,5857
36,1,20,0.0,35,0.0,5857
37,1,20,0.0,36,0.0,5857
38,1,20,0.0,37,0.0,5857
39,1,20,0.0,38,0.0,5857
40,1,20,0.0,39,0.0,5857
41,1,20,0.0,40,0.0,5857
42,1,20,0.0,41,0.0,5857
43,1,20,0.0,42,0.0,5857
44,1,20,0.0,43,0.0,5857
45,1,20,0.0,44,0.0,5857
46,1,20,0.0,45,0.0,5857
47,1,20,0.0,46,0.0,5857
48,1,20,0.0,47,0.0,5857
49,1,20,0.0,48,0.0,5857
50,1,20,0.0,49,0.0,5857
51,1,20,0.0,50,0.0,5857
52,1,20,0.0,51,0.0,5857
53,1,20,0.0,52,0.0,5857
54,1,20,0.0,53,0.0,5857
55,1,20,0.0,54,0.0,5857
56,1,20,0.0,55,0.0,5857
57,1,20,0.0,56,0.0,5857
58,1,20,0.0,57,0.0,5857
59,1,20,0.0,58,0.0,5857
60,1,20,0.0,59,0.0,5857
61,1,20,0.0,60,0.0,5857
62,1,20,0.0,61,0.0,5857
63,1,20,0.0,62,0.0,5857
64,1,20,0.0,63,0.0,5857
65,1,20,0.0,64,0.0,5857
66,1,20,0.0,65,0.0,5857
67,1,20,0.0,66,0.0,5857
68,1,20,0.0,67,0.0,5857
69,1,20,0.0,68,0.0,5857
70,1,20,0.0,69,0.0,5857
71,1,20,0.0,70,0.0,5857
72,1,20,0.0,71,0.0,5857
73,1,20,0.0,72,0.0,5857
74,1,20,0.0,73,0.0,5857
75,1,20,0.0,74,0.0,5857
76,1,20,0.0,75,0.0,5857
77,1,20,0.0,76,0.0,5857
78,1,20,0.0,77,0.0,5857
79,1,20,0.0,78,0.0,5857
80,1,20,0.0,79,0.0,5857
81,1,20,0.0,80,0.0,5857
82,1,20,0.0,81,0.0,5857
83,1,20,0.0,82,0.0,5857
84,1,20,0.0,83,0.0,5857
85,1,20,0.0,84,0.0,5857
86,1,20,0.0,85,0.0,5857
87,1,20,0.0,86,0.0,5857
88,1,20,0.0,87,0.0,5857
89,1,20,0.0,88,0.0,5857
90,1,20,0.0,89,0.0,5857
91,1,20,0.0,90,0.0,5857
92,1,20,0.0,91,0.0,5857
93,1,20,0.0,92,0.0,5857
94,1,20,0.0,93,0.0,5857
95,1,20,0.0,94,0.0,5857
96,1,20,0.0,95,0.0,5857
97,1,20,0.0,96,0.0,5857
98,1,20,0.0,97,0.0,5857
99,1,20,0.0,98,0.0,5857
100,1,20,0.0,99,0.0,5857
101,1,20,0.0,100,0.0,5857
102,1,20,0.0,101,0.0,5857
103,1,20,0.0,102,0.0,5857
104,1,20,0.0,103,0.0,5857
105,1,20,0.0,104,0.0,5857
106,1,20,0.0,105,0.0,5857
107,1,20,0.0,106,0.0,5857
108,1,20,0.0,107,0.0,5857
109,1,20,0.0,108,0.0,5857
110,1,20,0.0,109,0.0,5857
111,1,20,0.0,110,0.0,5857
112,1,20,0.0,111,0.0,5857
113,1,20,0.0,112,0.0,5857
114,1,20,0.0,113,0.0,5857
115,1,20,0.0,114,0.0,5857
116,1,20,0.0,115,0.0,5857
117,1,20,0.0,116,0.0,5857
118,1,20,0.0,117,0.0,5857
119,1,20,0.0,118,0.0,5857
120,1,20,0.0,119,0.0,5857
121,1,20,0.0,120,0.0,5857
122,1,20,0.0,121,0.0,5857
123,1,20,0.0,122,0.0,5857
124,1,20,0.0,123,0.0,5857
125,1,20,0.0,124,0.0,5857
126,1,20,0.0,125,0.0,5857
127,1,20,0.0,126,0.0,5857
128,1,20,0.0,127,0.0,5857
129,1,20,0.0,128,0.0,5857
130,1,20,0.0,129,0.0,5857
131,1,20,0.0,130,0.0,5857
132,1,20,0.0,131,0.0,5857
133,1,20,0.0,132,0.0,5857
134,1,20,0.0,133,0.0,5857
135,1,20,0.0,134,0.0,5857
136,1,20,0.0,135,0.0,5857
137,1,20,0.0,136,0.0,5857
138,1,20,0.0,137,0.0,5857
139,1,20,0.0,138,0.0,5857
140,1,20,0.0,139,0.0,5857
141,1,20,0.0,140,0.0,5857
142,1,20,0.0,141,0.0,5857
143,1,20,0.0,142,0.0,5857
144,1,20,0.0,143,0.0,5857
145,1,20,0.0,144,0.0,5857
146,1,20,0.0,145,0.0,5857
147,1,20,0.0,146,0.0,5857
148,1,20,0.0,147,0.0,5857
149,1,20,0.0,148,0.0,5857
150,1,20,0.0,149,0.0,5857
151,1,20,0.0,150,0.0,5857
152,1,20,0.0,151,0.0,5857
153,1,20,0.0,152,0.0,5857
154,1,20,0.0,153,0.0,5857
155,1,20,0.0,154,0.0,5857
156,1,20,0.0,155,0.0,5857
157,1,20,0.0,156,0.0,5857
158,1,20,0.0,157,0.0,5857
159,1,20,0.0,158,0.0,5857
160,1,20,0.0,159,0.0,5857
161,1,20,0.0,160,0.0,5857
162,1,20,0.0,161,0.0,5857
163,1,20,0.0,162,0.0,5857
1,1,23,0.0,0,0.0,4201
2,1,23,0.0,1,0.0,4201
3,1,23,0.0,2,0.0,4201
4,1,23,0.0,3,0.0,4201
5,1,23,0.0,4,0.0,4201
6,1,23,0.0,5,0.0,4201
7,1,23,0.0,6,0.0,4201
8,1,23,0.0,7,0.0,4201
9,1,23,0.0,8,0.0,4201
10,1,23,0.0,9,0.0,4201
11,1,23,0.0,10,0.0,4201
12,1,23,0.0,11,0.0,4201
13,1,23,0.0,12,0.0,4201
14,1,23,0.0,13,0.0,4201
15,1,23,0.0,14,0.0,4201
16,1,23,0.0,15,0.0,4201
17,1,23,0.0,16,0.0,4201
18,1,23,0.0,17,0.0,4201
19,1,23,0.0,18,0.0,4201
20,1,23,0.0,19,0.0,4201
21,1,23,0.0,20,0.0,4201
22,1,23,0.0,21,0.0,4201
23,1,23,0.0,22,0.0,4201
24,1,23,0.0,23,0.0,4201
25,1,23,0.0,24,0.0,4201
26,1,23,0.0,25,0.0,4201
27,1,23,0.0,26,0.0,4201
28,1,23,0.0,27,0.0,4201
29,1,23,0.0,28,0.0,4201
30,1,23,0.0,29,0.0,4201
31,1,23,0.0,30,0.0,4201
32,1,23,0.0,31,0.0,4201
33,1,23,0.0,32,0.0,4201
34,1,23,0.0,33,0.0,4201
35,1,23,0.0,34,0.0,4201
36,1,23,0.0,35,0.0,4201
37,1,23,0.0,36,0.0,4201
38,1,23,0.0,37,0.0,4201
39,1,23,0.0,38,0.0,4201
40,1,23,0.0,39,0.0,4201
41,1,23,0.0,40,0.0,4201
42,1,23,0.0,41,0.0,4201
43,1,23,0.0,42,0.0,4201
44,1,23,0.0,43,0.0,4201
45,1,23,0.0,44,0.0,4201
46,1,23,0.0,45,0.0,4201
47,1,23,0.0,46,0.0,4201
48,1,23,0.0,47,0.0,4201
49,1,23,0.0,48,0.0,4201
50,1,23,0.0,49,0.0,4201
51,1,23,0.0,50,0.0,4201
52,1,23,0.0,51,0.0,4201
53,1,23,0.0,52,0.0,4201
54,1,23,0.0,53,0.0,4201
55,1,23,0.0,54,0.0,4201
56,1,23,0.0,55,0.0,4201
57,1,23,0.0,56,0.0,4201
58,1,23,0.0,57,0.0,4201
59,1,23,0.0,58,0.0,4201
60,1,23,0.0,59,0.0,4201
61,1,23,0.0,60,0.0,4201
62,1,23,0.0,61,0.0,4201
63,1,23,0.0,62,0.0,4201
64,1,23,0.0,63,0.0,4201
65,1,23,0.0,64,0.0,4201
66,1,23,0.0,65,0.0,4201
67,1,23,0.0,66,0.0,4201
68,1,23,0.0,67,0.0,4201
69,1,23,0.0,68,0.0,4201
70,1,23,0.0,69,0.0,4201
71,1,23,0.0,70,0.0,4201
72,1,23,0.0,71,0.0,4201
73,1,23,0.0,72,0.0,4201
74,1,23,0.0,73,0.0,4201
75,1,23,0.0,74,0.0,4201
76,1,23,0.0,75,0.0,4201
77,1,23,0.0,76,0.0,4201
78,1,23,0.0,77,0.0,4201
79,1,23,0.0,78,0.0,4201
80,1,23,0.0,79,0.0,4201
81,1,23,0.0,80,0.0,4201
82,1,23,0.0,81,0.0,4201
83,1,23,0.0,82,0.0,4201
84,1,23,0.0,83,0.0,4201
85,1,23,0.0,84,0.0,4201
86,1,23,0.0,85,0.0,4201
87,1,23,0.0,86,0.0,4201
88,1,23,0.0,87,0.0,4201
89,1,23,0.0,88,0.0,4201
90,1,23,0.0,89,0.0,4201
91,1,23,0.0,90,0.0,4201
92,1,23,0.0,91,0.0,4201
93,1,23,0.0,92,0.0,4201
94,1,23,0.0,93,0.0,4201
95,1,23,0.0,94,0.0,4201
96,1,23,0.0,95,0.0,4201
97,1,23,0.0,96,0.0,4201
98,1,23,0.0,97,0.0,4201
99,1,23,0.0,98,0.0,4201
100,1,23,0.0,99,0.0,4201
101,1,23,0.0,100,0.0,4201
102,1,23,0.0,101,0.0,4201
103,1,23,0.0,102,0.0,4201
104,1,23,0.0,103,0.0,4201
105,1,23,0.0,104,0.0,4201
106,1,23,0.0,105,0.0,4201
107,1,23,0.0,106,0.0,4201
108,1,23,0.0,107,0.0,4201
109,1,23,0.0,108,0.0,4201
110,1,23,0.0,109,0.0,4201
111,1,23,0.0,110,0.0,4201
112,1,23,0.0,111,0.0,4201
113,1,23,0.0,112,0.0,4201
114,1,23,0.0,113,0.0,4201
115,1,23,0.0,114,0.0,4201
116,1,23,0.0,115,0.0,4201
117,1,23,0.0,116,0.0,4201
118,1,23,0.0,117,0.0,4201
119,1,23,0.0,118,0.0,4201
120,1,23,0.0,119,0.0,4201
121,1,23,0.0,120,0.0,4201
122,1,23,0.0,121,0.0,4201
123,1,23,0.0,122,0.0,4201
124,1,23,0.0,123,0.0,4201
125,1,23,0.0,124,0.0,4201
126,1,23,0.0,125,0.0,4201
127,1,23,0.0,126,0.0,4201
128,1,23,0.0,127,0.53,4201
129,1,23,0.0,128,1.0,4201
130,1,23,0.0,129,1.0,4201
131,1,23,0.0,130,0.67,4201
132,1,23,0.0,131,0.0,4201
133,1,23,0.0,132,0.0,4201
134,1,23,0.0,133,0.0,4201
135,1,23,0.0,134,0.0,4201
136,1,23,0.0,135,0.0,4201
137,1,23,0.0,136,0.0,4201
138,1,23,0.0,137,0.0,4201
139,1,23,0.0,138,0.0,4201
140,1,23,0.0,139,0.0,4201
141,1,23,0.0,140,0.0,4201
142,1,23,0.0,141,0.0,4201
143,1,23,0.0,142,0.0,4201
144,1,23,0.0,143,0.0,4201
145,1,23,0.0,144,0.0,4201
146,1,23,0.0,145,0.0,4201
147,1,23,0.0,146,0.08,4201
148,1,23,0.0,147,1.0,4201
149,1,23,0.0,148,1.0,4201
150,1,23,0.0,149,1.0,4201
151,1,23,0.0,150,0.12,4201
152,1,23,0.0,151,0.0,4201
153,1,23,0.0,152,0.0,4201
154,1,23,0.0,153,0.0,4201
155,1,23,0.0,154,0.0,4201
156,1,23,0.0,155,0.0,4201
157,1,23,0.0,156,0.0,4201
158,1,23,0.0,157,0.0,4201
159,1,23,0.0,158,0.0,4201
160,1,23,0.0,159,0.0,4201
161,1,23,0.0,160,0.93,4201
162,1,23,0.0,161,0.87,4201
163,1,23,0.0,162,0.0,4201
1,1,24,0.0,0,0.0,5669
2,1,24,0.0,1,0.0,5669
3,1,24,0.0,2,0.0,5669
4,1,24,0.0,3,0.0,5669
5,1,24,0.0,4,0.0,5669
6,1,24,0.0,5,0.0,5669
7,1,24,0.0,6,0.0,5669
8,1,24,0.0,7,0.0,5669
9,1,24,0.0,8,0.0,5669
10,1,24,0.0,9,0.0,5669
11,1,24,0.0,10,0.0,5669
12,1,24,0.0,11,0.0,5669
13,1,24,0.0,12,0.0,5669
14,1,24,0.0,13,0.0,5669
15,1,24,0.0,14,0.0,5669
16,1,24,0.0,15,0.0,5669
17,1,24,0.0,16,0.0,5669
18,1,24,0.0,17,0.0,5669
19,1,24,0.0,18,0.0,5669
20,1,24,0.0,19,0.0,5669
21,1,24,0.0,20,0.0,5669
22,1,24,0.0,21,0.0,5669
23,1,24,0.0,22,0.0,5669
24,1,24,0.0,23,0.0,5669
25,1,24,0.0,24,0.0,5669
26,1,24,0.0,25,0.0,5669
27,1,24,0.0,26,0.0,5669
28,1,24,0.0,27,0.0,5669
29,1,24,0.0,28,0.0,5669
30,1,24,0.0,29,0.0,5669
31,1,24,0.0,30,0.0,5669
32,1,24,0.0,31,0.0,5669
33,1,24,0.0,32,0.15,5669
34,1,24,0.0,33,0.81,5669
35,1,24,0.0,34,0.4,5669
36,1,24,0.0,35,0.0,5669
37,1,24,0.0,36,0.0,5669
38,1,24,0.0,37,0.0,5669
39,1,24,0.0,38,0.0,5669
40,1,24,0.0,39,0.0,5669
41,1,24,0.0,40,0.0,5669
42,1,24,0.0,41,0.0,5669
43,1,24,0.0,42,0.0,5669
44,1,24,0.0,43,0.0,5669
45,1,24,0.0,44,0.0,5669
46,1,24,0.0,45,0.0,5669
47,1,24,0.0,46,0.0,5669
48,1,24,0.0,47,0.0,5669
49,1,24,0.0,48,0.0,5669
50,1,24,0.0,49,0.0,5669
51,1,24,0.0,50,0.0,5669
52,1,24,0.0,51,0.0,5669
53,1,24,0.0,52,0.0,5669
54,1,24,0.0,53,0.0,5669
55,1,24,0.0,54,0.0,5669
56,1,24,0.0,55,0.0,5669
57,1,24,0.0,56,0.0,5669
58,1,24,0.0,57,0.0,5669
59,1,24,0.0,58,0.0,5669
60,1,24,0.0,59,0.0,5669
61,1,24,0.0,60,0.0,5669
62,1,24,0.0,61,0.0,5669
63,1,24,0.0,62,0.0,5669
64,1,24,0.0,63,0.0,5669
65,1,24,0.0,64,0.0,5669
66,1,24,0.0,65,0.0,5669
67,1,24,0.0,66,0.0,5669
68,1,24,0.0,67,0.0,5669
69,1,24,0.0,68,0.0,5669
70,1,24,0.0,69,0.0,5669
71,1,24,0.0,70,0.0,5669
72,1,24,0.0,71,0.0,5669
73,1,24,0.0,72,0.0,5669
74,1,24,0.0,73,0.0,5669
75,1,24,0.0,74,0.0,5669
76,1,24,0.0,75,0.0,5669
77,1,24,0.0,76,0.0,5669
78,1,24,0.0,77,0.0,5669
79,1,24,0.0,78,0.0,5669
80,1,24,0.0,79,0.0,5669
81,1,24,0.0,80,0.0,5669
82,1,24,0.0,81,0.0,5669
83,1,24,0.0,82,0.0,5669
84,1,24,0.0,83,0.0,5669
85,1,24,0.0,84,0.0,5669
86,1,24,0.0,85,0.0,5669
87,1,24,0.0,86,0.0,5669
88,1,24,0.0,87,0.0,5669
89,1,24,0.0,88,0.25,5669
90,1,24,0.0,89,0.5,5669
91,1,24,0.0,90,0.0,5669
92,1,24,0.0,91,0.0,5669
93,1,24,0.0,92,0.0,5669
94,1,24,0.0,93,0.0,5669
95,1,24,0.0,94,0.0,5669
96,1,24,0.0,95,0.0,5669
97,1,24,0.0,96,0.0,5669
98,1,24,0.0,97,0.0,5669
99,1,24,0.0,98,0.0,5669
100,1,24,0.0,99,0.0,5669
101,1,24,0.0,100,0.0,5669
102,1,24,0.0,101,0.0,5669
103,1,24,0.0,102,0.0,5669
104,1,24,0.0,103,0.0,5669
105,1,24,0.0,104,0.0,5669
106,1,24,0.0,105,0.0,5669
107,1,24,0.0,106,0.0,5669
108,1,24,0.0,107,0.0,5669
109,1,24,0.0,108,0.0,5669
110,1,24,0.0,109,0.0,5669
111,1,24,0.0,110,0.0,5669
112,1,24,0.0,111,0.0,5669
113,1,24,0.0,112,0.0,5669
114,1,24,0.0,113,0.2,5669
115,1,24,0.0,114,0.45,5669
116,1,24,0.0,115,0.0,5669
117,1,24,0.0,116,0.0,5669
118,1,24,0.0,117,0.0,5669
119,1,24,0.0,118,0.0,5669
120,1,24,0.0,119,0.0,5669
121,1,24,0.0,120,0.0,5669
122,1,24,0.0,121,0.0,5669
123,1,24,0.0,122,0.0,5669
124,1,24,0.0,123,0.0,5669
125,1,24,0.0,124,0.0,5669
126,1,24,0.0,125,0.0,5669
127,1,24,0.0,126,0.0,5669
128,1,24,0.0,127,0.0,5669
129,1,24,0.0,128,0.0,5669
130,1,24,0.0,129,0.0,5669
131,1,24,0.0,130,0.0,5669
132,1,24,0.0,131,0.0,5669
133,1,24,0.0,132,0.0,5669
134,1,24,0.0,133,0.0,5669
135,1,24,0.0,134,0.0,5669
136,1,24,0.0,135,0.0,5669
137,1,24,0.0,136,0.0,5669
138,1,24,0.0,137,0.0,5669
139,1,24,0.0,138,0.0,5669
140,1,24,0.0,139,0.0,5669
141,1,24,0.0,140,0.0,5669
142,1,24,0.0,141,0.0,5669
143,1,24,0.0,142,0.0,5669
144,1,24,0.0,143,0.0,5669
145,1,24,0.0,144,0.0,5669
146,1,24,0.0,145,0.0,5669
147,1,24,0.0,146,0.0,5669
148,1,24,0.0,147,0.0,5669
149,1,24,0.0,148,0.0,5669
150,1,24,0.0,149,0.0,5669
151,1,24,0.0,150,0.0,5669
152,1,24,0.0,151,0.0,5669
153,1,24,0.0,152,0.0,5669
154,1,24,0.0,153,0.0,5669
155,1,24,0.0,154,0.0,5669
156,1,24,0.0,155,0.0,5669
157,1,24,0.0,156,0.0,5669
158,1,24,0.0,157,0.0,5669
159,1,24,0.0,158,0.0,5669
160,1,24,0.0,159,0.0,5669
161,1,24,0.0,160,0.0,5669
162,1,24,0.0,161,0.0,5669
163,1,24,0.0,162,0.0,5669
1,1,24,0.0,0,0.0,5124
2,1,24,0.0,1,0.0,5124
3,1,24,0.0,2,0.0,5124
4,1,24,0.0,3,0.0,5124
5,1,24,0.0,4,0.0,5124
6,1,24,0.0,5,0.0,5124
7,1,24,0.0,6,0.0,5124
8,1,24,0.0,7,0.0,5124
9,1,24,0.0,8,0.0,5124
10,1,24,0.0,9,0.0,5124
11,1,24,0.0,10,0.0,5124
12,1,24,0.0,11,0.0,5124
13,1,24,0.0,12,0.0,5124
14,1,24,0.0,13,0.0,5124
15,1,24,0.0,14,0.0,5124
16,1,24,0.0,15,0.0,5124
17,1,24,0.0,16,0.0,5124
18,1,24,0.0,17,0.0,5124
19,1,24,0.0,18,0.39,5124
20,1,24,0.0,19,0.0,5124
21,1,24,0.0,20,0.0,5124
22,1,24,0.0,21,0.0,5124
23,1,24,0.0,22,0.0,5124
24,1,24,0.0,23,0.0,5124
25,1,24,0.0,24,0.0,5124
26,1,24,0.0,25,0.0,5124
27,1,24,0.0,26,0.0,5124
28,1,24,0.0,27,0.0,5124
29,1,24,0.0,28,0.0,5124
30,1,24,0.0,29,0.0,5124
31,1,24,0.0,30,0.0,5124
32,1,24,0.0,31,0.0,5124
33,1,24,0.0,32,0.0,5124
34,1,24,0.0,33,0.0,5124
35,1,24,0.0,34,0.0,5124
36,1,24,0.0,35,0.0,5124
37,1,24,0.0,36,0.0,5124
38,1,24,0.0,37,0.0,5124
39,1,24,0.0,38,0.0,5124
40,1,24,0.0,39,0.0,5124
41,1,24,0.0,40,0.0,5124
42,1,24,0.0,41,0.0,5124
43,1,24,0.0,42,0.0,5124
44,1,24,0.0,43,0.0,5124
45,1,24,0.0,44,0.0,5124
46,1,24,0.0,45,0.0,5124
47,1,24,0.0,46,0.0,5124
48,1,24,0.0,47,0.0,5124
49,1,24,0.0,48,0.0,5124
50,1,24,0.0,49,0.0,5124
51,1,24,0.0,50,0.0,5124
52,1,24,0.0,51,0.0,5124
53,1,24,0.0,52,0.0,5124
54,1,24,0.0,53,0.0,5124
55,1,24,0.0,54,0.0,5124
56,1,24,0.0,55,0.0,5124
57,1,24,0.0,56,0.0,5124
58,1,24,0.0,57,0.0,5124
59,1,24,0.0,58,0.0,5124
60,1,24,0.0,59,0.0,5124
61,1,24,0.0,60,0.0,5124
62,1,24,0.0,61,0.0,5124
63,1,24,0.0,62,0.0,5124
64,1,24,0.0,63,0.0,5124
65,1,24,0.0,64,0.0,5124
66,1,24,0.0,65,0.0,5124
67,1,24,0.0,66,0.0,5124
68,1,24,0.0,67,0.0,5124
69,1,24,0.0,68,0.0,5124
70,1,24,0.0,69,0.0,5124
71,1,24,0.0,70,0.0,5124
72,1,24,0.0,71,0.0,5124
73,1,24,0.0,72,0.0,5124
74,1,24,0.0,73,0.0,5124
75,1,24,0.0,74,0.0,5124
76,1,24,0.0,75,0.0,5124
77,1,24,0.0,76,0.0,5124
78,1,24,0.0,77,0.0,5124
79,1,24,0.59,78,0.0,5124
80,1,24,0.89,79,0.0,5124
81,1,24,0.09,80,0.0,5124
82,1,24,0.81,81,0.0,5124
83,1,24,0.0,82,0.0,5124
84,1,24,0.0,83,0.0,5124
85,1,24,0.0,84,0.0,5124
86,1,24,0.0,85,0.0,5124
87,1,24,0.0,86,0.0,5124
88,1,24,0.0,87,0.0,5124
89,1,24,0.0,88,0.19,5124
90,1,24,0.0,89,1.0,5124
91,1,24,0.0,90,0.11,5124
92,1,24,0.0,91,0.0,5124
93,1,24,0.0,92,0.69,5124
94,1,24,0.0,93,0.76,5124
95,1,24,0.34,94,0.0,5124
96,1,24,1.0,95,0.0,5124
97,1,24,1.0,96,0.0,5124
98,1,24,1.0,97,0.0,5124
99,1,24,1.0,98,0.0,5124
100,1,24,1.0,99,0.0,5124
101,1,24,1.0,100,0.0,5124
102,1,24,1.0,101,0.0,5124
103,1,24,0.76,102,0.0,5124
104,1,24,0.0,103,0.0,5124
105,1,24,0.0,104,0.0,5124
106,1,24,0.0,105,0.0,5124
107,1,24,0.0,106,0.0,5124
108,1,24,0.0,107,0.0,5124
109,1,24,0.0,108,0.0,5124
110,1,24,0.0,109,0.0,5124
111,1,24,0.0,110,0.0,5124
112,1,24,0.0,111,0.0,5124
113,1,24,0.0,112,0.0,5124
114,1,24,0.0,113,0.89,5124
115,1,24,0.0,114,1.0,5124
116,1,24,0.0,115,1.0,5124
117,1,24,0.0,116,1.0,5124
118,1,24,0.0,117,1.0,5124
119,1,24,0.0,118,1.0,5124
120,1,24,0.0,119,1.0,5124
121,1,24,0.0,120,1.0,5124
122,1,24,0.0,121,1.0,5124
123,1,24,0.0,122,1.0,5124
124,1,24,0.0,123,1.0,5124
125,1,24,0.0,124,1.0,5124
126,1,24,0.0,125,1.0,5124
127,1,24,0.0,126,1.0,5124
128,1,24,0.0,127,1.0,5124
129,1,24,0.0,128,0.01,5124
130,1,24,0.0,129,0.0,5124
131,1,24,0.0,130,0.0,5124
132,1,24,0.0,131,0.0,5124
133,1,24,0.0,132,0.0,5124
134,1,24,0.0,133,0.0,5124
135,1,24,0.0,134,0.0,5124
136,1,24,0.0,135,0.0,5124
137,1,24,0.0,136,0.0,5124
138,1,24,0.0,137,0.0,5124
139,1,24,0.0,138,0.0,5124
140,1,24,0.0,139,0.0,5124
141,1,24,0.0,140,0.0,5124
142,1,24,0.0,141,0.0,5124
143,1,24,0.0,142,0.0,5124
144,1,24,0.0,143,0.0,5124
145,1,24,0.0,144,0.0,5124
146,1,24,0.0,145,0.0,5124
147,1,24,0.0,146,0.0,5124
148,1,24,0.0,147,0.0,5124
149,1,24,0.0,148,0.0,5124
150,1,24,0.0,149,0.16,5124
151,1,24,0.0,150,0.0,5124
152,1,24,0.0,151,0.0,5124
153,1,24,0.0,152,0.0,5124
154,1,24,0.0,153,0.0,5124
155,1,24,0.0,154,0.0,5124
156,1,24,0.0,155,0.0,5124
157,1,24,0.0,156,0.32,5124
158,1,24,0.0,157,0.0,5124
159,1,24,0.0,158,0.89,5124
160,1,24,0.0,159,0.11,5124
161,1,24,0.0,160,0.0,5124
162,1,24,0.0,161,0.0,5124
163,1,24,0.0,162,0.0,5124
1,1,24,0.0,0,0.0,11096
2,1,24,0.0,1,0.0,11096
3,1,24,0.0,2,0.0,11096
4,1,24,0.0,3,0.0,11096
5,1,24,0.0,4,0.0,11096
6,1,24,0.0,5,0.0,11096
7,1,24,0.0,6,0.0,11096
8,1,24,0.0,7,0.0,11096
9,1,24,0.0,8,0.0,11096
10,1,24,0.0,9,0.0,11096
11,1,24,0.0,10,0.0,11096
12,1,24,0.0,11,0.0,11096
13,1,24,0.0,12,0.0,11096
14,1,24,0.0,13,0.0,11096
15,1,24,0.0,14,0.0,11096
16,1,24,0.0,15,0.0,11096
17,1,24,0.0,16,0.0,11096
18,1,24,0.0,17,0.0,11096
19,1,24,0.0,18,0.0,11096
20,1,24,0.0,19,0.0,11096
21,1,24,0.0,20,0.0,11096
22,1,24,0.0,21,0.0,11096
23,1,24,0.0,22,0.0,11096
24,1,24,0.0,23,0.0,11096
25,1,24,0.0,24,0.0,11096
26,1,24,0.0,25,0.0,11096
27,1,24,0.0,26,0.0,11096
28,1,24,0.0,27,0.0,11096
29,1,24,0.0,28,0.0,11096
30,1,24,0.0,29,0.0,11096
31,1,24,0.0,30,0.0,11096
32,1,24,0.0,31,0.0,11096
33,1,24,0.0,32,0.0,11096
34,1,24,0.0,33,0.0,11096
35,1,24,0.0,34,0.0,11096
36,1,24,0.0,35,0.0,11096
37,1,24,0.0,36,0.0,11096
38,1,24,0.0,37,0.0,11096
39,1,24,0.0,38,0.0,11096
40,1,24,0.0,39,0.0,11096
41,1,24,0.0,40,0.0,11096
42,1,24,0.0,41,0.0,11096
43,1,24,0.0,42,0.0,11096
44,1,24,0.0,43,0.0,11096
45,1,24,0.0,44,0.0,11096
46,1,24,0.0,45,0.0,11096
47,1,24,0.0,46,0.0,11096
48,1,24,0.0,47,0.0,11096
49,1,24,0.0,48,0.0,11096
50,1,24,0.0,49,0.0,11096
51,1,24,0.0,50,0.0,11096
52,1,24,0.0,51,0.0,11096
53,1,24,0.0,52,0.0,11096
54,1,24,0.0,53,0.0,11096
55,1,24,0.0,54,0.0,11096
56,1,24,0.0,55,0.0,11096
57,1,24,0.0,56,0.0,11096
58,1,24,0.0,57,0.0,11096
59,1,24,0.0,58,0.0,11096
60,1,24,0.0,59,0.0,11096
61,1,24,0.0,60,0.0,11096
62,1,24,0.0,61,0.0,11096
63,1,24,0.0,62,0.0,11096
64,1,24,0.0,63,0.0,11096
65,1,24,0.0,64,0.0,11096
66,1,24,0.0,65,0.0,11096
67,1,24,0.0,66,0.0,11096
68,1,24,0.0,67,0.0,11096
69,1,24,0.0,68,0.0,11096
70,1,24,0.0,69,0.0,11096
71,1,24,0.0,70,0.0,11096
72,1,24,0.0,71,0.0,11096
73,1,24,0.0,72,0.0,11096
74,1,24,0.0,73,0.0,11096
75,1,24,0.0,74,0.0,11096
76,1,24,0.0,75,0.0,11096
77,1,24,0.0,76,0.0,11096
78,1,24,0.0,77,0.0,11096
79,1,24,0.0,78,0.0,11096
80,1,24,0.0,79,0.0,11096
81,1,24,0.0,80,0.0,11096
82,1,24,0.0,81,0.0,11096
83,1,24,0.0,82,0.0,11096
84,1,24,0.0,83,0.0,11096
85,1,24,0.0,84,0.0,11096
86,1,24,0.0,85,0.0,11096
87,1,24,0.0,86,0.0,11096
88,1,24,0.0,87,0.0,11096
89,1,24,0.0,88,0.0,11096
90,1,24,0.0,89,0.0,11096
91,1,24,0.0,90,0.0,11096
92,1,24,0.0,91,0.0,11096
93,1,24,0.0,92,0.0,11096
94,1,24,0.0,93,0.0,11096
95,1,24,0.0,94,0.0,11096
96,1,24,0.0,95,0.0,11096
97,1,24,0.0,96,0.0,11096
98,1,24,0.0,97,0.0,11096
99,1,24,0.0,98,0.0,11096
100,1,24,0.0,99,0.0,11096
101,1,24,0.0,100,0.0,11096
102,1,24,0.0,101,0.0,11096
103,1,24,0.0,102,0.0,11096
104,1,24,0.0,103,0.0,11096
105,1,24,0.0,104,0.0,11096
106,1,24,0.0,105,0.0,11096
107,1,24,0.0,106,0.0,11096
108,1,24,0.0,107,0.0,11096
109,1,24,0.0,108,0.0,11096
110,1,24,0.0,109,0.0,11096
111,1,24,0.0,110,0.0,11096
112,1,24,0.0,111,0.0,11096
113,1,24,0.0,112,0.0,11096
114,1,24,0.0,113,0.0,11096
115,1,24,0.0,114,0.0,11096
116,1,24,0.0,115,0.0,11096
117,1,24,0.0,116,0.0,11096
118,1,24,0.0,117,0.0,11096
119,1,24,0.0,118,0.0,11096
120,1,24,0.0,119,0.0,11096
121,1,24,0.0,120,0.0,11096
122,1,24,0.0,121,0.0,11096
123,1,24,0.0,122,0.0,11096
124,1,24,0.0,123,0.0,11096
125,1,24,0.0,124,0.0,11096
126,1,24,0.0,125,0.0,11096
127,1,24,0.0,126,0.0,11096
128,1,24,0.0,127,0.0,11096
129,1,24,0.0,128,0.0,11096
130,1,24,0.0,129,0.0,11096
131,1,24,0.0,130,0.0,11096
132,1,24,0.0,131,0.0,11096
133,1,24,0.0,132,0.0,11096
134,1,24,0.0,133,0.0,11096
135,1,24,0.0,134,0.0,11096
136,1,24,0.0,135,0.0,11096
137,1,24,0.0,136,0.0,11096
138,1,24,0.0,137,0.0,11096
139,1,24,0.0,138,0.0,11096
140,1,24,0.0,139,0.0,11096
141,1,24,0.0,140,0.0,11096
142,1,24,0.0,141,0.0,11096
143,1,24,0.0,142,0.0,11096
144,1,24,0.0,143,0.0,11096
145,1,24,0.0,144,0.0,11096
146,1,24,0.0,145,0.0,11096
147,1,24,0.0,146,0.0,11096
148,1,24,0.0,147,0.0,11096
149,1,24,0.0,148,0.0,11096
150,1,24,0.0,149,0.0,11096
151,1,24,0.0,150,0.0,11096
152,1,24,0.0,151,0.0,11096
153,1,24,0.0,152,0.0,11096
154,1,24,0.0,153,0.0,11096
155,1,24,0.0,154,0.0,11096
156,1,24,0.0,155,0.0,11096
157,1,24,0.0,156,0.0,11096
158,1,24,0.0,157,0.0,11096
159,1,24,0.0,158,0.0,11096
160,1,24,0.0,159,0.0,11096
161,1,24,0.0,160,0.0,11096
162,1,24,0.0,161,0.0,11096
163,1,24,0.0,162,0.0,11096
1,1,24,0.0,0,0.0,4999
2,1,24,0.0,1,0.0,4999
3,1,24,0.0,2,0.0,4999
4,1,24,0.0,3,0.0,4999
5,1,24,0.0,4,0.0,4999
6,1,24,0.0,5,0.0,4999
7,1,24,0.0,6,0.0,4999
8,1,24,0.0,7,0.0,4999
9,1,24,0.0,8,0.0,4999
10,1,24,0.0,9,0.0,4999
11,1,24,0.0,10,0.0,4999
12,1,24,0.0,11,0.0,4999
13,1,24,0.0,12,0.0,4999
14,1,24,0.0,13,0.0,4999
15,1,24,0.0,14,0.0,4999
16,1,24,0.0,15,0.0,4999
17,1,24,0.0,16,0.0,4999
18,1,24,0.0,17,0.0,4999
19,1,24,0.0,18,0.0,4999
20,1,24,0.0,19,0.0,4999
21,1,24,0.0,20,0.0,4999
22,1,24,0.0,21,0.0,4999
23,1,24,0.0,22,0.0,4999
24,1,24,0.0,23,0.0,4999
25,1,24,0.0,24,0.0,4999
26,1,24,0.0,25,0.0,4999
27,1,24,0.0,26,0.0,4999
28,1,24,0.0,27,0.0,4999
29,1,24,0.0,28,0.0,4999
30,1,24,0.0,29,0.7,4999
31,1,24,0.0,30,1.0,4999
32,1,24,0.0,31,0.52,4999
33,1,24,0.0,32,0.0,4999
34,1,24,0.0,33,0.0,4999
35,1,24,0.0,34,0.0,4999
36,1,24,0.0,35,0.0,4999
37,1,24,0.0,36,0.0,4999
38,1,24,0.0,37,0.0,4999
39,1,24,0.0,38,0.0,4999
40,1,24,0.0,39,0.0,4999
41,1,24,0.0,40,0.0,4999
42,1,24,0.0,41,0.0,4999
43,1,24,0.0,42,0.0,4999
44,1,24,0.0,43,0.0,4999
45,1,24,0.0,44,0.0,4999
46,1,24,0.0,45,0.0,4999
47,1,24,0.0,46,0.0,4999
48,1,24,0.0,47,0.0,4999
49,1,24,0.0,48,0.0,4999
50,1,24,0.0,49,0.0,4999
51,1,24,0.0,50,0.0,4999
52,1,24,0.0,51,0.0,4999
53,1,24,0.0,52,0.0,4999
54,1,24,0.0,53,0.0,4999
55,1,24,0.0,54,0.0,4999
56,1,24,0.0,55,0.0,4999
57,1,24,0.0,56,0.0,4999
58,1,24,0.0,57,0.0,4999
59,1,24,0.0,58,0.0,4999
60,1,24,0.0,59,0.0,4999
61,1,24,0.0,60,0.0,4999
62,1,24,0.0,61,0.0,4999
63,1,24,0.0,62,0.0,4999
64,1,24,0.0,63,0.0,4999
65,1,24,0.0,64,0.0,4999
66,1,24,0.0,65,0.0,4999
67,1,24,0.0,66,0.0,4999
68,1,24,0.0,67,0.0,4999
69,1,24,0.0,68,0.0,4999
70,1,24,0.0,69,0.0,4999
71,1,24,0.0,70,0.0,4999
72,1,24,0.0,71,0.0,4999
73,1,24,0.0,72,0.0,4999
74,1,24,0.0,73,0.0,4999
75,1,24,0.0,74,0.0,4999
76,1,24,0.0,75,0.0,4999
77,1,24,0.0,76,0.0,4999
78,1,24,0.0,77,0.0,4999
79,1,24,0.0,78,0.0,4999
80,1,24,0.0,79,0.0,4999
81,1,24,0.0,80,0.0,4999
82,1,24,0.0,81,0.0,4999
83,1,24,0.0,82,0.0,4999
84,1,24,0.0,83,0.0,4999
85,1,24,0.0,84,0.0,4999
86,1,24,0.0,85,0.0,4999
87,1,24,0.0,86,0.0,4999
88,1,24,0.0,87,0.0,4999
89,1,24,0.0,88,0.0,4999
90,1,24,0.0,89,0.0,4999
91,1,24,0.0,90,0.0,4999
92,1,24,0.0,91,0.0,4999
93,1,24,0.0,92,0.0,4999
94,1,24,0.0,93,0.0,4999
95,1,24,0.0,94,0.0,4999
96,1,24,0.0,95,0.0,4999
97,1,24,0.0,96,0.0,4999
98,1,24,0.0,97,0.0,4999
99,1,24,0.0,98,0.0,4999
100,1,24,0.0,99,0.0,4999
101,1,24,0.0,100,0.0,4999
102,1,24,0.0,101,0.0,4999
103,1,24,0.0,102,0.0,4999
104,1,24,0.0,103,0.0,4999
105,1,24,0.0,104,0.0,4999
106,1,24,0.0,105,0.0,4999
107,1,24,0.0,106,0.0,4999
108,1,24,0.0,107,0.0,4999
109,1,24,0.0,108,0.0,4999
110,1,24,0.0,109,0.0,4999
111,1,24,0.0,110,0.0,4999
112,1,24,0.0,111,0.0,4999
113,1,24,0.0,112,0.0,4999
114,1,24,0.0,113,0.0,4999
115,1,24,0.0,114,0.0,4999
116,1,24,0.0,115,0.0,4999
117,1,24,0.0,116,0.0,4999
118,1,24,0.0,117,0.0,4999
119,1,24,0.0,118,0.0,4999
120,1,24,0.0,119,0.0,4999
121,1,24,0.0,120,0.0,4999
122,1,24,0.0,121,0.0,4999
123,1,24,0.0,122,0.0,4999
124,1,24,0.0,123,0.0,4999
125,1,24,0.0,124,0.0,4999
126,1,24,0.0,125,0.0,4999
127,1,24,0.0,126,0.0,4999
128,1,24,0.0,127,0.0,4999
129,1,24,0.0,128,0.0,4999
130,1,24,0.0,129,0.0,4999
131,1,24,0.0,130,0.0,4999
132,1,24,0.0,131,0.0,4999
133,1,24,0.0,132,0.0,4999
134,1,24,0.0,133,0.0,4999
135,1,24,0.0,134,0.0,4999
136,1,24,0.0,135,0.0,4999
137,1,24,0.0,136,0.0,4999
138,1,24,0.0,137,0.0,4999
139,1,24,0.0,138,0.0,4999
140,1,24,0.0,139,0.0,4999
141,1,24,0.0,140,0.0,4999
142,1,24,0.0,141,0.0,4999
143,1,24,0.0,142,0.0,4999
144,1,24,0.0,143,0.0,4999
145,1,24,0.0,144,0.0,4999
146,1,24,0.0,145,0.0,4999
147,1,24,0.0,146,0.0,4999
148,1,24,0.0,147,0.0,4999
149,1,24,0.0,148,0.0,4999
150,1,24,0.0,149,0.0,4999
151,1,24,0.0,150,0.0,4999
152,1,24,0.0,151,0.0,4999
153,1,24,0.0,152,0.0,4999
154,1,24,0.0,153,0.0,4999
155,1,24,0.0,154,0.0,4999
156,1,24,0.0,155,0.0,4999
157,1,24,0.0,156,0.0,4999
158,1,24,0.0,157,0.0,4999
159,1,24,0.0,158,0.0,4999
160,1,24,0.0,159,0.0,4999
161,1,24,0.0,160,0.0,4999
162,1,24,0.0,161,0.0,4999
163,1,24,0.0,162,0.0,4999
1,1,24,0.0,0,0.0,5089
2,1,24,0.0,1,0.0,5089
3,1,24,0.0,2,0.0,5089
4,1,24,0.0,3,0.0,5089
5,1,24,0.0,4,0.0,5089
6,1,24,0.0,5,0.0,5089
7,1,24,0.0,6,0.0,5089
8,1,24,0.0,7,0.0,5089
9,1,24,0.0,8,0.0,5089
10,1,24,0.0,9,0.0,5089
11,1,24,0.0,10,0.0,5089
12,1,24,0.0,11,0.0,5089
13,1,24,0.0,12,0.0,5089
14,1,24,0.0,13,0.0,5089
15,1,24,0.0,14,0.0,5089
16,1,24,0.0,15,0.0,5089
17,1,24,0.0,16,0.0,5089
18,1,24,0.0,17,0.0,5089
19,1,24,0.0,18,0.0,5089
20,1,24,0.0,19,0.0,5089
21,1,24,0.0,20,0.0,5089
22,1,24,0.0,21,0.0,5089
23,1,24,0.0,22,0.0,5089
24,1,24,0.0,23,0.0,5089
25,1,24,0.0,24,0.0,5089
26,1,24,0.0,25,0.0,5089
27,1,24,0.0,26,0.0,5089
28,1,24,0.0,27,0.0,5089
29,1,24,0.0,28,0.0,5089
30,1,24,0.0,29,0.0,5089
31,1,24,0.0,30,0.0,5089
32,1,24,0.0,31,0.0,5089
33,1,24,0.0,32,0.0,5089
34,1,24,0.0,33,0.0,5089
35,1,24,0.0,34,0.0,5089
36,1,24,0.0,35,0.0,5089
37,1,24,0.0,36,0.0,5089
38,1,24,0.0,37,0.0,5089
39,1,24,0.0,38,0.0,5089
40,1,24,0.0,39,0.0,5089
41,1,24,0.0,40,0.0,5089
42,1,24,0.0,41,0.0,5089
43,1,24,0.0,42,0.0,5089
44,1,24,0.0,43,0.0,5089
45,1,24,0.0,44,0.0,5089
46,1,24,0.0,45,0.0,5089
47,1,24,0.0,46,0.0,5089
48,1,24,0.0,47,0.0,5089
49,1,24,0.0,48,0.0,5089
50,1,24,0.0,49,0.0,5089
51,1,24,0.0,50,0.0,5089
52,1,24,0.0,51,0.0,5089
53,1,24,0.0,52,0.0,5089
54,1,24,0.0,53,0.0,5089
55,1,24,0.0,54,0.0,5089
56,1,24,0.0,55,0.0,5089
57,1,24,0.0,56,0.0,5089
58,1,24,0.0,57,0.0,5089
59,1,24,0.0,58,0.0,5089
60,1,24,0.0,59,0.0,5089
61,1,24,0.0,60,0.0,5089
62,1,24,0.0,61,0.0,5089
63,1,24,0.0,62,0.0,5089
64,1,24,0.0,63,0.0,5089
65,1,24,0.0,64,0.0,5089
66,1,24,0.0,65,0.0,5089
67,1,24,0.0,66,0.0,5089
68,1,24,0.0,67,0.0,5089
69,1,24,0.0,68,0.0,5089
70,1,24,0.0,69,0.0,5089
71,1,24,0.0,70,0.0,5089
72,1,24,0.0,71,0.0,5089
73,1,24,0.0,72,0.0,5089
74,1,24,0.0,73,0.0,5089
75,1,24,0.0,74,0.0,5089
76,1,24,0.0,75,0.0,5089
77,1,24,0.0,76,0.0,5089
78,1,24,0.0,77,0.0,5089
79,1,24,0.0,78,0.0,5089
80,1,24,0.0,79,0.0,5089
81,1,24,0.0,80,0.0,5089
82,1,24,0.0,81,1.0,5089
83,1,24,0.0,82,0.32,5089
84,1,24,0.0,83,0.0,5089
85,1,24,0.0,84,0.0,5089
86,1,24,0.0,85,0.0,5089
87,1,24,0.0,86,0.0,5089
88,1,24,0.0,87,0.0,5089
89,1,24,0.0,88,0.0,5089
90,1,24,0.0,89,0.0,5089
91,1,24,0.0,90,0.0,5089
92,1,24,0.0,91,0.0,5089
93,1,24,0.0,92,0.0,5089
94,1,24,0.0,93,0.0,5089
95,1,24,0.0,94,0.0,5089
96,1,24,0.0,95,0.0,5089
97,1,24,0.0,96,0.0,5089
98,1,24,0.0,97,0.0,5089
99,1,24,0.0,98,0.0,5089
100,1,24,0.0,99,0.0,5089
101,1,24,0.0,100,0.0,5089
102,1,24,0.0,101,0.0,5089
103,1,24,0.0,102,0.0,5089
104,1,24,0.0,103,0.0,5089
105,1,24,0.0,104,0.0,5089
106,1,24,0.0,105,0.0,5089
107,1,24,0.0,106,0.0,5089
108,1,24,0.0,107,0.0,5089
109,1,24,0.0,108,0.0,5089
110,1,24,0.0,109,0.0,5089
111,1,24,0.0,110,0.0,5089
112,1,24,0.0,111,0.0,5089
113,1,24,0.0,112,0.0,5089
114,1,24,0.0,113,0.0,5089
115,1,24,0.0,114,0.0,5089
116,1,24,0.0,115,0.0,5089
117,1,24,0.0,116,0.0,5089
118,1,24,0.0,117,0.0,5089
119,1,24,0.0,118,0.0,5089
120,1,24,0.0,119,0.0,5089
121,1,24,0.0,120,0.0,5089
122,1,24,0.0,121,0.0,5089
123,1,24,0.0,122,0.0,5089
124,1,24,0.0,123,0.0,5089
125,1,24,0.0,124,0.0,5089
126,1,24,0.0,125,0.0,5089
127,1,24,0.0,126,0.0,5089
128,1,24,0.0,127,0.0,5089
129,1,24,0.0,128,0.0,5089
130,1,24,0.0,129,0.0,5089
131,1,24,0.0,130,0.0,5089
132,1,24,0.0,131,0.0,5089
133,1,24,0.0,132,0.0,5089
134,1,24,0.0,133,0.0,5089
135,1,24,0.0,134,0.0,5089
136,1,24,0.0,135,0.0,5089
137,1,24,0.0,136,0.0,5089
138,1,24,0.0,137,0.0,5089
139,1,24,0.0,138,0.0,5089
140,1,24,0.0,139,0.36,5089
141,1,24,0.0,140,0.0,5089
142,1,24,0.0,141,0.0,5089
143,1,24,0.0,142,0.0,5089
144,1,24,0.0,143,0.0,5089
145,1,24,0.0,144,0.0,5089
146,1,24,0.0,145,0.0,5089
147,1,24,0.0,146,0.0,5089
148,1,24,0.0,147,0.0,5089
149,1,24,0.0,148,0.0,5089
150,1,24,0.0,149,0.0,5089
151,1,24,0.0,150,0.0,5089
152,1,24,0.0,151,0.0,5089
153,1,24,0.0,152,0.0,5089
154,1,24,0.0,153,0.0,5089
155,1,24,0.0,154,0.0,5089
156,1,24,0.0,155,0.0,5089
157,1,24,0.0,156,0.0,5089
158,1,24,0.0,157,0.0,5089
159,1,24,0.0,158,0.0,5089
160,1,24,0.0,159,0.0,5089
161,1,24,0.0,160,0.0,5089
162,1,24,0.0,161,0.0,5089
163,1,24,0.0,162,0.0,5089
1,1,24,0.0,0,0.0,3476
2,1,24,0.0,1,0.0,3476
3,1,24,0.0,2,0.0,3476
4,1,24,0.0,3,0.0,3476
5,1,24,0.0,4,0.0,3476
6,1,24,0.0,5,0.0,3476
7,1,24,0.0,6,0.0,3476
8,1,24,0.0,7,0.0,3476
9,1,24,0.0,8,0.0,3476
10,1,24,0.0,9,0.3,3476
11,1,24,0.0,10,1.0,3476
12,1,24,0.0,11,0.35,3476
13,1,24,0.0,12,0.0,3476
14,1,24,0.0,13,0.0,3476
15,1,24,0.0,14,0.0,3476
16,1,24,0.0,15,0.0,3476
17,1,24,0.0,16,0.0,3476
18,1,24,0.0,17,0.0,3476
19,1,24,0.0,18,0.0,3476
20,1,24,0.0,19,0.0,3476
21,1,24,0.0,20,0.0,3476
22,1,24,0.0,21,0.0,3476
23,1,24,0.0,22,0.0,3476
24,1,24,0.0,23,0.0,3476
25,1,24,0.0,24,0.0,3476
26,1,24,0.0,25,0.0,3476
27,1,24,0.0,26,0.0,3476
28,1,24,0.0,27,0.0,3476
29,1,24,0.0,28,0.0,3476
30,1,24,0.0,29,0.0,3476
31,1,24,0.0,30,0.0,3476
32,1,24,0.0,31,0.0,3476
33,1,24,0.0,32,0.0,3476
34,1,24,0.0,33,0.0,3476
35,1,24,0.0,34,0.0,3476
36,1,24,0.0,35,0.0,3476
37,1,24,0.0,36,0.0,3476
38,1,24,0.0,37,0.0,3476
39,1,24,0.0,38,0.0,3476
40,1,24,0.0,39,0.0,3476
41,1,24,0.0,40,0.0,3476
42,1,24,0.0,41,0.0,3476
43,1,24,0.0,42,0.0,3476
44,1,24,0.0,43,0.0,3476
45,1,24,0.0,44,0.0,3476
46,1,24,0.0,45,0.0,3476
47,1,24,0.0,46,0.28,3476
48,1,24,0.0,47,0.17,3476
49,1,24,0.0,48,0.78,3476
50,1,24,0.0,49,1.0,3476
51,1,24,0.0,50,1.0,3476
52,1,24,0.0,51,0.33,3476
53,1,24,0.0,52,0.0,3476
54,1,24,0.0,53,0.03,3476
55,1,24,0.0,54,0.92,3476
56,1,24,0.0,55,0.0,3476
57,1,24,0.0,56,0.0,3476
58,1,24,0.0,57,0.0,3476
59,1,24,0.0,58,0.0,3476
60,1,24,0.0,59,0.0,3476
61,1,24,0.0,60,0.0,3476
62,1,24,0.0,61,0.0,3476
63,1,24,0.0,62,0.0,3476
64,1,24,0.0,63,0.0,3476
65,1,24,0.0,64,0.0,3476
66,1,24,0.0,65,0.0,3476
67,1,24,0.0,66,0.0,3476
68,1,24,0.0,67,0.0,3476
69,1,24,0.0,68,0.0,3476
70,1,24,0.0,69,0.88,3476
71,1,24,0.0,70,1.0,3476
72,1,24,0.0,71,1.0,3476
73,1,24,0.0,72,1.0,3476
74,1,24,0.0,73,0.12,3476
75,1,24,0.0,74,0.0,3476
76,1,24,0.0,75,0.0,3476
77,1,24,0.0,76,0.0,3476
78,1,24,0.0,77,0.0,3476
79,1,24,0.0,78,0.0,3476
80,1,24,0.0,79,0.0,3476
81,1,24,0.0,80,0.0,3476
82,1,24,0.0,81,0.0,3476
83,1,24,0.0,82,0.0,3476
84,1,24,0.0,83,0.0,3476
85,1,24,0.0,84,0.0,3476
86,1,24,0.0,85,0.0,3476
87,1,24,0.0,86,0.0,3476
88,1,24,0.0,87,0.0,3476
89,1,24,0.0,88,0.0,3476
90,1,24,0.0,89,0.0,3476
91,1,24,0.0,90,0.0,3476
92,1,24,0.0,91,0.0,3476
93,1,24,0.0,92,0.0,3476
94,1,24,0.0,93,0.0,3476
95,1,24,0.0,94,0.0,3476
96,1,24,0.0,95,0.0,3476
97,1,24,0.0,96,0.0,3476
98,1,24,0.0,97,0.0,3476
99,1,24,0.0,98,0.0,3476
100,1,24,0.0,99,0.0,3476
101,1,24,0.0,100,0.08,3476
102,1,24,0.0,101,0.74,3476
103,1,24,0.0,102,0.0,3476
104,1,24,0.0,103,0.48,3476
105,1,24,0.0,104,1.0,3476
106,1,24,0.0,105,1.0,3476
107,1,24,0.0,106,1.0,3476
108,1,24,0.0,107,0.57,3476
109,1,24,0.0,108,0.0,3476
110,1,24,0.0,109,0.63,3476
111,1,24,0.0,110,0.02,3476
112,1,24,0.0,111,0.0,3476
113,1,24,0.0,112,0.48,3476
114,1,24,0.0,113,1.0,3476
115,1,24,0.0,114,1.0,3476
116,1,24,0.0,115,1.0,3476
117,1,24,0.0,116,0.2,3476
118,1,24,0.0,117,0.0,3476
119,1,24,0.0,118,0.28,3476
120,1,24,0.0,119,0.37,3476
121,1,24,0.0,120,0.43,3476
122,1,24,0.0,121,0.22,3476
123,1,24,0.0,122,0.0,3476
124,1,24,0.0,123,0.7,3476
125,1,24,0.0,124,0.0,3476
126,1,24,0.0,125,0.0,3476
127,1,24,0.0,126,0.0,3476
128,1,24,0.0,127,0.0,3476
129,1,24,0.0,128,0.0,3476
130,1,24,0.0,129,0.0,3476
131,1,24,0.0,130,0.85,3476
132,1,24,0.0,131,1.0,3476
133,1,24,0.0,132,0.75,3476
134,1,24,0.0,133,0.0,3476
135,1,24,0.0,134,0.1,3476
136,1,24,0.0,135,0.55,3476
137,1,24,0.0,136,0.05,3476
138,1,24,0.0,137,1.0,3476
139,1,24,0.0,138,0.85,3476
140,1,24,0.0,139,0.0,3476
141,1,24,0.0,140,0.47,3476
142,1,24,0.0,141,0.19,3476
143,1,24,0.0,142,0.0,3476
144,1,24,0.0,143,0.0,3476
145,1,24,0.0,144,0.0,3476
146,1,24,0.0,145,0.0,3476
147,1,24,0.0,146,0.65,3476
148,1,24,0.0,147,0.65,3476
149,1,24,0.0,148,1.0,3476
150,1,24,0.0,149,1.0,3476
151,1,24,0.0,150,1.0,3476
152,1,24,0.0,151,0.6,3476
153,1,24,0.0,152,0.0,3476
154,1,24,0.0,153,0.1,3476
155,1,24,0.0,154,0.4,3476
156,1,24,0.0,155,0.97,3476
157,1,24,0.0,156,0.0,3476
158,1,24,0.0,157,0.0,3476
159,1,24,0.0,158,0.0,3476
160,1,24,0.0,159,0.0,3476
161,1,24,0.0,160,0.0,3476
162,1,24,0.0,161,0.0,3476
163,1,24,0.0,162,0.0,3476
1,1,25,0.0,0,0.0,8898
2,1,25,0.0,1,0.0,8898
3,1,25,0.0,2,0.0,8898
4,1,25,0.0,3,0.0,8898
5,1,25,0.0,4,0.0,8898
6,1,25,0.0,5,0.0,8898
7,1,25,0.0,6,0.0,8898
8,1,25,0.0,7,0.0,8898
9,1,25,0.0,8,0.0,8898
10,1,25,0.0,9,0.0,8898
11,1,25,0.0,10,0.0,8898
12,1,25,0.0,11,0.0,8898
13,1,25,0.0,12,0.0,8898
14,1,25,0.0,13,0.0,8898
15,1,25,0.0,14,0.0,8898
16,1,25,0.0,15,0.0,8898
17,1,25,0.0,16,0.0,8898
18,1,25,0.0,17,0.0,8898
19,1,25,0.0,18,0.0,8898
20,1,25,0.0,19,0.0,8898
21,1,25,0.0,20,0.0,8898
22,1,25,0.0,21,0.0,8898
23,1,25,0.0,22,0.0,8898
24,1,25,0.0,23,0.0,8898
25,1,25,0.0,24,0.0,8898
26,1,25,0.0,25,0.0,8898
27,1,25,0.0,26,0.0,8898
28,1,25,0.0,27,0.0,8898
29,1,25,0.0,28,0.0,8898
30,1,25,0.0,29,0.0,8898
31,1,25,0.0,30,0.0,8898
32,1,25,0.0,31,0.0,8898
33,1,25,0.0,32,0.0,8898
34,1,25,0.0,33,0.0,8898
35,1,25,0.0,34,0.0,8898
36,1,25,0.0,35,0.0,8898
37,1,25,0.0,36,0.0,8898
38,1,25,0.0,37,0.0,8898
39,1,25,0.0,38,0.0,8898
40,1,25,0.0,39,0.0,8898
41,1,25,0.0,40,0.0,8898
42,1,25,0.0,41,0.0,8898
43,1,25,0.0,42,0.0,8898
44,1,25,0.0,43,0.0,8898
45,1,25,0.0,44,0.0,8898
46,1,25,0.0,45,0.0,8898
47,1,25,0.0,46,0.0,8898
48,1,25,0.0,47,0.0,8898
49,1,25,0.0,48,0.0,8898
50,1,25,0.0,49,0.0,8898
51,1,25,0.0,50,0.0,8898
52,1,25,0.0,51,0.0,8898
53,1,25,0.0,52,0.0,8898
54,1,25,0.0,53,0.0,8898
55,1,25,0.0,54,0.0,8898
56,1,25,0.0,55,0.0,8898
57,1,25,0.0,56,0.0,8898
58,1,25,0.0,57,0.0,8898
59,1,25,0.0,58,0.0,8898
60,1,25,0.0,59,0.0,8898
61,1,25,0.0,60,0.0,8898
62,1,25,0.0,61,0.0,8898
63,1,25,0.0,62,0.0,8898
64,1,25,0.0,63,0.0,8898
65,1,25,0.0,64,0.0,8898
66,1,25,0.0,65,0.0,8898
67,1,25,0.0,66,0.0,8898
68,1,25,0.0,67,0.0,8898
69,1,25,0.0,68,0.0,8898
70,1,25,0.0,69,0.0,8898
71,1,25,0.0,70,0.0,8898
72,1,25,0.0,71,0.0,8898
73,1,25,0.0,72,0.0,8898
74,1,25,0.0,73,0.0,8898
75,1,25,0.0,74,0.0,8898
76,1,25,0.0,75,0.0,8898
77,1,25,0.0,76,0.0,8898
78,1,25,0.0,77,0.0,8898
79,1,25,0.0,78,0.0,8898
80,1,25,0.0,79,0.0,8898
81,1,25,0.0,80,0.0,8898
82,1,25,0.0,81,0.0,8898
83,1,25,0.0,82,0.0,8898
84,1,25,0.0,83,0.0,8898
85,1,25,0.0,84,0.0,8898
86,1,25,0.0,85,0.0,8898
87,1,25,0.0,86,0.0,8898
88,1,25,0.0,87,0.0,8898
89,1,25,0.0,88,0.0,8898
90,1,25,0.0,89,0.0,8898
91,1,25,0.0,90,0.0,8898
92,1,25,0.0,91,0.0,8898
93,1,25,0.0,92,0.0,8898
94,1,25,0.0,93,0.0,8898
95,1,25,0.0,94,0.0,8898
96,1,25,0.0,95,0.0,8898
97,1,25,0.0,96,0.0,8898
98,1,25,0.0,97,0.0,8898
99,1,25,0.0,98,0.0,8898
100,1,25,0.0,99,0.0,8898
101,1,25,0.0,100,0.0,8898
102,1,25,0.0,101,0.0,8898
103,1,25,0.0,102,0.0,8898
104,1,25,0.0,103,0.0,8898
105,1,25,0.0,104,0.0,8898
106,1,25,0.0,105,0.0,8898
107,1,25,0.0,106,0.0,8898
108,1,25,0.0,107,0.0,8898
109,1,25,0.0,108,0.0,8898
110,1,25,0.0,109,0.0,8898
111,1,25,0.0,110,0.0,8898
112,1,25,0.0,111,0.0,8898
113,1,25,0.0,112,0.0,8898
114,1,25,0.0,113,0.0,8898
115,1,25,0.0,114,0.0,8898
116,1,25,0.0,115,0.0,8898
117,1,25,0.0,116,0.0,8898
118,1,25,0.0,117,0.0,8898
119,1,25,0.0,118,0.0,8898
120,1,25,0.0,119,0.0,8898
121,1,25,0.0,120,0.0,8898
122,1,25,0.0,121,0.0,8898
123,1,25,0.0,122,0.0,8898
124,1,25,0.0,123,0.0,8898
125,1,25,0.0,124,0.0,8898
126,1,25,0.0,125,0.0,8898
127,1,25,0.0,126,0.0,8898
128,1,25,0.0,127,0.0,8898
129,1,25,0.0,128,0.0,8898
130,1,25,0.0,129,0.0,8898
131,1,25,0.0,130,0.0,8898
132,1,25,0.0,131,0.0,8898
133,1,25,0.0,132,0.0,8898
134,1,25,0.0,133,0.0,8898
135,1,25,0.0,134,0.0,8898
136,1,25,0.0,135,0.0,8898
137,1,25,0.0,136,0.0,8898
138,1,25,0.0,137,0.0,8898
139,1,25,0.0,138,0.0,8898
140,1,25,0.0,139,0.0,8898
141,1,25,0.0,140,0.0,8898
142,1,25,0.0,141,0.0,8898
143,1,25,0.0,142,0.0,8898
144,1,25,0.0,143,0.0,8898
145,1,25,0.0,144,0.0,8898
146,1,25,0.0,145,0.0,8898
147,1,25,0.0,146,0.0,8898
148,1,25,0.0,147,0.0,8898
149,1,25,0.0,148,0.0,8898
150,1,25,0.0,149,0.0,8898
151,1,25,0.0,150,0.0,8898
152,1,25,0.0,151,0.0,8898
153,1,25,0.0,152,0.0,8898
154,1,25,0.0,153,0.0,8898
155,1,25,0.0,154,0.0,8898
156,1,25,0.0,155,0.0,8898
157,1,25,0.0,156,0.0,8898
158,1,25,0.0,157,0.0,8898
159,1,25,0.0,158,0.0,8898
160,1,25,0.0,159,0.0,8898
161,1,25,0.0,160,0.0,8898
162,1,25,0.0,161,0.0,8898
163,1,25,0.0,162,0.0,8898
1,1,25,0.0,0,0.0,9696
2,1,25,0.0,1,0.0,9696
3,1,25,0.0,2,0.0,9696
4,1,25,0.0,3,0.0,9696
5,1,25,0.0,4,0.0,9696
6,1,25,0.0,5,0.0,9696
7,1,25,0.0,6,0.0,9696
8,1,25,0.0,7,0.0,9696
9,1,25,0.0,8,0.0,9696
10,1,25,0.0,9,0.0,9696
11,1,25,0.0,10,0.0,9696
12,1,25,0.0,11,0.0,9696
13,1,25,0.0,12,0.0,9696
14,1,25,0.0,13,0.0,9696
15,1,25,0.0,14,0.0,9696
16,1,25,0.0,15,0.0,9696
17,1,25,0.0,16,0.0,9696
18,1,25,0.0,17,0.0,9696
19,1,25,0.0,18,0.0,9696
20,1,25,0.0,19,0.0,9696
21,1,25,0.0,20,0.0,9696
22,1,25,0.0,21,0.0,9696
23,1,25,0.0,22,0.0,9696
24,1,25,0.0,23,0.0,9696
25,1,25,0.0,24,0.0,9696
26,1,25,0.0,25,0.0,9696
27,1,25,0.0,26,0.0,9696
28,1,25,0.0,27,0.0,9696
29,1,25,0.0,28,0.0,9696
30,1,25,0.0,29,0.0,9696
31,1,25,0.0,30,0.0,9696
32,1,25,0.0,31,0.0,9696
33,1,25,0.0,32,0.0,9696
34,1,25,0.0,33,0.0,9696
35,1,25,0.0,34,0.0,9696
36,1,25,0.0,35,0.0,9696
37,1,25,0.0,36,0.0,9696
38,1,25,0.0,37,0.0,9696
39,1,25,0.0,38,0.0,9696
40,1,25,0.0,39,0.0,9696
41,1,25,0.0,40,0.0,9696
42,1,25,0.0,41,0.0,9696
43,1,25,0.0,42,0.0,9696
44,1,25,0.0,43,0.0,9696
45,1,25,0.0,44,0.0,9696
46,1,25,0.0,45,0.0,9696
47,1,25,0.0,46,0.0,9696
48,1,25,0.0,47,0.0,9696
49,1,25,0.0,48,0.0,9696
50,1,25,0.0,49,0.0,9696
51,1,25,0.0,50,0.0,9696
52,1,25,0.0,51,0.0,9696
53,1,25,0.0,52,0.0,9696
54,1,25,0.0,53,0.0,9696
55,1,25,0.0,54,0.0,9696
56,1,25,0.0,55,0.0,9696
57,1,25,0.0,56,0.0,9696
58,1,25,0.0,57,0.0,9696
59,1,25,0.0,58,0.0,9696
60,1,25,0.0,59,0.0,9696
61,1,25,0.0,60,0.0,9696
62,1,25,0.0,61,0.0,9696
63,1,25,0.0,62,0.0,9696
64,1,25,0.0,63,0.0,9696
65,1,25,0.0,64,0.0,9696
66,1,25,0.0,65,0.0,9696
67,1,25,0.0,66,0.0,9696
68,1,25,0.0,67,0.0,9696
69,1,25,0.0,68,0.0,9696
70,1,25,0.0,69,0.0,9696
71,1,25,0.0,70,0.0,9696
72,1,25,0.0,71,0.0,9696
73,1,25,0.0,72,0.0,9696
74,1,25,0.0,73,0.0,9696
75,1,25,0.0,74,0.0,9696
76,1,25,0.0,75,0.0,9696
77,1,25,0.0,76,0.0,9696
78,1,25,0.0,77,0.0,9696
79,1,25,0.0,78,0.0,9696
80,1,25,0.0,79,0.0,9696
81,1,25,0.0,80,0.0,9696
82,1,25,0.0,81,0.0,9696
83,1,25,0.0,82,0.0,9696
84,1,25,0.0,83,0.0,9696
85,1,25,0.0,84,0.0,9696
86,1,25,0.0,85,0.0,9696
87,1,25,0.0,86,0.0,9696
88,1,25,0.0,87,0.0,9696
89,1,25,0.0,88,0.0,9696
90,1,25,0.0,89,0.0,9696
91,1,25,0.0,90,0.0,9696
92,1,25,0.0,91,0.0,9696
93,1,25,0.0,92,0.0,9696
94,1,25,0.0,93,0.0,9696
95,1,25,0.0,94,0.0,9696
96,1,25,0.0,95,0.0,9696
97,1,25,0.0,96,0.0,9696
98,1,25,0.0,97,0.0,9696
99,1,25,0.0,98,0.0,9696
100,1,25,0.0,99,0.0,9696
101,1,25,0.0,100,0.0,9696
102,1,25,0.0,101,0.0,9696
103,1,25,0.0,102,0.0,9696
104,1,25,0.0,103,0.0,9696
105,1,25,0.0,104,0.0,9696
106,1,25,0.0,105,0.0,9696
107,1,25,0.0,106,0.0,9696
108,1,25,0.0,107,0.0,9696
109,1,25,0.0,108,0.0,9696
110,1,25,0.0,109,0.0,9696
111,1,25,0.0,110,0.0,9696
112,1,25,0.0,111,0.0,9696
113,1,25,0.0,112,0.0,9696
114,1,25,0.0,113,0.0,9696
115,1,25,0.0,114,0.0,9696
116,1,25,0.0,115,0.0,9696
117,1,25,0.0,116,0.0,9696
118,1,25,0.0,117,0.0,9696
119,1,25,0.0,118,0.0,9696
120,1,25,0.0,119,0.0,9696
121,1,25,0.0,120,0.0,9696
122,1,25,0.0,121,0.0,9696
123,1,25,0.0,122,0.0,9696
124,1,25,0.0,123,0.0,9696
125,1,25,0.0,124,0.0,9696
126,1,25,0.0,125,0.0,9696
127,1,25,0.0,126,0.0,9696
128,1,25,0.0,127,0.0,9696
129,1,25,0.0,128,0.0,9696
130,1,25,0.0,129,0.0,9696
131,1,25,0.0,130,0.0,9696
132,1,25,0.0,131,0.0,9696
133,1,25,0.0,132,0.0,9696
134,1,25,0.0,133,0.0,9696
135,1,25,0.0,134,0.0,9696
136,1,25,0.0,135,0.0,9696
137,1,25,0.0,136,0.0,9696
138,1,25,0.0,137,0.0,9696
139,1,25,0.0,138,0.0,9696
140,1,25,0.0,139,0.0,9696
141,1,25,0.0,140,0.0,9696
142,1,25,0.0,141,0.0,9696
143,1,25,0.0,142,0.0,9696
144,1,25,0.0,143,0.0,9696
145,1,25,0.0,144,0.0,9696
146,1,25,0.0,145,0.0,9696
147,1,25,0.0,146,0.0,9696
148,1,25,0.0,147,0.0,9696
149,1,25,0.0,148,0.0,9696
150,1,25,0.0,149,0.0,9696
151,1,25,0.0,150,0.0,9696
152,1,25,0.0,151,0.0,9696
153,1,25,0.0,152,0.0,9696
154,1,25,0.0,153,0.0,9696
155,1,25,0.0,154,0.0,9696
156,1,25,0.0,155,0.0,9696
157,1,25,0.0,156,0.0,9696
158,1,25,0.0,157,0.0,9696
159,1,25,0.0,158,0.0,9696
160,1,25,0.0,159,0.0,9696
161,1,25,0.0,160,0.0,9696
162,1,25,0.0,161,0.0,9696
163,1,25,0.0,162,0.0,9696
1,1,25,0.0,0,0.0,9408
2,1,25,0.0,1,0.0,9408
3,1,25,0.0,2,0.0,9408
4,1,25,0.0,3,0.0,9408
5,1,25,0.0,4,0.0,9408
6,1,25,0.0,5,0.0,9408
7,1,25,0.0,6,0.0,9408
8,1,25,0.0,7,0.0,9408
9,1,25,0.0,8,0.0,9408
10,1,25,0.0,9,0.0,9408
11,1,25,0.0,10,0.0,9408
12,1,25,0.0,11,0.0,9408
13,1,25,0.0,12,0.0,9408
14,1,25,0.0,13,0.0,9408
15,1,25,0.0,14,0.0,9408
16,1,25,0.0,15,0.0,9408
17,1,25,0.0,16,0.0,9408
18,1,25,0.0,17,0.0,9408
19,1,25,0.0,18,0.0,9408
20,1,25,0.0,19,0.0,9408
21,1,25,0.0,20,0.0,9408
22,1,25,0.0,21,0.0,9408
23,1,25,0.0,22,0.0,9408
24,1,25,0.0,23,0.0,9408
25,1,25,0.0,24,0.0,9408
26,1,25,0.0,25,0.0,9408
27,1,25,0.0,26,0.0,9408
28,1,25,0.0,27,0.0,9408
29,1,25,0.0,28,0.0,9408
30,1,25,0.0,29,0.0,9408
31,1,25,0.0,30,0.0,9408
32,1,25,0.8,31,0.0,9408
33,1,25,1.0,32,0.0,9408
34,1,25,1.0,33,0.0,9408
35,1,25,0.75,34,0.0,9408
36,1,25,0.0,35,0.6,9408
37,1,25,0.0,36,1.0,9408
38,1,25,0.0,37,1.0,9408
39,1,25,0.0,38,1.0,9408
40,1,25,0.0,39,1.0,9408
41,1,25,0.65,40,0.15,9408
42,1,25,0.67,41,0.0,9408
43,1,25,1.0,42,0.0,9408
44,1,25,1.0,43,0.0,9408
45,1,25,1.0,44,0.0,9408
46,1,25,0.2,45,0.65,9408
47,1,25,0.0,46,1.0,9408
48,1,25,0.0,47,1.0,9408
49,1,25,0.0,48,1.0,9408
50,1,25,0.0,49,1.0,9408
51,1,25,0.0,50,1.0,9408
52,1,25,0.0,51,0.62,9408
53,1,25,0.95,52,0.0,9408
54,1,25,1.0,53,0.0,9408
55,1,25,1.0,54,0.0,9408
56,1,25,1.0,55,0.0,9408
57,1,25,1.0,56,0.0,9408
58,1,25,0.22,57,0.35,9408
59,1,25,0.0,58,1.0,9408
60,1,25,0.0,59,1.0,9408
61,1,25,0.0,60,1.0,9408
62,1,25,0.15,61,0.85,9408
63,1,25,1.0,62,0.0,9408
64,1,25,1.0,63,0.0,9408
65,1,25,1.0,64,0.0,9408
66,1,25,1.0,65,0.0,9408
67,1,25,1.0,66,0.0,9408
68,1,25,1.0,67,0.0,9408
69,1,25,1.0,68,0.0,9408
70,1,25,1.0,69,0.0,9408
71,1,25,1.0,70,0.0,9408
72,1,25,1.0,71,0.0,9408
73,1,25,1.0,72,0.0,9408
74,1,25,0.83,73,0.0,9408
75,1,25,0.0,74,0.0,9408
76,1,25,0.0,75,0.0,9408
77,1,25,0.0,76,0.0,9408
78,1,25,0.0,77,0.0,9408
79,1,25,0.0,78,0.0,9408
80,1,25,0.0,79,0.0,9408
81,1,25,0.0,80,0.0,9408
82,1,25,0.0,81,0.0,9408
83,1,25,0.0,82,0.4,9408
84,1,25,0.0,83,1.0,9408
85,1,25,0.0,84,1.0,9408
86,1,25,0.0,85,1.0,9408
87,1,25,0.0,86,1.0,9408
88,1,25,0.0,87,1.0,9408
89,1,25,0.0,88,1.0,9408
90,1,25,0.0,89,0.46,9408
91,1,25,0.0,90,0.0,9408
92,1,25,0.0,91,0.0,9408
93,1,25,0.0,92,0.0,9408
94,1,25,0.1,93,0.2,9408
95,1,25,0.0,94,0.0,9408
96,1,25,0.0,95,0.8,9408
97,1,25,0.0,96,1.0,9408
98,1,25,0.0,97,1.0,9408
99,1,25,0.0,98,0.3,9408
100,1,25,0.2,99,0.0,9408
101,1,25,1.0,100,0.0,9408
102,1,25,1.0,101,0.0,9408
103,1,25,0.35,102,0.5,9408
104,1,25,0.0,103,1.0,9408
105,1,25,0.0,104,1.0,9408
106,1,25,0.0,105,1.0,9408
107,1,25,0.0,106,1.0,9408
108,1,25,0.0,107,0.8,9408
109,1,25,0.0,108,0.5,9408
110,1,25,0.0,109,1.0,9408
111,1,25,0.0,110,0.45,9408
112,1,25,0.0,111,0.0,9408
113,1,25,0.0,112,0.0,9408
114,1,25,0.0,113,0.0,9408
115,1,25,0.5,114,0.0,9408
116,1,25,1.0,115,0.0,9408
117,1,25,1.0,116,0.0,9408
118,1,25,1.0,117,0.0,9408
119,1,25,1.0,118,0.0,9408
120,1,25,1.0,119,0.0,9408
121,1,25,1.0,120,0.0,9408
122,1,25,1.0,121,0.0,9408
123,1,25,1.0,122,0.0,9408
124,1,25,1.0,123,0.0,9408
125,1,25,1.0,124,0.0,9408
126,1,25,1.0,125,0.0,9408
127,1,25,1.0,126,0.0,9408
128,1,25,1.0,127,0.0,9408
129,1,25,1.0,128,0.0,9408
130,1,25,1.0,129,0.0,9408
131,1,25,1.0,130,0.0,9408
132,1,25,0.7,131,0.0,9408
133,1,25,0.0,132,0.5,9408
134,1,25,0.0,133,1.0,9408
135,1,25,0.0,134,1.0,9408
136,1,25,0.0,135,1.0,9408
137,1,25,0.0,136,1.0,9408
138,1,25,0.0,137,1.0,9408
139,1,25,0.0,138,0.2,9408
140,1,25,0.4,139,0.0,9408
141,1,25,0.95,140,0.0,9408
142,1,25,0.4,141,0.0,9408
143,1,25,1.0,142,0.0,9408
144,1,25,1.0,143,0.0,9408
145,1,25,1.0,144,0.0,9408
146,1,25,0.81,145,0.05,9408
147,1,25,0.0,146,1.0,9408
148,1,25,0.0,147,1.0,9408
149,1,25,0.0,148,1.0,9408
150,1,25,0.0,149,1.0,9408
151,1,25,0.0,150,1.0,9408
152,1,25,0.0,151,1.0,9408
153,1,25,0.0,152,0.6,9408
154,1,25,0.7,153,0.0,9408
155,1,25,1.0,154,0.0,9408
156,1,25,1.0,155,0.0,9408
157,1,25,1.0,156,0.0,9408
158,1,25,1.0,157,0.0,9408
159,1,25,1.0,158,0.0,9408
160,1,25,1.0,159,0.0,9408
161,1,25,1.0,160,0.0,9408
162,1,25,0.21,161,0.55,9408
163,1,25,0.0,162,1.0,9408
1,1,25,0.0,0,0.0,867
2,1,25,0.0,1,0.0,867
3,1,25,0.0,2,0.0,867
4,1,25,0.0,3,0.0,867
5,1,25,0.0,4,0.0,867
6,1,25,0.0,5,0.0,867
7,1,25,0.0,6,0.0,867
8,1,25,0.0,7,0.0,867
9,1,25,0.0,8,0.0,867
10,1,25,0.0,9,0.0,867
11,1,25,0.0,10,0.0,867
12,1,25,0.0,11,0.0,867
13,1,25,0.0,12,0.0,867
14,1,25,0.0,13,0.0,867
15,1,25,0.0,14,0.0,867
16,1,25,0.0,15,0.0,867
17,1,25,0.0,16,0.0,867
18,1,25,0.0,17,0.0,867
19,1,25,0.0,18,0.0,867
20,1,25,0.0,19,0.0,867
21,1,25,0.0,20,0.0,867
22,1,25,0.0,21,0.0,867
23,1,25,0.0,22,0.0,867
24,1,25,0.0,23,0.0,867
25,1,25,0.0,24,0.0,867
26,1,25,0.0,25,0.0,867
27,1,25,0.0,26,0.0,867
28,1,25,0.0,27,0.0,867
29,1,25,0.0,28,0.0,867
30,1,25,0.0,29,0.0,867
31,1,25,0.0,30,0.0,867
32,1,25,0.0,31,0.0,867
33,1,25,0.0,32,0.0,867
34,1,25,0.0,33,0.0,867
35,1,25,0.0,34,0.0,867
36,1,25,0.0,35,0.0,867
37,1,25,0.0,36,0.0,867
38,1,25,0.0,37,0.0,867
39,1,25,0.0,38,0.0,867
40,1,25,0.0,39,0.0,867
41,1,25,0.0,40,0.0,867
42,1,25,0.0,41,0.0,867
43,1,25,0.0,42,0.0,867
44,1,25,0.0,43,0.0,867
45,1,25,0.0,44,0.0,867
46,1,25,0.0,45,0.0,867
47,1,25,0.0,46,0.0,867
48,1,25,0.0,47,0.0,867
49,1,25,0.0,48,0.0,867
50,1,25,0.0,49,0.91,867
51,1,25,0.0,50,1.0,867
52,1,25,0.0,51,1.0,867
53,1,25,0.0,52,1.0,867
54,1,25,0.0,53,0.74,867
55,1,25,0.0,54,0.0,867
56,1,25,0.0,55,0.0,867
57,1,25,0.0,56,0.0,867
58,1,25,0.0,57,0.0,867
59,1,25,0.0,58,0.0,867
60,1,25,0.0,59,0.0,867
61,1,25,0.0,60,0.0,867
62,1,25,0.0,61,0.0,867
63,1,25,0.0,62,0.0,867
64,1,25,0.0,63,0.0,867
65,1,25,0.0,64,0.0,867
66,1,25,0.0,65,0.0,867
67,1,25,0.0,66,0.0,867
68,1,25,0.0,67,0.0,867
69,1,25,0.0,68,0.0,867
70,1,25,0.0,69,0.0,867
71,1,25,0.0,70,0.0,867
72,1,25,0.0,71,0.0,867
73,1,25,0.0,72,0.0,867
74,1,25,0.0,73,0.0,867
75,1,25,0.0,74,0.0,867
76,1,25,0.0,75,0.0,867
77,1,25,0.0,76,0.0,867
78,1,25,0.0,77,0.0,867
79,1,25,0.0,78,0.0,867
80,1,25,0.0,79,0.0,867
81,1,25,0.0,80,0.0,867
82,1,25,0.0,81,0.0,867
83,1,25,0.0,82,0.0,867
84,1,25,0.0,83,0.0,867
85,1,25,0.0,84,0.0,867
86,1,25,0.0,85,0.0,867
87,1,25,0.0,86,0.0,867
88,1,25,0.0,87,0.0,867
89,1,25,0.0,88,0.0,867
90,1,25,0.0,89,0.0,867
91,1,25,0.0,90,0.0,867
92,1,25,0.0,91,0.0,867
93,1,25,0.0,92,0.0,867
94,1,25,0.0,93,0.0,867
95,1,25,0.0,94,0.0,867
96,1,25,0.0,95,0.0,867
97,1,25,0.0,96,0.0,867
98,1,25,0.0,97,0.0,867
99,1,25,0.0,98,0.0,867
100,1,25,0.0,99,0.0,867
101,1,25,0.0,100,0.0,867
102,1,25,0.0,101,0.0,867
103,1,25,0.0,102,0.0,867
104,1,25,0.0,103,0.0,867
105,1,25,0.0,104,0.0,867
106,1,25,0.0,105,0.0,867
107,1,25,0.0,106,0.0,867
108,1,25,0.0,107,0.0,867
109,1,25,0.0,108,0.0,867
110,1,25,0.0,109,0.0,867
111,1,25,0.0,110,0.0,867
112,1,25,0.0,111,0.0,867
113,1,25,0.0,112,0.0,867
114,1,25,0.0,113,0.0,867
115,1,25,0.0,114,0.0,867
116,1,25,0.0,115,0.0,867
117,1,25,0.0,116,0.0,867
118,1,25,0.0,117,0.0,867
119,1,25,0.0,118,0.0,867
120,1,25,0.0,119,0.0,867
121,1,25,0.0,120,0.0,867
122,1,25,0.0,121,0.0,867
123,1,25,0.0,122,0.0,867
124,1,25,0.0,123,0.0,867
125,1,25,0.0,124,0.0,867
126,1,25,0.0,125,0.0,867
127,1,25,0.0,126,0.0,867
128,1,25,0.0,127,0.0,867
129,1,25,0.0,128,0.0,867
130,1,25,0.0,129,0.0,867
131,1,25,0.0,130,0.0,867
132,1,25,0.0,131,0.0,867
133,1,25,0.0,132,0.0,867
134,1,25,0.0,133,0.0,867
135,1,25,0.0,134,0.0,867
136,1,25,0.0,135,0.0,867
137,1,25,0.0,136,0.0,867
138,1,25,0.0,137,0.0,867
139,1,25,0.0,138,0.0,867
140,1,25,0.0,139,0.0,867
141,1,25,0.0,140,0.0,867
142,1,25,0.0,141,0.0,867
143,1,25,0.0,142,0.0,867
144,1,25,0.0,143,0.0,867
145,1,25,0.0,144,0.0,867
146,1,25,0.0,145,0.0,867
147,1,25,0.0,146,0.0,867
148,1,25,0.0,147,0.0,867
149,1,25,0.0,148,0.0,867
150,1,25,0.0,149,0.0,867
151,1,25,0.0,150,0.0,867
152,1,25,0.0,151,0.0,867
153,1,25,0.0,152,0.0,867
154,1,25,0.0,153,0.0,867
155,1,25,0.0,154,0.0,867
156,1,25,0.0,155,0.0,867
157,1,25,0.0,156,0.0,867
158,1,25,0.0,157,0.0,867
159,1,25,0.0,158,0.0,867
160,1,25,0.0,159,0.0,867
161,1,25,0.0,160,0.0,867
162,1,25,0.0,161,0.0,867
163,1,25,0.0,162,0.0,867
1,1,25,0.0,0,0.0,2584
2,1,25,0.0,1,0.0,2584
3,1,25,0.0,2,0.0,2584
4,1,25,0.0,3,0.0,2584
5,1,25,0.0,4,0.0,2584
6,1,25,0.0,5,0.0,2584
7,1,25,0.0,6,0.0,2584
8,1,25,0.0,7,0.0,2584
9,1,25,0.0,8,0.0,2584
10,1,25,0.0,9,0.0,2584
11,1,25,0.0,10,0.25,2584
12,1,25,0.0,11,0.45,2584
13,1,25,0.0,12,0.0,2584
14,1,25,0.0,13,0.0,2584
15,1,25,0.0,14,0.55,2584
16,1,25,0.0,15,0.0,2584
17,1,25,0.0,16,0.0,2584
18,1,25,0.0,17,0.0,2584
19,1,25,0.0,18,0.0,2584
20,1,25,0.0,19,0.0,2584
21,1,25,0.1,20,0.0,2584
22,1,25,0.0,21,0.0,2584
23,1,25,0.0,22,0.0,2584
24,1,25,0.0,23,0.0,2584
25,1,25,0.0,24,0.0,2584
26,1,25,0.0,25,0.0,2584
27,1,25,0.0,26,0.0,2584
28,1,25,0.0,27,0.0,2584
29,1,25,0.0,28,0.0,2584
30,1,25,0.0,29,0.0,2584
31,1,25,0.0,30,0.0,2584
32,1,25,0.0,31,1.0,2584
33,1,25,0.0,32,1.0,2584
34,1,25,0.0,33,0.25,2584
35,1,25,0.0,34,0.0,2584
36,1,25,0.0,35,0.0,2584
37,1,25,0.0,36,0.0,2584
38,1,25,0.0,37,0.0,2584
39,1,25,0.0,38,0.9,2584
40,1,25,0.0,39,0.8,2584
41,1,25,0.0,40,0.0,2584
42,1,25,0.0,41,0.0,2584
43,1,25,0.0,42,0.15,2584
44,1,25,0.0,43,0.0,2584
45,1,25,0.0,44,0.0,2584
46,1,25,0.0,45,0.0,2584
47,1,25,0.0,46,0.0,2584
48,1,25,0.0,47,0.0,2584
49,1,25,0.0,48,0.55,2584
50,1,25,0.0,49,0.15,2584
51,1,25,0.0,50,0.0,2584
52,1,25,0.0,51,0.0,2584
53,1,25,0.0,52,0.0,2584
54,1,25,0.0,53,0.55,2584
55,1,25,0.0,54,0.2,2584
56,1,25,0.0,55,0.0,2584
57,1,25,0.0,56,0.0,2584
58,1,25,0.0,57,0.0,2584
59,1,25,0.0,58,0.0,2584
60,1,25,0.0,59,0.0,2584
61,1,25,0.0,60,0.0,2584
62,1,25,0.0,61,0.0,2584
63,1,25,0.0,62,0.0,2584
64,1,25,0.0,63,0.0,2584
65,1,25,0.0,64,0.0,2584
66,1,25,0.0,65,0.0,2584
67,1,25,0.0,66,0.0,2584
68,1,25,0.0,67,0.0,2584
69,1,25,0.0,68,0.0,2584
70,1,25,0.0,69,0.0,2584
71,1,25,0.0,70,0.0,2584
72,1,25,0.0,71,0.0,2584
73,1,25,0.0,72,0.0,2584
74,1,25,0.0,73,0.0,2584
75,1,25,0.0,74,0.0,2584
76,1,25,0.0,75,0.0,2584
77,1,25,0.0,76,0.0,2584
78,1,25,0.0,77,0.0,2584
79,1,25,0.0,78,0.0,2584
80,1,25,0.0,79,0.0,2584
81,1,25,0.0,80,0.0,2584
82,1,25,0.0,81,0.0,2584
83,1,25,0.0,82,0.0,2584
84,1,25,0.0,83,0.0,2584
85,1,25,0.0,84,0.0,2584
86,1,25,0.0,85,0.0,2584
87,1,25,0.0,86,0.0,2584
88,1,25,0.0,87,0.0,2584
89,1,25,0.0,88,0.0,2584
90,1,25,0.0,89,0.0,2584
91,1,25,0.0,90,0.0,2584
92,1,25,0.0,91,0.0,2584
93,1,25,0.0,92,0.0,2584
94,1,25,0.0,93,0.0,2584
95,1,25,0.0,94,0.0,2584
96,1,25,0.0,95,0.15,2584
97,1,25,0.0,96,1.0,2584
98,1,25,0.0,97,0.36,2584
99,1,25,0.0,98,0.0,2584
100,1,25,0.0,99,0.0,2584
101,1,25,0.0,100,0.0,2584
102,1,25,0.0,101,0.0,2584
103,1,25,0.0,102,0.85,2584
104,1,25,0.0,103,1.0,2584
105,1,25,0.0,104,0.0,2584
106,1,25,0.0,105,0.0,2584
107,1,25,0.0,106,0.0,2584
108,1,25,0.0,107,0.0,2584
109,1,25,0.0,108,0.0,2584
110,1,25,0.0,109,0.0,2584
111,1,25,0.0,110,0.7,2584
112,1,25,0.0,111,1.0,2584
113,1,25,0.0,112,1.0,2584
114,1,25,0.0,113,0.16,2584
115,1,25,0.0,114,0.0,2584
116,1,25,0.0,115,0.0,2584
117,1,25,0.0,116,0.1,2584
118,1,25,0.0,117,0.55,2584
119,1,25,0.0,118,0.0,2584
120,1,25,0.0,119,0.62,2584
121,1,25,0.0,120,0.0,2584
122,1,25,0.0,121,0.0,2584
123,1,25,0.0,122,0.0,2584
124,1,25,0.0,123,0.0,2584
125,1,25,0.0,124,0.0,2584
126,1,25,0.0,125,0.0,2584
127,1,25,0.0,126,0.0,2584
128,1,25,0.0,127,0.0,2584
129,1,25,0.0,128,0.0,2584
130,1,25,0.0,129,0.0,2584
131,1,25,0.0,130,0.0,2584
132,1,25,0.0,131,0.5,2584
133,1,25,0.0,132,1.0,2584
134,1,25,0.0,133,1.0,2584
135,1,25,0.0,134,0.05,2584
136,1,25,0.0,135,0.0,2584
137,1,25,0.0,136,0.0,2584
138,1,25,0.0,137,0.55,2584
139,1,25,0.0,138,1.0,2584
140,1,25,0.0,139,1.0,2584
141,1,25,0.0,140,0.8,2584
142,1,25,0.0,141,0.0,2584
143,1,25,0.0,142,0.0,2584
144,1,25,0.0,143,0.0,2584
145,1,25,0.0,144,0.0,2584
146,1,25,0.0,145,0.85,2584
147,1,25,0.0,146,0.9,2584
148,1,25,0.0,147,0.0,2584
149,1,25,0.0,148,0.0,2584
150,1,25,0.0,149,0.0,2584
151,1,25,0.0,150,0.0,2584
152,1,25,0.0,151,0.0,2584
153,1,25,0.0,152,0.0,2584
154,1,25,0.0,153,0.0,2584
155,1,25,0.0,154,0.0,2584
156,1,25,0.0,155,0.0,2584
157,1,25,0.0,156,0.0,2584
158,1,25,0.0,157,0.0,2584
159,1,25,0.0,158,0.0,2584
160,1,25,0.0,159,0.0,2584
161,1,25,0.0,160,0.0,2584
162,1,25,0.0,161,0.0,2584
163,1,25,0.0,162,0.0,2584
1,1,26,0.0,0,0.0,4123
2,1,26,0.0,1,0.0,4123
3,1,26,0.0,2,0.0,4123
4,1,26,0.0,3,0.0,4123
5,1,26,0.0,4,0.0,4123
6,1,26,0.0,5,0.0,4123
7,1,26,0.0,6,0.0,4123
8,1,26,0.0,7,0.0,4123
9,1,26,0.0,8,0.0,4123
10,1,26,0.0,9,0.0,4123
11,1,26,0.0,10,0.0,4123
12,1,26,0.0,11,0.0,4123
13,1,26,0.0,12,0.0,4123
14,1,26,0.0,13,0.0,4123
15,1,26,0.0,14,0.0,4123
16,1,26,0.0,15,0.0,4123
17,1,26,0.0,16,0.0,4123
18,1,26,0.0,17,0.0,4123
19,1,26,0.0,18,0.0,4123
20,1,26,0.0,19,0.0,4123
21,1,26,0.0,20,0.0,4123
22,1,26,0.0,21,0.0,4123
23,1,26,0.0,22,0.0,4123
24,1,26,0.0,23,0.0,4123
25,1,26,0.0,24,0.0,4123
26,1,26,0.0,25,0.0,4123
27,1,26,0.0,26,0.0,4123
28,1,26,0.0,27,0.0,4123
29,1,26,0.0,28,0.0,4123
30,1,26,0.0,29,0.0,4123
31,1,26,0.0,30,0.0,4123
32,1,26,0.0,31,0.0,4123
33,1,26,0.0,32,0.0,4123
34,1,26,0.0,33,0.0,4123
35,1,26,0.0,34,0.0,4123
36,1,26,0.0,35,0.0,4123
37,1,26,0.0,36,0.0,4123
38,1,26,0.0,37,0.0,4123
39,1,26,0.0,38,0.0,4123
40,1,26,0.0,39,0.0,4123
41,1,26,0.0,40,0.0,4123
42,1,26,0.0,41,0.0,4123
43,1,26,0.0,42,0.0,4123
44,1,26,0.0,43,0.0,4123
45,1,26,0.0,44,0.0,4123
46,1,26,0.0,45,0.0,4123
47,1,26,0.0,46,0.0,4123
48,1,26,0.0,47,0.0,4123
49,1,26,0.0,48,0.0,4123
50,1,26,0.0,49,0.0,4123
51,1,26,0.0,50,0.0,4123
52,1,26,0.0,51,0.0,4123
53,1,26,0.0,52,0.0,4123
54,1,26,0.0,53,0.0,4123
55,1,26,0.0,54,0.0,4123
56,1,26,0.0,55,0.0,4123
57,1,26,0.0,56,0.0,4123
58,1,26,0.0,57,0.0,4123
59,1,26,0.0,58,0.0,4123
60,1,26,0.0,59,0.0,4123
61,1,26,0.0,60,0.0,4123
62,1,26,0.0,61,0.0,4123
63,1,26,0.0,62,0.0,4123
64,1,26,0.0,63,0.0,4123
65,1,26,0.0,64,0.0,4123
66,1,26,0.0,65,0.0,4123
67,1,26,0.0,66,0.0,4123
68,1,26,0.0,67,0.0,4123
69,1,26,0.0,68,0.0,4123
70,1,26,0.0,69,0.0,4123
71,1,26,0.0,70,0.0,4123
72,1,26,0.0,71,0.0,4123
73,1,26,0.0,72,0.0,4123
74,1,26,0.0,73,0.0,4123
75,1,26,0.0,74,0.0,4123
76,1,26,0.0,75,0.0,4123
77,1,26,0.0,76,0.0,4123
78,1,26,0.0,77,0.0,4123
79,1,26,0.0,78,0.0,4123
80,1,26,0.0,79,0.0,4123
81,1,26,0.0,80,0.0,4123
82,1,26,0.0,81,0.0,4123
83,1,26,0.0,82,0.0,4123
84,1,26,0.0,83,0.0,4123
85,1,26,0.0,84,0.0,4123
86,1,26,0.0,85,0.0,4123
87,1,26,0.0,86,0.0,4123
88,1,26,0.0,87,0.0,4123
89,1,26,0.0,88,0.0,4123
90,1,26,0.0,89,0.0,4123
91,1,26,0.0,90,0.0,4123
92,1,26,0.0,91,0.0,4123
93,1,26,0.0,92,0.0,4123
94,1,26,0.0,93,0.0,4123
95,1,26,0.0,94,0.0,4123
96,1,26,0.0,95,0.0,4123
97,1,26,0.0,96,0.0,4123
98,1,26,0.0,97,0.0,4123
99,1,26,0.0,98,0.0,4123
100,1,26,0.0,99,0.0,4123
101,1,26,0.0,100,0.0,4123
102,1,26,0.0,101,0.0,4123
103,1,26,0.0,102,0.0,4123
104,1,26,0.0,103,0.0,4123
105,1,26,0.0,104,0.0,4123
106,1,26,0.0,105,0.0,4123
107,1,26,0.0,106,0.0,4123
108,1,26,0.0,107,0.0,4123
109,1,26,0.0,108,0.0,4123
110,1,26,0.0,109,0.0,4123
111,1,26,0.0,110,0.0,4123
112,1,26,0.0,111,0.0,4123
113,1,26,0.0,112,0.0,4123
114,1,26,0.0,113,0.0,4123
115,1,26,0.0,114,0.0,4123
116,1,26,0.0,115,0.0,4123
117,1,26,0.0,116,0.0,4123
118,1,26,0.0,117,0.0,4123
119,1,26,0.0,118,0.0,4123
120,1,26,0.0,119,0.0,4123
121,1,26,0.0,120,0.0,4123
122,1,26,0.0,121,0.0,4123
123,1,26,0.0,122,0.0,4123
124,1,26,0.0,123,0.0,4123
125,1,26,0.0,124,0.0,4123
126,1,26,0.0,125,0.0,4123
127,1,26,0.0,126,0.0,4123
128,1,26,0.0,127,0.0,4123
129,1,26,0.0,128,0.0,4123
130,1,26,0.0,129,0.0,4123
131,1,26,0.0,130,0.0,4123
132,1,26,0.0,131,0.0,4123
133,1,26,0.0,132,0.0,4123
134,1,26,0.0,133,0.0,4123
135,1,26,0.0,134,0.0,4123
136,1,26,0.0,135,0.0,4123
137,1,26,0.0,136,0.0,4123
138,1,26,0.0,137,0.0,4123
139,1,26,0.0,138,0.0,4123
140,1,26,0.0,139,0.0,4123
141,1,26,0.0,140,0.0,4123
142,1,26,0.0,141,0.0,4123
143,1,26,0.0,142,0.0,4123
144,1,26,0.0,143,0.0,4123
145,1,26,0.0,144,0.0,4123
146,1,26,0.0,145,0.0,4123
147,1,26,0.0,146,0.0,4123
148,1,26,0.0,147,0.0,4123
149,1,26,0.0,148,0.0,4123
150,1,26,0.0,149,0.0,4123
151,1,26,0.0,150,0.0,4123
152,1,26,0.0,151,0.0,4123
153,1,26,0.0,152,0.0,4123
154,1,26,0.0,153,0.0,4123
155,1,26,0.0,154,0.0,4123
156,1,26,0.0,155,0.0,4123
157,1,26,0.0,156,0.0,4123
158,1,26,0.0,157,0.0,4123
159,1,26,0.0,158,0.0,4123
160,1,26,0.0,159,0.0,4123
161,1,26,0.0,160,0.0,4123
162,1,26,0.0,161,0.0,4123
163,1,26,0.0,162,0.0,4123
1,1,26,0.0,0,0.0,1661
2,1,26,0.0,1,0.0,1661
3,1,26,0.0,2,0.0,1661
4,1,26,0.0,3,0.0,1661
5,1,26,0.0,4,0.0,1661
6,1,26,0.0,5,0.0,1661
7,1,26,0.0,6,0.0,1661
8,1,26,0.0,7,0.0,1661
9,1,26,0.0,8,0.0,1661
10,1,26,0.0,9,0.0,1661
11,1,26,0.0,10,0.0,1661
12,1,26,0.0,11,0.0,1661
13,1,26,0.0,12,0.0,1661
14,1,26,0.0,13,0.0,1661
15,1,26,0.0,14,0.0,1661
16,1,26,0.0,15,0.0,1661
17,1,26,0.0,16,0.0,1661
18,1,26,0.0,17,0.0,1661
19,1,26,0.0,18,0.0,1661
20,1,26,0.0,19,0.0,1661
21,1,26,0.0,20,0.0,1661
22,1,26,0.0,21,0.0,1661
23,1,26,0.0,22,0.0,1661
24,1,26,0.0,23,0.0,1661
25,1,26,0.0,24,0.35,1661
26,1,26,0.0,25,0.95,1661
27,1,26,0.0,26,0.0,1661
28,1,26,0.0,27,0.05,1661
29,1,26,0.0,28,0.5,1661
30,1,26,0.0,29,0.0,1661
31,1,26,0.0,30,0.0,1661
32,1,26,0.0,31,0.0,1661
33,1,26,0.0,32,0.0,1661
34,1,26,0.0,33,0.0,1661
35,1,26,0.0,34,0.0,1661
36,1,26,0.0,35,0.0,1661
37,1,26,0.0,36,0.0,1661
38,1,26,0.0,37,0.0,1661
39,1,26,0.0,38,0.0,1661
40,1,26,0.0,39,0.0,1661
41,1,26,0.0,40,0.0,1661
42,1,26,0.0,41,0.8,1661
43,1,26,0.0,42,0.35,1661
44,1,26,0.0,43,0.0,1661
45,1,26,0.0,44,0.0,1661
46,1,26,0.0,45,0.0,1661
47,1,26,0.0,46,0.0,1661
48,1,26,0.0,47,0.0,1661
49,1,26,0.0,48,0.4,1661
50,1,26,0.0,49,1.0,1661
51,1,26,0.0,50,1.0,1661
52,1,26,0.0,51,1.0,1661
53,1,26,0.0,52,1.0,1661
54,1,26,0.0,53,0.1,1661
55,1,26,0.0,54,0.25,1661
56,1,26,0.0,55,1.0,1661
57,1,26,0.0,56,0.55,1661
58,1,26,0.0,57,0.0,1661
59,1,26,0.0,58,0.0,1661
60,1,26,0.0,59,0.0,1661
61,1,26,0.0,60,0.0,1661
62,1,26,0.0,61,0.0,1661
63,1,26,0.0,62,0.0,1661
64,1,26,0.0,63,0.0,1661
65,1,26,0.0,64,0.0,1661
66,1,26,0.0,65,0.0,1661
67,1,26,0.0,66,0.0,1661
68,1,26,0.0,67,0.0,1661
69,1,26,0.0,68,0.0,1661
70,1,26,0.0,69,0.0,1661
71,1,26,0.0,70,0.0,1661
72,1,26,0.0,71,0.0,1661
73,1,26,0.0,72,0.0,1661
74,1,26,0.0,73,0.0,1661
75,1,26,0.0,74,0.0,1661
76,1,26,0.0,75,0.0,1661
77,1,26,0.0,76,0.0,1661
78,1,26,0.0,77,0.0,1661
79,1,26,0.0,78,0.0,1661
80,1,26,0.0,79,0.0,1661
81,1,26,0.0,80,0.0,1661
82,1,26,0.0,81,0.05,1661
83,1,26,0.0,82,1.0,1661
84,1,26,0.0,83,0.25,1661
85,1,26,0.0,84,0.0,1661
86,1,26,0.0,85,0.0,1661
87,1,26,0.0,86,0.75,1661
88,1,26,0.0,87,1.0,1661
89,1,26,0.0,88,1.0,1661
90,1,26,0.0,89,0.41,1661
91,1,26,0.0,90,0.0,1661
92,1,26,0.0,91,0.0,1661
93,1,26,0.0,92,0.9,1661
94,1,26,0.0,93,0.8,1661
95,1,26,0.0,94,0.0,1661
96,1,26,0.0,95,0.0,1661
97,1,26,0.0,96,0.0,1661
98,1,26,0.0,97,0.0,1661
99,1,26,0.0,98,0.0,1661
100,1,26,0.0,99,0.0,1661
101,1,26,0.0,100,0.0,1661
102,1,26,0.0,101,0.0,1661
103,1,26,0.0,102,0.0,1661
104,1,26,0.0,103,0.0,1661
105,1,26,0.0,104,0.0,1661
106,1,26,0.0,105,0.0,1661
107,1,26,0.0,106,0.0,1661
108,1,26,0.0,107,0.0,1661
109,1,26,0.0,108,0.0,1661
110,1,26,0.0,109,0.0,1661
111,1,26,0.0,110,0.0,1661
112,1,26,0.0,111,0.0,1661
113,1,26,0.0,112,0.0,1661
114,1,26,0.0,113,0.0,1661
115,1,26,0.0,114,0.0,1661
116,1,26,0.0,115,0.0,1661
117,1,26,0.0,116,0.0,1661
118,1,26,0.0,117,0.0,1661
119,1,26,0.0,118,0.0,1661
120,1,26,0.0,119,0.0,1661
121,1,26,0.0,120,0.0,1661
122,1,26,0.0,121,0.0,1661
123,1,26,0.0,122,0.0,1661
124,1,26,0.0,123,0.0,1661
125,1,26,0.0,124,0.0,1661
126,1,26,0.0,125,0.0,1661
127,1,26,0.0,126,0.0,1661
128,1,26,0.0,127,0.0,1661
129,1,26,0.0,128,0.0,1661
130,1,26,0.0,129,0.15,1661
131,1,26,0.0,130,0.36,1661
132,1,26,0.0,131,0.0,1661
133,1,26,0.0,132,0.12,1661
134,1,26,0.0,133,0.45,1661
135,1,26,0.0,134,1.0,1661
136,1,26,0.0,135,1.0,1661
137,1,26,0.0,136,0.5,1661
138,1,26,0.0,137,0.0,1661
139,1,26,0.0,138,0.2,1661
140,1,26,0.0,139,0.3,1661
141,1,26,0.0,140,0.41,1661
142,1,26,0.0,141,0.31,1661
143,1,26,0.0,142,0.3,1661
144,1,26,0.0,143,0.25,1661
145,1,26,0.0,144,0.22,1661
146,1,26,0.0,145,0.24,1661
147,1,26,0.0,146,0.33,1661
148,1,26,0.0,147,0.51,1661
149,1,26,0.0,148,0.45,1661
150,1,26,0.0,149,0.0,1661
151,1,26,0.0,150,0.0,1661
152,1,26,0.0,151,0.0,1661
153,1,26,0.0,152,0.0,1661
154,1,26,0.0,153,0.0,1661
155,1,26,0.0,154,0.0,1661
156,1,26,0.0,155,0.0,1661
157,1,26,0.0,156,0.0,1661
158,1,26,0.0,157,0.0,1661
159,1,26,0.0,158,0.0,1661
160,1,26,0.0,159,0.0,1661
161,1,26,0.0,160,0.0,1661
162,1,26,0.0,161,0.0,1661
163,1,26,0.0,162,0.0,1661
1,1,26,0.0,0,0.0,6220
2,1,26,0.0,1,0.0,6220
3,1,26,0.0,2,0.0,6220
4,1,26,0.0,3,0.0,6220
5,1,26,0.0,4,0.0,6220
6,1,26,0.0,5,0.0,6220
7,1,26,0.0,6,0.0,6220
8,1,26,0.0,7,0.0,6220
9,1,26,0.0,8,0.0,6220
10,1,26,0.0,9,0.0,6220
11,1,26,0.0,10,0.0,6220
12,1,26,0.0,11,0.0,6220
13,1,26,0.0,12,0.0,6220
14,1,26,0.0,13,0.0,6220
15,1,26,0.0,14,0.0,6220
16,1,26,0.0,15,0.0,6220
17,1,26,0.0,16,0.0,6220
18,1,26,0.0,17,0.0,6220
19,1,26,0.0,18,0.0,6220
20,1,26,0.0,19,0.0,6220
21,1,26,0.0,20,0.0,6220
22,1,26,0.0,21,0.0,6220
23,1,26,0.0,22,0.0,6220
24,1,26,0.0,23,0.0,6220
25,1,26,0.0,24,0.0,6220
26,1,26,0.0,25,0.0,6220
27,1,26,0.0,26,0.0,6220
28,1,26,0.0,27,0.0,6220
29,1,26,0.0,28,0.0,6220
30,1,26,0.0,29,0.0,6220
31,1,26,0.0,30,0.0,6220
32,1,26,0.0,31,0.0,6220
33,1,26,0.0,32,0.0,6220
34,1,26,0.0,33,0.0,6220
35,1,26,0.0,34,0.0,6220
36,1,26,0.0,35,0.0,6220
37,1,26,0.0,36,0.0,6220
38,1,26,0.0,37,0.0,6220
39,1,26,0.0,38,0.0,6220
40,1,26,0.0,39,0.0,6220
41,1,26,0.0,40,0.0,6220
42,1,26,0.0,41,0.0,6220
43,1,26,0.0,42,0.0,6220
44,1,26,0.0,43,0.0,6220
45,1,26,0.0,44,0.0,6220
46,1,26,0.0,45,0.0,6220
47,1,26,0.0,46,0.0,6220
48,1,26,0.0,47,0.0,6220
49,1,26,0.0,48,0.0,6220
50,1,26,0.0,49,0.0,6220
51,1,26,0.0,50,0.0,6220
52,1,26,0.0,51,0.0,6220
53,1,26,0.0,52,0.0,6220
54,1,26,0.0,53,0.0,6220
55,1,26,0.0,54,0.0,6220
56,1,26,0.0,55,0.0,6220
57,1,26,0.0,56,0.0,6220
58,1,26,0.0,57,0.0,6220
59,1,26,0.0,58,0.0,6220
60,1,26,0.0,59,0.0,6220
61,1,26,0.0,60,0.0,6220
62,1,26,0.0,61,0.0,6220
63,1,26,0.0,62,0.0,6220
64,1,26,0.0,63,0.0,6220
65,1,26,0.0,64,0.0,6220
66,1,26,0.0,65,0.0,6220
67,1,26,0.0,66,0.0,6220
68,1,26,0.0,67,0.0,6220
69,1,26,0.0,68,0.0,6220
70,1,26,0.0,69,0.0,6220
71,1,26,0.0,70,0.0,6220
72,1,26,0.0,71,0.0,6220
73,1,26,0.0,72,0.0,6220
74,1,26,0.0,73,0.0,6220
75,1,26,0.0,74,0.0,6220
76,1,26,0.0,75,0.0,6220
77,1,26,0.0,76,0.0,6220
78,1,26,0.0,77,0.0,6220
79,1,26,0.0,78,0.0,6220
80,1,26,0.0,79,0.0,6220
81,1,26,0.0,80,0.0,6220
82,1,26,0.0,81,0.0,6220
83,1,26,0.0,82,0.0,6220
84,1,26,0.0,83,0.0,6220
85,1,26,0.0,84,0.0,6220
86,1,26,0.0,85,0.0,6220
87,1,26,0.0,86,0.0,6220
88,1,26,0.0,87,0.0,6220
89,1,26,0.0,88,0.0,6220
90,1,26,0.0,89,0.0,6220
91,1,26,0.0,90,0.0,6220
92,1,26,0.0,91,0.0,6220
93,1,26,0.0,92,0.0,6220
94,1,26,0.0,93,0.0,6220
95,1,26,0.0,94,0.0,6220
96,1,26,0.0,95,0.0,6220
97,1,26,0.0,96,0.0,6220
98,1,26,0.0,97,0.0,6220
99,1,26,0.0,98,0.0,6220
100,1,26,0.0,99,0.0,6220
101,1,26,0.0,100,0.0,6220
102,1,26,0.0,101,0.0,6220
103,1,26,0.0,102,0.0,6220
104,1,26,0.0,103,0.0,6220
105,1,26,0.0,104,0.0,6220
106,1,26,0.0,105,0.0,6220
107,1,26,0.0,106,0.0,6220
108,1,26,0.0,107,0.0,6220
109,1,26,0.0,108,0.0,6220
110,1,26,0.0,109,0.0,6220
111,1,26,0.0,110,0.0,6220
112,1,26,0.0,111,0.0,6220
113,1,26,0.0,112,0.0,6220
114,1,26,0.0,113,0.0,6220
115,1,26,0.0,114,0.0,6220
116,1,26,0.0,115,0.0,6220
117,1,26,0.0,116,0.0,6220
118,1,26,0.0,117,0.0,6220
119,1,26,0.0,118,0.0,6220
120,1,26,0.0,119,0.0,6220
121,1,26,0.0,120,0.0,6220
122,1,26,0.0,121,0.0,6220
123,1,26,0.0,122,0.0,6220
124,1,26,0.0,123,0.0,6220
125,1,26,0.0,124,0.0,6220
126,1,26,0.0,125,0.0,6220
127,1,26,0.0,126,0.0,6220
128,1,26,0.0,127,0.0,6220
129,1,26,0.0,128,0.0,6220
130,1,26,0.0,129,0.0,6220
131,1,26,0.0,130,0.0,6220
132,1,26,0.0,131,0.0,6220
133,1,26,0.0,132,0.0,6220
134,1,26,0.0,133,0.0,6220
135,1,26,0.0,134,0.0,6220
136,1,26,0.0,135,0.0,6220
137,1,26,0.0,136,0.0,6220
138,1,26,0.0,137,0.0,6220
139,1,26,0.0,138,0.0,6220
140,1,26,0.0,139,0.0,6220
141,1,26,0.0,140,0.0,6220
142,1,26,0.0,141,0.0,6220
143,1,26,0.0,142,0.0,6220
144,1,26,0.0,143,0.0,6220
145,1,26,0.0,144,0.0,6220
146,1,26,0.0,145,0.0,6220
147,1,26,0.0,146,0.0,6220
148,1,26,0.0,147,0.0,6220
149,1,26,0.0,148,0.0,6220
150,1,26,0.0,149,0.0,6220
151,1,26,0.0,150,0.0,6220
152,1,26,0.0,151,0.0,6220
153,1,26,0.0,152,0.0,6220
154,1,26,0.0,153,0.0,6220
155,1,26,0.0,154,0.0,6220
156,1,26,0.0,155,0.0,6220
157,1,26,0.0,156,0.0,6220
158,1,26,0.0,157,0.0,6220
159,1,26,0.0,158,0.0,6220
160,1,26,0.0,159,0.0,6220
161,1,26,0.0,160,0.0,6220
162,1,26,0.0,161,0.0,6220
163,1,26,0.0,162,0.0,6220
1,1,26,0.0,0,0.0,2710
2,1,26,0.0,1,0.0,2710
3,1,26,0.0,2,0.0,2710
4,1,26,0.0,3,0.0,2710
5,1,26,0.0,4,0.0,2710
6,1,26,0.0,5,0.0,2710
7,1,26,0.0,6,0.0,2710
8,1,26,0.0,7,0.0,2710
9,1,26,0.0,8,0.0,2710
10,1,26,0.0,9,0.0,2710
11,1,26,0.0,10,0.0,2710
12,1,26,0.0,11,0.0,2710
13,1,26,0.0,12,0.0,2710
14,1,26,0.0,13,0.0,2710
15,1,26,0.0,14,0.0,2710
16,1,26,0.0,15,0.0,2710
17,1,26,0.0,16,0.0,2710
18,1,26,0.0,17,0.0,2710
19,1,26,0.0,18,0.0,2710
20,1,26,0.0,19,0.0,2710
21,1,26,0.0,20,0.0,2710
22,1,26,0.0,21,0.0,2710
23,1,26,0.0,22,0.0,2710
24,1,26,0.0,23,0.0,2710
25,1,26,0.0,24,0.0,2710
26,1,26,0.0,25,0.0,2710
27,1,26,0.0,26,0.25,2710
28,1,26,0.0,27,0.0,2710
29,1,26,0.0,28,0.0,2710
30,1,26,0.0,29,0.0,2710
31,1,26,0.0,30,0.0,2710
32,1,26,0.0,31,0.0,2710
33,1,26,0.0,32,0.0,2710
34,1,26,0.0,33,0.0,2710
35,1,26,0.0,34,0.0,2710
36,1,26,0.0,35,0.0,2710
37,1,26,0.0,36,0.0,2710
38,1,26,0.0,37,0.0,2710
39,1,26,0.9,38,0.0,2710
40,1,26,1.0,39,0.0,2710
41,1,26,0.45,40,0.0,2710
42,1,26,0.0,41,0.0,2710
43,1,26,0.0,42,0.0,2710
44,1,26,0.0,43,0.0,2710
45,1,26,0.0,44,0.0,2710
46,1,26,0.0,45,0.0,2710
47,1,26,0.0,46,0.0,2710
48,1,26,0.0,47,0.0,2710
49,1,26,0.0,48,0.0,2710
50,1,26,0.0,49,0.0,2710
51,1,26,0.0,50,0.0,2710
52,1,26,0.0,51,0.0,2710
53,1,26,0.0,52,0.0,2710
54,1,26,0.0,53,0.0,2710
55,1,26,0.0,54,0.0,2710
56,1,26,0.0,55,0.0,2710
57,1,26,0.0,56,0.0,2710
58,1,26,0.0,57,0.0,2710
59,1,26,0.0,58,0.0,2710
60,1,26,0.0,59,0.0,2710
61,1,26,0.0,60,0.0,2710
62,1,26,0.0,61,0.0,2710
63,1,26,0.0,62,0.0,2710
64,1,26,0.0,63,0.0,2710
65,1,26,0.0,64,0.62,2710
66,1,26,0.0,65,1.0,2710
67,1,26,0.0,66,1.0,2710
68,1,26,0.0,67,1.0,2710
69,1,26,0.0,68,0.38,2710
70,1,26,0.0,69,0.0,2710
71,1,26,0.0,70,0.0,2710
72,1,26,0.0,71,0.0,2710
73,1,26,0.0,72,0.0,2710
74,1,26,0.0,73,0.0,2710
75,1,26,0.0,74,0.0,2710
76,1,26,0.0,75,0.0,2710
77,1,26,0.0,76,0.0,2710
78,1,26,0.0,77,0.0,2710
79,1,26,0.0,78,0.0,2710
80,1,26,0.0,79,0.0,2710
81,1,26,0.0,80,0.0,2710
82,1,26,0.0,81,0.1,2710
83,1,26,0.0,82,0.0,2710
84,1,26,0.0,83,0.32,2710
85,1,26,0.0,84,0.38,2710
86,1,26,0.0,85,0.0,2710
87,1,26,0.0,86,0.0,2710
88,1,26,0.0,87,0.0,2710
89,1,26,0.0,88,0.0,2710
90,1,26,0.0,89,0.0,2710
91,1,26,0.0,90,0.0,2710
92,1,26,0.0,91,0.0,2710
93,1,26,0.0,92,0.0,2710
94,1,26,0.0,93,0.0,2710
95,1,26,0.0,94,0.0,2710
96,1,26,0.0,95,0.0,2710
97,1,26,0.0,96,0.0,2710
98,1,26,0.0,97,0.0,2710
99,1,26,0.0,98,0.0,2710
100,1,26,0.0,99,0.0,2710
101,1,26,0.0,100,0.0,2710
102,1,26,0.62,101,0.0,2710
103,1,26,1.0,102,0.0,2710
104,1,26,1.0,103,0.0,2710
105,1,26,0.13,104,0.0,2710
106,1,26,0.0,105,0.0,2710
107,1,26,0.0,106,0.0,2710
108,1,26,0.0,107,0.0,2710
109,1,26,0.0,108,0.0,2710
110,1,26,0.0,109,0.0,2710
111,1,26,0.0,110,0.0,2710
112,1,26,0.0,111,0.0,2710
113,1,26,0.0,112,0.0,2710
114,1,26,0.0,113,0.07,2710
115,1,26,0.0,114,0.3,2710
116,1,26,0.0,115,0.0,2710
117,1,26,0.0,116,0.0,2710
118,1,26,0.0,117,0.07,2710
119,1,26,0.0,118,1.0,2710
120,1,26,0.0,119,1.0,2710
121,1,26,0.0,120,0.65,2710
122,1,26,0.0,121,0.0,2710
123,1,26,0.0,122,0.0,2710
124,1,26,0.0,123,0.0,2710
125,1,26,0.0,124,0.0,2710
126,1,26,0.0,125,0.0,2710
127,1,26,0.0,126,0.0,2710
128,1,26,0.0,127,0.17,2710
129,1,26,0.0,128,0.22,2710
130,1,26,0.0,129,1.0,2710
131,1,26,0.0,130,0.78,2710
132,1,26,0.0,131,0.0,2710
133,1,26,0.0,132,0.0,2710
134,1,26,0.0,133,0.0,2710
135,1,26,0.0,134,0.0,2710
136,1,26,0.0,135,0.0,2710
137,1,26,0.0,136,0.82,2710
138,1,26,0.0,137,1.0,2710
139,1,26,0.0,138,0.68,2710
140,1,26,0.0,139,0.32,2710
141,1,26,0.0,140,1.0,2710
142,1,26,0.0,141,0.83,2710
143,1,26,0.0,142,0.0,2710
144,1,26,0.0,143,0.0,2710
145,1,26,0.0,144,0.0,2710
146,1,26,0.0,145,0.0,2710
147,1,26,0.0,146,0.0,2710
148,1,26,0.0,147,0.0,2710
149,1,26,0.0,148,0.0,2710
150,1,26,0.0,149,0.0,2710
151,1,26,0.0,150,0.0,2710
152,1,26,0.0,151,0.0,2710
153,1,26,0.0,152,0.37,2710
154,1,26,0.0,153,1.0,2710
155,1,26,0.0,154,1.0,2710
156,1,26,0.0,155,0.83,2710
157,1,26,0.0,156,0.0,2710
158,1,26,0.0,157,0.0,2710
159,1,26,0.0,158,0.0,2710
160,1,26,0.0,159,0.0,2710
161,1,26,0.0,160,0.0,2710
162,1,26,0.0,161,0.0,2710
163,1,26,0.0,162,0.17,2710
1,1,26,0.0,0,0.0,1759
2,1,26,0.0,1,0.0,1759
3,1,26,0.0,2,0.0,1759
4,1,26,0.0,3,0.0,1759
5,1,26,0.0,4,0.0,1759
6,1,26,0.0,5,0.0,1759
7,1,26,0.0,6,0.0,1759
8,1,26,0.0,7,0.0,1759
9,1,26,0.0,8,0.0,1759
10,1,26,0.0,9,0.0,1759
11,1,26,0.0,10,0.0,1759
12,1,26,0.0,11,0.0,1759
13,1,26,0.0,12,0.0,1759
14,1,26,0.0,13,0.0,1759
15,1,26,0.0,14,0.0,1759
16,1,26,0.0,15,0.0,1759
17,1,26,0.0,16,0.0,1759
18,1,26,0.0,17,0.0,1759
19,1,26,0.0,18,0.0,1759
20,1,26,0.0,19,0.0,1759
21,1,26,0.0,20,0.0,1759
22,1,26,0.0,21,0.0,1759
23,1,26,0.0,22,0.0,1759
24,1,26,0.0,23,0.0,1759
25,1,26,0.0,24,0.0,1759
26,1,26,0.0,25,0.0,1759
27,1,26,0.0,26,0.0,1759
28,1,26,0.0,27,0.0,1759
29,1,26,0.0,28,0.0,1759
30,1,26,0.0,29,0.0,1759
31,1,26,0.0,30,0.08,1759
32,1,26,0.0,31,1.0,1759
33,1,26,0.0,32,0.02,1759
34,1,26,0.0,33,0.78,1759
35,1,26,0.0,34,0.37,1759
36,1,26,0.0,35,0.63,1759
37,1,26,0.0,36,0.27,1759
38,1,26,0.0,37,0.0,1759
39,1,26,0.0,38,0.0,1759
40,1,26,0.0,39,0.0,1759
41,1,26,0.0,40,0.0,1759
42,1,26,0.0,41,0.0,1759
43,1,26,0.0,42,0.0,1759
44,1,26,0.0,43,0.0,1759
45,1,26,0.0,44,0.0,1759
46,1,26,0.0,45,0.0,1759
47,1,26,0.0,46,0.0,1759
48,1,26,0.0,47,0.0,1759
49,1,26,0.0,48,0.0,1759
50,1,26,0.0,49,0.0,1759
51,1,26,0.0,50,0.0,1759
52,1,26,0.0,51,0.0,1759
53,1,26,0.0,52,0.0,1759
54,1,26,0.0,53,0.0,1759
55,1,26,0.0,54,0.0,1759
56,1,26,0.0,55,0.0,1759
57,1,26,0.0,56,0.0,1759
58,1,26,0.0,57,0.0,1759
59,1,26,0.0,58,0.0,1759
60,1,26,0.0,59,0.0,1759
61,1,26,0.0,60,0.0,1759
62,1,26,0.0,61,0.0,1759
63,1,26,0.0,62,0.0,1759
64,1,26,0.0,63,0.0,1759
65,1,26,0.0,64,0.0,1759
66,1,26,0.0,65,0.0,1759
67,1,26,0.0,66,0.0,1759
68,1,26,0.0,67,0.0,1759
69,1,26,0.0,68,0.0,1759
70,1,26,0.0,69,0.0,1759
71,1,26,0.0,70,0.0,1759
72,1,26,0.0,71,0.0,1759
73,1,26,0.0,72,0.0,1759
74,1,26,0.0,73,0.0,1759
75,1,26,0.0,74,0.0,1759
76,1,26,0.0,75,0.0,1759
77,1,26,0.0,76,0.0,1759
78,1,26,0.0,77,0.0,1759
79,1,26,0.0,78,0.0,1759
80,1,26,0.0,79,0.0,1759
81,1,26,0.0,80,0.0,1759
82,1,26,0.0,81,0.0,1759
83,1,26,0.0,82,0.0,1759
84,1,26,0.0,83,0.0,1759
85,1,26,0.0,84,0.0,1759
86,1,26,0.0,85,0.0,1759
87,1,26,0.0,86,0.0,1759
88,1,26,0.0,87,0.0,1759
89,1,26,0.0,88,0.0,1759
90,1,26,0.0,89,0.0,1759
91,1,26,0.0,90,0.0,1759
92,1,26,0.0,91,0.0,1759
93,1,26,0.0,92,0.0,1759
94,1,26,0.0,93,0.0,1759
95,1,26,0.0,94,0.0,1759
96,1,26,0.0,95,0.0,1759
97,1,26,0.0,96,0.0,1759
98,1,26,0.0,97,0.0,1759
99,1,26,0.0,98,0.0,1759
100,1,26,0.0,99,0.0,1759
101,1,26,0.0,100,0.0,1759
102,1,26,0.0,101,0.0,1759
103,1,26,0.0,102,0.0,1759
104,1,26,0.0,103,0.0,1759
105,1,26,0.0,104,0.0,1759
106,1,26,0.0,105,0.0,1759
107,1,26,0.0,106,0.0,1759
108,1,26,0.0,107,0.0,1759
109,1,26,0.0,108,0.0,1759
110,1,26,0.0,109,0.0,1759
111,1,26,0.0,110,0.0,1759
112,1,26,0.0,111,0.0,1759
113,1,26,0.0,112,0.0,1759
114,1,26,0.0,113,0.0,1759
115,1,26,0.0,114,0.0,1759
116,1,26,0.0,115,0.0,1759
117,1,26,0.0,116,0.0,1759
118,1,26,0.0,117,0.0,1759
119,1,26,0.0,118,0.0,1759
120,1,26,0.0,119,0.0,1759
121,1,26,0.0,120,0.0,1759
122,1,26,0.0,121,0.0,1759
123,1,26,0.0,122,0.0,1759
124,1,26,0.0,123,0.0,1759
125,1,26,0.0,124,0.0,1759
126,1,26,0.0,125,0.0,1759
127,1,26,0.0,126,0.0,1759
128,1,26,0.0,127,0.0,1759
129,1,26,0.0,128,0.0,1759
130,1,26,0.0,129,0.0,1759
131,1,26,0.0,130,0.0,1759
132,1,26,0.0,131,0.0,1759
133,1,26,0.0,132,0.0,1759
134,1,26,0.0,133,0.0,1759
135,1,26,0.0,134,0.0,1759
136,1,26,0.0,135,0.0,1759
137,1,26,0.0,136,0.0,1759
138,1,26,0.0,137,0.0,1759
139,1,26,0.0,138,0.0,1759
140,1,26,0.0,139,0.0,1759
141,1,26,0.0,140,0.0,1759
142,1,26,0.0,141,0.0,1759
143,1,26,0.0,142,0.0,1759
144,1,26,0.0,143,0.0,1759
145,1,26,0.0,144,0.0,1759
146,1,26,0.0,145,0.0,1759
147,1,26,0.0,146,0.0,1759
148,1,26,0.0,147,0.0,1759
149,1,26,0.0,148,0.0,1759
150,1,26,0.0,149,0.0,1759
151,1,26,0.0,150,0.0,1759
152,1,26,0.0,151,0.0,1759
153,1,26,0.0,152,0.0,1759
154,1,26,0.0,153,0.0,1759
155,1,26,0.0,154,0.0,1759
156,1,26,0.0,155,0.0,1759
157,1,26,0.0,156,0.0,1759
158,1,26,0.0,157,0.0,1759
159,1,26,0.0,158,0.0,1759
160,1,26,0.0,159,0.0,1759
161,1,26,0.0,160,0.0,1759
162,1,26,0.0,161,0.0,1759
163,1,26,0.0,162,0.0,1759
1,1,26,0.0,0,0.0,6072
2,1,26,0.0,1,0.0,6072
3,1,26,0.0,2,0.0,6072
4,1,26,0.0,3,0.0,6072
5,1,26,0.0,4,0.0,6072
6,1,26,0.0,5,0.0,6072
7,1,26,0.0,6,0.0,6072
8,1,26,0.0,7,0.0,6072
9,1,26,0.0,8,0.0,6072
10,1,26,0.0,9,0.0,6072
11,1,26,0.0,10,0.0,6072
12,1,26,0.0,11,0.0,6072
13,1,26,0.0,12,0.0,6072
14,1,26,0.0,13,0.0,6072
15,1,26,0.0,14,0.0,6072
16,1,26,0.0,15,0.0,6072
17,1,26,0.0,16,0.0,6072
18,1,26,0.0,17,0.31,6072
19,1,26,0.0,18,0.64,6072
20,1,26,0.0,19,0.0,6072
21,1,26,0.0,20,0.0,6072
22,1,26,0.0,21,0.0,6072
23,1,26,0.0,22,0.0,6072
24,1,26,0.0,23,0.0,6072
25,1,26,0.0,24,0.0,6072
26,1,26,0.0,25,0.0,6072
27,1,26,0.0,26,0.0,6072
28,1,26,0.0,27,0.0,6072
29,1,26,0.0,28,0.0,6072
30,1,26,0.0,29,0.0,6072
31,1,26,0.0,30,0.0,6072
32,1,26,0.0,31,0.26,6072
33,1,26,0.0,32,0.44,6072
34,1,26,0.0,33,0.0,6072
35,1,26,0.0,34,0.0,6072
36,1,26,0.0,35,0.0,6072
37,1,26,0.0,36,0.0,6072
38,1,26,0.0,37,0.0,6072
39,1,26,0.0,38,0.0,6072
40,1,26,0.0,39,0.0,6072
41,1,26,0.0,40,0.0,6072
42,1,26,0.0,41,0.0,6072
43,1,26,0.0,42,0.0,6072
44,1,26,0.0,43,0.0,6072
45,1,26,0.0,44,0.0,6072
46,1,26,0.0,45,0.0,6072
47,1,26,0.0,46,0.0,6072
48,1,26,0.0,47,0.0,6072
49,1,26,0.0,48,0.0,6072
50,1,26,0.0,49,0.0,6072
51,1,26,0.0,50,0.0,6072
52,1,26,0.0,51,0.0,6072
53,1,26,0.0,52,0.0,6072
54,1,26,0.0,53,0.0,6072
55,1,26,0.0,54,0.0,6072
56,1,26,0.0,55,0.0,6072
57,1,26,0.0,56,0.0,6072
58,1,26,0.0,57,0.0,6072
59,1,26,0.0,58,0.0,6072
60,1,26,0.0,59,0.0,6072
61,1,26,0.0,60,0.0,6072
62,1,26,0.0,61,0.0,6072
63,1,26,0.0,62,0.0,6072
64,1,26,0.0,63,0.0,6072
65,1,26,0.0,64,0.0,6072
66,1,26,0.0,65,0.0,6072
67,1,26,0.0,66,0.0,6072
68,1,26,0.0,67,0.0,6072
69,1,26,0.0,68,0.0,6072
70,1,26,0.0,69,0.0,6072
71,1,26,0.0,70,0.0,6072
72,1,26,0.0,71,0.0,6072
73,1,26,0.0,72,0.0,6072
74,1,26,0.0,73,0.0,6072
75,1,26,0.0,74,0.0,6072
76,1,26,0.0,75,0.0,6072
77,1,26,0.0,76,0.0,6072
78,1,26,0.0,77,0.0,6072
79,1,26,0.0,78,0.0,6072
80,1,26,0.0,79,0.0,6072
81,1,26,0.0,80,0.0,6072
82,1,26,0.0,81,0.0,6072
83,1,26,0.0,82,0.0,6072
84,1,26,0.0,83,0.0,6072
85,1,26,0.0,84,0.0,6072
86,1,26,0.0,85,0.0,6072
87,1,26,0.0,86,0.0,6072
88,1,26,0.0,87,0.0,6072
89,1,26,0.0,88,0.1,6072
90,1,26,0.0,89,0.0,6072
91,1,26,0.0,90,0.0,6072
92,1,26,0.0,91,0.0,6072
93,1,26,0.0,92,0.0,6072
94,1,26,0.0,93,0.0,6072
95,1,26,0.0,94,0.0,6072
96,1,26,0.0,95,0.0,6072
97,1,26,0.0,96,0.0,6072
98,1,26,0.0,97,0.0,6072
99,1,26,0.0,98,0.0,6072
100,1,26,0.0,99,0.0,6072
101,1,26,0.0,100,0.1,6072
102,1,26,0.0,101,0.0,6072
103,1,26,0.0,102,0.0,6072
104,1,26,0.0,103,0.0,6072
105,1,26,0.0,104,0.0,6072
106,1,26,0.0,105,0.0,6072
107,1,26,0.0,106,0.62,6072
108,1,26,0.0,107,0.64,6072
109,1,26,0.0,108,0.0,6072
110,1,26,0.0,109,0.0,6072
111,1,26,0.0,110,0.0,6072
112,1,26,0.0,111,0.0,6072
113,1,26,0.0,112,0.0,6072
114,1,26,0.0,113,0.0,6072
115,1,26,0.0,114,0.0,6072
116,1,26,0.0,115,0.0,6072
117,1,26,0.0,116,0.0,6072
118,1,26,0.0,117,0.0,6072
119,1,26,0.0,118,0.0,6072
120,1,26,0.0,119,0.0,6072
121,1,26,0.0,120,0.0,6072
122,1,26,0.0,121,0.0,6072
123,1,26,0.0,122,0.0,6072
124,1,26,0.0,123,0.0,6072
125,1,26,0.0,124,0.0,6072
126,1,26,0.0,125,0.0,6072
127,1,26,0.0,126,0.0,6072
128,1,26,0.0,127,0.0,6072
129,1,26,0.0,128,0.0,6072
130,1,26,0.0,129,0.0,6072
131,1,26,0.0,130,0.0,6072
132,1,26,0.0,131,0.0,6072
133,1,26,0.0,132,0.0,6072
134,1,26,0.0,133,0.0,6072
135,1,26,0.0,134,0.0,6072
136,1,26,0.0,135,0.0,6072
137,1,26,0.0,136,0.0,6072
138,1,26,0.0,137,0.0,6072
139,1,26,0.0,138,0.0,6072
140,1,26,0.0,139,0.0,6072
141,1,26,0.0,140,0.0,6072
142,1,26,0.0,141,0.0,6072
143,1,26,0.0,142,0.0,6072
144,1,26,0.0,143,0.0,6072
145,1,26,0.0,144,0.0,6072
146,1,26,0.0,145,0.0,6072
147,1,26,0.0,146,0.0,6072
148,1,26,0.0,147,0.0,6072
149,1,26,0.0,148,0.0,6072
150,1,26,0.0,149,0.0,6072
151,1,26,0.0,150,0.0,6072
152,1,26,0.0,151,0.31,6072
153,1,26,0.0,152,0.0,6072
154,1,26,0.0,153,0.0,6072
155,1,26,0.0,154,0.0,6072
156,1,26,0.0,155,0.0,6072
157,1,26,0.0,156,0.0,6072
158,1,26,0.0,157,0.0,6072
159,1,26,0.0,158,0.1,6072
160,1,26,0.0,159,0.0,6072
161,1,26,0.0,160,0.0,6072
162,1,26,0.0,161,0.0,6072
163,1,26,0.0,162,0.0,6072
1,1,50,0.0,0,0.0,8898
2,1,50,0.0,1,0.0,8898
3,1,50,0.0,2,0.0,8898
4,1,50,0.0,3,0.0,8898
5,1,50,0.0,4,0.0,8898
6,1,50,0.0,5,0.0,8898
7,1,50,0.0,6,0.0,8898
8,1,50,0.0,7,0.0,8898
9,1,50,0.0,8,0.0,8898
10,1,50,0.0,9,0.0,8898
11,1,50,0.0,10,0.0,8898
12,1,50,0.0,11,0.0,8898
13,1,50,0.0,12,0.0,8898
14,1,50,0.0,13,0.0,8898
15,1,50,0.0,14,0.0,8898
16,1,50,0.0,15,0.0,8898
17,1,50,0.0,16,0.0,8898
18,1,50,0.0,17,0.0,8898
19,1,50,0.0,18,0.0,8898
20,1,50,0.0,19,0.0,8898
21,1,50,0.0,20,0.0,8898
22,1,50,0.0,21,0.0,8898
23,1,50,0.0,22,0.0,8898
24,1,50,0.0,23,0.0,8898
25,1,50,0.0,24,0.0,8898
26,1,50,0.0,25,0.0,8898
27,1,50,0.0,26,0.0,8898
28,1,50,0.0,27,0.0,8898
29,1,50,0.0,28,0.0,8898
30,1,50,0.0,29,0.0,8898
31,1,50,0.0,30,0.0,8898
32,1,50,0.0,31,0.0,8898
33,1,50,0.0,32,0.0,8898
34,1,50,0.0,33,0.0,8898
35,1,50,0.0,34,0.62,8898
36,1,50,0.0,35,1.0,8898
37,1,50,0.0,36,0.88,8898
38,1,50,0.0,37,0.0,8898
39,1,50,0.0,38,0.0,8898
40,1,50,0.0,39,0.0,8898
41,1,50,0.0,40,0.0,8898
42,1,50,0.0,41,0.0,8898
43,1,50,0.0,42,0.0,8898
44,1,50,0.57,43,0.0,8898
45,1,50,0.9,44,0.0,8898
46,1,50,0.0,45,0.2,8898
47,1,50,0.0,46,0.27,8898
48,1,50,0.0,47,0.53,8898
49,1,50,0.0,48,0.0,8898
50,1,50,0.0,49,0.0,8898
51,1,50,0.0,50,0.0,8898
52,1,50,0.0,51,0.0,8898
53,1,50,0.0,52,0.0,8898
54,1,50,0.0,53,0.0,8898
55,1,50,0.0,54,0.0,8898
56,1,50,0.0,55,0.0,8898
57,1,50,0.0,56,0.0,8898
58,1,50,0.0,57,0.0,8898
59,1,50,0.0,58,0.0,8898
60,1,50,0.0,59,0.0,8898
61,1,50,0.0,60,0.0,8898
62,1,50,0.0,61,0.0,8898
63,1,50,0.0,62,0.0,8898
64,1,50,0.0,63,0.0,8898
65,1,50,0.0,64,0.0,8898
66,1,50,0.0,65,0.0,8898
67,1,50,0.0,66,0.0,8898
68,1,50,0.0,67,0.0,8898
69,1,50,0.0,68,0.0,8898
70,1,50,0.0,69,0.0,8898
71,1,50,0.0,70,0.0,8898
72,1,50,0.0,71,0.0,8898
73,1,50,0.0,72,0.0,8898
74,1,50,0.0,73,0.0,8898
75,1,50,0.0,74,0.0,8898
76,1,50,0.0,75,0.0,8898
77,1,50,0.0,76,0.0,8898
78,1,50,0.0,77,0.0,8898
79,1,50,0.0,78,0.0,8898
80,1,50,0.0,79,0.0,8898
81,1,50,0.0,80,0.0,8898
82,1,50,0.0,81,0.0,8898
83,1,50,0.0,82,0.0,8898
84,1,50,0.0,83,0.0,8898
85,1,50,0.0,84,0.0,8898
86,1,50,0.0,85,0.0,8898
87,1,50,0.0,86,0.0,8898
88,1,50,0.0,87,0.0,8898
89,1,50,0.0,88,0.0,8898
90,1,50,0.0,89,0.0,8898
91,1,50,0.0,90,0.92,8898
92,1,50,0.0,91,0.78,8898
93,1,50,0.0,92,0.03,8898
94,1,50,0.0,93,0.0,8898
95,1,50,0.0,94,0.0,8898
96,1,50,0.0,95,0.22,8898
97,1,50,0.0,96,1.0,8898
98,1,50,0.22,97,0.33,8898
99,1,50,1.0,98,0.0,8898
100,1,50,0.25,99,0.0,8898
101,1,50,0.0,100,0.0,8898
102,1,50,0.0,101,0.0,8898
103,1,50,0.0,102,0.0,8898
104,1,50,0.0,103,0.0,8898
105,1,50,0.0,104,0.0,8898
106,1,50,0.0,105,0.0,8898
107,1,50,0.0,106,0.0,8898
108,1,50,0.0,107,0.0,8898
109,1,50,0.0,108,0.0,8898
110,1,50,0.0,109,0.0,8898
111,1,50,0.0,110,0.0,8898
112,1,50,0.0,111,0.0,8898
113,1,50,0.0,112,0.0,8898
114,1,50,0.0,113,0.0,8898
115,1,50,0.0,114,0.0,8898
116,1,50,0.0,115,0.0,8898
117,1,50,0.0,116,0.0,8898
118,1,50,0.0,117,0.0,8898
119,1,50,0.0,118,0.0,8898
120,1,50,0.0,119,0.0,8898
121,1,50,0.0,120,0.0,8898
122,1,50,0.0,121,0.0,8898
123,1,50,0.0,122,0.0,8898
124,1,50,0.0,123,0.0,8898
125,1,50,0.0,124,0.0,8898
126,1,50,0.0,125,0.0,8898
127,1,50,0.0,126,0.0,8898
128,1,50,0.0,127,0.0,8898
129,1,50,0.0,128,0.0,8898
130,1,50,0.0,129,0.0,8898
131,1,50,0.0,130,0.0,8898
132,1,50,0.0,131,0.0,8898
133,1,50,0.0,132,0.0,8898
134,1,50,0.0,133,0.0,8898
135,1,50,0.0,134,0.0,8898
136,1,50,0.0,135,0.0,8898
137,1,50,0.0,136,0.0,8898
138,1,50,0.0,137,0.0,8898
139,1,50,0.0,138,0.0,8898
140,1,50,0.0,139,0.0,8898
141,1,50,0.0,140,0.0,8898
142,1,50,0.0,141,0.0,8898
143,1,50,0.0,142,0.0,8898
144,1,50,0.0,143,0.0,8898
145,1,50,0.0,144,0.0,8898
146,1,50,0.0,145,0.0,8898
147,1,50,0.0,146,0.0,8898
148,1,50,0.0,147,0.0,8898
149,1,50,0.0,148,0.0,8898
150,1,50,0.0,149,0.0,8898
151,1,50,0.0,150,0.0,8898
152,1,50,0.0,151,0.0,8898
153,1,50,0.0,152,0.0,8898
154,1,50,0.0,153,0.0,8898
155,1,50,0.0,154,0.0,8898
156,1,50,0.0,155,0.0,8898
157,1,50,0.0,156,0.0,8898
158,1,50,0.0,157,0.0,8898
159,1,50,0.0,158,0.0,8898
160,1,50,0.0,159,0.0,8898
161,1,50,0.0,160,0.0,8898
162,1,50,0.0,161,0.0,8898
163,1,50,0.0,162,0.0,8898
1,1,27,0.0,0,0.0,294
2,1,27,0.0,1,0.0,294
3,1,27,0.0,2,0.0,294
4,1,27,0.0,3,0.0,294
5,1,27,0.0,4,0.0,294
6,1,27,0.0,5,0.0,294
7,1,27,0.0,6,0.0,294
8,1,27,0.0,7,0.0,294
9,1,27,0.0,8,0.0,294
10,1,27,0.0,9,0.0,294
11,1,27,0.0,10,0.0,294
12,1,27,0.0,11,0.0,294
13,1,27,0.0,12,0.0,294
14,1,27,0.0,13,0.45,294
15,1,27,0.0,14,0.25,294
16,1,27,0.0,15,0.05,294
17,1,27,0.0,16,0.31,294
18,1,27,0.0,17,0.8,294
19,1,27,0.0,18,1.0,294
20,1,27,0.0,19,0.01,294
21,1,27,0.0,20,0.0,294
22,1,27,0.0,21,0.0,294
23,1,27,0.0,22,0.0,294
24,1,27,0.0,23,0.0,294
25,1,27,0.0,24,0.0,294
26,1,27,0.0,25,0.0,294
27,1,27,0.0,26,0.0,294
28,1,27,0.0,27,0.4,294
29,1,27,0.0,28,1.0,294
30,1,27,0.0,29,1.0,294
31,1,27,0.0,30,1.0,294
32,1,27,0.0,31,1.0,294
33,1,27,0.0,32,1.0,294
34,1,27,0.0,33,1.0,294
35,1,27,0.0,34,1.0,294
36,1,27,0.0,35,1.0,294
37,1,27,0.0,36,0.75,294
38,1,27,0.0,37,0.0,294
39,1,27,0.1,38,0.0,294
40,1,27,1.0,39,0.0,294
41,1,27,1.0,40,0.0,294
42,1,27,1.0,41,0.0,294
43,1,27,1.0,42,0.0,294
44,1,27,1.0,43,0.0,294
45,1,27,1.0,44,0.0,294
46,1,27,1.0,45,0.0,294
47,1,27,1.0,46,0.0,294
48,1,27,0.0,47,0.65,294
49,1,27,0.0,48,0.2,294
50,1,27,0.8,49,0.0,294
51,1,27,0.1,50,0.0,294
52,1,27,0.0,51,1.0,294
53,1,27,0.0,52,0.31,294
54,1,27,1.0,53,0.0,294
55,1,27,1.0,54,0.0,294
56,1,27,1.0,55,0.0,294
57,1,27,1.0,56,0.0,294
58,1,27,1.0,57,0.0,294
59,1,27,0.35,58,0.0,294
60,1,27,0.3,59,0.0,294
61,1,27,0.0,60,0.0,294
62,1,27,0.0,61,0.5,294
63,1,27,0.0,62,1.0,294
64,1,27,0.0,63,1.0,294
65,1,27,0.0,64,1.0,294
66,1,27,0.0,65,1.0,294
67,1,27,0.0,66,1.0,294
68,1,27,0.0,67,1.0,294
69,1,27,0.0,68,0.38,294
70,1,27,1.0,69,0.0,294
71,1,27,0.05,70,0.0,294
72,1,27,0.6,71,0.0,294
73,1,27,0.9,72,0.0,294
74,1,27,0.0,73,0.65,294
75,1,27,0.0,74,1.0,294
76,1,27,0.0,75,0.78,294
77,1,27,0.0,76,0.85,294
78,1,27,0.0,77,1.0,294
79,1,27,0.0,78,1.0,294
80,1,27,0.0,79,1.0,294
81,1,27,0.0,80,0.3,294
82,1,27,0.0,81,0.0,294
83,1,27,0.0,82,0.6,294
84,1,27,0.0,83,1.0,294
85,1,27,0.0,84,0.95,294
86,1,27,0.0,85,0.81,294
87,1,27,0.5,86,0.0,294
88,1,27,1.0,87,0.0,294
89,1,27,1.0,88,0.0,294
90,1,27,1.0,89,0.0,294
91,1,27,1.0,90,0.0,294
92,1,27,1.0,91,0.0,294
93,1,27,1.0,92,0.0,294
94,1,27,1.0,93,0.0,294
95,1,27,1.0,94,0.0,294
96,1,27,1.0,95,0.0,294
97,1,27,1.0,96,0.0,294
98,1,27,0.95,97,0.0,294
99,1,27,0.0,98,0.6,294
100,1,27,0.0,99,1.0,294
101,1,27,0.0,100,1.0,294
102,1,27,0.0,101,0.13,294
103,1,27,0.0,102,0.0,294
104,1,27,0.0,103,0.0,294
105,1,27,0.0,104,0.0,294
106,1,27,0.0,105,0.0,294
107,1,27,0.2,106,0.0,294
108,1,27,1.0,107,0.0,294
109,1,27,1.0,108,0.0,294
110,1,27,1.0,109,0.0,294
111,1,27,1.0,110,0.0,294
112,1,27,0.35,111,0.25,294
113,1,27,0.0,112,1.0,294
114,1,27,0.0,113,1.0,294
115,1,27,0.0,114,1.0,294
116,1,27,0.0,115,1.0,294
117,1,27,0.0,116,1.0,294
118,1,27,0.0,117,1.0,294
119,1,27,0.0,118,1.0,294
120,1,27,0.0,119,1.0,294
121,1,27,0.0,120,0.55,294
122,1,27,0.0,121,0.0,294
123,1,27,0.0,122,0.0,294
124,1,27,0.0,123,0.0,294
125,1,27,0.0,124,0.0,294
126,1,27,0.0,125,0.0,294
127,1,27,0.0,126,0.0,294
128,1,27,0.2,127,0.0,294
129,1,27,1.0,128,0.0,294
130,1,27,1.0,129,0.0,294
131,1,27,1.0,130,0.0,294
132,1,27,1.0,131,0.0,294
133,1,27,0.6,132,0.15,294
134,1,27,0.0,133,1.0,294
135,1,27,0.0,134,1.0,294
136,1,27,0.0,135,1.0,294
137,1,27,0.0,136,1.0,294
138,1,27,0.0,137,0.8,294
139,1,27,0.8,138,0.0,294
140,1,27,1.0,139,0.0,294
141,1,27,1.0,140,0.0,294
142,1,27,1.0,141,0.0,294
143,1,27,1.0,142,0.0,294
144,1,27,1.0,143,0.0,294
145,1,27,0.75,144,0.0,294
146,1,27,0.0,145,0.0,294
147,1,27,0.0,146,0.85,294
148,1,27,0.0,147,1.0,294
149,1,27,0.0,148,1.0,294
150,1,27,0.0,149,1.0,294
151,1,27,0.75,150,0.26,294
152,1,27,1.0,151,0.0,294
153,1,27,1.0,152,0.0,294
154,1,27,1.0,153,0.0,294
155,1,27,1.0,154,0.0,294
156,1,27,1.0,155,0.0,294
157,1,27,1.0,156,0.0,294
158,1,27,1.0,157,0.0,294
159,1,27,0.96,158,0.0,294
160,1,27,0.0,159,0.0,294
161,1,27,0.0,160,0.4,294
162,1,27,0.0,161,1.0,294
163,1,27,0.0,162,1.0,294
1,1,27,0.0,0,0.0,1836
2,1,27,0.0,1,0.0,1836
3,1,27,0.0,2,0.0,1836
4,1,27,0.0,3,0.0,1836
5,1,27,0.0,4,0.0,1836
6,1,27,0.0,5,0.0,1836
7,1,27,0.0,6,0.0,1836
8,1,27,0.0,7,0.0,1836
9,1,27,0.0,8,0.0,1836
10,1,27,0.0,9,0.0,1836
11,1,27,0.0,10,0.0,1836
12,1,27,0.0,11,0.0,1836
13,1,27,0.0,12,0.0,1836
14,1,27,0.0,13,0.0,1836
15,1,27,0.0,14,0.0,1836
16,1,27,0.0,15,0.0,1836
17,1,27,0.0,16,0.0,1836
18,1,27,0.0,17,0.0,1836
19,1,27,0.0,18,0.0,1836
20,1,27,0.0,19,0.0,1836
21,1,27,0.0,20,0.0,1836
22,1,27,0.0,21,0.0,1836
23,1,27,0.0,22,0.0,1836
24,1,27,0.0,23,0.0,1836
25,1,27,0.0,24,0.0,1836
26,1,27,0.0,25,0.0,1836
27,1,27,0.0,26,0.0,1836
28,1,27,0.0,27,0.0,1836
29,1,27,0.0,28,0.0,1836
30,1,27,0.0,29,0.0,1836
31,1,27,0.0,30,0.0,1836
32,1,27,0.0,31,0.0,1836
33,1,27,0.0,32,0.0,1836
34,1,27,0.0,33,0.0,1836
35,1,27,0.0,34,0.0,1836
36,1,27,0.0,35,0.0,1836
37,1,27,0.0,36,0.0,1836
38,1,27,0.0,37,0.0,1836
39,1,27,0.0,38,0.0,1836
40,1,27,0.0,39,0.0,1836
41,1,27,0.0,40,0.0,1836
42,1,27,0.0,41,0.0,1836
43,1,27,0.0,42,0.0,1836
44,1,27,0.0,43,0.0,1836
45,1,27,0.0,44,0.0,1836
46,1,27,0.0,45,0.0,1836
47,1,27,0.0,46,0.0,1836
48,1,27,0.0,47,0.0,1836
49,1,27,0.0,48,0.0,1836
50,1,27,0.0,49,0.0,1836
51,1,27,0.0,50,0.0,1836
52,1,27,0.0,51,0.0,1836
53,1,27,0.0,52,0.0,1836
54,1,27,0.0,53,0.0,1836
55,1,27,0.0,54,0.0,1836
56,1,27,0.0,55,0.0,1836
57,1,27,0.0,56,0.0,1836
58,1,27,0.0,57,0.0,1836
59,1,27,0.0,58,0.0,1836
60,1,27,0.0,59,0.0,1836
61,1,27,0.0,60,0.0,1836
62,1,27,0.0,61,0.0,1836
63,1,27,0.0,62,0.0,1836
64,1,27,0.0,63,0.0,1836
65,1,27,0.0,64,0.0,1836
66,1,27,0.0,65,0.0,1836
67,1,27,0.0,66,0.0,1836
68,1,27,0.0,67,0.0,1836
69,1,27,0.0,68,0.0,1836
70,1,27,0.0,69,0.0,1836
71,1,27,0.0,70,0.0,1836
72,1,27,0.0,71,0.0,1836
73,1,27,0.0,72,0.0,1836
74,1,27,0.0,73,0.0,1836
75,1,27,0.0,74,0.0,1836
76,1,27,0.0,75,0.0,1836
77,1,27,0.0,76,0.0,1836
78,1,27,0.0,77,0.0,1836
79,1,27,0.0,78,0.0,1836
80,1,27,0.0,79,0.0,1836
81,1,27,0.0,80,0.0,1836
82,1,27,0.0,81,0.0,1836
83,1,27,0.0,82,0.0,1836
84,1,27,0.0,83,0.0,1836
85,1,27,0.0,84,0.0,1836
86,1,27,0.0,85,0.0,1836
87,1,27,0.0,86,0.0,1836
88,1,27,0.0,87,0.0,1836
89,1,27,0.0,88,0.0,1836
90,1,27,0.0,89,0.0,1836
91,1,27,0.0,90,0.0,1836
92,1,27,0.0,91,0.0,1836
93,1,27,0.0,92,0.0,1836
94,1,27,0.0,93,0.0,1836
95,1,27,0.0,94,0.0,1836
96,1,27,0.0,95,0.0,1836
97,1,27,0.0,96,0.0,1836
98,1,27,0.0,97,0.0,1836
99,1,27,0.0,98,0.0,1836
100,1,27,0.0,99,0.0,1836
101,1,27,0.0,100,0.0,1836
102,1,27,0.0,101,0.0,1836
103,1,27,0.0,102,0.0,1836
104,1,27,0.0,103,0.0,1836
105,1,27,0.0,104,0.0,1836
106,1,27,0.0,105,0.0,1836
107,1,27,0.0,106,0.0,1836
108,1,27,0.0,107,0.0,1836
109,1,27,0.0,108,0.0,1836
110,1,27,0.0,109,0.0,1836
111,1,27,0.0,110,0.0,1836
112,1,27,0.0,111,0.0,1836
113,1,27,0.0,112,0.0,1836
114,1,27,0.0,113,0.0,1836
115,1,27,0.0,114,0.0,1836
116,1,27,0.0,115,0.0,1836
117,1,27,0.0,116,0.0,1836
118,1,27,0.0,117,0.0,1836
119,1,27,0.0,118,0.25,1836
120,1,27,0.0,119,0.62,1836
121,1,27,0.0,120,1.0,1836
122,1,27,0.0,121,0.63,1836
123,1,27,0.0,122,0.21,1836
124,1,27,0.0,123,0.0,1836
125,1,27,0.0,124,0.0,1836
126,1,27,0.0,125,0.0,1836
127,1,27,0.0,126,0.0,1836
128,1,27,0.0,127,0.0,1836
129,1,27,0.0,128,0.0,1836
130,1,27,0.0,129,0.0,1836
131,1,27,0.0,130,0.7,1836
132,1,27,0.0,131,0.0,1836
133,1,27,0.0,132,0.0,1836
134,1,27,0.0,133,0.0,1836
135,1,27,0.0,134,0.0,1836
136,1,27,0.0,135,0.0,1836
137,1,27,0.0,136,0.0,1836
138,1,27,0.0,137,0.0,1836
139,1,27,0.0,138,0.0,1836
140,1,27,0.0,139,0.0,1836
141,1,27,0.0,140,0.0,1836
142,1,27,0.0,141,0.0,1836
143,1,27,0.0,142,0.0,1836
144,1,27,0.0,143,0.0,1836
145,1,27,0.0,144,0.0,1836
146,1,27,0.0,145,0.0,1836
147,1,27,0.0,146,0.0,1836
148,1,27,0.0,147,0.0,1836
149,1,27,0.0,148,0.0,1836
150,1,27,0.0,149,0.0,1836
151,1,27,0.0,150,0.0,1836
152,1,27,0.0,151,0.0,1836
153,1,27,0.0,152,0.0,1836
154,1,27,0.0,153,0.0,1836
155,1,27,0.0,154,0.0,1836
156,1,27,0.0,155,0.0,1836
157,1,27,0.0,156,0.0,1836
158,1,27,0.0,157,0.0,1836
159,1,27,0.0,158,0.0,1836
160,1,27,0.0,159,0.0,1836
161,1,27,0.0,160,0.0,1836
162,1,27,0.0,161,0.0,1836
163,1,27,0.0,162,0.0,1836
1,1,27,0.0,0,0.0,1197
2,1,27,0.0,1,0.0,1197
3,1,27,0.0,2,0.0,1197
4,1,27,0.0,3,0.0,1197
5,1,27,0.0,4,0.0,1197
6,1,27,0.0,5,0.0,1197
7,1,27,0.0,6,0.0,1197
8,1,27,0.0,7,0.0,1197
9,1,27,0.0,8,0.0,1197
10,1,27,0.0,9,0.0,1197
11,1,27,0.0,10,0.0,1197
12,1,27,0.0,11,0.0,1197
13,1,27,0.0,12,0.0,1197
14,1,27,0.0,13,0.0,1197
15,1,27,0.0,14,0.0,1197
16,1,27,0.0,15,0.0,1197
17,1,27,0.0,16,0.0,1197
18,1,27,0.0,17,0.0,1197
19,1,27,0.0,18,0.0,1197
20,1,27,0.0,19,0.0,1197
21,1,27,0.0,20,0.0,1197
22,1,27,0.0,21,0.0,1197
23,1,27,0.0,22,0.0,1197
24,1,27,0.0,23,0.0,1197
25,1,27,0.0,24,0.0,1197
26,1,27,0.0,25,0.0,1197
27,1,27,0.0,26,0.0,1197
28,1,27,0.0,27,0.0,1197
29,1,27,0.0,28,0.0,1197
30,1,27,0.0,29,0.0,1197
31,1,27,0.0,30,0.0,1197
32,1,27,0.0,31,0.0,1197
33,1,27,0.0,32,0.0,1197
34,1,27,0.0,33,0.0,1197
35,1,27,0.0,34,0.0,1197
36,1,27,0.0,35,0.0,1197
37,1,27,0.0,36,0.0,1197
38,1,27,0.0,37,0.0,1197
39,1,27,0.0,38,0.0,1197
40,1,27,0.0,39,0.0,1197
41,1,27,0.0,40,0.0,1197
42,1,27,0.0,41,0.0,1197
43,1,27,0.0,42,0.0,1197
44,1,27,0.0,43,0.0,1197
45,1,27,0.0,44,0.0,1197
46,1,27,0.0,45,0.0,1197
47,1,27,0.0,46,0.0,1197
48,1,27,0.0,47,0.0,1197
49,1,27,0.0,48,0.0,1197
50,1,27,0.0,49,0.0,1197
51,1,27,0.0,50,0.0,1197
52,1,27,0.0,51,0.0,1197
53,1,27,0.0,52,0.0,1197
54,1,27,0.0,53,0.0,1197
55,1,27,0.0,54,0.0,1197
56,1,27,0.0,55,0.0,1197
57,1,27,0.0,56,0.0,1197
58,1,27,0.0,57,0.0,1197
59,1,27,0.0,58,0.0,1197
60,1,27,0.0,59,0.05,1197
61,1,27,0.0,60,0.75,1197
62,1,27,0.0,61,1.0,1197
63,1,27,0.0,62,1.0,1197
64,1,27,0.0,63,0.8,1197
65,1,27,0.0,64,0.0,1197
66,1,27,0.0,65,0.0,1197
67,1,27,0.0,66,0.0,1197
68,1,27,0.0,67,0.0,1197
69,1,27,0.0,68,0.0,1197
70,1,27,0.0,69,0.0,1197
71,1,27,0.0,70,0.0,1197
72,1,27,0.0,71,0.0,1197
73,1,27,0.0,72,0.0,1197
74,1,27,0.0,73,0.0,1197
75,1,27,0.0,74,0.0,1197
76,1,27,0.0,75,0.0,1197
77,1,27,0.0,76,0.0,1197
78,1,27,0.0,77,0.0,1197
79,1,27,0.0,78,0.0,1197
80,1,27,0.0,79,0.0,1197
81,1,27,0.0,80,0.0,1197
82,1,27,0.0,81,0.0,1197
83,1,27,0.0,82,0.0,1197
84,1,27,0.0,83,0.0,1197
85,1,27,0.0,84,0.0,1197
86,1,27,0.0,85,0.0,1197
87,1,27,0.0,86,0.0,1197
88,1,27,0.0,87,0.0,1197
89,1,27,0.0,88,0.0,1197
90,1,27,0.0,89,0.0,1197
91,1,27,0.0,90,0.0,1197
92,1,27,0.0,91,0.0,1197
93,1,27,0.0,92,0.0,1197
94,1,27,0.0,93,0.0,1197
95,1,27,0.0,94,0.0,1197
96,1,27,0.0,95,0.0,1197
97,1,27,0.0,96,0.0,1197
98,1,27,0.0,97,0.0,1197
99,1,27,0.0,98,0.0,1197
100,1,27,0.0,99,0.0,1197
101,1,27,0.0,100,0.0,1197
102,1,27,0.0,101,0.0,1197
103,1,27,0.0,102,0.0,1197
104,1,27,0.0,103,0.0,1197
105,1,27,0.0,104,0.0,1197
106,1,27,0.0,105,0.0,1197
107,1,27,0.0,106,0.0,1197
108,1,27,0.0,107,0.0,1197
109,1,27,0.0,108,0.0,1197
110,1,27,0.0,109,0.0,1197
111,1,27,0.0,110,0.0,1197
112,1,27,0.0,111,0.0,1197
113,1,27,0.0,112,0.0,1197
114,1,27,0.0,113,0.0,1197
115,1,27,0.0,114,0.0,1197
116,1,27,0.0,115,0.0,1197
117,1,27,0.0,116,0.0,1197
118,1,27,0.0,117,0.0,1197
119,1,27,0.0,118,0.0,1197
120,1,27,0.0,119,0.0,1197
121,1,27,0.0,120,0.0,1197
122,1,27,0.0,121,0.0,1197
123,1,27,0.0,122,0.0,1197
124,1,27,0.0,123,0.0,1197
125,1,27,0.0,124,0.0,1197
126,1,27,0.0,125,0.0,1197
127,1,27,0.0,126,0.0,1197
128,1,27,0.0,127,0.0,1197
129,1,27,0.0,128,0.0,1197
130,1,27,0.0,129,0.0,1197
131,1,27,0.0,130,0.0,1197
132,1,27,0.0,131,0.0,1197
133,1,27,0.0,132,0.0,1197
134,1,27,0.0,133,0.0,1197
135,1,27,0.0,134,0.0,1197
136,1,27,0.0,135,0.0,1197
137,1,27,0.0,136,0.0,1197
138,1,27,0.0,137,0.0,1197
139,1,27,0.0,138,0.0,1197
140,1,27,0.0,139,0.0,1197
141,1,27,0.0,140,0.0,1197
142,1,27,0.0,141,0.0,1197
143,1,27,0.0,142,0.0,1197
144,1,27,0.0,143,0.0,1197
145,1,27,0.0,144,0.0,1197
146,1,27,0.0,145,0.0,1197
147,1,27,0.0,146,0.0,1197
148,1,27,0.0,147,0.0,1197
149,1,27,0.0,148,0.0,1197
150,1,27,0.0,149,0.0,1197
151,1,27,0.0,150,0.0,1197
152,1,27,0.0,151,0.0,1197
153,1,27,0.0,152,0.0,1197
154,1,27,0.0,153,0.0,1197
155,1,27,0.0,154,0.0,1197
156,1,27,0.0,155,0.0,1197
157,1,27,0.0,156,0.0,1197
158,1,27,0.0,157,0.0,1197
159,1,27,0.0,158,0.0,1197
160,1,27,0.0,159,0.0,1197
161,1,27,0.0,160,0.0,1197
162,1,27,0.0,161,0.0,1197
163,1,27,0.0,162,0.0,1197
1,1,27,0.0,0,0.0,5857
2,1,27,0.0,1,0.0,5857
3,1,27,0.0,2,0.0,5857
4,1,27,0.0,3,0.0,5857
5,1,27,0.0,4,0.0,5857
6,1,27,0.0,5,0.0,5857
7,1,27,0.0,6,0.0,5857
8,1,27,0.0,7,0.0,5857
9,1,27,0.0,8,0.0,5857
10,1,27,0.0,9,0.0,5857
11,1,27,0.0,10,0.0,5857
12,1,27,0.0,11,0.0,5857
13,1,27,0.0,12,0.0,5857
14,1,27,0.0,13,0.0,5857
15,1,27,0.0,14,0.0,5857
16,1,27,0.0,15,0.0,5857
17,1,27,0.0,16,0.0,5857
18,1,27,0.0,17,0.0,5857
19,1,27,0.0,18,0.0,5857
20,1,27,0.0,19,0.0,5857
21,1,27,0.0,20,0.0,5857
22,1,27,0.0,21,0.0,5857
23,1,27,0.0,22,0.0,5857
24,1,27,0.0,23,0.0,5857
25,1,27,0.0,24,0.0,5857
26,1,27,0.0,25,0.0,5857
27,1,27,0.0,26,0.0,5857
28,1,27,0.0,27,0.0,5857
29,1,27,0.0,28,0.0,5857
30,1,27,0.0,29,0.0,5857
31,1,27,0.0,30,0.0,5857
32,1,27,0.0,31,0.0,5857
33,1,27,0.0,32,0.0,5857
34,1,27,0.0,33,0.0,5857
35,1,27,0.0,34,0.0,5857
36,1,27,0.0,35,0.0,5857
37,1,27,0.0,36,0.0,5857
38,1,27,0.0,37,0.0,5857
39,1,27,0.0,38,0.0,5857
40,1,27,0.0,39,0.0,5857
41,1,27,0.0,40,0.0,5857
42,1,27,0.0,41,0.0,5857
43,1,27,0.0,42,0.0,5857
44,1,27,0.0,43,0.0,5857
45,1,27,0.0,44,0.0,5857
46,1,27,0.0,45,0.0,5857
47,1,27,0.0,46,0.0,5857
48,1,27,0.0,47,0.0,5857
49,1,27,0.0,48,0.0,5857
50,1,27,0.0,49,0.0,5857
51,1,27,0.0,50,0.0,5857
52,1,27,0.0,51,0.0,5857
53,1,27,0.0,52,0.0,5857
54,1,27,0.0,53,0.0,5857
55,1,27,0.0,54,0.0,5857
56,1,27,0.0,55,0.0,5857
57,1,27,0.0,56,0.0,5857
58,1,27,0.0,57,0.0,5857
59,1,27,0.0,58,0.0,5857
60,1,27,0.0,59,0.0,5857
61,1,27,0.0,60,0.0,5857
62,1,27,0.0,61,0.0,5857
63,1,27,0.0,62,0.0,5857
64,1,27,0.0,63,0.0,5857
65,1,27,0.0,64,0.0,5857
66,1,27,0.65,65,0.0,5857
67,1,27,0.06,66,0.0,5857
68,1,27,0.0,67,0.0,5857
69,1,27,0.0,68,0.0,5857
70,1,27,0.0,69,0.0,5857
71,1,27,0.0,70,0.0,5857
72,1,27,0.0,71,0.0,5857
73,1,27,0.0,72,0.0,5857
74,1,27,0.0,73,0.0,5857
75,1,27,0.0,74,0.0,5857
76,1,27,0.0,75,0.0,5857
77,1,27,0.0,76,0.0,5857
78,1,27,0.0,77,0.0,5857
79,1,27,0.0,78,0.0,5857
80,1,27,0.0,79,0.0,5857
81,1,27,0.0,80,0.0,5857
82,1,27,0.0,81,0.0,5857
83,1,27,0.0,82,0.0,5857
84,1,27,0.0,83,0.9,5857
85,1,27,0.0,84,1.0,5857
86,1,27,0.0,85,1.0,5857
87,1,27,0.0,86,0.15,5857
88,1,27,0.0,87,0.0,5857
89,1,27,0.0,88,0.0,5857
90,1,27,0.0,89,0.0,5857
91,1,27,0.0,90,0.0,5857
92,1,27,0.0,91,0.0,5857
93,1,27,0.0,92,0.0,5857
94,1,27,0.0,93,0.0,5857
95,1,27,0.0,94,0.0,5857
96,1,27,0.0,95,0.0,5857
97,1,27,0.0,96,0.0,5857
98,1,27,0.0,97,0.0,5857
99,1,27,0.0,98,0.0,5857
100,1,27,0.0,99,0.0,5857
101,1,27,0.0,100,0.0,5857
102,1,27,0.0,101,0.0,5857
103,1,27,0.0,102,0.0,5857
104,1,27,0.0,103,0.0,5857
105,1,27,0.0,104,0.0,5857
106,1,27,0.0,105,0.0,5857
107,1,27,0.0,106,0.1,5857
108,1,27,0.0,107,0.51,5857
109,1,27,0.0,108,0.0,5857
110,1,27,0.0,109,0.0,5857
111,1,27,0.0,110,0.0,5857
112,1,27,0.0,111,0.0,5857
113,1,27,0.0,112,0.0,5857
114,1,27,0.0,113,0.0,5857
115,1,27,0.0,114,0.0,5857
116,1,27,0.0,115,0.0,5857
117,1,27,0.0,116,0.0,5857
118,1,27,0.0,117,0.0,5857
119,1,27,0.0,118,0.05,5857
120,1,27,0.0,119,0.0,5857
121,1,27,0.0,120,0.0,5857
122,1,27,0.0,121,0.0,5857
123,1,27,0.0,122,0.0,5857
124,1,27,0.0,123,0.0,5857
125,1,27,0.0,124,0.0,5857
126,1,27,0.0,125,0.0,5857
127,1,27,0.0,126,0.0,5857
128,1,27,0.0,127,0.0,5857
129,1,27,0.0,128,0.0,5857
130,1,27,0.0,129,0.0,5857
131,1,27,0.0,130,0.0,5857
132,1,27,0.0,131,0.0,5857
133,1,27,0.0,132,0.0,5857
134,1,27,0.0,133,0.0,5857
135,1,27,0.0,134,0.0,5857
136,1,27,0.0,135,0.0,5857
137,1,27,0.0,136,0.0,5857
138,1,27,0.0,137,0.0,5857
139,1,27,0.0,138,0.0,5857
140,1,27,0.0,139,0.0,5857
141,1,27,0.0,140,0.0,5857
142,1,27,0.0,141,0.0,5857
143,1,27,0.0,142,0.0,5857
144,1,27,0.0,143,0.0,5857
145,1,27,0.0,144,0.0,5857
146,1,27,0.0,145,0.0,5857
147,1,27,0.0,146,0.0,5857
148,1,27,0.0,147,0.0,5857
149,1,27,0.0,148,0.0,5857
150,1,27,0.0,149,0.0,5857
151,1,27,0.0,150,0.0,5857
152,1,27,0.0,151,0.0,5857
153,1,27,0.0,152,0.0,5857
154,1,27,0.0,153,0.0,5857
155,1,27,0.0,154,0.0,5857
156,1,27,0.0,155,0.0,5857
157,1,27,0.0,156,0.0,5857
158,1,27,0.0,157,0.0,5857
159,1,27,0.0,158,0.0,5857
160,1,27,0.0,159,0.0,5857
161,1,27,0.0,160,0.0,5857
162,1,27,0.0,161,0.0,5857
163,1,27,0.0,162,0.0,5857
1,1,27,0.0,0,0.0,597
2,1,27,0.0,1,0.0,597
3,1,27,0.0,2,0.0,597
4,1,27,0.0,3,0.0,597
5,1,27,0.0,4,0.0,597
6,1,27,0.0,5,0.0,597
7,1,27,0.0,6,0.0,597
8,1,27,0.0,7,0.0,597
9,1,27,0.0,8,0.0,597
10,1,27,0.0,9,0.0,597
11,1,27,0.0,10,0.0,597
12,1,27,0.0,11,0.0,597
13,1,27,0.0,12,0.0,597
14,1,27,0.0,13,0.0,597
15,1,27,0.0,14,0.0,597
16,1,27,0.0,15,0.0,597
17,1,27,0.0,16,0.0,597
18,1,27,0.0,17,0.0,597
19,1,27,0.0,18,0.0,597
20,1,27,0.0,19,0.0,597
21,1,27,0.0,20,0.0,597
22,1,27,0.0,21,0.0,597
23,1,27,0.0,22,0.0,597
24,1,27,0.0,23,0.0,597
25,1,27,0.0,24,0.0,597
26,1,27,0.0,25,0.0,597
27,1,27,0.0,26,0.0,597
28,1,27,0.0,27,0.0,597
29,1,27,0.0,28,0.0,597
30,1,27,0.0,29,0.0,597
31,1,27,0.0,30,0.0,597
32,1,27,0.0,31,0.0,597
33,1,27,0.0,32,0.0,597
34,1,27,0.0,33,0.0,597
35,1,27,0.0,34,0.0,597
36,1,27,0.0,35,0.0,597
37,1,27,0.0,36,0.0,597
38,1,27,0.0,37,0.0,597
39,1,27,0.0,38,0.0,597
40,1,27,0.0,39,0.0,597
41,1,27,0.0,40,0.0,597
42,1,27,0.0,41,0.0,597
43,1,27,0.0,42,0.0,597
44,1,27,0.0,43,0.0,597
45,1,27,0.0,44,0.0,597
46,1,27,0.0,45,0.0,597
47,1,27,0.0,46,0.0,597
48,1,27,0.0,47,0.0,597
49,1,27,0.0,48,0.0,597
50,1,27,0.0,49,0.0,597
51,1,27,0.0,50,0.0,597
52,1,27,0.0,51,0.0,597
53,1,27,0.0,52,0.0,597
54,1,27,0.0,53,0.0,597
55,1,27,0.0,54,0.0,597
56,1,27,0.0,55,0.0,597
57,1,27,0.0,56,0.0,597
58,1,27,0.0,57,0.0,597
59,1,27,0.0,58,0.0,597
60,1,27,0.0,59,0.0,597
61,1,27,0.0,60,0.0,597
62,1,27,0.0,61,0.0,597
63,1,27,0.0,62,0.0,597
64,1,27,0.0,63,0.0,597
65,1,27,0.0,64,0.0,597
66,1,27,0.0,65,0.0,597
67,1,27,0.0,66,0.0,597
68,1,27,0.0,67,0.0,597
69,1,27,0.0,68,0.0,597
70,1,27,0.0,69,0.0,597
71,1,27,0.0,70,0.0,597
72,1,27,0.0,71,0.0,597
73,1,27,0.0,72,0.0,597
74,1,27,0.0,73,0.0,597
75,1,27,0.0,74,0.0,597
76,1,27,0.0,75,0.0,597
77,1,27,0.0,76,0.0,597
78,1,27,0.0,77,0.0,597
79,1,27,0.0,78,0.0,597
80,1,27,0.0,79,0.0,597
81,1,27,0.0,80,0.0,597
82,1,27,0.0,81,0.0,597
83,1,27,0.0,82,0.0,597
84,1,27,0.0,83,0.0,597
85,1,27,0.0,84,0.0,597
86,1,27,0.0,85,0.0,597
87,1,27,0.0,86,0.0,597
88,1,27,0.0,87,0.0,597
89,1,27,0.0,88,0.0,597
90,1,27,0.0,89,0.0,597
91,1,27,0.0,90,0.0,597
92,1,27,0.0,91,0.0,597
93,1,27,0.0,92,0.0,597
94,1,27,0.0,93,0.0,597
95,1,27,0.0,94,0.0,597
96,1,27,0.0,95,0.0,597
97,1,27,0.0,96,0.0,597
98,1,27,0.0,97,0.0,597
99,1,27,0.0,98,0.0,597
100,1,27,0.0,99,0.0,597
101,1,27,0.0,100,0.0,597
102,1,27,0.0,101,0.0,597
103,1,27,0.0,102,0.0,597
104,1,27,0.0,103,0.0,597
105,1,27,0.0,104,0.0,597
106,1,27,0.0,105,0.0,597
107,1,27,0.0,106,0.0,597
108,1,27,0.0,107,0.0,597
109,1,27,0.0,108,0.0,597
110,1,27,0.0,109,0.0,597
111,1,27,0.0,110,0.0,597
112,1,27,0.0,111,0.0,597
113,1,27,0.0,112,0.0,597
114,1,27,0.0,113,0.0,597
115,1,27,0.0,114,0.0,597
116,1,27,0.0,115,0.0,597
117,1,27,0.0,116,0.0,597
118,1,27,0.0,117,0.0,597
119,1,27,0.0,118,0.0,597
120,1,27,0.0,119,0.0,597
121,1,27,0.0,120,0.0,597
122,1,27,0.0,121,0.0,597
123,1,27,0.0,122,0.0,597
124,1,27,0.0,123,0.0,597
125,1,27,0.0,124,0.0,597
126,1,27,0.0,125,0.0,597
127,1,27,0.0,126,0.0,597
128,1,27,0.0,127,0.0,597
129,1,27,0.0,128,0.0,597
130,1,27,0.0,129,0.0,597
131,1,27,0.0,130,0.0,597
132,1,27,0.0,131,0.0,597
133,1,27,0.0,132,0.0,597
134,1,27,0.0,133,0.0,597
135,1,27,0.0,134,0.0,597
136,1,27,0.0,135,0.0,597
137,1,27,0.0,136,0.0,597
138,1,27,0.0,137,0.0,597
139,1,27,0.0,138,0.0,597
140,1,27,0.0,139,0.0,597
141,1,27,0.0,140,0.0,597
142,1,27,0.0,141,0.0,597
143,1,27,0.0,142,0.0,597
144,1,27,0.0,143,0.0,597
145,1,27,0.0,144,0.0,597
146,1,27,0.0,145,0.0,597
147,1,27,0.0,146,0.0,597
148,1,27,0.0,147,0.0,597
149,1,27,0.0,148,0.0,597
150,1,27,0.0,149,0.0,597
151,1,27,0.0,150,0.0,597
152,1,27,0.0,151,0.0,597
153,1,27,0.0,152,0.0,597
154,1,27,0.0,153,0.0,597
155,1,27,0.0,154,0.0,597
156,1,27,0.0,155,0.11,597
157,1,27,0.0,156,0.0,597
158,1,27,0.0,157,0.25,597
159,1,27,0.0,158,1.0,597
160,1,27,0.0,159,0.5,597
161,1,27,0.0,160,0.0,597
162,1,27,0.0,161,0.0,597
163,1,27,0.0,162,0.0,597
1,1,27,0.0,0,0.0,4
2,1,27,0.0,1,0.0,4
3,1,27,0.0,2,0.0,4
4,1,27,0.0,3,0.0,4
5,1,27,0.0,4,0.5,4
6,1,27,0.0,5,0.25,4
7,1,27,0.0,6,0.0,4
8,1,27,0.0,7,0.0,4
9,1,27,0.0,8,0.0,4
10,1,27,0.0,9,0.0,4
11,1,27,0.0,10,0.23,4
12,1,27,0.0,11,0.0,4
13,1,27,0.0,12,0.0,4
14,1,27,0.0,13,0.0,4
15,1,27,0.0,14,0.0,4
16,1,27,0.0,15,0.0,4
17,1,27,0.0,16,0.0,4
18,1,27,0.0,17,0.0,4
19,1,27,0.0,18,0.0,4
20,1,27,0.0,19,0.0,4
21,1,27,0.0,20,0.0,4
22,1,27,0.0,21,0.0,4
23,1,27,0.0,22,0.0,4
24,1,27,0.0,23,0.0,4
25,1,27,0.0,24,0.11,4
26,1,27,0.0,25,0.14,4
27,1,27,0.0,26,0.0,4
28,1,27,0.0,27,0.0,4
29,1,27,0.0,28,0.0,4
30,1,27,0.0,29,0.0,4
31,1,27,0.0,30,0.0,4
32,1,27,0.0,31,0.0,4
33,1,27,0.0,32,0.4,4
34,1,27,0.0,33,0.97,4
35,1,27,0.0,34,0.27,4
36,1,27,0.0,35,0.0,4
37,1,27,0.0,36,0.0,4
38,1,27,0.0,37,0.0,4
39,1,27,0.0,38,0.0,4
40,1,27,0.0,39,0.0,4
41,1,27,0.0,40,0.0,4
42,1,27,0.0,41,0.0,4
43,1,27,0.0,42,0.0,4
44,1,27,0.0,43,0.0,4
45,1,27,0.0,44,0.0,4
46,1,27,0.0,45,0.0,4
47,1,27,0.0,46,0.08,4
48,1,27,0.0,47,0.53,4
49,1,27,0.0,48,0.63,4
50,1,27,0.0,49,0.0,4
51,1,27,0.0,50,0.0,4
52,1,27,0.0,51,0.0,4
53,1,27,0.0,52,0.0,4
54,1,27,0.0,53,0.0,4
55,1,27,0.0,54,0.0,4
56,1,27,0.0,55,0.0,4
57,1,27,0.0,56,0.0,4
58,1,27,0.0,57,0.0,4
59,1,27,0.0,58,0.68,4
60,1,27,0.0,59,0.0,4
61,1,27,0.0,60,0.0,4
62,1,27,0.0,61,0.0,4
63,1,27,0.0,62,0.0,4
64,1,27,0.0,63,0.0,4
65,1,27,0.0,64,0.0,4
66,1,27,0.0,65,0.0,4
67,1,27,0.0,66,0.0,4
68,1,27,0.0,67,0.0,4
69,1,27,0.0,68,0.0,4
70,1,27,0.0,69,0.42,4
71,1,27,0.0,70,0.09,4
72,1,27,0.0,71,0.0,4
73,1,27,0.0,72,0.0,4
74,1,27,0.0,73,0.0,4
75,1,27,0.0,74,0.0,4
76,1,27,0.0,75,0.0,4
77,1,27,0.0,76,0.0,4
78,1,27,0.0,77,0.0,4
79,1,27,0.0,78,0.0,4
80,1,27,0.0,79,0.0,4
81,1,27,0.0,80,0.0,4
82,1,27,0.0,81,0.0,4
83,1,27,0.0,82,0.0,4
84,1,27,0.0,83,0.0,4
85,1,27,0.0,84,0.0,4
86,1,27,0.0,85,0.0,4
87,1,27,0.0,86,0.0,4
88,1,27,0.0,87,0.0,4
89,1,27,0.0,88,0.0,4
90,1,27,0.0,89,0.0,4
91,1,27,0.0,90,0.94,4
92,1,27,0.0,91,0.71,4
93,1,27,0.0,92,0.0,4
94,1,27,0.0,93,0.0,4
95,1,27,0.0,94,0.0,4
96,1,27,0.0,95,0.34,4
97,1,27,0.0,96,0.0,4
98,1,27,0.0,97,0.0,4
99,1,27,0.0,98,0.23,4
100,1,27,0.0,99,0.12,4
101,1,27,0.0,100,0.33,4
102,1,27,0.0,101,0.0,4
103,1,27,0.0,102,0.0,4
104,1,27,0.0,103,0.0,4
105,1,27,0.0,104,0.0,4
106,1,27,0.0,105,0.0,4
107,1,27,0.0,106,0.0,4
108,1,27,0.0,107,0.0,4
109,1,27,0.0,108,0.0,4
110,1,27,0.0,109,0.0,4
111,1,27,0.0,110,0.0,4
112,1,27,0.0,111,0.0,4
113,1,27,0.0,112,0.0,4
114,1,27,0.0,113,0.0,4
115,1,27,0.0,114,0.0,4
116,1,27,0.0,115,0.0,4
117,1,27,0.0,116,0.0,4
118,1,27,0.0,117,0.0,4
119,1,27,0.0,118,0.09,4
120,1,27,0.0,119,0.59,4
121,1,27,0.0,120,0.89,4
122,1,27,0.0,121,0.27,4
123,1,27,0.0,122,0.0,4
124,1,27,0.0,123,0.0,4
125,1,27,0.0,124,0.0,4
126,1,27,0.0,125,0.0,4
127,1,27,0.0,126,0.0,4
128,1,27,0.0,127,0.0,4
129,1,27,0.0,128,0.0,4
130,1,27,0.0,129,0.0,4
131,1,27,0.0,130,0.0,4
132,1,27,0.0,131,0.0,4
133,1,27,0.0,132,0.0,4
134,1,27,0.0,133,0.0,4
135,1,27,0.0,134,0.0,4
136,1,27,0.0,135,0.88,4
137,1,27,0.0,136,0.84,4
138,1,27,0.0,137,0.0,4
139,1,27,0.0,138,0.0,4
140,1,27,0.0,139,0.0,4
141,1,27,0.0,140,0.0,4
142,1,27,0.0,141,0.0,4
143,1,27,0.0,142,0.0,4
144,1,27,0.0,143,0.38,4
145,1,27,0.0,144,0.12,4
146,1,27,0.0,145,0.0,4
147,1,27,0.0,146,0.0,4
148,1,27,0.0,147,0.0,4
149,1,27,0.0,148,0.35,4
150,1,27,0.0,149,0.0,4
151,1,27,0.0,150,0.53,4
152,1,27,0.0,151,0.17,4
153,1,27,0.0,152,0.0,4
154,1,27,0.0,153,0.0,4
155,1,27,0.0,154,0.0,4
156,1,27,0.0,155,0.0,4
157,1,27,0.0,156,0.0,4
158,1,27,0.0,157,0.0,4
159,1,27,0.0,158,0.0,4
160,1,27,0.0,159,0.0,4
161,1,27,0.0,160,0.75,4
162,1,27,0.0,161,0.0,4
163,1,27,0.0,162,0.0,4
1,1,28,0.0,0,0.0,7042
2,1,28,0.0,1,0.0,7042
3,1,28,0.0,2,0.2,7042
4,1,28,0.0,3,0.95,7042
5,1,28,0.0,4,0.0,7042
6,1,28,0.0,5,0.0,7042
7,1,28,0.0,6,0.0,7042
8,1,28,0.0,7,0.0,7042
9,1,28,0.0,8,0.0,7042
10,1,28,0.0,9,0.0,7042
11,1,28,0.0,10,0.1,7042
12,1,28,0.0,11,1.0,7042
13,1,28,0.0,12,0.25,7042
14,1,28,0.0,13,0.0,7042
15,1,28,0.0,14,0.0,7042
16,1,28,0.0,15,0.0,7042
17,1,28,0.0,16,0.0,7042
18,1,28,0.0,17,0.0,7042
19,1,28,0.0,18,0.0,7042
20,1,28,0.0,19,0.0,7042
21,1,28,0.0,20,0.0,7042
22,1,28,0.0,21,0.0,7042
23,1,28,0.0,22,0.0,7042
24,1,28,0.0,23,0.0,7042
25,1,28,0.0,24,0.0,7042
26,1,28,0.0,25,0.05,7042
27,1,28,0.0,26,0.65,7042
28,1,28,0.0,27,0.0,7042
29,1,28,0.0,28,0.0,7042
30,1,28,0.4,29,0.0,7042
31,1,28,1.0,30,0.0,7042
32,1,28,1.0,31,0.0,7042
33,1,28,1.0,32,0.0,7042
34,1,28,1.0,33,0.0,7042
35,1,28,1.0,34,0.0,7042
36,1,28,1.0,35,0.0,7042
37,1,28,1.0,36,0.0,7042
38,1,28,1.0,37,0.0,7042
39,1,28,1.0,38,0.0,7042
40,1,28,1.0,39,0.0,7042
41,1,28,1.0,40,0.0,7042
42,1,28,1.0,41,0.0,7042
43,1,28,1.0,42,0.0,7042
44,1,28,1.0,43,0.0,7042
45,1,28,0.3,44,0.0,7042
46,1,28,1.0,45,0.0,7042
47,1,28,1.0,46,0.0,7042
48,1,28,1.0,47,0.0,7042
49,1,28,1.0,48,0.0,7042
50,1,28,1.0,49,0.0,7042
51,1,28,1.0,50,0.0,7042
52,1,28,1.0,51,0.0,7042
53,1,28,1.0,52,0.0,7042
54,1,28,1.0,53,0.0,7042
55,1,28,1.0,54,0.0,7042
56,1,28,1.0,55,0.0,7042
57,1,28,1.0,56,0.0,7042
58,1,28,1.0,57,0.0,7042
59,1,28,1.0,58,0.0,7042
60,1,28,1.0,59,0.0,7042
61,1,28,1.0,60,0.0,7042
62,1,28,1.0,61,0.0,7042
63,1,28,1.0,62,0.0,7042
64,1,28,1.0,63,0.0,7042
65,1,28,1.0,64,0.0,7042
66,1,28,1.0,65,0.0,7042
67,1,28,0.73,66,0.0,7042
68,1,28,0.0,67,0.0,7042
69,1,28,0.0,68,0.0,7042
70,1,28,0.0,69,0.0,7042
71,1,28,0.0,70,0.0,7042
72,1,28,0.0,71,0.0,7042
73,1,28,0.0,72,0.0,7042
74,1,28,0.0,73,0.0,7042
75,1,28,0.0,74,0.0,7042
76,1,28,0.0,75,0.0,7042
77,1,28,0.0,76,0.0,7042
78,1,28,0.0,77,0.0,7042
79,1,28,0.0,78,0.0,7042
80,1,28,0.0,79,0.0,7042
81,1,28,0.0,80,0.0,7042
82,1,28,0.0,81,0.0,7042
83,1,28,0.0,82,0.0,7042
84,1,28,0.0,83,0.0,7042
85,1,28,0.0,84,0.0,7042
86,1,28,0.0,85,0.0,7042
87,1,28,0.0,86,0.0,7042
88,1,28,0.0,87,0.0,7042
89,1,28,0.0,88,0.0,7042
90,1,28,0.0,89,0.65,7042
91,1,28,0.0,90,0.15,7042
92,1,28,0.0,91,0.48,7042
93,1,28,0.0,92,0.0,7042
94,1,28,0.0,93,0.0,7042
95,1,28,0.0,94,0.0,7042
96,1,28,0.0,95,0.0,7042
97,1,28,0.0,96,0.0,7042
98,1,28,0.7,97,0.0,7042
99,1,28,0.88,98,0.0,7042
100,1,28,0.0,99,0.0,7042
101,1,28,0.66,100,0.0,7042
102,1,28,0.0,101,1.0,7042
103,1,28,0.0,102,1.0,7042
104,1,28,0.0,103,1.0,7042
105,1,28,0.0,104,1.0,7042
106,1,28,0.0,105,1.0,7042
107,1,28,0.0,106,1.0,7042
108,1,28,0.0,107,1.0,7042
109,1,28,0.0,108,1.0,7042
110,1,28,0.0,109,1.0,7042
111,1,28,0.0,110,0.15,7042
112,1,28,0.0,111,0.4,7042
113,1,28,0.0,112,0.0,7042
114,1,28,0.0,113,0.0,7042
115,1,28,0.0,114,0.0,7042
116,1,28,0.0,115,0.0,7042
117,1,28,0.65,116,0.0,7042
118,1,28,1.0,117,0.0,7042
119,1,28,1.0,118,0.0,7042
120,1,28,1.0,119,0.0,7042
121,1,28,1.0,120,0.0,7042
122,1,28,1.0,121,0.0,7042
123,1,28,1.0,122,0.0,7042
124,1,28,1.0,123,0.0,7042
125,1,28,1.0,124,0.0,7042
126,1,28,1.0,125,0.0,7042
127,1,28,1.0,126,0.0,7042
128,1,28,1.0,127,0.0,7042
129,1,28,1.0,128,0.0,7042
130,1,28,1.0,129,0.0,7042
131,1,28,1.0,130,0.0,7042
132,1,28,1.0,131,0.0,7042
133,1,28,1.0,132,0.0,7042
134,1,28,1.0,133,0.0,7042
135,1,28,1.0,134,0.0,7042
136,1,28,1.0,135,0.0,7042
137,1,28,1.0,136,0.0,7042
138,1,28,1.0,137,0.0,7042
139,1,28,1.0,138,0.0,7042
140,1,28,1.0,139,0.0,7042
141,1,28,1.0,140,0.0,7042
142,1,28,0.25,141,0.45,7042
143,1,28,0.0,142,1.0,7042
144,1,28,0.0,143,1.0,7042
145,1,28,0.0,144,1.0,7042
146,1,28,0.0,145,1.0,7042
147,1,28,0.0,146,1.0,7042
148,1,28,0.0,147,0.55,7042
149,1,28,0.0,148,0.0,7042
150,1,28,0.0,149,0.0,7042
151,1,28,0.7,150,0.0,7042
152,1,28,1.0,151,0.0,7042
153,1,28,0.02,152,0.0,7042
154,1,28,0.0,153,0.0,7042
155,1,28,0.0,154,0.0,7042
156,1,28,0.0,155,0.0,7042
157,1,28,0.0,156,0.0,7042
158,1,28,0.0,157,0.0,7042
159,1,28,0.0,158,0.0,7042
160,1,28,0.0,159,0.0,7042
161,1,28,0.0,160,0.0,7042
162,1,28,0.0,161,0.0,7042
163,1,28,0.0,162,0.0,7042
1,1,28,0.0,0,0.0,6904
2,1,28,0.0,1,0.0,6904
3,1,28,0.0,2,0.0,6904
4,1,28,0.0,3,0.0,6904
5,1,28,0.0,4,0.0,6904
6,1,28,0.0,5,0.0,6904
7,1,28,0.0,6,0.0,6904
8,1,28,0.0,7,0.0,6904
9,1,28,0.0,8,0.0,6904
10,1,28,0.0,9,0.0,6904
11,1,28,0.0,10,0.0,6904
12,1,28,0.0,11,0.0,6904
13,1,28,0.0,12,0.0,6904
14,1,28,0.0,13,0.0,6904
15,1,28,0.0,14,0.0,6904
16,1,28,0.0,15,0.0,6904
17,1,28,0.0,16,0.0,6904
18,1,28,0.0,17,0.0,6904
19,1,28,0.0,18,0.0,6904
20,1,28,0.0,19,0.0,6904
21,1,28,0.0,20,0.0,6904
22,1,28,0.0,21,0.0,6904
23,1,28,0.0,22,0.0,6904
24,1,28,0.0,23,0.0,6904
25,1,28,0.0,24,0.0,6904
26,1,28,0.0,25,0.0,6904
27,1,28,0.0,26,0.0,6904
28,1,28,0.0,27,0.0,6904
29,1,28,0.0,28,0.0,6904
30,1,28,0.0,29,0.0,6904
31,1,28,0.0,30,0.0,6904
32,1,28,0.0,31,0.0,6904
33,1,28,0.0,32,0.0,6904
34,1,28,0.0,33,0.0,6904
35,1,28,0.0,34,0.0,6904
36,1,28,0.0,35,0.0,6904
37,1,28,0.0,36,0.0,6904
38,1,28,0.0,37,0.0,6904
39,1,28,0.0,38,0.0,6904
40,1,28,0.0,39,0.0,6904
41,1,28,0.0,40,0.0,6904
42,1,28,0.0,41,0.0,6904
43,1,28,0.0,42,0.0,6904
44,1,28,0.0,43,0.0,6904
45,1,28,0.0,44,0.0,6904
46,1,28,0.0,45,0.0,6904
47,1,28,0.0,46,0.0,6904
48,1,28,0.0,47,0.0,6904
49,1,28,0.0,48,0.0,6904
50,1,28,0.0,49,0.0,6904
51,1,28,0.0,50,0.0,6904
52,1,28,0.0,51,0.0,6904
53,1,28,0.0,52,0.0,6904
54,1,28,0.0,53,0.0,6904
55,1,28,0.0,54,0.0,6904
56,1,28,0.0,55,0.0,6904
57,1,28,0.0,56,0.0,6904
58,1,28,0.0,57,0.0,6904
59,1,28,0.0,58,0.0,6904
60,1,28,0.0,59,0.0,6904
61,1,28,0.0,60,0.0,6904
62,1,28,0.0,61,0.0,6904
63,1,28,0.0,62,0.0,6904
64,1,28,0.0,63,0.0,6904
65,1,28,0.0,64,0.0,6904
66,1,28,0.0,65,0.0,6904
67,1,28,0.0,66,0.0,6904
68,1,28,0.0,67,0.0,6904
69,1,28,0.0,68,0.0,6904
70,1,28,0.0,69,0.0,6904
71,1,28,0.0,70,0.0,6904
72,1,28,0.0,71,0.0,6904
73,1,28,0.0,72,0.0,6904
74,1,28,0.0,73,0.0,6904
75,1,28,0.0,74,0.0,6904
76,1,28,0.0,75,0.0,6904
77,1,28,0.0,76,0.0,6904
78,1,28,0.0,77,0.0,6904
79,1,28,0.0,78,0.0,6904
80,1,28,0.0,79,0.0,6904
81,1,28,0.0,80,0.0,6904
82,1,28,0.0,81,0.0,6904
83,1,28,0.0,82,0.0,6904
84,1,28,0.0,83,0.0,6904
85,1,28,0.0,84,0.0,6904
86,1,28,0.0,85,0.0,6904
87,1,28,0.0,86,0.0,6904
88,1,28,0.0,87,0.0,6904
89,1,28,0.0,88,0.0,6904
90,1,28,0.0,89,0.0,6904
91,1,28,0.0,90,0.0,6904
92,1,28,0.0,91,0.0,6904
93,1,28,0.0,92,0.0,6904
94,1,28,0.0,93,0.0,6904
95,1,28,0.0,94,0.0,6904
96,1,28,0.0,95,0.0,6904
97,1,28,0.0,96,0.0,6904
98,1,28,0.0,97,0.0,6904
99,1,28,0.0,98,0.0,6904
100,1,28,0.0,99,0.0,6904
101,1,28,0.0,100,0.11,6904
102,1,28,0.0,101,0.09,6904
103,1,28,0.0,102,0.16,6904
104,1,28,0.0,103,0.74,6904
105,1,28,0.0,104,0.66,6904
106,1,28,0.0,105,0.0,6904
107,1,28,0.0,106,0.0,6904
108,1,28,0.0,107,0.0,6904
109,1,28,0.0,108,0.0,6904
110,1,28,0.0,109,0.0,6904
111,1,28,0.0,110,0.0,6904
112,1,28,0.0,111,0.0,6904
113,1,28,0.0,112,0.0,6904
114,1,28,0.0,113,0.0,6904
115,1,28,0.0,114,0.0,6904
116,1,28,0.0,115,0.0,6904
117,1,28,0.0,116,0.0,6904
118,1,28,0.0,117,0.0,6904
119,1,28,0.0,118,0.0,6904
120,1,28,0.0,119,0.0,6904
121,1,28,0.0,120,0.0,6904
122,1,28,0.0,121,0.0,6904
123,1,28,0.0,122,0.0,6904
124,1,28,0.0,123,0.0,6904
125,1,28,0.0,124,0.0,6904
126,1,28,0.0,125,0.0,6904
127,1,28,0.0,126,0.0,6904
128,1,28,0.0,127,0.0,6904
129,1,28,0.0,128,0.0,6904
130,1,28,0.0,129,0.0,6904
131,1,28,0.0,130,0.0,6904
132,1,28,0.0,131,0.0,6904
133,1,28,0.0,132,0.0,6904
134,1,28,0.0,133,0.0,6904
135,1,28,0.0,134,0.0,6904
136,1,28,0.0,135,0.0,6904
137,1,28,0.0,136,0.0,6904
138,1,28,0.0,137,0.0,6904
139,1,28,0.0,138,0.0,6904
140,1,28,0.0,139,0.0,6904
141,1,28,0.0,140,0.0,6904
142,1,28,0.0,141,0.0,6904
143,1,28,0.0,142,0.0,6904
144,1,28,0.0,143,0.0,6904
145,1,28,0.0,144,0.0,6904
146,1,28,0.0,145,0.0,6904
147,1,28,0.0,146,0.25,6904
148,1,28,0.0,147,0.8,6904
149,1,28,0.0,148,0.0,6904
150,1,28,0.0,149,0.8,6904
151,1,28,0.0,150,1.0,6904
152,1,28,0.0,151,0.55,6904
153,1,28,0.0,152,0.0,6904
154,1,28,0.0,153,0.0,6904
155,1,28,0.0,154,0.0,6904
156,1,28,0.0,155,0.0,6904
157,1,28,0.0,156,0.0,6904
158,1,28,0.0,157,0.0,6904
159,1,28,0.0,158,0.0,6904
160,1,28,0.0,159,0.0,6904
161,1,28,0.0,160,0.0,6904
162,1,28,0.0,161,0.0,6904
163,1,28,0.0,162,0.0,6904
1,1,28,0.0,0,0.0,9505
2,1,28,0.0,1,0.0,9505
3,1,28,0.0,2,0.0,9505
4,1,28,0.0,3,0.0,9505
5,1,28,0.0,4,0.0,9505
6,1,28,0.0,5,0.0,9505
7,1,28,0.0,6,0.0,9505
8,1,28,0.0,7,0.0,9505
9,1,28,0.0,8,0.0,9505
10,1,28,0.0,9,0.0,9505
11,1,28,0.0,10,0.0,9505
12,1,28,0.0,11,0.0,9505
13,1,28,0.0,12,0.0,9505
14,1,28,0.0,13,0.0,9505
15,1,28,0.0,14,0.0,9505
16,1,28,0.0,15,0.0,9505
17,1,28,0.0,16,0.0,9505
18,1,28,0.0,17,0.0,9505
19,1,28,0.0,18,0.0,9505
20,1,28,0.0,19,0.0,9505
21,1,28,0.0,20,0.0,9505
22,1,28,0.0,21,0.0,9505
23,1,28,0.0,22,0.0,9505
24,1,28,0.0,23,0.0,9505
25,1,28,0.0,24,0.0,9505
26,1,28,0.0,25,0.0,9505
27,1,28,0.0,26,0.0,9505
28,1,28,0.0,27,0.0,9505
29,1,28,0.0,28,0.0,9505
30,1,28,0.0,29,0.0,9505
31,1,28,0.0,30,0.0,9505
32,1,28,0.0,31,0.0,9505
33,1,28,0.0,32,0.0,9505
34,1,28,0.0,33,0.0,9505
35,1,28,0.0,34,0.0,9505
36,1,28,0.0,35,0.0,9505
37,1,28,0.0,36,0.0,9505
38,1,28,0.0,37,0.0,9505
39,1,28,0.0,38,0.0,9505
40,1,28,0.0,39,0.0,9505
41,1,28,0.0,40,0.0,9505
42,1,28,0.0,41,0.0,9505
43,1,28,0.0,42,0.0,9505
44,1,28,0.0,43,0.0,9505
45,1,28,0.0,44,0.0,9505
46,1,28,0.0,45,0.0,9505
47,1,28,0.0,46,0.0,9505
48,1,28,0.0,47,0.0,9505
49,1,28,0.0,48,0.0,9505
50,1,28,0.0,49,0.0,9505
51,1,28,0.0,50,0.0,9505
52,1,28,0.0,51,0.0,9505
53,1,28,0.0,52,0.0,9505
54,1,28,0.0,53,0.0,9505
55,1,28,0.0,54,0.0,9505
56,1,28,0.0,55,0.0,9505
57,1,28,0.0,56,0.0,9505
58,1,28,0.0,57,0.0,9505
59,1,28,0.0,58,0.0,9505
60,1,28,0.0,59,0.0,9505
61,1,28,0.0,60,0.0,9505
62,1,28,0.0,61,0.0,9505
63,1,28,0.0,62,0.0,9505
64,1,28,0.0,63,0.0,9505
65,1,28,0.0,64,0.0,9505
66,1,28,0.0,65,0.0,9505
67,1,28,0.0,66,0.0,9505
68,1,28,0.0,67,0.0,9505
69,1,28,0.0,68,0.0,9505
70,1,28,0.0,69,0.0,9505
71,1,28,0.0,70,0.0,9505
72,1,28,0.0,71,0.0,9505
73,1,28,0.0,72,0.0,9505
74,1,28,0.0,73,0.0,9505
75,1,28,0.0,74,0.0,9505
76,1,28,0.0,75,0.0,9505
77,1,28,0.0,76,0.0,9505
78,1,28,0.0,77,0.0,9505
79,1,28,0.0,78,0.0,9505
80,1,28,0.0,79,0.0,9505
81,1,28,0.0,80,0.0,9505
82,1,28,0.0,81,0.0,9505
83,1,28,0.0,82,0.0,9505
84,1,28,0.0,83,0.0,9505
85,1,28,0.0,84,0.0,9505
86,1,28,0.0,85,0.0,9505
87,1,28,0.0,86,0.0,9505
88,1,28,0.0,87,0.0,9505
89,1,28,0.0,88,0.0,9505
90,1,28,0.0,89,0.0,9505
91,1,28,0.0,90,0.0,9505
92,1,28,0.0,91,0.0,9505
93,1,28,0.0,92,0.0,9505
94,1,28,0.0,93,0.0,9505
95,1,28,0.0,94,0.0,9505
96,1,28,0.0,95,0.0,9505
97,1,28,0.0,96,0.0,9505
98,1,28,0.0,97,0.0,9505
99,1,28,0.0,98,0.0,9505
100,1,28,0.0,99,0.0,9505
101,1,28,0.0,100,0.0,9505
102,1,28,0.0,101,0.0,9505
103,1,28,0.0,102,0.0,9505
104,1,28,0.0,103,0.0,9505
105,1,28,0.0,104,0.0,9505
106,1,28,0.0,105,0.0,9505
107,1,28,0.0,106,0.0,9505
108,1,28,0.0,107,0.0,9505
109,1,28,0.0,108,0.0,9505
110,1,28,0.0,109,0.0,9505
111,1,28,0.0,110,0.0,9505
112,1,28,0.0,111,0.0,9505
113,1,28,0.0,112,0.0,9505
114,1,28,0.0,113,0.0,9505
115,1,28,0.0,114,0.0,9505
116,1,28,0.0,115,0.0,9505
117,1,28,0.0,116,0.0,9505
118,1,28,0.0,117,0.0,9505
119,1,28,0.0,118,0.0,9505
120,1,28,0.0,119,0.0,9505
121,1,28,0.0,120,0.0,9505
122,1,28,0.0,121,0.0,9505
123,1,28,0.0,122,0.0,9505
124,1,28,0.0,123,0.0,9505
125,1,28,0.0,124,0.0,9505
126,1,28,0.0,125,0.0,9505
127,1,28,0.0,126,0.0,9505
128,1,28,0.0,127,0.0,9505
129,1,28,0.0,128,0.0,9505
130,1,28,0.0,129,0.0,9505
131,1,28,0.0,130,0.0,9505
132,1,28,0.0,131,0.0,9505
133,1,28,0.0,132,0.0,9505
134,1,28,0.0,133,0.0,9505
135,1,28,0.0,134,0.0,9505
136,1,28,0.0,135,0.0,9505
137,1,28,0.0,136,0.0,9505
138,1,28,0.0,137,0.0,9505
139,1,28,0.0,138,0.0,9505
140,1,28,0.0,139,0.0,9505
141,1,28,0.0,140,0.0,9505
142,1,28,0.0,141,0.0,9505
143,1,28,0.0,142,0.0,9505
144,1,28,0.0,143,0.0,9505
145,1,28,0.0,144,0.0,9505
146,1,28,0.0,145,0.0,9505
147,1,28,0.0,146,0.0,9505
148,1,28,0.0,147,0.0,9505
149,1,28,0.0,148,0.0,9505
150,1,28,0.0,149,0.0,9505
151,1,28,0.0,150,0.0,9505
152,1,28,0.0,151,0.0,9505
153,1,28,0.0,152,0.0,9505
154,1,28,0.0,153,0.0,9505
155,1,28,0.0,154,0.0,9505
156,1,28,0.0,155,0.0,9505
157,1,28,0.0,156,0.0,9505
158,1,28,0.0,157,0.0,9505
159,1,28,0.0,158,0.0,9505
160,1,28,0.0,159,0.0,9505
161,1,28,0.0,160,0.0,9505
162,1,28,0.0,161,0.0,9505
163,1,28,0.0,162,0.0,9505
1,1,28,0.0,0,0.0,4415
2,1,28,0.0,1,0.0,4415
3,1,28,0.0,2,0.0,4415
4,1,28,0.0,3,0.0,4415
5,1,28,0.0,4,0.0,4415
6,1,28,0.0,5,0.0,4415
7,1,28,0.0,6,0.0,4415
8,1,28,0.0,7,0.0,4415
9,1,28,0.0,8,0.0,4415
10,1,28,0.0,9,0.0,4415
11,1,28,0.0,10,0.0,4415
12,1,28,0.0,11,0.0,4415
13,1,28,0.0,12,0.0,4415
14,1,28,0.0,13,0.0,4415
15,1,28,0.0,14,0.0,4415
16,1,28,0.0,15,0.0,4415
17,1,28,0.0,16,0.0,4415
18,1,28,0.0,17,0.0,4415
19,1,28,0.0,18,0.0,4415
20,1,28,0.0,19,0.0,4415
21,1,28,0.0,20,0.0,4415
22,1,28,0.0,21,0.0,4415
23,1,28,0.0,22,0.0,4415
24,1,28,0.0,23,0.0,4415
25,1,28,0.0,24,0.0,4415
26,1,28,0.0,25,0.0,4415
27,1,28,0.0,26,0.25,4415
28,1,28,0.0,27,0.75,4415
29,1,28,0.0,28,0.0,4415
30,1,28,0.0,29,0.0,4415
31,1,28,0.0,30,0.0,4415
32,1,28,0.0,31,0.0,4415
33,1,28,0.0,32,0.4,4415
34,1,28,0.0,33,0.38,4415
35,1,28,0.0,34,0.0,4415
36,1,28,0.0,35,0.0,4415
37,1,28,0.0,36,0.0,4415
38,1,28,0.0,37,0.0,4415
39,1,28,0.0,38,0.0,4415
40,1,28,0.0,39,0.0,4415
41,1,28,0.0,40,0.0,4415
42,1,28,0.0,41,0.0,4415
43,1,28,0.0,42,0.0,4415
44,1,28,0.0,43,0.0,4415
45,1,28,0.0,44,0.0,4415
46,1,28,0.0,45,0.0,4415
47,1,28,0.0,46,0.0,4415
48,1,28,0.0,47,0.0,4415
49,1,28,0.0,48,0.0,4415
50,1,28,0.0,49,0.0,4415
51,1,28,0.0,50,0.0,4415
52,1,28,0.0,51,0.0,4415
53,1,28,0.0,52,0.0,4415
54,1,28,0.0,53,0.0,4415
55,1,28,0.0,54,0.0,4415
56,1,28,0.0,55,0.0,4415
57,1,28,0.0,56,0.0,4415
58,1,28,0.0,57,0.0,4415
59,1,28,0.0,58,0.0,4415
60,1,28,0.0,59,0.0,4415
61,1,28,0.0,60,0.0,4415
62,1,28,0.0,61,0.25,4415
63,1,28,0.05,62,0.4,4415
64,1,28,0.65,63,0.0,4415
65,1,28,0.0,64,0.0,4415
66,1,28,0.0,65,0.15,4415
67,1,28,0.0,66,0.05,4415
68,1,28,0.0,67,0.0,4415
69,1,28,0.0,68,0.0,4415
70,1,28,0.0,69,0.0,4415
71,1,28,0.0,70,0.0,4415
72,1,28,0.0,71,0.0,4415
73,1,28,0.0,72,0.0,4415
74,1,28,0.0,73,0.0,4415
75,1,28,0.0,74,0.0,4415
76,1,28,0.0,75,0.0,4415
77,1,28,0.0,76,0.0,4415
78,1,28,0.0,77,0.0,4415
79,1,28,0.0,78,0.0,4415
80,1,28,0.0,79,0.0,4415
81,1,28,0.0,80,0.0,4415
82,1,28,0.0,81,0.0,4415
83,1,28,0.0,82,0.0,4415
84,1,28,0.0,83,0.0,4415
85,1,28,0.0,84,0.0,4415
86,1,28,0.0,85,0.0,4415
87,1,28,0.0,86,0.98,4415
88,1,28,0.0,87,0.27,4415
89,1,28,0.0,88,0.0,4415
90,1,28,0.0,89,0.0,4415
91,1,28,0.0,90,0.0,4415
92,1,28,0.0,91,0.0,4415
93,1,28,0.0,92,0.0,4415
94,1,28,0.0,93,0.0,4415
95,1,28,0.0,94,0.0,4415
96,1,28,0.0,95,0.0,4415
97,1,28,0.0,96,0.0,4415
98,1,28,0.0,97,0.0,4415
99,1,28,0.0,98,0.0,4415
100,1,28,0.0,99,0.0,4415
101,1,28,0.0,100,0.0,4415
102,1,28,0.0,101,0.0,4415
103,1,28,0.0,102,0.0,4415
104,1,28,0.0,103,0.0,4415
105,1,28,0.0,104,0.0,4415
106,1,28,0.0,105,0.0,4415
107,1,28,0.0,106,0.0,4415
108,1,28,0.0,107,0.0,4415
109,1,28,0.0,108,0.0,4415
110,1,28,0.0,109,0.0,4415
111,1,28,0.0,110,0.0,4415
112,1,28,0.0,111,0.0,4415
113,1,28,0.0,112,0.0,4415
114,1,28,0.0,113,0.0,4415
115,1,28,0.0,114,0.0,4415
116,1,28,0.0,115,0.0,4415
117,1,28,0.0,116,0.0,4415
118,1,28,0.0,117,0.0,4415
119,1,28,0.0,118,0.0,4415
120,1,28,0.0,119,0.0,4415
121,1,28,0.0,120,0.0,4415
122,1,28,0.0,121,0.0,4415
123,1,28,0.0,122,0.0,4415
124,1,28,0.0,123,0.0,4415
125,1,28,0.0,124,0.0,4415
126,1,28,0.0,125,0.0,4415
127,1,28,0.0,126,0.0,4415
128,1,28,0.0,127,0.08,4415
129,1,28,0.0,128,1.0,4415
130,1,28,0.0,129,0.22,4415
131,1,28,0.0,130,0.0,4415
132,1,28,0.0,131,0.0,4415
133,1,28,0.0,132,0.0,4415
134,1,28,0.0,133,0.0,4415
135,1,28,0.0,134,0.0,4415
136,1,28,0.0,135,0.0,4415
137,1,28,0.0,136,0.0,4415
138,1,28,0.0,137,0.0,4415
139,1,28,0.0,138,0.63,4415
140,1,28,0.0,139,0.7,4415
141,1,28,0.0,140,0.0,4415
142,1,28,0.0,141,0.28,4415
143,1,28,0.0,142,0.35,4415
144,1,28,0.0,143,0.52,4415
145,1,28,0.0,144,0.0,4415
146,1,28,0.0,145,0.0,4415
147,1,28,0.0,146,0.0,4415
148,1,28,0.0,147,0.0,4415
149,1,28,0.0,148,0.0,4415
150,1,28,0.0,149,0.0,4415
151,1,28,0.0,150,0.0,4415
152,1,28,0.0,151,0.0,4415
153,1,28,0.0,152,0.0,4415
154,1,28,0.0,153,0.38,4415
155,1,28,0.0,154,0.52,4415
156,1,28,0.0,155,0.0,4415
157,1,28,0.0,156,0.58,4415
158,1,28,0.0,157,0.92,4415
159,1,28,0.0,158,0.55,4415
160,1,28,0.0,159,0.38,4415
161,1,28,0.0,160,1.0,4415
162,1,28,0.0,161,0.62,4415
163,1,28,0.0,162,0.0,4415
1,1,28,0.0,0,0.0,1159
2,1,28,0.0,1,0.0,1159
3,1,28,0.0,2,0.0,1159
4,1,28,0.0,3,0.55,1159
5,1,28,0.0,4,0.17,1159
6,1,28,0.0,5,0.0,1159
7,1,28,0.0,6,0.66,1159
8,1,28,0.0,7,0.0,1159
9,1,28,0.0,8,0.0,1159
10,1,28,0.0,9,0.0,1159
11,1,28,0.0,10,0.0,1159
12,1,28,0.0,11,0.0,1159
13,1,28,0.0,12,0.0,1159
14,1,28,0.0,13,0.0,1159
15,1,28,0.0,14,0.0,1159
16,1,28,0.0,15,0.0,1159
17,1,28,0.0,16,0.0,1159
18,1,28,0.0,17,0.0,1159
19,1,28,0.0,18,0.1,1159
20,1,28,0.0,19,0.12,1159
21,1,28,0.0,20,0.0,1159
22,1,28,0.0,21,0.0,1159
23,1,28,0.0,22,0.0,1159
24,1,28,0.0,23,0.0,1159
25,1,28,0.0,24,0.3,1159
26,1,28,0.0,25,1.0,1159
27,1,28,0.0,26,0.65,1159
28,1,28,0.0,27,0.4,1159
29,1,28,0.0,28,0.0,1159
30,1,28,0.0,29,0.0,1159
31,1,28,0.0,30,0.5,1159
32,1,28,0.0,31,1.0,1159
33,1,28,0.0,32,0.2,1159
34,1,28,0.0,33,0.0,1159
35,1,28,0.0,34,0.06,1159
36,1,28,0.0,35,0.0,1159
37,1,28,0.0,36,0.0,1159
38,1,28,0.0,37,0.0,1159
39,1,28,0.0,38,0.0,1159
40,1,28,0.0,39,0.0,1159
41,1,28,0.0,40,0.0,1159
42,1,28,0.0,41,0.0,1159
43,1,28,0.0,42,0.6,1159
44,1,28,0.0,43,0.0,1159
45,1,28,0.0,44,0.15,1159
46,1,28,0.0,45,0.11,1159
47,1,28,0.0,46,0.0,1159
48,1,28,0.0,47,0.0,1159
49,1,28,0.0,48,0.0,1159
50,1,28,0.0,49,0.0,1159
51,1,28,0.0,50,0.0,1159
52,1,28,0.0,51,0.0,1159
53,1,28,0.0,52,0.0,1159
54,1,28,0.0,53,0.0,1159
55,1,28,0.0,54,0.0,1159
56,1,28,0.0,55,0.0,1159
57,1,28,0.0,56,0.0,1159
58,1,28,0.0,57,0.0,1159
59,1,28,0.0,58,0.0,1159
60,1,28,0.0,59,0.0,1159
61,1,28,0.0,60,0.0,1159
62,1,28,0.0,61,0.0,1159
63,1,28,0.0,62,0.0,1159
64,1,28,0.0,63,0.0,1159
65,1,28,0.0,64,0.0,1159
66,1,28,0.0,65,0.0,1159
67,1,28,0.0,66,0.09,1159
68,1,28,0.0,67,0.0,1159
69,1,28,0.0,68,0.0,1159
70,1,28,0.0,69,0.0,1159
71,1,28,0.0,70,0.0,1159
72,1,28,0.0,71,0.0,1159
73,1,28,0.0,72,0.0,1159
74,1,28,0.0,73,0.0,1159
75,1,28,0.0,74,0.0,1159
76,1,28,0.0,75,0.0,1159
77,1,28,0.0,76,0.0,1159
78,1,28,0.0,77,0.0,1159
79,1,28,0.0,78,0.0,1159
80,1,28,0.0,79,0.0,1159
81,1,28,0.0,80,0.0,1159
82,1,28,0.0,81,0.0,1159
83,1,28,0.0,82,0.0,1159
84,1,28,0.0,83,0.0,1159
85,1,28,0.0,84,0.15,1159
86,1,28,0.0,85,0.0,1159
87,1,28,0.0,86,0.0,1159
88,1,28,0.0,87,0.0,1159
89,1,28,0.0,88,0.0,1159
90,1,28,0.0,89,0.0,1159
91,1,28,0.0,90,0.0,1159
92,1,28,0.0,91,0.0,1159
93,1,28,0.0,92,0.0,1159
94,1,28,0.0,93,0.0,1159
95,1,28,0.0,94,0.0,1159
96,1,28,0.0,95,0.0,1159
97,1,28,0.0,96,0.0,1159
98,1,28,0.0,97,0.0,1159
99,1,28,0.0,98,0.0,1159
100,1,28,0.0,99,0.0,1159
101,1,28,0.0,100,0.0,1159
102,1,28,0.0,101,0.0,1159
103,1,28,0.0,102,0.0,1159
104,1,28,0.0,103,0.0,1159
105,1,28,0.0,104,0.0,1159
106,1,28,0.0,105,0.0,1159
107,1,28,0.0,106,0.0,1159
108,1,28,0.0,107,0.0,1159
109,1,28,0.0,108,0.0,1159
110,1,28,0.0,109,0.0,1159
111,1,28,0.0,110,0.0,1159
112,1,28,0.0,111,0.0,1159
113,1,28,0.0,112,0.0,1159
114,1,28,0.0,113,0.0,1159
115,1,28,0.0,114,0.15,1159
116,1,28,0.0,115,0.13,1159
117,1,28,0.0,116,0.0,1159
118,1,28,0.0,117,0.0,1159
119,1,28,0.0,118,0.0,1159
120,1,28,0.0,119,0.0,1159
121,1,28,0.0,120,0.0,1159
122,1,28,0.0,121,0.0,1159
123,1,28,0.0,122,0.0,1159
124,1,28,0.0,123,0.0,1159
125,1,28,0.0,124,0.0,1159
126,1,28,0.0,125,0.0,1159
127,1,28,0.0,126,0.0,1159
128,1,28,0.0,127,0.0,1159
129,1,28,0.0,128,0.0,1159
130,1,28,0.0,129,0.0,1159
131,1,28,0.0,130,0.0,1159
132,1,28,0.0,131,0.0,1159
133,1,28,0.0,132,0.0,1159
134,1,28,0.0,133,0.0,1159
135,1,28,0.0,134,0.05,1159
136,1,28,0.0,135,0.4,1159
137,1,28,0.0,136,0.0,1159
138,1,28,0.0,137,0.0,1159
139,1,28,0.0,138,0.0,1159
140,1,28,0.0,139,0.0,1159
141,1,28,0.0,140,0.3,1159
142,1,28,0.0,141,0.0,1159
143,1,28,0.0,142,0.22,1159
144,1,28,0.0,143,0.0,1159
145,1,28,0.0,144,0.0,1159
146,1,28,0.0,145,0.0,1159
147,1,28,0.0,146,0.5,1159
148,1,28,0.0,147,0.42,1159
149,1,28,0.0,148,0.0,1159
150,1,28,0.0,149,0.0,1159
151,1,28,0.0,150,0.0,1159
152,1,28,0.0,151,0.0,1159
153,1,28,0.0,152,0.0,1159
154,1,28,0.0,153,0.0,1159
155,1,28,0.0,154,0.0,1159
156,1,28,0.0,155,0.0,1159
157,1,28,0.0,156,0.0,1159
158,1,28,0.0,157,0.0,1159
159,1,28,0.0,158,0.0,1159
160,1,28,0.0,159,0.0,1159
161,1,28,0.0,160,0.0,1159
162,1,28,0.0,161,0.0,1159
163,1,28,0.0,162,0.0,1159
1,1,28,0.0,0,0.0,3759
2,1,28,0.0,1,0.0,3759
3,1,28,0.0,2,0.0,3759
4,1,28,0.0,3,0.0,3759
5,1,28,0.0,4,0.0,3759
6,1,28,0.0,5,0.0,3759
7,1,28,0.0,6,0.0,3759
8,1,28,0.0,7,0.0,3759
9,1,28,0.0,8,0.0,3759
10,1,28,0.0,9,0.0,3759
11,1,28,0.0,10,0.0,3759
12,1,28,0.0,11,0.0,3759
13,1,28,0.0,12,0.0,3759
14,1,28,0.0,13,0.0,3759
15,1,28,0.0,14,0.0,3759
16,1,28,0.0,15,0.0,3759
17,1,28,0.0,16,0.0,3759
18,1,28,0.0,17,0.0,3759
19,1,28,0.0,18,0.0,3759
20,1,28,0.0,19,0.0,3759
21,1,28,0.0,20,0.0,3759
22,1,28,0.0,21,0.0,3759
23,1,28,0.0,22,0.0,3759
24,1,28,0.0,23,0.0,3759
25,1,28,0.0,24,0.0,3759
26,1,28,0.0,25,0.0,3759
27,1,28,0.0,26,0.0,3759
28,1,28,0.0,27,0.0,3759
29,1,28,0.0,28,0.0,3759
30,1,28,0.0,29,0.0,3759
31,1,28,0.0,30,0.0,3759
32,1,28,0.0,31,0.0,3759
33,1,28,0.0,32,0.0,3759
34,1,28,0.0,33,0.0,3759
35,1,28,0.0,34,0.0,3759
36,1,28,0.0,35,0.0,3759
37,1,28,0.0,36,0.0,3759
38,1,28,0.0,37,0.0,3759
39,1,28,0.0,38,0.0,3759
40,1,28,0.0,39,0.0,3759
41,1,28,0.0,40,0.0,3759
42,1,28,0.0,41,0.0,3759
43,1,28,0.0,42,0.0,3759
44,1,28,0.0,43,0.0,3759
45,1,28,0.0,44,0.0,3759
46,1,28,0.0,45,0.0,3759
47,1,28,0.0,46,0.0,3759
48,1,28,0.0,47,0.15,3759
49,1,28,0.0,48,0.0,3759
50,1,28,0.0,49,0.0,3759
51,1,28,0.0,50,0.0,3759
52,1,28,0.0,51,0.0,3759
53,1,28,0.0,52,0.0,3759
54,1,28,0.0,53,0.0,3759
55,1,28,0.0,54,0.0,3759
56,1,28,0.0,55,0.0,3759
57,1,28,0.0,56,0.0,3759
58,1,28,0.0,57,0.0,3759
59,1,28,0.0,58,0.0,3759
60,1,28,0.0,59,0.0,3759
61,1,28,0.0,60,0.0,3759
62,1,28,0.0,61,0.0,3759
63,1,28,0.0,62,0.0,3759
64,1,28,0.0,63,0.0,3759
65,1,28,0.0,64,0.0,3759
66,1,28,0.0,65,0.0,3759
67,1,28,0.0,66,0.0,3759
68,1,28,0.0,67,0.0,3759
69,1,28,0.0,68,0.0,3759
70,1,28,0.0,69,0.0,3759
71,1,28,0.0,70,0.0,3759
72,1,28,0.0,71,0.0,3759
73,1,28,0.0,72,0.0,3759
74,1,28,0.0,73,0.0,3759
75,1,28,0.0,74,0.0,3759
76,1,28,0.0,75,0.0,3759
77,1,28,0.0,76,0.0,3759
78,1,28,0.0,77,0.0,3759
79,1,28,0.0,78,0.0,3759
80,1,28,0.0,79,0.0,3759
81,1,28,0.0,80,0.0,3759
82,1,28,0.0,81,0.0,3759
83,1,28,0.0,82,0.0,3759
84,1,28,0.0,83,0.0,3759
85,1,28,0.0,84,0.0,3759
86,1,28,0.0,85,0.0,3759
87,1,28,0.0,86,0.0,3759
88,1,28,0.0,87,0.0,3759
89,1,28,0.0,88,0.0,3759
90,1,28,0.0,89,0.0,3759
91,1,28,0.0,90,0.0,3759
92,1,28,0.0,91,0.0,3759
93,1,28,0.0,92,0.0,3759
94,1,28,0.0,93,0.0,3759
95,1,28,0.0,94,0.0,3759
96,1,28,0.0,95,0.0,3759
97,1,28,0.0,96,0.0,3759
98,1,28,0.0,97,0.0,3759
99,1,28,0.0,98,0.0,3759
100,1,28,0.0,99,0.0,3759
101,1,28,0.0,100,0.0,3759
102,1,28,0.0,101,0.0,3759
103,1,28,0.0,102,0.0,3759
104,1,28,0.0,103,0.0,3759
105,1,28,0.0,104,0.0,3759
106,1,28,0.0,105,0.0,3759
107,1,28,0.0,106,0.0,3759
108,1,28,0.0,107,0.0,3759
109,1,28,0.0,108,0.0,3759
110,1,28,0.0,109,0.0,3759
111,1,28,0.0,110,0.0,3759
112,1,28,0.0,111,0.0,3759
113,1,28,0.0,112,0.0,3759
114,1,28,0.0,113,0.0,3759
115,1,28,0.0,114,0.0,3759
116,1,28,0.0,115,0.0,3759
117,1,28,0.0,116,0.0,3759
118,1,28,0.0,117,0.0,3759
119,1,28,0.0,118,0.0,3759
120,1,28,0.0,119,0.0,3759
121,1,28,0.0,120,0.0,3759
122,1,28,0.0,121,0.0,3759
123,1,28,0.0,122,0.0,3759
124,1,28,0.0,123,0.0,3759
125,1,28,0.0,124,0.0,3759
126,1,28,0.0,125,0.0,3759
127,1,28,0.0,126,0.0,3759
128,1,28,0.0,127,0.0,3759
129,1,28,0.0,128,0.0,3759
130,1,28,0.0,129,0.0,3759
131,1,28,0.0,130,0.0,3759
132,1,28,0.0,131,0.0,3759
133,1,28,0.0,132,0.0,3759
134,1,28,0.0,133,0.0,3759
135,1,28,0.0,134,0.0,3759
136,1,28,0.0,135,0.0,3759
137,1,28,0.0,136,0.0,3759
138,1,28,0.0,137,0.0,3759
139,1,28,0.0,138,0.0,3759
140,1,28,0.0,139,0.0,3759
141,1,28,0.0,140,0.0,3759
142,1,28,0.0,141,0.0,3759
143,1,28,0.0,142,0.0,3759
144,1,28,0.0,143,0.0,3759
145,1,28,0.0,144,0.0,3759
146,1,28,0.0,145,0.0,3759
147,1,28,0.0,146,0.0,3759
148,1,28,0.0,147,0.0,3759
149,1,28,0.0,148,0.0,3759
150,1,28,0.0,149,0.0,3759
151,1,28,0.0,150,0.0,3759
152,1,28,0.0,151,0.0,3759
153,1,28,0.0,152,0.0,3759
154,1,28,0.0,153,0.0,3759
155,1,28,0.0,154,0.0,3759
156,1,28,0.0,155,0.0,3759
157,1,28,0.0,156,0.0,3759
158,1,28,0.0,157,0.0,3759
159,1,28,0.0,158,0.0,3759
160,1,28,0.0,159,0.0,3759
161,1,28,0.0,160,0.0,3759
162,1,28,0.0,161,0.0,3759
163,1,28,0.0,162,0.0,3759
1,1,29,0.0,0,0.0,4999
2,1,29,0.0,1,0.0,4999
3,1,29,0.0,2,0.0,4999
4,1,29,0.0,3,0.0,4999
5,1,29,0.0,4,0.0,4999
6,1,29,0.0,5,0.0,4999
7,1,29,0.0,6,0.0,4999
8,1,29,0.0,7,0.0,4999
9,1,29,0.0,8,0.0,4999
10,1,29,0.0,9,0.0,4999
11,1,29,0.0,10,0.0,4999
12,1,29,0.0,11,0.0,4999
13,1,29,0.0,12,0.0,4999
14,1,29,0.0,13,0.0,4999
15,1,29,0.0,14,0.0,4999
16,1,29,0.0,15,0.0,4999
17,1,29,0.0,16,0.0,4999
18,1,29,0.0,17,0.0,4999
19,1,29,0.0,18,0.0,4999
20,1,29,0.0,19,0.0,4999
21,1,29,0.0,20,0.0,4999
22,1,29,0.0,21,0.0,4999
23,1,29,0.0,22,0.0,4999
24,1,29,0.0,23,0.0,4999
25,1,29,0.0,24,0.0,4999
26,1,29,0.0,25,0.0,4999
27,1,29,0.0,26,0.0,4999
28,1,29,0.0,27,0.0,4999
29,1,29,0.0,28,0.0,4999
30,1,29,0.0,29,0.0,4999
31,1,29,0.0,30,0.0,4999
32,1,29,0.0,31,0.0,4999
33,1,29,0.0,32,0.0,4999
34,1,29,0.0,33,0.0,4999
35,1,29,0.0,34,0.0,4999
36,1,29,0.0,35,0.0,4999
37,1,29,0.0,36,0.0,4999
38,1,29,0.0,37,0.0,4999
39,1,29,0.0,38,0.0,4999
40,1,29,0.0,39,0.0,4999
41,1,29,0.0,40,0.0,4999
42,1,29,0.0,41,0.0,4999
43,1,29,0.0,42,0.0,4999
44,1,29,0.0,43,0.0,4999
45,1,29,0.0,44,0.0,4999
46,1,29,0.0,45,0.0,4999
47,1,29,0.0,46,0.0,4999
48,1,29,0.0,47,0.0,4999
49,1,29,0.0,48,0.0,4999
50,1,29,0.0,49,0.0,4999
51,1,29,0.0,50,0.0,4999
52,1,29,0.0,51,0.0,4999
53,1,29,0.0,52,0.0,4999
54,1,29,0.0,53,0.0,4999
55,1,29,0.0,54,0.0,4999
56,1,29,0.0,55,0.0,4999
57,1,29,0.0,56,0.0,4999
58,1,29,0.0,57,0.0,4999
59,1,29,0.0,58,0.0,4999
60,1,29,0.0,59,0.0,4999
61,1,29,0.0,60,0.0,4999
62,1,29,0.0,61,0.0,4999
63,1,29,0.0,62,0.0,4999
64,1,29,0.0,63,0.0,4999
65,1,29,0.0,64,0.0,4999
66,1,29,0.0,65,0.0,4999
67,1,29,0.0,66,0.0,4999
68,1,29,0.0,67,0.0,4999
69,1,29,0.0,68,0.0,4999
70,1,29,0.0,69,0.0,4999
71,1,29,0.0,70,0.0,4999
72,1,29,0.0,71,0.0,4999
73,1,29,0.0,72,0.0,4999
74,1,29,0.0,73,0.0,4999
75,1,29,0.0,74,0.0,4999
76,1,29,0.0,75,0.0,4999
77,1,29,0.0,76,0.0,4999
78,1,29,0.0,77,0.0,4999
79,1,29,0.0,78,0.0,4999
80,1,29,0.0,79,0.0,4999
81,1,29,0.0,80,0.0,4999
82,1,29,0.0,81,0.0,4999
83,1,29,0.0,82,0.0,4999
84,1,29,0.0,83,0.0,4999
85,1,29,0.0,84,0.0,4999
86,1,29,0.0,85,0.0,4999
87,1,29,0.0,86,0.0,4999
88,1,29,0.0,87,0.0,4999
89,1,29,0.0,88,0.0,4999
90,1,29,0.0,89,0.0,4999
91,1,29,0.0,90,0.0,4999
92,1,29,0.0,91,0.0,4999
93,1,29,0.0,92,0.0,4999
94,1,29,0.0,93,0.0,4999
95,1,29,0.0,94,0.0,4999
96,1,29,0.0,95,0.0,4999
97,1,29,0.0,96,0.0,4999
98,1,29,0.0,97,0.0,4999
99,1,29,0.0,98,0.0,4999
100,1,29,0.0,99,0.0,4999
101,1,29,0.0,100,0.0,4999
102,1,29,0.0,101,0.0,4999
103,1,29,0.0,102,0.0,4999
104,1,29,0.0,103,0.0,4999
105,1,29,0.0,104,0.0,4999
106,1,29,0.0,105,0.0,4999
107,1,29,0.0,106,0.0,4999
108,1,29,0.0,107,0.0,4999
109,1,29,0.0,108,0.0,4999
110,1,29,0.0,109,0.0,4999
111,1,29,0.0,110,0.0,4999
112,1,29,0.0,111,0.0,4999
113,1,29,0.0,112,0.0,4999
114,1,29,0.0,113,0.0,4999
115,1,29,0.0,114,0.0,4999
116,1,29,0.0,115,0.0,4999
117,1,29,0.0,116,0.0,4999
118,1,29,0.0,117,0.0,4999
119,1,29,0.0,118,0.0,4999
120,1,29,0.0,119,0.0,4999
121,1,29,0.0,120,0.0,4999
122,1,29,0.0,121,0.0,4999
123,1,29,0.0,122,0.0,4999
124,1,29,0.0,123,0.0,4999
125,1,29,0.0,124,0.0,4999
126,1,29,0.0,125,0.0,4999
127,1,29,0.0,126,0.0,4999
128,1,29,0.0,127,0.0,4999
129,1,29,0.0,128,0.0,4999
130,1,29,0.0,129,0.0,4999
131,1,29,0.0,130,0.0,4999
132,1,29,0.0,131,0.0,4999
133,1,29,0.0,132,0.0,4999
134,1,29,0.0,133,0.0,4999
135,1,29,0.0,134,0.0,4999
136,1,29,0.0,135,0.0,4999
137,1,29,0.0,136,0.0,4999
138,1,29,0.0,137,0.0,4999
139,1,29,0.0,138,0.0,4999
140,1,29,0.0,139,0.0,4999
141,1,29,0.0,140,0.0,4999
142,1,29,0.0,141,0.0,4999
143,1,29,0.0,142,0.0,4999
144,1,29,0.0,143,0.0,4999
145,1,29,0.0,144,0.0,4999
146,1,29,0.0,145,0.0,4999
147,1,29,0.0,146,0.0,4999
148,1,29,0.0,147,0.0,4999
149,1,29,0.0,148,0.0,4999
150,1,29,0.0,149,0.0,4999
151,1,29,0.0,150,0.0,4999
152,1,29,0.0,151,0.0,4999
153,1,29,0.0,152,0.0,4999
154,1,29,0.0,153,0.0,4999
155,1,29,0.0,154,0.0,4999
156,1,29,0.0,155,0.0,4999
157,1,29,0.0,156,0.0,4999
158,1,29,0.0,157,0.0,4999
159,1,29,0.0,158,0.0,4999
160,1,29,0.0,159,0.0,4999
161,1,29,0.0,160,0.0,4999
162,1,29,0.0,161,0.0,4999
163,1,29,0.0,162,0.0,4999
1,1,29,0.0,0,0.0,687
2,1,29,0.0,1,0.0,687
3,1,29,0.0,2,0.0,687
4,1,29,0.0,3,0.0,687
5,1,29,0.0,4,0.0,687
6,1,29,0.0,5,0.0,687
7,1,29,0.0,6,0.0,687
8,1,29,0.0,7,0.0,687
9,1,29,0.0,8,0.0,687
10,1,29,0.0,9,0.0,687
11,1,29,0.0,10,0.0,687
12,1,29,0.0,11,0.0,687
13,1,29,0.0,12,0.0,687
14,1,29,0.0,13,0.0,687
15,1,29,0.0,14,0.0,687
16,1,29,0.0,15,0.0,687
17,1,29,0.0,16,0.0,687
18,1,29,0.0,17,0.0,687
19,1,29,0.0,18,0.0,687
20,1,29,0.0,19,0.0,687
21,1,29,0.0,20,0.0,687
22,1,29,0.0,21,0.0,687
23,1,29,0.0,22,0.0,687
24,1,29,0.0,23,0.0,687
25,1,29,0.0,24,0.0,687
26,1,29,0.0,25,0.0,687
27,1,29,0.0,26,0.0,687
28,1,29,0.0,27,0.0,687
29,1,29,0.05,28,0.0,687
30,1,29,1.0,29,0.0,687
31,1,29,0.24,30,0.4,687
32,1,29,0.0,31,1.0,687
33,1,29,0.0,32,1.0,687
34,1,29,0.0,33,0.7,687
35,1,29,0.55,34,0.0,687
36,1,29,1.0,35,0.0,687
37,1,29,1.0,36,0.0,687
38,1,29,0.75,37,0.0,687
39,1,29,0.0,38,0.0,687
40,1,29,0.95,39,0.0,687
41,1,29,1.0,40,0.0,687
42,1,29,1.0,41,0.0,687
43,1,29,0.9,42,0.0,687
44,1,29,0.45,43,0.0,687
45,1,29,1.0,44,0.0,687
46,1,29,1.0,45,0.0,687
47,1,29,0.9,46,0.0,687
48,1,29,0.27,47,0.0,687
49,1,29,1.0,48,0.0,687
50,1,29,1.0,49,0.0,687
51,1,29,1.0,50,0.0,687
52,1,29,1.0,51,0.0,687
53,1,29,1.0,52,0.0,687
54,1,29,1.0,53,0.0,687
55,1,29,1.0,54,0.0,687
56,1,29,1.0,55,0.0,687
57,1,29,1.0,56,0.0,687
58,1,29,1.0,57,0.0,687
59,1,29,1.0,58,0.0,687
60,1,29,1.0,59,0.0,687
61,1,29,0.82,60,0.0,687
62,1,29,0.0,61,0.75,687
63,1,29,0.0,62,1.0,687
64,1,29,0.0,63,1.0,687
65,1,29,0.35,64,0.55,687
66,1,29,1.0,65,0.0,687
67,1,29,1.0,66,0.0,687
68,1,29,1.0,67,0.0,687
69,1,29,1.0,68,0.0,687
70,1,29,1.0,69,0.0,687
71,1,29,1.0,70,0.0,687
72,1,29,1.0,71,0.0,687
73,1,29,1.0,72,0.0,687
74,1,29,1.0,73,0.0,687
75,1,29,1.0,74,0.0,687
76,1,29,1.0,75,0.0,687
77,1,29,0.9,76,0.0,687
78,1,29,0.0,77,0.7,687
79,1,29,0.0,78,1.0,687
80,1,29,0.0,79,0.92,687
81,1,29,0.5,80,0.0,687
82,1,29,1.0,81,0.0,687
83,1,29,1.0,82,0.0,687
84,1,29,0.51,83,0.0,687
85,1,29,0.0,84,0.0,687
86,1,29,0.0,85,0.0,687
87,1,29,0.55,86,0.0,687
88,1,29,0.3,87,0.0,687
89,1,29,1.0,88,0.0,687
90,1,29,1.0,89,0.0,687
91,1,29,1.0,90,0.0,687
92,1,29,1.0,91,0.0,687
93,1,29,1.0,92,0.0,687
94,1,29,1.0,93,0.0,687
95,1,29,1.0,94,0.0,687
96,1,29,1.0,95,0.0,687
97,1,29,1.0,96,0.0,687
98,1,29,0.5,97,0.3,687
99,1,29,0.75,98,0.25,687
100,1,29,1.0,99,0.0,687
101,1,29,1.0,100,0.0,687
102,1,29,0.65,101,0.1,687
103,1,29,0.0,102,1.0,687
104,1,29,0.0,103,1.0,687
105,1,29,0.0,104,1.0,687
106,1,29,0.0,105,1.0,687
107,1,29,0.0,106,1.0,687
108,1,29,0.0,107,1.0,687
109,1,29,0.0,108,0.0,687
110,1,29,0.0,109,0.0,687
111,1,29,0.0,110,0.0,687
112,1,29,0.0,111,0.0,687
113,1,29,0.0,112,0.0,687
114,1,29,0.0,113,0.0,687
115,1,29,0.0,114,0.0,687
116,1,29,0.0,115,0.0,687
117,1,29,0.0,116,0.0,687
118,1,29,0.0,117,0.0,687
119,1,29,0.0,118,0.0,687
120,1,29,0.0,119,0.15,687
121,1,29,0.0,120,0.0,687
122,1,29,0.0,121,0.0,687
123,1,29,0.0,122,0.55,687
124,1,29,0.0,123,1.0,687
125,1,29,0.0,124,1.0,687
126,1,29,0.15,125,0.25,687
127,1,29,1.0,126,0.0,687
128,1,29,1.0,127,0.0,687
129,1,29,1.0,128,0.0,687
130,1,29,1.0,129,0.0,687
131,1,29,0.3,130,0.0,687
132,1,29,1.0,131,0.0,687
133,1,29,1.0,132,0.0,687
134,1,29,0.2,133,0.15,687
135,1,29,0.0,134,0.8,687
136,1,29,0.0,135,1.0,687
137,1,29,0.0,136,0.66,687
138,1,29,0.5,137,0.1,687
139,1,29,1.0,138,0.0,687
140,1,29,1.0,139,0.0,687
141,1,29,1.0,140,0.0,687
142,1,29,1.0,141,0.0,687
143,1,29,0.7,142,0.2,687
144,1,29,0.0,143,1.0,687
145,1,29,0.0,144,1.0,687
146,1,29,0.0,145,0.78,687
147,1,29,0.0,146,1.0,687
148,1,29,0.0,147,1.0,687
149,1,29,0.0,148,1.0,687
150,1,29,0.0,149,1.0,687
151,1,29,0.05,150,0.71,687
152,1,29,1.0,151,0.0,687
153,1,29,1.0,152,0.0,687
154,1,29,1.0,153,0.0,687
155,1,29,1.0,154,0.0,687
156,1,29,1.0,155,0.0,687
157,1,29,0.1,156,0.35,687
158,1,29,0.0,157,1.0,687
159,1,29,0.0,158,1.0,687
160,1,29,0.0,159,1.0,687
161,1,29,0.0,160,1.0,687
162,1,29,0.0,161,1.0,687
163,1,29,0.0,162,0.61,687
1,1,29,0.0,0,0.0,11096
2,1,29,0.0,1,0.0,11096
3,1,29,0.0,2,0.0,11096
4,1,29,0.0,3,0.0,11096
5,1,29,0.0,4,0.0,11096
6,1,29,0.0,5,0.0,11096
7,1,29,0.0,6,0.0,11096
8,1,29,0.0,7,0.0,11096
9,1,29,0.0,8,0.0,11096
10,1,29,0.0,9,0.0,11096
11,1,29,0.0,10,0.0,11096
12,1,29,0.0,11,0.0,11096
13,1,29,0.0,12,0.0,11096
14,1,29,0.0,13,0.0,11096
15,1,29,0.0,14,0.0,11096
16,1,29,0.0,15,0.0,11096
17,1,29,0.0,16,0.0,11096
18,1,29,0.0,17,0.0,11096
19,1,29,0.0,18,0.0,11096
20,1,29,0.0,19,0.0,11096
21,1,29,0.0,20,0.0,11096
22,1,29,0.0,21,0.0,11096
23,1,29,0.0,22,0.0,11096
24,1,29,0.0,23,0.0,11096
25,1,29,0.0,24,0.0,11096
26,1,29,0.0,25,0.0,11096
27,1,29,0.0,26,0.0,11096
28,1,29,0.0,27,0.0,11096
29,1,29,0.0,28,0.0,11096
30,1,29,0.0,29,0.0,11096
31,1,29,0.0,30,0.0,11096
32,1,29,0.0,31,0.0,11096
33,1,29,0.0,32,0.0,11096
34,1,29,0.0,33,0.0,11096
35,1,29,0.0,34,0.0,11096
36,1,29,0.0,35,0.0,11096
37,1,29,0.0,36,0.0,11096
38,1,29,0.0,37,0.0,11096
39,1,29,0.0,38,0.0,11096
40,1,29,0.0,39,0.0,11096
41,1,29,0.0,40,0.0,11096
42,1,29,0.0,41,0.0,11096
43,1,29,0.0,42,0.0,11096
44,1,29,0.0,43,0.0,11096
45,1,29,0.0,44,0.0,11096
46,1,29,0.0,45,0.0,11096
47,1,29,0.0,46,0.0,11096
48,1,29,0.0,47,0.0,11096
49,1,29,0.0,48,0.0,11096
50,1,29,0.0,49,0.0,11096
51,1,29,0.0,50,0.0,11096
52,1,29,0.0,51,0.0,11096
53,1,29,0.0,52,0.0,11096
54,1,29,0.0,53,0.0,11096
55,1,29,0.0,54,0.0,11096
56,1,29,0.0,55,0.0,11096
57,1,29,0.0,56,0.0,11096
58,1,29,0.0,57,0.0,11096
59,1,29,0.0,58,0.0,11096
60,1,29,0.0,59,0.0,11096
61,1,29,0.0,60,0.0,11096
62,1,29,0.0,61,0.0,11096
63,1,29,0.0,62,0.0,11096
64,1,29,0.0,63,0.0,11096
65,1,29,0.0,64,0.0,11096
66,1,29,0.0,65,0.0,11096
67,1,29,0.0,66,0.0,11096
68,1,29,0.0,67,0.0,11096
69,1,29,0.0,68,0.0,11096
70,1,29,0.0,69,0.0,11096
71,1,29,0.0,70,0.0,11096
72,1,29,0.0,71,0.0,11096
73,1,29,0.0,72,0.0,11096
74,1,29,0.0,73,0.0,11096
75,1,29,0.0,74,0.0,11096
76,1,29,0.0,75,0.0,11096
77,1,29,0.0,76,0.0,11096
78,1,29,0.0,77,0.0,11096
79,1,29,0.0,78,0.0,11096
80,1,29,0.0,79,0.0,11096
81,1,29,0.0,80,0.0,11096
82,1,29,0.0,81,0.0,11096
83,1,29,0.0,82,0.0,11096
84,1,29,0.0,83,0.0,11096
85,1,29,0.0,84,0.0,11096
86,1,29,0.0,85,0.0,11096
87,1,29,0.0,86,0.0,11096
88,1,29,0.0,87,0.0,11096
89,1,29,0.0,88,0.0,11096
90,1,29,0.0,89,0.0,11096
91,1,29,0.0,90,0.0,11096
92,1,29,0.0,91,0.0,11096
93,1,29,0.0,92,0.0,11096
94,1,29,0.0,93,0.0,11096
95,1,29,0.0,94,0.0,11096
96,1,29,0.0,95,0.0,11096
97,1,29,0.0,96,0.0,11096
98,1,29,0.0,97,0.0,11096
99,1,29,0.0,98,0.0,11096
100,1,29,0.0,99,0.0,11096
101,1,29,0.0,100,0.0,11096
102,1,29,0.0,101,0.0,11096
103,1,29,0.0,102,0.0,11096
104,1,29,0.0,103,0.0,11096
105,1,29,0.0,104,0.0,11096
106,1,29,0.0,105,0.0,11096
107,1,29,0.0,106,0.0,11096
108,1,29,0.0,107,0.0,11096
109,1,29,0.0,108,0.0,11096
110,1,29,0.0,109,0.0,11096
111,1,29,0.0,110,0.0,11096
112,1,29,0.0,111,0.0,11096
113,1,29,0.0,112,0.0,11096
114,1,29,0.0,113,0.0,11096
115,1,29,0.0,114,0.0,11096
116,1,29,0.0,115,0.0,11096
117,1,29,0.0,116,0.0,11096
118,1,29,0.0,117,0.0,11096
119,1,29,0.0,118,0.0,11096
120,1,29,0.0,119,0.0,11096
121,1,29,0.0,120,0.0,11096
122,1,29,0.0,121,0.0,11096
123,1,29,0.0,122,0.0,11096
124,1,29,0.0,123,0.0,11096
125,1,29,0.0,124,0.0,11096
126,1,29,0.0,125,0.0,11096
127,1,29,0.0,126,0.0,11096
128,1,29,0.0,127,0.0,11096
129,1,29,0.0,128,0.0,11096
130,1,29,0.0,129,0.0,11096
131,1,29,0.0,130,0.0,11096
132,1,29,0.0,131,0.0,11096
133,1,29,0.0,132,0.0,11096
134,1,29,0.0,133,0.0,11096
135,1,29,0.0,134,0.0,11096
136,1,29,0.0,135,0.0,11096
137,1,29,0.0,136,0.0,11096
138,1,29,0.0,137,0.0,11096
139,1,29,0.0,138,0.0,11096
140,1,29,0.0,139,0.0,11096
141,1,29,0.0,140,0.0,11096
142,1,29,0.0,141,0.0,11096
143,1,29,0.0,142,0.0,11096
144,1,29,0.0,143,0.0,11096
145,1,29,0.0,144,0.0,11096
146,1,29,0.0,145,0.0,11096
147,1,29,0.0,146,0.0,11096
148,1,29,0.0,147,0.0,11096
149,1,29,0.0,148,0.0,11096
150,1,29,0.0,149,0.0,11096
151,1,29,0.0,150,0.0,11096
152,1,29,0.0,151,0.0,11096
153,1,29,0.0,152,0.0,11096
154,1,29,0.0,153,0.0,11096
155,1,29,0.0,154,0.0,11096
156,1,29,0.0,155,0.0,11096
157,1,29,0.0,156,0.0,11096
158,1,29,0.0,157,0.0,11096
159,1,29,0.0,158,0.0,11096
160,1,29,0.0,159,0.0,11096
161,1,29,0.0,160,0.0,11096
162,1,29,0.0,161,0.0,11096
163,1,29,0.0,162,0.0,11096
1,1,29,0.0,0,0.0,5124
2,1,29,0.0,1,0.0,5124
3,1,29,0.0,2,0.0,5124
4,1,29,0.0,3,0.0,5124
5,1,29,0.0,4,0.0,5124
6,1,29,0.0,5,0.0,5124
7,1,29,0.0,6,0.0,5124
8,1,29,0.0,7,0.0,5124
9,1,29,0.0,8,0.0,5124
10,1,29,0.0,9,0.0,5124
11,1,29,0.0,10,0.0,5124
12,1,29,0.0,11,0.0,5124
13,1,29,0.0,12,0.0,5124
14,1,29,0.0,13,0.0,5124
15,1,29,0.0,14,0.0,5124
16,1,29,0.0,15,0.0,5124
17,1,29,0.0,16,0.0,5124
18,1,29,0.0,17,0.0,5124
19,1,29,0.0,18,0.0,5124
20,1,29,0.0,19,0.0,5124
21,1,29,0.0,20,0.0,5124
22,1,29,0.0,21,0.0,5124
23,1,29,0.0,22,0.0,5124
24,1,29,0.0,23,0.0,5124
25,1,29,0.0,24,0.0,5124
26,1,29,0.0,25,0.0,5124
27,1,29,0.0,26,0.0,5124
28,1,29,0.0,27,0.0,5124
29,1,29,0.0,28,0.0,5124
30,1,29,0.0,29,0.59,5124
31,1,29,0.0,30,0.11,5124
32,1,29,0.0,31,0.0,5124
33,1,29,0.0,32,0.0,5124
34,1,29,0.0,33,0.0,5124
35,1,29,0.0,34,0.0,5124
36,1,29,0.0,35,0.0,5124
37,1,29,0.0,36,0.0,5124
38,1,29,0.0,37,0.0,5124
39,1,29,0.0,38,0.0,5124
40,1,29,0.0,39,0.0,5124
41,1,29,0.0,40,0.0,5124
42,1,29,0.0,41,0.0,5124
43,1,29,0.0,42,0.0,5124
44,1,29,0.0,43,0.0,5124
45,1,29,0.0,44,0.0,5124
46,1,29,0.0,45,0.0,5124
47,1,29,0.0,46,0.0,5124
48,1,29,0.0,47,0.0,5124
49,1,29,0.0,48,0.0,5124
50,1,29,0.0,49,0.0,5124
51,1,29,0.0,50,0.0,5124
52,1,29,0.0,51,0.0,5124
53,1,29,0.0,52,0.0,5124
54,1,29,0.0,53,0.0,5124
55,1,29,0.0,54,0.0,5124
56,1,29,0.0,55,0.0,5124
57,1,29,0.0,56,0.0,5124
58,1,29,0.0,57,0.0,5124
59,1,29,0.0,58,0.0,5124
60,1,29,0.0,59,0.0,5124
61,1,29,0.0,60,0.0,5124
62,1,29,0.0,61,0.0,5124
63,1,29,0.0,62,0.0,5124
64,1,29,0.0,63,0.0,5124
65,1,29,0.0,64,0.0,5124
66,1,29,0.0,65,0.0,5124
67,1,29,0.0,66,0.0,5124
68,1,29,0.0,67,0.0,5124
69,1,29,0.0,68,0.0,5124
70,1,29,0.0,69,0.0,5124
71,1,29,0.0,70,0.0,5124
72,1,29,0.0,71,0.0,5124
73,1,29,0.0,72,0.0,5124
74,1,29,0.0,73,0.0,5124
75,1,29,0.0,74,0.0,5124
76,1,29,0.0,75,0.0,5124
77,1,29,0.0,76,0.0,5124
78,1,29,0.0,77,0.0,5124
79,1,29,0.0,78,0.0,5124
80,1,29,0.0,79,0.0,5124
81,1,29,0.0,80,0.0,5124
82,1,29,0.0,81,0.0,5124
83,1,29,0.0,82,0.0,5124
84,1,29,0.0,83,0.0,5124
85,1,29,0.0,84,0.0,5124
86,1,29,0.0,85,0.0,5124
87,1,29,0.0,86,0.0,5124
88,1,29,0.0,87,0.0,5124
89,1,29,0.0,88,0.0,5124
90,1,29,0.0,89,0.06,5124
91,1,29,0.0,90,0.0,5124
92,1,29,0.0,91,0.0,5124
93,1,29,0.0,92,0.0,5124
94,1,29,0.0,93,0.0,5124
95,1,29,0.0,94,0.0,5124
96,1,29,0.0,95,0.0,5124
97,1,29,0.0,96,0.0,5124
98,1,29,0.0,97,0.0,5124
99,1,29,0.0,98,0.0,5124
100,1,29,0.0,99,0.0,5124
101,1,29,0.0,100,0.0,5124
102,1,29,0.0,101,0.0,5124
103,1,29,0.0,102,0.0,5124
104,1,29,0.0,103,0.0,5124
105,1,29,0.0,104,0.0,5124
106,1,29,0.0,105,0.0,5124
107,1,29,0.0,106,0.0,5124
108,1,29,0.0,107,0.0,5124
109,1,29,0.0,108,0.0,5124
110,1,29,0.0,109,0.0,5124
111,1,29,0.0,110,0.0,5124
112,1,29,0.0,111,0.0,5124
113,1,29,0.0,112,0.0,5124
114,1,29,0.0,113,0.0,5124
115,1,29,0.0,114,0.0,5124
116,1,29,0.0,115,0.0,5124
117,1,29,0.0,116,0.0,5124
118,1,29,0.0,117,0.0,5124
119,1,29,0.0,118,0.0,5124
120,1,29,0.0,119,0.0,5124
121,1,29,0.0,120,0.0,5124
122,1,29,0.0,121,0.0,5124
123,1,29,0.0,122,0.0,5124
124,1,29,0.0,123,0.0,5124
125,1,29,0.0,124,0.0,5124
126,1,29,0.0,125,0.0,5124
127,1,29,0.0,126,0.0,5124
128,1,29,0.0,127,0.0,5124
129,1,29,0.0,128,0.0,5124
130,1,29,0.0,129,0.0,5124
131,1,29,0.0,130,0.0,5124
132,1,29,0.0,131,0.0,5124
133,1,29,0.0,132,0.0,5124
134,1,29,0.0,133,0.0,5124
135,1,29,0.0,134,0.0,5124
136,1,29,0.0,135,0.0,5124
137,1,29,0.0,136,0.0,5124
138,1,29,0.0,137,0.0,5124
139,1,29,0.0,138,0.0,5124
140,1,29,0.0,139,0.0,5124
141,1,29,0.0,140,0.0,5124
142,1,29,0.0,141,0.0,5124
143,1,29,0.0,142,0.0,5124
144,1,29,0.0,143,0.0,5124
145,1,29,0.0,144,0.0,5124
146,1,29,0.0,145,0.0,5124
147,1,29,0.0,146,0.0,5124
148,1,29,0.0,147,0.0,5124
149,1,29,0.0,148,0.0,5124
150,1,29,0.0,149,0.0,5124
151,1,29,0.0,150,0.0,5124
152,1,29,0.0,151,0.0,5124
153,1,29,0.0,152,0.0,5124
154,1,29,0.0,153,0.0,5124
155,1,29,0.0,154,0.0,5124
156,1,29,0.0,155,0.0,5124
157,1,29,0.0,156,0.0,5124
158,1,29,0.0,157,0.0,5124
159,1,29,0.0,158,0.0,5124
160,1,29,0.0,159,0.0,5124
161,1,29,0.0,160,0.0,5124
162,1,29,0.0,161,0.0,5124
163,1,29,0.0,162,0.0,5124
1,1,29,0.0,0,0.0,4501
2,1,29,0.0,1,0.0,4501
3,1,29,0.0,2,0.0,4501
4,1,29,0.0,3,0.0,4501
5,1,29,0.0,4,0.0,4501
6,1,29,0.0,5,0.0,4501
7,1,29,0.0,6,0.0,4501
8,1,29,0.0,7,0.0,4501
9,1,29,0.0,8,0.0,4501
10,1,29,0.0,9,0.0,4501
11,1,29,0.0,10,0.0,4501
12,1,29,0.0,11,0.0,4501
13,1,29,0.0,12,0.0,4501
14,1,29,0.0,13,0.0,4501
15,1,29,0.0,14,0.0,4501
16,1,29,0.0,15,0.0,4501
17,1,29,0.0,16,0.0,4501
18,1,29,0.0,17,0.0,4501
19,1,29,0.0,18,0.0,4501
20,1,29,0.0,19,0.0,4501
21,1,29,0.0,20,0.0,4501
22,1,29,0.0,21,0.0,4501
23,1,29,0.0,22,0.0,4501
24,1,29,0.0,23,0.0,4501
25,1,29,0.0,24,0.0,4501
26,1,29,0.0,25,0.0,4501
27,1,29,0.0,26,0.0,4501
28,1,29,0.0,27,0.0,4501
29,1,29,0.0,28,0.0,4501
30,1,29,0.0,29,0.0,4501
31,1,29,0.0,30,0.0,4501
32,1,29,0.0,31,0.0,4501
33,1,29,0.0,32,0.0,4501
34,1,29,0.0,33,0.0,4501
35,1,29,0.0,34,0.0,4501
36,1,29,0.0,35,0.0,4501
37,1,29,0.0,36,0.0,4501
38,1,29,0.0,37,0.0,4501
39,1,29,0.0,38,0.0,4501
40,1,29,0.0,39,0.0,4501
41,1,29,0.0,40,0.0,4501
42,1,29,0.0,41,0.0,4501
43,1,29,0.0,42,0.0,4501
44,1,29,0.0,43,0.0,4501
45,1,29,0.0,44,0.0,4501
46,1,29,0.0,45,0.0,4501
47,1,29,0.0,46,0.0,4501
48,1,29,0.0,47,0.0,4501
49,1,29,0.0,48,0.0,4501
50,1,29,0.0,49,0.0,4501
51,1,29,0.0,50,0.0,4501
52,1,29,0.0,51,0.0,4501
53,1,29,0.0,52,0.0,4501
54,1,29,0.0,53,0.0,4501
55,1,29,0.0,54,0.0,4501
56,1,29,0.0,55,0.0,4501
57,1,29,0.0,56,0.0,4501
58,1,29,0.0,57,0.0,4501
59,1,29,0.0,58,0.0,4501
60,1,29,0.0,59,0.0,4501
61,1,29,0.0,60,0.0,4501
62,1,29,0.0,61,0.0,4501
63,1,29,0.0,62,0.0,4501
64,1,29,0.0,63,0.0,4501
65,1,29,0.0,64,0.0,4501
66,1,29,0.0,65,0.0,4501
67,1,29,0.0,66,0.0,4501
68,1,29,0.0,67,0.0,4501
69,1,29,0.0,68,0.0,4501
70,1,29,0.0,69,0.0,4501
71,1,29,0.0,70,0.0,4501
72,1,29,0.0,71,0.0,4501
73,1,29,0.0,72,0.0,4501
74,1,29,0.0,73,0.0,4501
75,1,29,0.0,74,0.0,4501
76,1,29,0.0,75,0.0,4501
77,1,29,0.0,76,0.0,4501
78,1,29,0.0,77,0.0,4501
79,1,29,0.0,78,0.0,4501
80,1,29,0.0,79,0.0,4501
81,1,29,0.0,80,0.0,4501
82,1,29,0.0,81,0.0,4501
83,1,29,0.0,82,0.0,4501
84,1,29,0.0,83,0.0,4501
85,1,29,0.0,84,0.0,4501
86,1,29,0.0,85,0.0,4501
87,1,29,0.0,86,0.0,4501
88,1,29,0.0,87,0.0,4501
89,1,29,0.0,88,0.0,4501
90,1,29,0.0,89,0.0,4501
91,1,29,0.0,90,0.0,4501
92,1,29,0.0,91,0.0,4501
93,1,29,0.0,92,0.0,4501
94,1,29,0.0,93,0.0,4501
95,1,29,0.0,94,0.0,4501
96,1,29,0.0,95,0.0,4501
97,1,29,0.0,96,0.0,4501
98,1,29,0.0,97,0.0,4501
99,1,29,0.0,98,0.0,4501
100,1,29,0.0,99,0.0,4501
101,1,29,0.0,100,0.0,4501
102,1,29,0.0,101,0.0,4501
103,1,29,0.0,102,0.0,4501
104,1,29,0.0,103,0.0,4501
105,1,29,0.0,104,0.0,4501
106,1,29,0.0,105,0.0,4501
107,1,29,0.0,106,0.0,4501
108,1,29,0.0,107,0.0,4501
109,1,29,0.0,108,0.0,4501
110,1,29,0.0,109,0.0,4501
111,1,29,0.0,110,0.0,4501
112,1,29,0.0,111,0.0,4501
113,1,29,0.0,112,0.0,4501
114,1,29,0.0,113,0.0,4501
115,1,29,0.0,114,0.0,4501
116,1,29,0.0,115,0.0,4501
117,1,29,0.0,116,0.0,4501
118,1,29,0.0,117,0.0,4501
119,1,29,0.0,118,0.0,4501
120,1,29,0.0,119,0.0,4501
121,1,29,0.0,120,0.0,4501
122,1,29,0.0,121,0.0,4501
123,1,29,0.0,122,0.0,4501
124,1,29,0.0,123,0.0,4501
125,1,29,0.0,124,0.0,4501
126,1,29,0.0,125,0.0,4501
127,1,29,0.0,126,0.0,4501
128,1,29,0.0,127,0.0,4501
129,1,29,0.0,128,0.0,4501
130,1,29,0.0,129,0.0,4501
131,1,29,0.0,130,0.0,4501
132,1,29,0.0,131,0.0,4501
133,1,29,0.0,132,0.0,4501
134,1,29,0.0,133,0.0,4501
135,1,29,0.0,134,0.0,4501
136,1,29,0.0,135,0.0,4501
137,1,29,0.0,136,0.0,4501
138,1,29,0.0,137,0.0,4501
139,1,29,0.0,138,0.0,4501
140,1,29,0.0,139,0.0,4501
141,1,29,0.0,140,0.0,4501
142,1,29,0.0,141,0.0,4501
143,1,29,0.0,142,0.0,4501
144,1,29,0.0,143,0.0,4501
145,1,29,0.0,144,0.0,4501
146,1,29,0.0,145,0.0,4501
147,1,29,0.0,146,0.0,4501
148,1,29,0.0,147,0.0,4501
149,1,29,0.0,148,0.0,4501
150,1,29,0.0,149,0.0,4501
151,1,29,0.0,150,0.0,4501
152,1,29,0.0,151,0.0,4501
153,1,29,0.0,152,0.0,4501
154,1,29,0.0,153,0.0,4501
155,1,29,0.0,154,0.0,4501
156,1,29,0.0,155,0.0,4501
157,1,29,0.0,156,0.0,4501
158,1,29,0.0,157,0.0,4501
159,1,29,0.0,158,0.0,4501
160,1,29,0.0,159,0.0,4501
161,1,29,0.0,160,0.0,4501
162,1,29,0.0,161,0.0,4501
163,1,29,0.0,162,0.0,4501
1,1,29,0.0,0,0.0,4322
2,1,29,0.0,1,0.0,4322
3,1,29,0.0,2,0.0,4322
4,1,29,0.0,3,0.0,4322
5,1,29,0.0,4,0.0,4322
6,1,29,0.0,5,0.0,4322
7,1,29,0.0,6,0.0,4322
8,1,29,0.0,7,0.0,4322
9,1,29,0.0,8,0.0,4322
10,1,29,0.0,9,0.0,4322
11,1,29,0.0,10,0.0,4322
12,1,29,0.0,11,0.0,4322
13,1,29,0.0,12,0.0,4322
14,1,29,0.0,13,0.0,4322
15,1,29,0.0,14,0.0,4322
16,1,29,0.0,15,0.0,4322
17,1,29,0.0,16,0.0,4322
18,1,29,0.0,17,0.75,4322
19,1,29,0.0,18,0.0,4322
20,1,29,0.0,19,0.6,4322
21,1,29,0.0,20,0.05,4322
22,1,29,0.0,21,0.0,4322
23,1,29,0.0,22,0.0,4322
24,1,29,0.0,23,0.0,4322
25,1,29,0.0,24,0.0,4322
26,1,29,0.0,25,0.0,4322
27,1,29,0.0,26,0.0,4322
28,1,29,0.0,27,0.0,4322
29,1,29,0.0,28,0.0,4322
30,1,29,0.0,29,0.0,4322
31,1,29,0.0,30,0.0,4322
32,1,29,0.0,31,0.0,4322
33,1,29,0.0,32,0.0,4322
34,1,29,0.0,33,0.0,4322
35,1,29,0.0,34,0.0,4322
36,1,29,0.0,35,0.0,4322
37,1,29,0.0,36,0.0,4322
38,1,29,0.0,37,0.0,4322
39,1,29,0.0,38,0.0,4322
40,1,29,0.0,39,0.0,4322
41,1,29,0.0,40,0.0,4322
42,1,29,0.0,41,0.0,4322
43,1,29,0.0,42,0.0,4322
44,1,29,0.0,43,0.0,4322
45,1,29,0.0,44,0.0,4322
46,1,29,0.0,45,0.0,4322
47,1,29,0.0,46,0.0,4322
48,1,29,0.0,47,0.0,4322
49,1,29,0.0,48,0.0,4322
50,1,29,0.0,49,0.0,4322
51,1,29,0.0,50,0.0,4322
52,1,29,0.0,51,0.0,4322
53,1,29,0.0,52,0.0,4322
54,1,29,0.0,53,0.0,4322
55,1,29,0.0,54,0.0,4322
56,1,29,0.0,55,0.0,4322
57,1,29,0.0,56,0.0,4322
58,1,29,0.0,57,0.0,4322
59,1,29,0.0,58,0.0,4322
60,1,29,0.0,59,0.0,4322
61,1,29,0.0,60,0.0,4322
62,1,29,0.0,61,0.0,4322
63,1,29,0.0,62,0.0,4322
64,1,29,0.0,63,0.0,4322
65,1,29,0.0,64,0.0,4322
66,1,29,0.0,65,0.0,4322
67,1,29,0.0,66,0.0,4322
68,1,29,0.0,67,0.0,4322
69,1,29,0.0,68,0.0,4322
70,1,29,0.0,69,0.0,4322
71,1,29,0.0,70,0.0,4322
72,1,29,0.0,71,0.0,4322
73,1,29,0.0,72,0.0,4322
74,1,29,0.0,73,0.0,4322
75,1,29,0.0,74,0.0,4322
76,1,29,0.0,75,0.0,4322
77,1,29,0.0,76,0.0,4322
78,1,29,0.0,77,0.05,4322
79,1,29,0.0,78,0.3,4322
80,1,29,0.0,79,0.0,4322
81,1,29,0.0,80,0.0,4322
82,1,29,0.0,81,0.0,4322
83,1,29,0.0,82,0.0,4322
84,1,29,0.0,83,0.0,4322
85,1,29,0.0,84,0.0,4322
86,1,29,0.0,85,0.0,4322
87,1,29,0.0,86,0.8,4322
88,1,29,0.0,87,0.01,4322
89,1,29,0.0,88,0.6,4322
90,1,29,0.0,89,0.05,4322
91,1,29,0.0,90,0.6,4322
92,1,29,0.0,91,1.0,4322
93,1,29,0.0,92,1.0,4322
94,1,29,0.0,93,1.0,4322
95,1,29,0.0,94,0.6,4322
96,1,29,0.0,95,0.66,4322
97,1,29,0.0,96,0.0,4322
98,1,29,0.0,97,0.9,4322
99,1,29,0.0,98,0.15,4322
100,1,29,0.0,99,0.71,4322
101,1,29,0.0,100,0.0,4322
102,1,29,0.0,101,0.0,4322
103,1,29,0.0,102,0.0,4322
104,1,29,0.0,103,0.0,4322
105,1,29,0.0,104,0.0,4322
106,1,29,0.0,105,0.0,4322
107,1,29,0.0,106,0.0,4322
108,1,29,0.0,107,0.0,4322
109,1,29,0.0,108,0.0,4322
110,1,29,0.0,109,0.0,4322
111,1,29,0.0,110,0.0,4322
112,1,29,0.0,111,0.0,4322
113,1,29,0.0,112,0.0,4322
114,1,29,0.0,113,0.0,4322
115,1,29,0.0,114,0.0,4322
116,1,29,0.0,115,0.0,4322
117,1,29,0.0,116,0.0,4322
118,1,29,0.0,117,0.0,4322
119,1,29,0.0,118,0.0,4322
120,1,29,0.0,119,0.0,4322
121,1,29,0.0,120,0.0,4322
122,1,29,0.0,121,0.0,4322
123,1,29,0.0,122,0.1,4322
124,1,29,0.0,123,1.0,4322
125,1,29,0.0,124,1.0,4322
126,1,29,0.0,125,1.0,4322
127,1,29,0.0,126,1.0,4322
128,1,29,0.0,127,1.0,4322
129,1,29,0.0,128,1.0,4322
130,1,29,0.0,129,0.37,4322
131,1,29,0.0,130,0.0,4322
132,1,29,0.0,131,0.0,4322
133,1,29,0.0,132,0.0,4322
134,1,29,0.0,133,0.0,4322
135,1,29,0.0,134,0.0,4322
136,1,29,0.0,135,0.0,4322
137,1,29,0.0,136,0.0,4322
138,1,29,0.0,137,0.0,4322
139,1,29,0.0,138,0.0,4322
140,1,29,0.0,139,0.0,4322
141,1,29,0.0,140,0.0,4322
142,1,29,0.0,141,0.0,4322
143,1,29,0.0,142,0.0,4322
144,1,29,0.0,143,0.0,4322
145,1,29,0.0,144,0.0,4322
146,1,29,0.0,145,0.0,4322
147,1,29,0.0,146,0.0,4322
148,1,29,0.0,147,0.7,4322
149,1,29,0.0,148,1.0,4322
150,1,29,0.0,149,1.0,4322
151,1,29,0.0,150,1.0,4322
152,1,29,0.0,151,1.0,4322
153,1,29,0.0,152,1.0,4322
154,1,29,0.0,153,1.0,4322
155,1,29,0.0,154,1.0,4322
156,1,29,0.0,155,0.25,4322
157,1,29,0.0,156,0.0,4322
158,1,29,0.0,157,0.0,4322
159,1,29,0.0,158,0.0,4322
160,1,29,0.0,159,0.0,4322
161,1,29,0.0,160,0.0,4322
162,1,29,0.0,161,0.0,4322
163,1,29,0.0,162,0.0,4322
1,1,30,0.0,0,0.0,7230
2,1,30,0.0,1,0.0,7230
3,1,30,0.0,2,0.0,7230
4,1,30,0.0,3,0.0,7230
5,1,30,0.0,4,0.0,7230
6,1,30,0.0,5,0.0,7230
7,1,30,0.0,6,0.0,7230
8,1,30,0.0,7,0.0,7230
9,1,30,0.0,8,0.0,7230
10,1,30,0.0,9,0.0,7230
11,1,30,0.0,10,0.0,7230
12,1,30,0.0,11,0.0,7230
13,1,30,0.0,12,0.0,7230
14,1,30,0.0,13,0.0,7230
15,1,30,0.0,14,0.0,7230
16,1,30,0.0,15,0.0,7230
17,1,30,0.0,16,0.0,7230
18,1,30,0.0,17,0.0,7230
19,1,30,0.0,18,0.0,7230
20,1,30,0.0,19,0.0,7230
21,1,30,0.0,20,0.0,7230
22,1,30,0.0,21,0.0,7230
23,1,30,0.0,22,0.0,7230
24,1,30,0.0,23,0.0,7230
25,1,30,0.0,24,0.0,7230
26,1,30,0.0,25,0.0,7230
27,1,30,0.0,26,0.0,7230
28,1,30,0.0,27,0.0,7230
29,1,30,0.0,28,0.0,7230
30,1,30,0.0,29,0.0,7230
31,1,30,0.0,30,0.0,7230
32,1,30,0.0,31,0.0,7230
33,1,30,0.0,32,0.0,7230
34,1,30,0.0,33,0.0,7230
35,1,30,0.0,34,0.0,7230
36,1,30,0.0,35,0.0,7230
37,1,30,0.0,36,0.0,7230
38,1,30,0.0,37,0.0,7230
39,1,30,0.0,38,0.0,7230
40,1,30,0.0,39,0.0,7230
41,1,30,0.0,40,0.0,7230
42,1,30,0.0,41,0.0,7230
43,1,30,0.0,42,0.0,7230
44,1,30,0.0,43,0.0,7230
45,1,30,0.0,44,0.0,7230
46,1,30,0.0,45,0.0,7230
47,1,30,0.0,46,0.0,7230
48,1,30,0.0,47,0.0,7230
49,1,30,0.0,48,0.0,7230
50,1,30,0.0,49,0.0,7230
51,1,30,0.0,50,0.0,7230
52,1,30,0.0,51,0.0,7230
53,1,30,0.0,52,0.0,7230
54,1,30,0.0,53,0.0,7230
55,1,30,0.0,54,0.0,7230
56,1,30,0.0,55,0.0,7230
57,1,30,0.0,56,0.0,7230
58,1,30,0.0,57,0.0,7230
59,1,30,0.0,58,0.0,7230
60,1,30,0.0,59,0.0,7230
61,1,30,0.0,60,0.0,7230
62,1,30,0.0,61,0.0,7230
63,1,30,0.0,62,0.0,7230
64,1,30,0.0,63,0.0,7230
65,1,30,0.0,64,0.0,7230
66,1,30,0.0,65,0.0,7230
67,1,30,0.0,66,0.0,7230
68,1,30,0.0,67,0.0,7230
69,1,30,0.0,68,0.0,7230
70,1,30,0.0,69,0.0,7230
71,1,30,0.0,70,0.0,7230
72,1,30,0.0,71,0.0,7230
73,1,30,0.0,72,0.0,7230
74,1,30,0.0,73,0.0,7230
75,1,30,0.0,74,0.0,7230
76,1,30,0.0,75,0.0,7230
77,1,30,0.0,76,0.0,7230
78,1,30,0.0,77,0.0,7230
79,1,30,0.0,78,0.0,7230
80,1,30,0.0,79,0.0,7230
81,1,30,0.0,80,0.0,7230
82,1,30,0.0,81,0.0,7230
83,1,30,0.0,82,0.0,7230
84,1,30,0.0,83,0.0,7230
85,1,30,0.0,84,0.0,7230
86,1,30,0.0,85,0.0,7230
87,1,30,0.0,86,0.0,7230
88,1,30,0.0,87,0.0,7230
89,1,30,0.0,88,0.0,7230
90,1,30,0.0,89,0.0,7230
91,1,30,0.0,90,0.0,7230
92,1,30,0.0,91,0.0,7230
93,1,30,0.0,92,0.0,7230
94,1,30,0.0,93,0.0,7230
95,1,30,0.0,94,0.0,7230
96,1,30,0.0,95,0.0,7230
97,1,30,0.0,96,0.0,7230
98,1,30,0.0,97,0.0,7230
99,1,30,0.0,98,0.0,7230
100,1,30,0.0,99,0.0,7230
101,1,30,0.0,100,0.0,7230
102,1,30,0.0,101,0.0,7230
103,1,30,0.0,102,0.0,7230
104,1,30,0.0,103,0.0,7230
105,1,30,0.0,104,0.0,7230
106,1,30,0.0,105,0.0,7230
107,1,30,0.0,106,0.0,7230
108,1,30,0.0,107,0.0,7230
109,1,30,0.0,108,0.0,7230
110,1,30,0.0,109,0.0,7230
111,1,30,0.0,110,0.0,7230
112,1,30,0.0,111,0.0,7230
113,1,30,0.0,112,0.0,7230
114,1,30,0.0,113,0.0,7230
115,1,30,0.0,114,0.0,7230
116,1,30,0.0,115,0.0,7230
117,1,30,0.0,116,0.0,7230
118,1,30,0.0,117,0.0,7230
119,1,30,0.0,118,0.0,7230
120,1,30,0.0,119,0.0,7230
121,1,30,0.0,120,0.0,7230
122,1,30,0.0,121,0.0,7230
123,1,30,0.0,122,0.0,7230
124,1,30,0.0,123,0.0,7230
125,1,30,0.0,124,0.0,7230
126,1,30,0.0,125,0.0,7230
127,1,30,0.0,126,0.0,7230
128,1,30,0.0,127,0.0,7230
129,1,30,0.0,128,0.0,7230
130,1,30,0.0,129,0.0,7230
131,1,30,0.0,130,0.0,7230
132,1,30,0.0,131,0.0,7230
133,1,30,0.0,132,0.0,7230
134,1,30,0.0,133,0.0,7230
135,1,30,0.0,134,0.0,7230
136,1,30,0.0,135,0.0,7230
137,1,30,0.0,136,0.0,7230
138,1,30,0.0,137,0.0,7230
139,1,30,0.0,138,0.0,7230
140,1,30,0.0,139,0.0,7230
141,1,30,0.0,140,0.0,7230
142,1,30,0.0,141,0.0,7230
143,1,30,0.0,142,0.0,7230
144,1,30,0.0,143,0.0,7230
145,1,30,0.0,144,0.0,7230
146,1,30,0.0,145,0.0,7230
147,1,30,0.0,146,0.0,7230
148,1,30,0.0,147,0.0,7230
149,1,30,0.0,148,0.0,7230
150,1,30,0.0,149,0.0,7230
151,1,30,0.0,150,0.0,7230
152,1,30,0.0,151,0.0,7230
153,1,30,0.0,152,0.0,7230
154,1,30,0.0,153,0.0,7230
155,1,30,0.0,154,0.0,7230
156,1,30,0.0,155,0.0,7230
157,1,30,0.0,156,0.0,7230
158,1,30,0.0,157,0.0,7230
159,1,30,0.0,158,0.0,7230
160,1,30,0.0,159,0.0,7230
161,1,30,0.0,160,0.0,7230
162,1,30,0.0,161,0.0,7230
163,1,30,0.0,162,0.0,7230
1,1,30,0.0,0,0.0,3408
2,1,30,0.0,1,0.0,3408
3,1,30,0.0,2,0.0,3408
4,1,30,0.0,3,0.0,3408
5,1,30,0.0,4,0.0,3408
6,1,30,0.0,5,0.0,3408
7,1,30,0.0,6,0.0,3408
8,1,30,0.0,7,0.0,3408
9,1,30,0.0,8,0.0,3408
10,1,30,0.0,9,0.0,3408
11,1,30,0.0,10,0.0,3408
12,1,30,0.0,11,0.0,3408
13,1,30,0.0,12,0.0,3408
14,1,30,0.0,13,0.0,3408
15,1,30,0.0,14,0.0,3408
16,1,30,0.0,15,0.0,3408
17,1,30,0.0,16,0.0,3408
18,1,30,0.0,17,0.0,3408
19,1,30,0.0,18,0.0,3408
20,1,30,0.0,19,0.0,3408
21,1,30,0.0,20,0.0,3408
22,1,30,0.0,21,0.0,3408
23,1,30,0.0,22,0.0,3408
24,1,30,0.0,23,0.0,3408
25,1,30,0.0,24,0.0,3408
26,1,30,0.0,25,0.0,3408
27,1,30,0.0,26,0.0,3408
28,1,30,0.0,27,0.0,3408
29,1,30,0.0,28,0.0,3408
30,1,30,0.0,29,0.0,3408
31,1,30,0.0,30,0.0,3408
32,1,30,0.0,31,0.0,3408
33,1,30,0.0,32,0.0,3408
34,1,30,0.0,33,0.0,3408
35,1,30,0.0,34,0.0,3408
36,1,30,0.0,35,0.0,3408
37,1,30,0.0,36,0.0,3408
38,1,30,0.0,37,0.0,3408
39,1,30,0.0,38,0.0,3408
40,1,30,0.0,39,0.0,3408
41,1,30,0.0,40,0.0,3408
42,1,30,0.0,41,0.0,3408
43,1,30,0.0,42,0.0,3408
44,1,30,0.0,43,0.0,3408
45,1,30,0.0,44,0.0,3408
46,1,30,0.0,45,0.0,3408
47,1,30,0.0,46,0.0,3408
48,1,30,0.0,47,0.0,3408
49,1,30,0.0,48,0.0,3408
50,1,30,0.0,49,0.0,3408
51,1,30,0.0,50,0.0,3408
52,1,30,0.0,51,0.0,3408
53,1,30,0.0,52,0.0,3408
54,1,30,0.0,53,0.0,3408
55,1,30,0.0,54,0.0,3408
56,1,30,0.0,55,0.0,3408
57,1,30,0.0,56,0.0,3408
58,1,30,0.0,57,0.0,3408
59,1,30,0.0,58,0.0,3408
60,1,30,0.0,59,0.0,3408
61,1,30,0.0,60,0.0,3408
62,1,30,0.0,61,0.0,3408
63,1,30,0.0,62,0.0,3408
64,1,30,0.0,63,0.0,3408
65,1,30,0.0,64,0.0,3408
66,1,30,0.0,65,0.0,3408
67,1,30,0.0,66,0.0,3408
68,1,30,0.0,67,0.0,3408
69,1,30,0.0,68,0.0,3408
70,1,30,0.0,69,0.0,3408
71,1,30,0.0,70,0.0,3408
72,1,30,0.0,71,0.0,3408
73,1,30,0.0,72,0.0,3408
74,1,30,0.0,73,0.0,3408
75,1,30,0.0,74,0.0,3408
76,1,30,0.0,75,0.0,3408
77,1,30,0.0,76,0.0,3408
78,1,30,0.0,77,0.0,3408
79,1,30,0.0,78,0.0,3408
80,1,30,0.0,79,0.0,3408
81,1,30,0.0,80,0.0,3408
82,1,30,0.0,81,0.0,3408
83,1,30,0.0,82,0.0,3408
84,1,30,0.0,83,0.0,3408
85,1,30,0.0,84,0.0,3408
86,1,30,0.0,85,0.0,3408
87,1,30,0.0,86,0.0,3408
88,1,30,0.0,87,0.0,3408
89,1,30,0.0,88,0.0,3408
90,1,30,0.0,89,0.0,3408
91,1,30,0.0,90,0.0,3408
92,1,30,0.0,91,0.0,3408
93,1,30,0.0,92,0.0,3408
94,1,30,0.0,93,0.0,3408
95,1,30,0.0,94,0.0,3408
96,1,30,0.0,95,0.0,3408
97,1,30,0.0,96,0.0,3408
98,1,30,0.0,97,0.0,3408
99,1,30,0.0,98,0.0,3408
100,1,30,0.0,99,0.0,3408
101,1,30,0.0,100,0.02,3408
102,1,30,0.0,101,1.0,3408
103,1,30,0.0,102,0.44,3408
104,1,30,0.0,103,0.0,3408
105,1,30,0.0,104,0.0,3408
106,1,30,0.0,105,0.0,3408
107,1,30,0.0,106,0.0,3408
108,1,30,0.0,107,0.0,3408
109,1,30,0.0,108,0.0,3408
110,1,30,0.0,109,0.0,3408
111,1,30,0.0,110,0.0,3408
112,1,30,0.0,111,0.0,3408
113,1,30,0.0,112,0.0,3408
114,1,30,0.0,113,0.0,3408
115,1,30,0.0,114,0.0,3408
116,1,30,0.0,115,0.0,3408
117,1,30,0.0,116,0.0,3408
118,1,30,0.0,117,0.0,3408
119,1,30,0.0,118,0.0,3408
120,1,30,0.0,119,0.0,3408
121,1,30,0.0,120,0.0,3408
122,1,30,0.0,121,0.0,3408
123,1,30,0.0,122,0.0,3408
124,1,30,0.0,123,0.0,3408
125,1,30,0.0,124,0.0,3408
126,1,30,0.0,125,0.0,3408
127,1,30,0.0,126,0.0,3408
128,1,30,0.0,127,0.0,3408
129,1,30,0.0,128,0.0,3408
130,1,30,0.0,129,0.0,3408
131,1,30,0.0,130,0.0,3408
132,1,30,0.0,131,0.0,3408
133,1,30,0.0,132,0.01,3408
134,1,30,0.0,133,0.15,3408
135,1,30,0.0,134,1.0,3408
136,1,30,0.0,135,0.89,3408
137,1,30,0.0,136,0.0,3408
138,1,30,0.0,137,0.0,3408
139,1,30,0.0,138,0.0,3408
140,1,30,0.0,139,0.0,3408
141,1,30,0.0,140,0.0,3408
142,1,30,0.0,141,0.0,3408
143,1,30,0.0,142,0.0,3408
144,1,30,0.0,143,0.0,3408
145,1,30,0.0,144,0.0,3408
146,1,30,0.0,145,0.0,3408
147,1,30,0.0,146,0.0,3408
148,1,30,0.0,147,0.0,3408
149,1,30,0.0,148,0.0,3408
150,1,30,0.0,149,0.0,3408
151,1,30,0.0,150,0.0,3408
152,1,30,0.0,151,0.0,3408
153,1,30,0.0,152,0.0,3408
154,1,30,0.0,153,0.0,3408
155,1,30,0.0,154,0.0,3408
156,1,30,0.0,155,0.0,3408
157,1,30,0.0,156,0.0,3408
158,1,30,0.0,157,0.0,3408
159,1,30,0.0,158,0.0,3408
160,1,30,0.0,159,0.0,3408
161,1,30,0.0,160,0.0,3408
162,1,30,0.0,161,0.0,3408
163,1,30,0.0,162,0.0,3408
1,1,30,0.0,0,0.0,4470
2,1,30,0.0,1,0.0,4470
3,1,30,0.0,2,0.0,4470
4,1,30,0.0,3,0.0,4470
5,1,30,0.0,4,0.0,4470
6,1,30,0.0,5,0.0,4470
7,1,30,0.0,6,0.0,4470
8,1,30,0.0,7,0.0,4470
9,1,30,0.0,8,0.0,4470
10,1,30,0.0,9,0.0,4470
11,1,30,0.0,10,0.0,4470
12,1,30,0.0,11,0.0,4470
13,1,30,0.0,12,0.0,4470
14,1,30,0.0,13,0.0,4470
15,1,30,0.0,14,0.0,4470
16,1,30,0.0,15,0.0,4470
17,1,30,0.0,16,0.0,4470
18,1,30,0.0,17,0.0,4470
19,1,30,0.0,18,0.0,4470
20,1,30,0.0,19,0.0,4470
21,1,30,0.0,20,0.0,4470
22,1,30,0.0,21,0.0,4470
23,1,30,0.0,22,0.0,4470
24,1,30,0.0,23,0.0,4470
25,1,30,0.0,24,0.0,4470
26,1,30,0.0,25,0.0,4470
27,1,30,0.0,26,0.0,4470
28,1,30,0.0,27,0.0,4470
29,1,30,0.0,28,0.0,4470
30,1,30,0.0,29,0.0,4470
31,1,30,0.0,30,0.0,4470
32,1,30,0.0,31,0.0,4470
33,1,30,0.0,32,0.0,4470
34,1,30,0.0,33,0.0,4470
35,1,30,0.0,34,0.0,4470
36,1,30,0.0,35,0.0,4470
37,1,30,0.0,36,0.0,4470
38,1,30,0.0,37,0.0,4470
39,1,30,0.0,38,0.0,4470
40,1,30,0.0,39,0.0,4470
41,1,30,0.0,40,0.0,4470
42,1,30,0.0,41,0.0,4470
43,1,30,0.0,42,0.0,4470
44,1,30,0.0,43,0.0,4470
45,1,30,0.0,44,0.0,4470
46,1,30,0.0,45,0.0,4470
47,1,30,0.0,46,0.0,4470
48,1,30,0.0,47,0.0,4470
49,1,30,0.0,48,0.0,4470
50,1,30,0.0,49,0.0,4470
51,1,30,0.0,50,0.0,4470
52,1,30,0.0,51,0.0,4470
53,1,30,0.0,52,0.0,4470
54,1,30,0.0,53,0.0,4470
55,1,30,0.0,54,0.0,4470
56,1,30,0.0,55,0.0,4470
57,1,30,0.0,56,0.0,4470
58,1,30,0.0,57,0.0,4470
59,1,30,0.0,58,0.0,4470
60,1,30,0.0,59,0.0,4470
61,1,30,0.0,60,0.0,4470
62,1,30,0.0,61,0.0,4470
63,1,30,0.0,62,0.0,4470
64,1,30,0.0,63,0.0,4470
65,1,30,0.0,64,0.0,4470
66,1,30,0.0,65,0.0,4470
67,1,30,0.0,66,0.0,4470
68,1,30,0.0,67,0.0,4470
69,1,30,0.0,68,0.0,4470
70,1,30,0.0,69,0.0,4470
71,1,30,0.0,70,0.0,4470
72,1,30,0.0,71,0.0,4470
73,1,30,0.0,72,0.0,4470
74,1,30,0.0,73,0.0,4470
75,1,30,0.0,74,0.0,4470
76,1,30,0.0,75,0.0,4470
77,1,30,0.0,76,0.0,4470
78,1,30,0.0,77,0.0,4470
79,1,30,0.0,78,0.0,4470
80,1,30,0.0,79,0.0,4470
81,1,30,0.0,80,0.0,4470
82,1,30,0.0,81,0.0,4470
83,1,30,0.0,82,0.0,4470
84,1,30,0.0,83,0.0,4470
85,1,30,0.0,84,0.0,4470
86,1,30,0.0,85,0.0,4470
87,1,30,0.0,86,0.0,4470
88,1,30,0.0,87,0.0,4470
89,1,30,0.0,88,0.0,4470
90,1,30,0.0,89,0.0,4470
91,1,30,0.0,90,0.0,4470
92,1,30,0.0,91,0.0,4470
93,1,30,0.0,92,0.0,4470
94,1,30,0.0,93,0.0,4470
95,1,30,0.0,94,0.0,4470
96,1,30,0.0,95,0.0,4470
97,1,30,0.0,96,0.0,4470
98,1,30,0.0,97,0.0,4470
99,1,30,0.0,98,0.0,4470
100,1,30,0.0,99,0.0,4470
101,1,30,0.0,100,0.0,4470
102,1,30,0.0,101,0.0,4470
103,1,30,0.0,102,0.0,4470
104,1,30,0.0,103,0.0,4470
105,1,30,0.0,104,0.0,4470
106,1,30,0.0,105,0.0,4470
107,1,30,0.0,106,0.0,4470
108,1,30,0.0,107,0.0,4470
109,1,30,0.0,108,0.0,4470
110,1,30,0.0,109,0.0,4470
111,1,30,0.0,110,0.0,4470
112,1,30,0.0,111,0.0,4470
113,1,30,0.0,112,0.0,4470
114,1,30,0.0,113,0.0,4470
115,1,30,0.0,114,0.0,4470
116,1,30,0.0,115,0.0,4470
117,1,30,0.0,116,0.0,4470
118,1,30,0.0,117,0.0,4470
119,1,30,0.0,118,0.0,4470
120,1,30,0.0,119,0.0,4470
121,1,30,0.0,120,0.0,4470
122,1,30,0.0,121,0.0,4470
123,1,30,0.0,122,0.0,4470
124,1,30,0.0,123,0.0,4470
125,1,30,0.0,124,0.0,4470
126,1,30,0.0,125,0.0,4470
127,1,30,0.0,126,0.0,4470
128,1,30,0.0,127,0.0,4470
129,1,30,0.0,128,0.0,4470
130,1,30,0.0,129,0.0,4470
131,1,30,0.0,130,0.0,4470
132,1,30,0.0,131,0.0,4470
133,1,30,0.0,132,0.0,4470
134,1,30,0.0,133,0.0,4470
135,1,30,0.0,134,0.0,4470
136,1,30,0.0,135,0.0,4470
137,1,30,0.0,136,0.0,4470
138,1,30,0.0,137,0.0,4470
139,1,30,0.0,138,0.0,4470
140,1,30,0.0,139,0.0,4470
141,1,30,0.0,140,0.0,4470
142,1,30,0.0,141,0.0,4470
143,1,30,0.0,142,0.0,4470
144,1,30,0.0,143,0.0,4470
145,1,30,0.0,144,0.0,4470
146,1,30,0.0,145,0.0,4470
147,1,30,0.0,146,0.0,4470
148,1,30,0.0,147,0.0,4470
149,1,30,0.0,148,0.0,4470
150,1,30,0.0,149,0.0,4470
151,1,30,0.0,150,0.0,4470
152,1,30,0.0,151,0.0,4470
153,1,30,0.0,152,0.0,4470
154,1,30,0.0,153,0.0,4470
155,1,30,0.0,154,0.0,4470
156,1,30,0.0,155,0.0,4470
157,1,30,0.0,156,0.0,4470
158,1,30,0.0,157,0.0,4470
159,1,30,0.0,158,0.0,4470
160,1,30,0.0,159,0.0,4470
161,1,30,0.0,160,0.0,4470
162,1,30,0.0,161,0.0,4470
163,1,30,0.0,162,0.0,4470
1,1,30,0.0,0,0.0,5669
2,1,30,0.0,1,0.0,5669
3,1,30,0.0,2,0.0,5669
4,1,30,0.0,3,0.0,5669
5,1,30,0.0,4,0.0,5669
6,1,30,0.0,5,0.0,5669
7,1,30,0.0,6,0.0,5669
8,1,30,0.0,7,0.0,5669
9,1,30,0.0,8,0.0,5669
10,1,30,0.0,9,0.0,5669
11,1,30,0.0,10,0.0,5669
12,1,30,0.0,11,0.0,5669
13,1,30,0.0,12,0.0,5669
14,1,30,0.0,13,0.0,5669
15,1,30,0.0,14,0.0,5669
16,1,30,0.0,15,0.0,5669
17,1,30,0.0,16,0.0,5669
18,1,30,0.0,17,0.0,5669
19,1,30,0.0,18,0.0,5669
20,1,30,0.0,19,0.0,5669
21,1,30,0.0,20,0.0,5669
22,1,30,0.0,21,0.0,5669
23,1,30,0.0,22,0.6,5669
24,1,30,0.0,23,0.1,5669
25,1,30,0.0,24,0.0,5669
26,1,30,0.0,25,0.0,5669
27,1,30,0.0,26,0.0,5669
28,1,30,0.0,27,0.0,5669
29,1,30,0.0,28,0.15,5669
30,1,30,0.0,29,0.0,5669
31,1,30,0.0,30,0.0,5669
32,1,30,0.0,31,0.0,5669
33,1,30,0.0,32,0.0,5669
34,1,30,0.0,33,0.0,5669
35,1,30,0.0,34,0.0,5669
36,1,30,0.0,35,0.0,5669
37,1,30,0.0,36,0.0,5669
38,1,30,0.0,37,0.0,5669
39,1,30,0.0,38,0.0,5669
40,1,30,0.0,39,0.0,5669
41,1,30,0.0,40,0.0,5669
42,1,30,0.0,41,0.0,5669
43,1,30,0.0,42,0.0,5669
44,1,30,0.0,43,0.0,5669
45,1,30,0.0,44,0.0,5669
46,1,30,0.0,45,0.0,5669
47,1,30,0.0,46,0.0,5669
48,1,30,0.0,47,0.0,5669
49,1,30,0.0,48,0.0,5669
50,1,30,0.0,49,0.0,5669
51,1,30,0.0,50,0.0,5669
52,1,30,0.0,51,0.0,5669
53,1,30,0.0,52,0.0,5669
54,1,30,0.0,53,0.0,5669
55,1,30,0.0,54,0.0,5669
56,1,30,0.0,55,0.0,5669
57,1,30,0.0,56,0.0,5669
58,1,30,0.0,57,0.0,5669
59,1,30,0.0,58,0.0,5669
60,1,30,0.0,59,0.0,5669
61,1,30,0.0,60,0.0,5669
62,1,30,0.0,61,0.0,5669
63,1,30,0.0,62,0.0,5669
64,1,30,0.0,63,0.0,5669
65,1,30,0.5,64,0.0,5669
66,1,30,0.16,65,0.0,5669
67,1,30,0.0,66,0.0,5669
68,1,30,0.0,67,0.0,5669
69,1,30,0.0,68,0.0,5669
70,1,30,0.0,69,0.0,5669
71,1,30,0.0,70,0.0,5669
72,1,30,0.0,71,0.0,5669
73,1,30,0.0,72,0.0,5669
74,1,30,0.0,73,0.0,5669
75,1,30,0.0,74,0.0,5669
76,1,30,0.0,75,0.0,5669
77,1,30,0.0,76,0.0,5669
78,1,30,0.0,77,0.0,5669
79,1,30,0.0,78,0.0,5669
80,1,30,0.0,79,0.0,5669
81,1,30,0.0,80,0.0,5669
82,1,30,0.0,81,0.0,5669
83,1,30,0.0,82,0.0,5669
84,1,30,0.0,83,0.0,5669
85,1,30,0.0,84,0.0,5669
86,1,30,0.0,85,0.0,5669
87,1,30,0.0,86,0.0,5669
88,1,30,0.0,87,0.0,5669
89,1,30,0.0,88,0.0,5669
90,1,30,0.0,89,0.0,5669
91,1,30,0.0,90,0.0,5669
92,1,30,0.0,91,0.0,5669
93,1,30,0.0,92,0.0,5669
94,1,30,0.0,93,0.0,5669
95,1,30,0.0,94,0.0,5669
96,1,30,0.0,95,0.0,5669
97,1,30,0.0,96,0.0,5669
98,1,30,0.0,97,0.0,5669
99,1,30,0.0,98,0.0,5669
100,1,30,0.0,99,0.0,5669
101,1,30,0.0,100,0.0,5669
102,1,30,0.0,101,0.0,5669
103,1,30,0.0,102,0.0,5669
104,1,30,0.0,103,0.9,5669
105,1,30,0.0,104,1.0,5669
106,1,30,0.0,105,1.0,5669
107,1,30,0.0,106,1.0,5669
108,1,30,0.0,107,1.0,5669
109,1,30,0.0,108,1.0,5669
110,1,30,0.0,109,1.0,5669
111,1,30,0.0,110,1.0,5669
112,1,30,0.0,111,1.0,5669
113,1,30,0.0,112,0.95,5669
114,1,30,0.1,113,0.0,5669
115,1,30,0.55,114,0.0,5669
116,1,30,0.0,115,0.0,5669
117,1,30,0.0,116,0.0,5669
118,1,30,0.0,117,0.0,5669
119,1,30,0.0,118,0.0,5669
120,1,30,0.0,119,0.0,5669
121,1,30,0.0,120,0.0,5669
122,1,30,0.0,121,0.0,5669
123,1,30,0.0,122,0.0,5669
124,1,30,0.0,123,0.0,5669
125,1,30,0.0,124,0.0,5669
126,1,30,0.0,125,0.0,5669
127,1,30,0.0,126,0.0,5669
128,1,30,0.0,127,0.0,5669
129,1,30,0.6,128,0.0,5669
130,1,30,0.03,129,0.0,5669
131,1,30,0.0,130,0.0,5669
132,1,30,0.0,131,0.0,5669
133,1,30,0.45,132,0.0,5669
134,1,30,1.0,133,0.0,5669
135,1,30,1.0,134,0.0,5669
136,1,30,1.0,135,0.0,5669
137,1,30,1.0,136,0.0,5669
138,1,30,1.0,137,0.0,5669
139,1,30,1.0,138,0.0,5669
140,1,30,1.0,139,0.0,5669
141,1,30,0.61,140,0.2,5669
142,1,30,0.0,141,1.0,5669
143,1,30,0.0,142,1.0,5669
144,1,30,0.0,143,1.0,5669
145,1,30,0.0,144,1.0,5669
146,1,30,0.0,145,1.0,5669
147,1,30,0.0,146,1.0,5669
148,1,30,0.0,147,1.0,5669
149,1,30,0.0,148,1.0,5669
150,1,30,0.0,149,1.0,5669
151,1,30,0.0,150,1.0,5669
152,1,30,0.0,151,1.0,5669
153,1,30,0.0,152,1.0,5669
154,1,30,0.0,153,1.0,5669
155,1,30,0.0,154,0.12,5669
156,1,30,0.75,155,0.0,5669
157,1,30,1.0,156,0.0,5669
158,1,30,0.11,157,0.0,5669
159,1,30,0.0,158,0.0,5669
160,1,30,0.0,159,0.0,5669
161,1,30,0.0,160,0.65,5669
162,1,30,0.0,161,1.0,5669
163,1,30,0.0,162,1.0,5669
1,1,30,0.0,0,0.0,9408
2,1,30,0.0,1,0.0,9408
3,1,30,0.0,2,0.0,9408
4,1,30,0.0,3,0.0,9408
5,1,30,0.0,4,0.0,9408
6,1,30,0.0,5,0.0,9408
7,1,30,0.0,6,0.0,9408
8,1,30,0.0,7,0.0,9408
9,1,30,0.0,8,0.0,9408
10,1,30,0.0,9,0.0,9408
11,1,30,0.0,10,0.0,9408
12,1,30,0.0,11,0.0,9408
13,1,30,0.0,12,0.0,9408
14,1,30,0.0,13,0.0,9408
15,1,30,0.0,14,0.0,9408
16,1,30,0.0,15,0.0,9408
17,1,30,0.0,16,0.0,9408
18,1,30,0.0,17,0.0,9408
19,1,30,0.0,18,0.0,9408
20,1,30,0.0,19,0.0,9408
21,1,30,0.0,20,0.0,9408
22,1,30,0.0,21,0.0,9408
23,1,30,0.0,22,0.0,9408
24,1,30,0.0,23,0.0,9408
25,1,30,0.0,24,0.0,9408
26,1,30,0.0,25,0.0,9408
27,1,30,0.0,26,0.0,9408
28,1,30,0.0,27,0.0,9408
29,1,30,0.0,28,0.0,9408
30,1,30,0.0,29,0.0,9408
31,1,30,0.0,30,0.0,9408
32,1,30,0.0,31,0.0,9408
33,1,30,0.0,32,0.75,9408
34,1,30,0.0,33,1.0,9408
35,1,30,0.0,34,0.37,9408
36,1,30,0.0,35,0.0,9408
37,1,30,0.0,36,0.0,9408
38,1,30,0.0,37,0.0,9408
39,1,30,0.0,38,0.0,9408
40,1,30,0.0,39,0.0,9408
41,1,30,0.0,40,0.0,9408
42,1,30,0.0,41,0.0,9408
43,1,30,0.0,42,0.0,9408
44,1,30,0.0,43,0.0,9408
45,1,30,0.0,44,0.0,9408
46,1,30,0.0,45,0.0,9408
47,1,30,0.0,46,0.0,9408
48,1,30,0.0,47,0.0,9408
49,1,30,0.0,48,0.0,9408
50,1,30,0.0,49,0.0,9408
51,1,30,0.0,50,0.0,9408
52,1,30,0.0,51,0.0,9408
53,1,30,0.0,52,0.0,9408
54,1,30,0.0,53,0.0,9408
55,1,30,0.0,54,0.0,9408
56,1,30,0.0,55,0.0,9408
57,1,30,0.0,56,0.0,9408
58,1,30,0.0,57,0.0,9408
59,1,30,0.0,58,0.2,9408
60,1,30,0.0,59,1.0,9408
61,1,30,0.0,60,0.21,9408
62,1,30,0.0,61,0.0,9408
63,1,30,0.0,62,0.0,9408
64,1,30,0.0,63,0.0,9408
65,1,30,0.0,64,0.0,9408
66,1,30,0.0,65,0.0,9408
67,1,30,0.0,66,0.0,9408
68,1,30,0.0,67,0.0,9408
69,1,30,0.0,68,0.0,9408
70,1,30,0.0,69,0.0,9408
71,1,30,0.0,70,0.0,9408
72,1,30,0.0,71,0.0,9408
73,1,30,0.0,72,0.8,9408
74,1,30,0.0,73,1.0,9408
75,1,30,0.0,74,1.0,9408
76,1,30,0.0,75,1.0,9408
77,1,30,0.0,76,0.1,9408
78,1,30,0.0,77,0.0,9408
79,1,30,0.0,78,0.0,9408
80,1,30,0.0,79,0.0,9408
81,1,30,0.0,80,0.0,9408
82,1,30,0.0,81,0.0,9408
83,1,30,0.0,82,0.0,9408
84,1,30,0.0,83,0.0,9408
85,1,30,0.0,84,0.7,9408
86,1,30,0.0,85,0.45,9408
87,1,30,0.0,86,0.0,9408
88,1,30,0.0,87,0.0,9408
89,1,30,0.0,88,0.0,9408
90,1,30,0.0,89,0.0,9408
91,1,30,0.0,90,0.0,9408
92,1,30,0.0,91,0.0,9408
93,1,30,0.0,92,0.0,9408
94,1,30,0.0,93,0.0,9408
95,1,30,0.0,94,0.0,9408
96,1,30,0.0,95,0.0,9408
97,1,30,0.0,96,0.0,9408
98,1,30,0.0,97,0.0,9408
99,1,30,0.0,98,0.0,9408
100,1,30,0.0,99,0.0,9408
101,1,30,0.0,100,0.0,9408
102,1,30,0.0,101,0.0,9408
103,1,30,0.0,102,0.0,9408
104,1,30,0.0,103,0.0,9408
105,1,30,0.0,104,0.0,9408
106,1,30,0.0,105,0.0,9408
107,1,30,0.0,106,0.0,9408
108,1,30,0.0,107,0.0,9408
109,1,30,0.0,108,0.15,9408
110,1,30,0.0,109,1.0,9408
111,1,30,0.0,110,1.0,9408
112,1,30,0.0,111,1.0,9408
113,1,30,0.0,112,0.9,9408
114,1,30,0.0,113,0.0,9408
115,1,30,0.0,114,0.0,9408
116,1,30,0.0,115,0.0,9408
117,1,30,0.0,116,0.0,9408
118,1,30,0.0,117,0.0,9408
119,1,30,0.0,118,0.0,9408
120,1,30,0.0,119,0.0,9408
121,1,30,0.0,120,0.0,9408
122,1,30,0.0,121,0.0,9408
123,1,30,0.0,122,0.0,9408
124,1,30,0.0,123,0.0,9408
125,1,30,0.0,124,0.05,9408
126,1,30,0.0,125,1.0,9408
127,1,30,0.0,126,1.0,9408
128,1,30,0.0,127,0.4,9408
129,1,30,0.0,128,0.0,9408
130,1,30,0.0,129,0.0,9408
131,1,30,0.0,130,0.0,9408
132,1,30,0.0,131,0.0,9408
133,1,30,0.0,132,0.0,9408
134,1,30,0.0,133,0.0,9408
135,1,30,0.0,134,0.0,9408
136,1,30,0.0,135,0.0,9408
137,1,30,0.0,136,0.0,9408
138,1,30,0.0,137,0.0,9408
139,1,30,0.0,138,0.0,9408
140,1,30,0.0,139,0.0,9408
141,1,30,0.0,140,0.0,9408
142,1,30,0.0,141,0.0,9408
143,1,30,0.0,142,0.0,9408
144,1,30,0.0,143,0.0,9408
145,1,30,0.0,144,0.0,9408
146,1,30,0.0,145,0.0,9408
147,1,30,0.0,146,0.3,9408
148,1,30,0.0,147,1.0,9408
149,1,30,0.0,148,1.0,9408
150,1,30,0.0,149,0.85,9408
151,1,30,0.0,150,0.0,9408
152,1,30,0.0,151,0.95,9408
153,1,30,0.0,152,0.1,9408
154,1,30,0.0,153,0.0,9408
155,1,30,0.0,154,0.0,9408
156,1,30,0.0,155,0.0,9408
157,1,30,0.0,156,0.0,9408
158,1,30,0.0,157,0.1,9408
159,1,30,0.0,158,1.0,9408
160,1,30,0.0,159,0.65,9408
161,1,30,0.0,160,0.0,9408
162,1,30,0.0,161,0.0,9408
163,1,30,0.0,162,0.0,9408
1,1,30,0.0,0,0.0,2584
2,1,30,0.0,1,0.0,2584
3,1,30,0.0,2,0.0,2584
4,1,30,0.0,3,0.0,2584
5,1,30,0.0,4,0.0,2584
6,1,30,0.0,5,0.65,2584
7,1,30,0.0,6,0.0,2584
8,1,30,0.0,7,0.35,2584
9,1,30,0.0,8,0.96,2584
10,1,30,0.0,9,0.0,2584
11,1,30,0.0,10,0.0,2584
12,1,30,0.0,11,0.0,2584
13,1,30,0.0,12,0.65,2584
14,1,30,0.0,13,0.0,2584
15,1,30,0.0,14,0.6,2584
16,1,30,0.0,15,1.0,2584
17,1,30,0.0,16,0.75,2584
18,1,30,0.0,17,0.0,2584
19,1,30,0.0,18,0.0,2584
20,1,30,0.0,19,0.0,2584
21,1,30,0.0,20,0.0,2584
22,1,30,0.0,21,0.4,2584
23,1,30,0.0,22,0.25,2584
24,1,30,0.0,23,0.3,2584
25,1,30,0.0,24,0.31,2584
26,1,30,0.0,25,0.0,2584
27,1,30,0.0,26,0.0,2584
28,1,30,0.0,27,0.0,2584
29,1,30,0.0,28,0.0,2584
30,1,30,0.0,29,0.0,2584
31,1,30,0.0,30,0.0,2584
32,1,30,0.0,31,0.0,2584
33,1,30,0.0,32,0.0,2584
34,1,30,0.0,33,0.0,2584
35,1,30,0.0,34,0.0,2584
36,1,30,0.0,35,0.0,2584
37,1,30,0.0,36,0.0,2584
38,1,30,0.0,37,0.59,2584
39,1,30,0.0,38,0.06,2584
40,1,30,0.0,39,0.31,2584
41,1,30,0.0,40,0.0,2584
42,1,30,0.0,41,0.09,2584
43,1,30,0.0,42,1.0,2584
44,1,30,0.0,43,0.41,2584
45,1,30,0.0,44,0.0,2584
46,1,30,0.0,45,0.0,2584
47,1,30,0.0,46,0.0,2584
48,1,30,0.0,47,0.0,2584
49,1,30,0.0,48,0.0,2584
50,1,30,0.0,49,0.0,2584
51,1,30,0.0,50,0.0,2584
52,1,30,0.0,51,0.0,2584
53,1,30,0.0,52,0.0,2584
54,1,30,0.0,53,0.0,2584
55,1,30,0.0,54,0.0,2584
56,1,30,0.0,55,0.0,2584
57,1,30,0.0,56,0.65,2584
58,1,30,0.0,57,0.0,2584
59,1,30,0.0,58,0.16,2584
60,1,30,0.0,59,0.5,2584
61,1,30,0.0,60,0.0,2584
62,1,30,0.0,61,0.66,2584
63,1,30,0.0,62,0.0,2584
64,1,30,0.0,63,0.7,2584
65,1,30,0.0,64,0.0,2584
66,1,30,0.0,65,0.2,2584
67,1,30,0.0,66,0.0,2584
68,1,30,0.0,67,0.86,2584
69,1,30,0.0,68,0.91,2584
70,1,30,0.0,69,0.6,2584
71,1,30,0.0,70,0.0,2584
72,1,30,0.0,71,0.0,2584
73,1,30,0.0,72,0.0,2584
74,1,30,0.0,73,0.0,2584
75,1,30,0.0,74,0.0,2584
76,1,30,0.0,75,0.0,2584
77,1,30,0.0,76,0.0,2584
78,1,30,0.0,77,0.0,2584
79,1,30,0.0,78,0.0,2584
80,1,30,0.0,79,0.0,2584
81,1,30,0.0,80,0.0,2584
82,1,30,0.0,81,0.9,2584
83,1,30,0.0,82,0.99,2584
84,1,30,0.0,83,0.0,2584
85,1,30,0.0,84,0.0,2584
86,1,30,0.0,85,0.0,2584
87,1,30,0.0,86,0.0,2584
88,1,30,0.0,87,0.0,2584
89,1,30,0.0,88,0.59,2584
90,1,30,0.0,89,1.0,2584
91,1,30,0.0,90,1.0,2584
92,1,30,0.0,91,0.7,2584
93,1,30,0.0,92,1.0,2584
94,1,30,0.0,93,0.46,2584
95,1,30,0.0,94,0.0,2584
96,1,30,0.0,95,0.0,2584
97,1,30,0.0,96,0.0,2584
98,1,30,0.0,97,0.0,2584
99,1,30,0.0,98,0.0,2584
100,1,30,0.0,99,0.0,2584
101,1,30,0.0,100,0.28,2584
102,1,30,0.0,101,0.62,2584
103,1,30,0.0,102,0.0,2584
104,1,30,0.0,103,0.0,2584
105,1,30,0.0,104,0.0,2584
106,1,30,0.0,105,0.0,2584
107,1,30,0.0,106,0.0,2584
108,1,30,0.0,107,0.0,2584
109,1,30,0.0,108,0.2,2584
110,1,30,0.0,109,1.0,2584
111,1,30,0.0,110,0.2,2584
112,1,30,0.0,111,0.0,2584
113,1,30,0.0,112,0.61,2584
114,1,30,0.0,113,0.38,2584
115,1,30,0.0,114,1.0,2584
116,1,30,0.0,115,1.0,2584
117,1,30,0.0,116,0.12,2584
118,1,30,0.0,117,0.0,2584
119,1,30,0.0,118,0.0,2584
120,1,30,0.0,119,0.06,2584
121,1,30,0.0,120,1.0,2584
122,1,30,0.0,121,0.91,2584
123,1,30,0.0,122,0.0,2584
124,1,30,0.0,123,0.0,2584
125,1,30,0.0,124,0.0,2584
126,1,30,0.0,125,0.0,2584
127,1,30,0.0,126,0.0,2584
128,1,30,0.0,127,0.0,2584
129,1,30,0.0,128,0.0,2584
130,1,30,0.0,129,0.0,2584
131,1,30,0.0,130,0.0,2584
132,1,30,0.0,131,0.0,2584
133,1,30,0.0,132,0.0,2584
134,1,30,0.0,133,0.0,2584
135,1,30,0.0,134,0.0,2584
136,1,30,0.0,135,0.6,2584
137,1,30,0.0,136,0.6,2584
138,1,30,0.0,137,0.0,2584
139,1,30,0.0,138,0.0,2584
140,1,30,0.0,139,0.0,2584
141,1,30,0.0,140,0.0,2584
142,1,30,0.0,141,0.0,2584
143,1,30,0.0,142,0.66,2584
144,1,30,0.0,143,0.45,2584
145,1,30,0.0,144,0.9,2584
146,1,30,0.0,145,0.27,2584
147,1,30,0.0,146,0.0,2584
148,1,30,0.0,147,0.32,2584
149,1,30,0.0,148,0.0,2584
150,1,30,0.0,149,0.55,2584
151,1,30,0.0,150,0.35,2584
152,1,30,0.0,151,0.9,2584
153,1,30,0.0,152,1.0,2584
154,1,30,0.0,153,0.41,2584
155,1,30,0.0,154,0.0,2584
156,1,30,0.0,155,0.0,2584
157,1,30,0.0,156,0.0,2584
158,1,30,0.0,157,0.0,2584
159,1,30,0.0,158,0.0,2584
160,1,30,0.0,159,0.65,2584
161,1,30,0.0,160,1.0,2584
162,1,30,0.0,161,0.55,2584
163,1,30,0.0,162,0.0,2584
1,1,31,0.0,0,0.0,6220
2,1,31,0.0,1,0.0,6220
3,1,31,0.0,2,0.0,6220
4,1,31,0.0,3,0.0,6220
5,1,31,0.0,4,0.0,6220
6,1,31,0.0,5,0.0,6220
7,1,31,0.0,6,0.0,6220
8,1,31,0.0,7,0.0,6220
9,1,31,0.0,8,0.0,6220
10,1,31,0.0,9,0.0,6220
11,1,31,0.0,10,0.0,6220
12,1,31,0.0,11,0.0,6220
13,1,31,0.0,12,0.0,6220
14,1,31,0.0,13,0.0,6220
15,1,31,0.0,14,0.0,6220
16,1,31,0.0,15,0.0,6220
17,1,31,0.0,16,0.0,6220
18,1,31,0.0,17,0.0,6220
19,1,31,0.0,18,0.0,6220
20,1,31,0.0,19,0.0,6220
21,1,31,0.0,20,0.0,6220
22,1,31,0.0,21,0.0,6220
23,1,31,0.0,22,0.0,6220
24,1,31,0.0,23,0.0,6220
25,1,31,0.0,24,0.0,6220
26,1,31,0.0,25,0.0,6220
27,1,31,0.0,26,0.0,6220
28,1,31,0.0,27,0.0,6220
29,1,31,0.0,28,0.0,6220
30,1,31,0.0,29,0.0,6220
31,1,31,0.0,30,0.0,6220
32,1,31,0.0,31,0.0,6220
33,1,31,0.0,32,0.0,6220
34,1,31,0.0,33,0.0,6220
35,1,31,0.0,34,0.0,6220
36,1,31,0.0,35,0.0,6220
37,1,31,0.0,36,0.0,6220
38,1,31,0.0,37,0.0,6220
39,1,31,0.0,38,0.0,6220
40,1,31,0.0,39,0.0,6220
41,1,31,0.0,40,0.0,6220
42,1,31,0.0,41,0.0,6220
43,1,31,0.0,42,0.0,6220
44,1,31,0.0,43,0.0,6220
45,1,31,0.0,44,0.0,6220
46,1,31,0.0,45,0.0,6220
47,1,31,0.0,46,0.0,6220
48,1,31,0.0,47,0.0,6220
49,1,31,0.0,48,0.0,6220
50,1,31,0.0,49,0.0,6220
51,1,31,0.0,50,0.0,6220
52,1,31,0.0,51,0.0,6220
53,1,31,0.0,52,0.0,6220
54,1,31,0.0,53,0.0,6220
55,1,31,0.0,54,0.0,6220
56,1,31,0.0,55,0.0,6220
57,1,31,0.0,56,0.0,6220
58,1,31,0.0,57,0.0,6220
59,1,31,0.0,58,0.0,6220
60,1,31,0.0,59,0.0,6220
61,1,31,0.0,60,0.0,6220
62,1,31,0.0,61,0.0,6220
63,1,31,0.0,62,0.0,6220
64,1,31,0.0,63,0.0,6220
65,1,31,0.0,64,0.0,6220
66,1,31,0.0,65,0.0,6220
67,1,31,0.0,66,0.0,6220
68,1,31,0.0,67,0.0,6220
69,1,31,0.0,68,0.0,6220
70,1,31,0.0,69,0.0,6220
71,1,31,0.0,70,0.0,6220
72,1,31,0.0,71,0.0,6220
73,1,31,0.0,72,0.0,6220
74,1,31,0.0,73,0.0,6220
75,1,31,0.0,74,0.0,6220
76,1,31,0.0,75,0.0,6220
77,1,31,0.0,76,0.0,6220
78,1,31,0.0,77,0.0,6220
79,1,31,0.0,78,0.0,6220
80,1,31,0.0,79,0.45,6220
81,1,31,0.0,80,0.0,6220
82,1,31,0.0,81,0.0,6220
83,1,31,0.0,82,0.0,6220
84,1,31,0.0,83,0.0,6220
85,1,31,0.0,84,0.85,6220
86,1,31,0.0,85,0.15,6220
87,1,31,0.0,86,0.0,6220
88,1,31,0.0,87,0.0,6220
89,1,31,0.0,88,0.0,6220
90,1,31,0.0,89,0.1,6220
91,1,31,0.0,90,0.55,6220
92,1,31,0.0,91,0.0,6220
93,1,31,0.0,92,0.0,6220
94,1,31,0.0,93,0.0,6220
95,1,31,0.0,94,0.0,6220
96,1,31,0.0,95,0.0,6220
97,1,31,0.0,96,0.0,6220
98,1,31,0.0,97,0.0,6220
99,1,31,0.0,98,0.0,6220
100,1,31,0.0,99,0.0,6220
101,1,31,0.0,100,0.0,6220
102,1,31,0.0,101,0.0,6220
103,1,31,0.0,102,0.0,6220
104,1,31,0.0,103,0.0,6220
105,1,31,0.0,104,0.0,6220
106,1,31,0.0,105,0.0,6220
107,1,31,0.0,106,0.0,6220
108,1,31,0.0,107,0.0,6220
109,1,31,0.0,108,0.0,6220
110,1,31,0.0,109,0.0,6220
111,1,31,0.0,110,0.0,6220
112,1,31,0.0,111,0.0,6220
113,1,31,0.0,112,0.0,6220
114,1,31,0.0,113,0.0,6220
115,1,31,0.0,114,0.0,6220
116,1,31,0.0,115,0.0,6220
117,1,31,0.0,116,0.0,6220
118,1,31,0.0,117,0.0,6220
119,1,31,0.0,118,0.0,6220
120,1,31,0.0,119,0.0,6220
121,1,31,0.0,120,0.0,6220
122,1,31,0.0,121,0.0,6220
123,1,31,0.0,122,0.0,6220
124,1,31,0.0,123,0.0,6220
125,1,31,0.0,124,0.0,6220
126,1,31,0.0,125,0.0,6220
127,1,31,0.0,126,0.0,6220
128,1,31,0.0,127,0.0,6220
129,1,31,0.0,128,0.0,6220
130,1,31,0.0,129,0.0,6220
131,1,31,0.0,130,0.0,6220
132,1,31,0.0,131,0.0,6220
133,1,31,0.0,132,0.0,6220
134,1,31,0.0,133,0.91,6220
135,1,31,0.0,134,1.0,6220
136,1,31,0.0,135,1.0,6220
137,1,31,0.0,136,1.0,6220
138,1,31,0.0,137,0.34,6220
139,1,31,0.0,138,0.0,6220
140,1,31,0.0,139,0.0,6220
141,1,31,0.0,140,0.0,6220
142,1,31,0.0,141,0.0,6220
143,1,31,0.0,142,0.0,6220
144,1,31,0.0,143,0.0,6220
145,1,31,0.0,144,0.0,6220
146,1,31,0.0,145,0.0,6220
147,1,31,0.0,146,0.7,6220
148,1,31,0.0,147,1.0,6220
149,1,31,0.0,148,0.14,6220
150,1,31,0.0,149,0.0,6220
151,1,31,0.0,150,0.0,6220
152,1,31,0.0,151,0.0,6220
153,1,31,0.0,152,0.0,6220
154,1,31,0.0,153,0.0,6220
155,1,31,0.0,154,0.0,6220
156,1,31,0.0,155,0.0,6220
157,1,31,0.0,156,0.0,6220
158,1,31,0.0,157,0.0,6220
159,1,31,0.0,158,0.0,6220
160,1,31,0.0,159,0.0,6220
161,1,31,0.0,160,0.0,6220
162,1,31,0.0,161,0.0,6220
163,1,31,0.0,162,0.0,6220
1,1,31,0.0,0,0.0,5089
2,1,31,0.0,1,0.0,5089
3,1,31,0.0,2,0.0,5089
4,1,31,0.0,3,0.0,5089
5,1,31,0.0,4,0.0,5089
6,1,31,0.0,5,0.0,5089
7,1,31,0.0,6,0.0,5089
8,1,31,0.0,7,0.0,5089
9,1,31,0.0,8,0.0,5089
10,1,31,0.0,9,0.0,5089
11,1,31,0.0,10,0.0,5089
12,1,31,0.0,11,0.0,5089
13,1,31,0.0,12,0.0,5089
14,1,31,0.0,13,0.0,5089
15,1,31,0.0,14,0.0,5089
16,1,31,0.0,15,0.0,5089
17,1,31,0.0,16,0.0,5089
18,1,31,0.0,17,0.0,5089
19,1,31,0.0,18,0.0,5089
20,1,31,0.0,19,0.0,5089
21,1,31,0.0,20,0.0,5089
22,1,31,0.0,21,0.0,5089
23,1,31,0.0,22,0.0,5089
24,1,31,0.0,23,0.0,5089
25,1,31,0.0,24,0.0,5089
26,1,31,0.0,25,0.0,5089
27,1,31,0.0,26,0.0,5089
28,1,31,0.0,27,0.0,5089
29,1,31,0.0,28,0.0,5089
30,1,31,0.0,29,0.0,5089
31,1,31,0.0,30,0.0,5089
32,1,31,0.0,31,0.0,5089
33,1,31,0.0,32,0.0,5089
34,1,31,0.0,33,0.0,5089
35,1,31,0.0,34,0.0,5089
36,1,31,0.0,35,0.0,5089
37,1,31,0.0,36,0.0,5089
38,1,31,0.0,37,0.0,5089
39,1,31,0.0,38,0.0,5089
40,1,31,0.0,39,0.55,5089
41,1,31,0.0,40,1.0,5089
42,1,31,0.0,41,1.0,5089
43,1,31,0.0,42,1.0,5089
44,1,31,0.0,43,1.0,5089
45,1,31,0.0,44,0.1,5089
46,1,31,0.0,45,0.0,5089
47,1,31,0.0,46,0.0,5089
48,1,31,0.0,47,0.0,5089
49,1,31,0.0,48,0.0,5089
50,1,31,0.0,49,0.0,5089
51,1,31,0.0,50,0.0,5089
52,1,31,0.0,51,0.0,5089
53,1,31,0.0,52,0.0,5089
54,1,31,0.0,53,0.0,5089
55,1,31,0.0,54,0.35,5089
56,1,31,0.0,55,0.42,5089
57,1,31,0.0,56,0.9,5089
58,1,31,0.0,57,1.0,5089
59,1,31,0.0,58,0.45,5089
60,1,31,0.0,59,0.0,5089
61,1,31,0.0,60,0.0,5089
62,1,31,0.0,61,0.0,5089
63,1,31,0.0,62,0.0,5089
64,1,31,0.0,63,0.0,5089
65,1,31,0.0,64,0.0,5089
66,1,31,0.0,65,0.0,5089
67,1,31,0.0,66,0.0,5089
68,1,31,0.0,67,0.0,5089
69,1,31,0.0,68,0.0,5089
70,1,31,0.0,69,0.0,5089
71,1,31,0.0,70,0.0,5089
72,1,31,0.0,71,0.0,5089
73,1,31,0.0,72,0.0,5089
74,1,31,0.0,73,0.0,5089
75,1,31,0.0,74,0.0,5089
76,1,31,0.0,75,0.0,5089
77,1,31,0.0,76,0.0,5089
78,1,31,0.0,77,0.0,5089
79,1,31,0.0,78,0.0,5089
80,1,31,0.0,79,0.0,5089
81,1,31,0.0,80,0.0,5089
82,1,31,0.0,81,0.0,5089
83,1,31,0.0,82,0.0,5089
84,1,31,0.0,83,0.0,5089
85,1,31,0.0,84,0.0,5089
86,1,31,0.0,85,0.4,5089
87,1,31,0.0,86,0.0,5089
88,1,31,0.0,87,0.3,5089
89,1,31,0.0,88,1.0,5089
90,1,31,0.0,89,0.31,5089
91,1,31,0.0,90,0.0,5089
92,1,31,0.0,91,0.0,5089
93,1,31,0.0,92,0.0,5089
94,1,31,0.0,93,0.0,5089
95,1,31,0.0,94,0.0,5089
96,1,31,0.0,95,0.0,5089
97,1,31,0.0,96,0.0,5089
98,1,31,0.0,97,0.0,5089
99,1,31,0.0,98,0.0,5089
100,1,31,0.0,99,0.45,5089
101,1,31,0.0,100,1.0,5089
102,1,31,0.0,101,0.67,5089
103,1,31,0.0,102,0.0,5089
104,1,31,0.0,103,0.0,5089
105,1,31,0.0,104,0.0,5089
106,1,31,0.0,105,0.0,5089
107,1,31,0.0,106,0.0,5089
108,1,31,0.0,107,0.0,5089
109,1,31,0.0,108,0.0,5089
110,1,31,0.0,109,0.0,5089
111,1,31,0.0,110,0.0,5089
112,1,31,0.0,111,0.0,5089
113,1,31,0.0,112,0.0,5089
114,1,31,0.0,113,0.0,5089
115,1,31,0.0,114,0.0,5089
116,1,31,0.0,115,0.0,5089
117,1,31,0.0,116,0.0,5089
118,1,31,0.0,117,0.0,5089
119,1,31,0.0,118,0.0,5089
120,1,31,0.0,119,0.0,5089
121,1,31,0.0,120,0.0,5089
122,1,31,0.0,121,0.0,5089
123,1,31,0.0,122,0.0,5089
124,1,31,0.0,123,0.0,5089
125,1,31,0.0,124,0.0,5089
126,1,31,0.0,125,0.0,5089
127,1,31,0.0,126,0.0,5089
128,1,31,0.0,127,0.0,5089
129,1,31,0.0,128,0.0,5089
130,1,31,0.0,129,0.0,5089
131,1,31,0.0,130,0.0,5089
132,1,31,0.0,131,0.0,5089
133,1,31,0.0,132,0.0,5089
134,1,31,0.0,133,0.0,5089
135,1,31,0.0,134,0.0,5089
136,1,31,0.0,135,0.0,5089
137,1,31,0.0,136,0.0,5089
138,1,31,0.0,137,0.0,5089
139,1,31,0.0,138,0.0,5089
140,1,31,0.0,139,0.0,5089
141,1,31,0.0,140,0.0,5089
142,1,31,0.0,141,0.4,5089
143,1,31,0.0,142,0.95,5089
144,1,31,0.0,143,0.0,5089
145,1,31,0.0,144,0.0,5089
146,1,31,0.0,145,0.0,5089
147,1,31,0.0,146,0.0,5089
148,1,31,0.0,147,0.0,5089
149,1,31,0.0,148,0.0,5089
150,1,31,0.0,149,0.0,5089
151,1,31,0.0,150,0.0,5089
152,1,31,0.0,151,0.0,5089
153,1,31,0.0,152,0.0,5089
154,1,31,0.0,153,0.0,5089
155,1,31,0.0,154,0.0,5089
156,1,31,0.0,155,0.0,5089
157,1,31,0.0,156,0.0,5089
158,1,31,0.0,157,0.0,5089
159,1,31,0.0,158,0.0,5089
160,1,31,0.0,159,0.0,5089
161,1,31,0.0,160,0.0,5089
162,1,31,0.0,161,0.0,5089
163,1,31,0.0,162,0.0,5089
1,1,31,0.0,0,0.0,867
2,1,31,0.0,1,0.0,867
3,1,31,0.0,2,0.0,867
4,1,31,0.0,3,0.0,867
5,1,31,0.0,4,0.0,867
6,1,31,0.0,5,0.0,867
7,1,31,0.0,6,0.0,867
8,1,31,0.0,7,0.0,867
9,1,31,0.0,8,0.0,867
10,1,31,0.0,9,0.0,867
11,1,31,0.0,10,0.0,867
12,1,31,0.0,11,0.0,867
13,1,31,0.0,12,0.0,867
14,1,31,0.0,13,0.0,867
15,1,31,0.0,14,0.0,867
16,1,31,0.0,15,0.0,867
17,1,31,0.0,16,0.0,867
18,1,31,0.0,17,0.0,867
19,1,31,0.0,18,0.0,867
20,1,31,0.0,19,0.0,867
21,1,31,0.0,20,0.0,867
22,1,31,0.0,21,0.0,867
23,1,31,0.0,22,0.0,867
24,1,31,0.0,23,0.0,867
25,1,31,0.0,24,0.0,867
26,1,31,0.0,25,0.0,867
27,1,31,0.0,26,0.0,867
28,1,31,0.0,27,0.0,867
29,1,31,0.0,28,0.0,867
30,1,31,0.0,29,0.0,867
31,1,31,0.0,30,0.0,867
32,1,31,0.0,31,0.0,867
33,1,31,0.0,32,0.0,867
34,1,31,0.0,33,0.0,867
35,1,31,0.0,34,0.0,867
36,1,31,0.0,35,0.0,867
37,1,31,0.0,36,0.0,867
38,1,31,0.0,37,0.0,867
39,1,31,0.0,38,0.0,867
40,1,31,0.0,39,0.0,867
41,1,31,0.0,40,0.0,867
42,1,31,0.0,41,0.0,867
43,1,31,0.0,42,0.0,867
44,1,31,0.0,43,0.0,867
45,1,31,0.0,44,0.0,867
46,1,31,0.0,45,0.0,867
47,1,31,0.0,46,0.0,867
48,1,31,0.0,47,0.0,867
49,1,31,0.0,48,0.0,867
50,1,31,0.0,49,0.0,867
51,1,31,0.0,50,0.0,867
52,1,31,0.0,51,0.0,867
53,1,31,0.0,52,0.0,867
54,1,31,0.0,53,0.0,867
55,1,31,0.0,54,0.0,867
56,1,31,0.0,55,0.0,867
57,1,31,0.0,56,0.0,867
58,1,31,0.0,57,0.0,867
59,1,31,0.0,58,0.0,867
60,1,31,0.0,59,0.0,867
61,1,31,0.0,60,0.0,867
62,1,31,0.0,61,0.0,867
63,1,31,0.0,62,0.0,867
64,1,31,0.0,63,0.0,867
65,1,31,0.0,64,0.0,867
66,1,31,0.0,65,0.0,867
67,1,31,0.0,66,0.0,867
68,1,31,0.0,67,0.0,867
69,1,31,0.0,68,0.0,867
70,1,31,0.0,69,0.0,867
71,1,31,0.0,70,0.0,867
72,1,31,0.0,71,0.0,867
73,1,31,0.0,72,0.0,867
74,1,31,0.0,73,0.0,867
75,1,31,0.0,74,0.0,867
76,1,31,0.0,75,0.0,867
77,1,31,0.0,76,0.0,867
78,1,31,0.0,77,0.0,867
79,1,31,0.0,78,0.0,867
80,1,31,0.0,79,0.0,867
81,1,31,0.0,80,0.0,867
82,1,31,0.0,81,0.0,867
83,1,31,0.0,82,0.0,867
84,1,31,0.0,83,0.0,867
85,1,31,0.0,84,0.0,867
86,1,31,0.0,85,0.0,867
87,1,31,0.0,86,0.0,867
88,1,31,0.0,87,0.0,867
89,1,31,0.0,88,0.0,867
90,1,31,0.0,89,0.0,867
91,1,31,0.0,90,0.0,867
92,1,31,0.0,91,0.0,867
93,1,31,0.0,92,0.0,867
94,1,31,0.0,93,0.0,867
95,1,31,0.0,94,0.0,867
96,1,31,0.0,95,0.0,867
97,1,31,0.0,96,0.0,867
98,1,31,0.0,97,0.0,867
99,1,31,0.0,98,0.0,867
100,1,31,0.0,99,0.0,867
101,1,31,0.0,100,0.0,867
102,1,31,0.0,101,0.0,867
103,1,31,0.0,102,0.0,867
104,1,31,0.0,103,0.0,867
105,1,31,0.0,104,0.0,867
106,1,31,0.0,105,0.0,867
107,1,31,0.0,106,0.0,867
108,1,31,0.0,107,0.0,867
109,1,31,0.0,108,0.0,867
110,1,31,0.0,109,0.0,867
111,1,31,0.0,110,0.0,867
112,1,31,0.0,111,0.0,867
113,1,31,0.0,112,0.0,867
114,1,31,0.0,113,0.0,867
115,1,31,0.0,114,0.0,867
116,1,31,0.0,115,0.0,867
117,1,31,0.0,116,0.0,867
118,1,31,0.0,117,0.0,867
119,1,31,0.0,118,0.0,867
120,1,31,0.0,119,0.0,867
121,1,31,0.0,120,0.0,867
122,1,31,0.0,121,0.0,867
123,1,31,0.0,122,0.0,867
124,1,31,0.0,123,0.0,867
125,1,31,0.0,124,0.0,867
126,1,31,0.0,125,0.0,867
127,1,31,0.0,126,0.0,867
128,1,31,0.0,127,0.0,867
129,1,31,0.0,128,0.0,867
130,1,31,0.0,129,0.0,867
131,1,31,0.0,130,0.0,867
132,1,31,0.0,131,0.0,867
133,1,31,0.0,132,0.0,867
134,1,31,0.0,133,0.0,867
135,1,31,0.0,134,0.0,867
136,1,31,0.0,135,0.0,867
137,1,31,0.0,136,0.0,867
138,1,31,0.0,137,0.0,867
139,1,31,0.0,138,0.0,867
140,1,31,0.0,139,0.0,867
141,1,31,0.0,140,0.0,867
142,1,31,0.0,141,0.0,867
143,1,31,0.0,142,0.0,867
144,1,31,0.0,143,0.0,867
145,1,31,0.0,144,0.0,867
146,1,31,0.0,145,0.0,867
147,1,31,0.0,146,0.0,867
148,1,31,0.0,147,0.0,867
149,1,31,0.0,148,0.0,867
150,1,31,0.0,149,0.0,867
151,1,31,0.0,150,0.0,867
152,1,31,0.0,151,0.0,867
153,1,31,0.0,152,0.0,867
154,1,31,0.0,153,0.0,867
155,1,31,0.0,154,0.0,867
156,1,31,0.0,155,0.0,867
157,1,31,0.0,156,0.0,867
158,1,31,0.0,157,0.0,867
159,1,31,0.0,158,0.0,867
160,1,31,0.0,159,0.0,867
161,1,31,0.0,160,0.0,867
162,1,31,0.0,161,0.0,867
163,1,31,0.0,162,0.0,867
1,1,32,0.0,0,0.0,1836
2,1,32,0.0,1,0.0,1836
3,1,32,0.0,2,0.0,1836
4,1,32,0.0,3,0.0,1836
5,1,32,0.0,4,0.2,1836
6,1,32,0.0,5,1.0,1836
7,1,32,0.0,6,1.0,1836
8,1,32,0.0,7,1.0,1836
9,1,32,0.0,8,0.93,1836
10,1,32,0.0,9,0.95,1836
11,1,32,0.0,10,1.0,1836
12,1,32,0.0,11,0.47,1836
13,1,32,0.0,12,0.0,1836
14,1,32,0.0,13,0.05,1836
15,1,32,0.0,14,1.0,1836
16,1,32,0.0,15,1.0,1836
17,1,32,0.0,16,0.9,1836
18,1,32,0.0,17,0.52,1836
19,1,32,0.0,18,0.0,1836
20,1,32,0.0,19,0.0,1836
21,1,32,0.0,20,0.0,1836
22,1,32,0.0,21,0.0,1836
23,1,32,0.0,22,0.0,1836
24,1,32,0.95,23,0.0,1836
25,1,32,1.0,24,0.0,1836
26,1,32,0.22,25,0.0,1836
27,1,32,0.0,26,0.0,1836
28,1,32,0.0,27,0.0,1836
29,1,32,0.0,28,0.0,1836
30,1,32,0.0,29,0.0,1836
31,1,32,0.0,30,0.0,1836
32,1,32,0.65,31,0.0,1836
33,1,32,0.8,32,0.0,1836
34,1,32,0.0,33,0.0,1836
35,1,32,0.0,34,0.0,1836
36,1,32,0.0,35,0.0,1836
37,1,32,0.0,36,0.0,1836
38,1,32,0.0,37,0.0,1836
39,1,32,0.0,38,0.0,1836
40,1,32,0.0,39,0.1,1836
41,1,32,0.0,40,0.0,1836
42,1,32,0.0,41,0.65,1836
43,1,32,0.0,42,0.56,1836
44,1,32,0.85,43,0.0,1836
45,1,32,1.0,44,0.0,1836
46,1,32,1.0,45,0.0,1836
47,1,32,1.0,46,0.0,1836
48,1,32,1.0,47,0.0,1836
49,1,32,1.0,48,0.0,1836
50,1,32,0.55,49,0.0,1836
51,1,32,0.65,50,0.0,1836
52,1,32,1.0,51,0.0,1836
53,1,32,1.0,52,0.0,1836
54,1,32,1.0,53,0.0,1836
55,1,32,1.0,54,0.0,1836
56,1,32,1.0,55,0.0,1836
57,1,32,1.0,56,0.0,1836
58,1,32,1.0,57,0.0,1836
59,1,32,1.0,58,0.0,1836
60,1,32,1.0,59,0.0,1836
61,1,32,1.0,60,0.0,1836
62,1,32,1.0,61,0.0,1836
63,1,32,1.0,62,0.0,1836
64,1,32,1.0,63,0.0,1836
65,1,32,1.0,64,0.0,1836
66,1,32,1.0,65,0.0,1836
67,1,32,1.0,66,0.0,1836
68,1,32,1.0,67,0.0,1836
69,1,32,1.0,68,0.0,1836
70,1,32,0.0,69,0.0,1836
71,1,32,0.0,70,0.0,1836
72,1,32,0.0,71,0.0,1836
73,1,32,0.0,72,0.0,1836
74,1,32,0.0,73,0.0,1836
75,1,32,0.0,74,0.0,1836
76,1,32,0.0,75,0.0,1836
77,1,32,0.0,76,0.0,1836
78,1,32,0.0,77,0.0,1836
79,1,32,0.0,78,0.0,1836
80,1,32,0.0,79,0.0,1836
81,1,32,0.0,80,0.0,1836
82,1,32,0.0,81,0.0,1836
83,1,32,0.0,82,0.05,1836
84,1,32,0.0,83,0.7,1836
85,1,32,0.0,84,1.0,1836
86,1,32,0.0,85,1.0,1836
87,1,32,0.0,86,1.0,1836
88,1,32,0.0,87,1.0,1836
89,1,32,0.0,88,1.0,1836
90,1,32,0.0,89,1.0,1836
91,1,32,0.0,90,1.0,1836
92,1,32,0.0,91,1.0,1836
93,1,32,0.0,92,1.0,1836
94,1,32,0.0,93,1.0,1836
95,1,32,0.0,94,1.0,1836
96,1,32,0.0,95,1.0,1836
97,1,32,0.0,96,1.0,1836
98,1,32,0.1,97,0.1,1836
99,1,32,1.0,98,0.0,1836
100,1,32,1.0,99,0.0,1836
101,1,32,1.0,100,0.0,1836
102,1,32,1.0,101,0.0,1836
103,1,32,1.0,102,0.0,1836
104,1,32,1.0,103,0.0,1836
105,1,32,1.0,104,0.0,1836
106,1,32,1.0,105,0.0,1836
107,1,32,1.0,106,0.0,1836
108,1,32,1.0,107,0.0,1836
109,1,32,1.0,108,0.0,1836
110,1,32,1.0,109,0.0,1836
111,1,32,1.0,110,0.0,1836
112,1,32,1.0,111,0.0,1836
113,1,32,1.0,112,0.0,1836
114,1,32,1.0,113,0.0,1836
115,1,32,1.0,114,0.0,1836
116,1,32,1.0,115,0.0,1836
117,1,32,1.0,116,0.0,1836
118,1,32,1.0,117,0.0,1836
119,1,32,1.0,118,0.0,1836
120,1,32,1.0,119,0.0,1836
121,1,32,1.0,120,0.0,1836
122,1,32,1.0,121,0.0,1836
123,1,32,1.0,122,0.0,1836
124,1,32,1.0,123,0.0,1836
125,1,32,1.0,124,0.0,1836
126,1,32,0.45,125,0.0,1836
127,1,32,0.0,126,0.0,1836
128,1,32,0.0,127,0.0,1836
129,1,32,0.0,128,0.0,1836
130,1,32,0.0,129,0.0,1836
131,1,32,0.0,130,0.0,1836
132,1,32,0.0,131,0.0,1836
133,1,32,0.0,132,0.0,1836
134,1,32,0.0,133,0.07,1836
135,1,32,0.0,134,0.9,1836
136,1,32,0.0,135,1.0,1836
137,1,32,0.0,136,1.0,1836
138,1,32,0.0,137,1.0,1836
139,1,32,0.0,138,1.0,1836
140,1,32,0.0,139,1.0,1836
141,1,32,0.0,140,1.0,1836
142,1,32,0.0,141,1.0,1836
143,1,32,0.0,142,1.0,1836
144,1,32,0.0,143,1.0,1836
145,1,32,0.0,144,0.75,1836
146,1,32,0.0,145,0.0,1836
147,1,32,0.0,146,0.8,1836
148,1,32,0.0,147,1.0,1836
149,1,32,0.0,148,1.0,1836
150,1,32,0.0,149,1.0,1836
151,1,32,0.1,150,0.3,1836
152,1,32,1.0,151,0.0,1836
153,1,32,1.0,152,0.0,1836
154,1,32,1.0,153,0.0,1836
155,1,32,1.0,154,0.0,1836
156,1,32,1.0,155,0.0,1836
157,1,32,1.0,156,0.0,1836
158,1,32,0.02,157,1.0,1836
159,1,32,0.0,158,1.0,1836
160,1,32,0.0,159,1.0,1836
161,1,32,0.0,160,0.0,1836
162,1,32,0.0,161,0.0,1836
163,1,32,0.0,162,0.0,1836
1,1,31,0.0,0,0.0,6072
2,1,31,0.0,1,0.0,6072
3,1,31,0.0,2,0.0,6072
4,1,31,0.0,3,0.0,6072
5,1,31,0.0,4,0.0,6072
6,1,31,0.0,5,0.0,6072
7,1,31,0.0,6,0.0,6072
8,1,31,0.0,7,0.0,6072
9,1,31,0.0,8,0.0,6072
10,1,31,0.0,9,0.0,6072
11,1,31,0.0,10,0.0,6072
12,1,31,0.0,11,0.0,6072
13,1,31,0.0,12,0.0,6072
14,1,31,0.0,13,0.0,6072
15,1,31,0.0,14,0.0,6072
16,1,31,0.0,15,0.0,6072
17,1,31,0.0,16,0.0,6072
18,1,31,0.0,17,0.0,6072
19,1,31,0.0,18,0.0,6072
20,1,31,0.0,19,0.0,6072
21,1,31,0.0,20,0.0,6072
22,1,31,0.0,21,0.0,6072
23,1,31,0.0,22,0.0,6072
24,1,31,0.0,23,0.0,6072
25,1,31,0.0,24,0.0,6072
26,1,31,0.0,25,0.0,6072
27,1,31,0.0,26,0.0,6072
28,1,31,0.0,27,0.0,6072
29,1,31,0.0,28,0.0,6072
30,1,31,0.0,29,0.0,6072
31,1,31,0.0,30,0.0,6072
32,1,31,0.0,31,0.47,6072
33,1,31,0.0,32,0.53,6072
34,1,31,0.0,33,0.0,6072
35,1,31,0.0,34,0.0,6072
36,1,31,0.0,35,0.0,6072
37,1,31,0.0,36,0.0,6072
38,1,31,0.0,37,0.0,6072
39,1,31,0.0,38,0.0,6072
40,1,31,0.0,39,0.0,6072
41,1,31,0.0,40,0.0,6072
42,1,31,0.0,41,0.0,6072
43,1,31,0.0,42,0.0,6072
44,1,31,0.0,43,0.0,6072
45,1,31,0.0,44,0.0,6072
46,1,31,0.0,45,0.0,6072
47,1,31,0.0,46,0.0,6072
48,1,31,0.0,47,0.0,6072
49,1,31,0.0,48,0.0,6072
50,1,31,0.0,49,0.0,6072
51,1,31,0.0,50,0.0,6072
52,1,31,0.0,51,0.0,6072
53,1,31,0.0,52,0.0,6072
54,1,31,0.0,53,0.0,6072
55,1,31,0.0,54,0.0,6072
56,1,31,0.0,55,0.0,6072
57,1,31,0.0,56,0.0,6072
58,1,31,0.0,57,0.91,6072
59,1,31,0.0,58,0.19,6072
60,1,31,0.0,59,0.0,6072
61,1,31,0.0,60,0.0,6072
62,1,31,0.0,61,0.0,6072
63,1,31,0.0,62,0.0,6072
64,1,31,0.0,63,0.0,6072
65,1,31,0.0,64,0.09,6072
66,1,31,0.0,65,0.61,6072
67,1,31,0.0,66,0.09,6072
68,1,31,0.0,67,1.0,6072
69,1,31,0.0,68,0.22,6072
70,1,31,0.0,69,0.0,6072
71,1,31,0.0,70,0.0,6072
72,1,31,0.0,71,0.0,6072
73,1,31,0.0,72,0.0,6072
74,1,31,0.0,73,0.0,6072
75,1,31,0.0,74,0.0,6072
76,1,31,0.0,75,0.0,6072
77,1,31,0.0,76,0.0,6072
78,1,31,0.0,77,0.0,6072
79,1,31,0.0,78,0.0,6072
80,1,31,0.0,79,0.0,6072
81,1,31,0.0,80,0.0,6072
82,1,31,0.0,81,0.0,6072
83,1,31,0.0,82,0.0,6072
84,1,31,0.0,83,0.0,6072
85,1,31,0.0,84,0.0,6072
86,1,31,0.0,85,0.0,6072
87,1,31,0.0,86,0.0,6072
88,1,31,0.0,87,0.0,6072
89,1,31,0.0,88,0.0,6072
90,1,31,0.0,89,0.0,6072
91,1,31,0.0,90,0.0,6072
92,1,31,0.0,91,0.0,6072
93,1,31,0.0,92,0.0,6072
94,1,31,0.0,93,0.0,6072
95,1,31,0.0,94,0.0,6072
96,1,31,0.0,95,0.0,6072
97,1,31,0.0,96,0.0,6072
98,1,31,0.0,97,0.0,6072
99,1,31,0.0,98,0.0,6072
100,1,31,0.0,99,0.0,6072
101,1,31,0.0,100,0.0,6072
102,1,31,0.0,101,0.0,6072
103,1,31,0.0,102,0.0,6072
104,1,31,0.0,103,0.0,6072
105,1,31,0.0,104,0.0,6072
106,1,31,0.0,105,0.0,6072
107,1,31,0.0,106,0.0,6072
108,1,31,0.0,107,0.0,6072
109,1,31,0.0,108,0.0,6072
110,1,31,0.0,109,0.0,6072
111,1,31,0.0,110,0.34,6072
112,1,31,0.0,111,0.16,6072
113,1,31,0.0,112,0.0,6072
114,1,31,0.0,113,0.0,6072
115,1,31,0.0,114,0.0,6072
116,1,31,0.0,115,0.0,6072
117,1,31,0.0,116,0.0,6072
118,1,31,0.0,117,0.0,6072
119,1,31,0.0,118,0.0,6072
120,1,31,0.0,119,0.0,6072
121,1,31,0.0,120,0.0,6072
122,1,31,0.0,121,0.0,6072
123,1,31,0.0,122,0.0,6072
124,1,31,0.0,123,0.0,6072
125,1,31,0.0,124,0.0,6072
126,1,31,0.0,125,0.89,6072
127,1,31,0.0,126,1.0,6072
128,1,31,0.0,127,0.43,6072
129,1,31,0.0,128,0.0,6072
130,1,31,0.0,129,0.0,6072
131,1,31,0.0,130,0.0,6072
132,1,31,0.0,131,0.0,6072
133,1,31,0.0,132,0.0,6072
134,1,31,0.0,133,0.0,6072
135,1,31,0.0,134,0.0,6072
136,1,31,0.0,135,0.0,6072
137,1,31,0.0,136,0.0,6072
138,1,31,0.0,137,0.0,6072
139,1,31,0.0,138,0.0,6072
140,1,31,0.0,139,0.0,6072
141,1,31,0.0,140,0.0,6072
142,1,31,0.0,141,0.0,6072
143,1,31,0.0,142,0.0,6072
144,1,31,0.0,143,0.0,6072
145,1,31,0.0,144,0.0,6072
146,1,31,0.0,145,0.0,6072
147,1,31,0.0,146,0.0,6072
148,1,31,0.0,147,0.0,6072
149,1,31,0.0,148,0.0,6072
150,1,31,0.0,149,0.0,6072
151,1,31,0.0,150,0.0,6072
152,1,31,0.0,151,0.0,6072
153,1,31,0.0,152,0.0,6072
154,1,31,0.0,153,0.0,6072
155,1,31,0.0,154,0.49,6072
156,1,31,0.0,155,0.49,6072
157,1,31,0.0,156,0.0,6072
158,1,31,0.0,157,0.0,6072
159,1,31,0.0,158,0.0,6072
160,1,31,0.0,159,0.0,6072
161,1,31,0.0,160,0.0,6072
162,1,31,0.0,161,0.0,6072
163,1,31,0.0,162,0.0,6072
1,1,31,0.0,0,0.0,1661
2,1,31,0.0,1,0.0,1661
3,1,31,0.0,2,0.0,1661
4,1,31,0.0,3,0.0,1661
5,1,31,0.0,4,0.0,1661
6,1,31,0.0,5,0.0,1661
7,1,31,0.0,6,0.0,1661
8,1,31,0.0,7,0.0,1661
9,1,31,0.0,8,0.0,1661
10,1,31,0.0,9,0.0,1661
11,1,31,0.0,10,0.0,1661
12,1,31,0.0,11,0.0,1661
13,1,31,0.0,12,0.0,1661
14,1,31,0.0,13,0.0,1661
15,1,31,0.0,14,0.0,1661
16,1,31,0.0,15,0.0,1661
17,1,31,0.0,16,0.0,1661
18,1,31,0.0,17,0.0,1661
19,1,31,0.0,18,0.0,1661
20,1,31,0.0,19,0.0,1661
21,1,31,0.0,20,0.0,1661
22,1,31,0.0,21,0.0,1661
23,1,31,0.0,22,0.0,1661
24,1,31,0.0,23,0.0,1661
25,1,31,0.0,24,0.0,1661
26,1,31,0.0,25,0.0,1661
27,1,31,0.0,26,0.0,1661
28,1,31,0.0,27,0.0,1661
29,1,31,0.0,28,0.0,1661
30,1,31,0.0,29,0.0,1661
31,1,31,0.0,30,0.0,1661
32,1,31,0.0,31,0.0,1661
33,1,31,0.0,32,0.0,1661
34,1,31,0.0,33,0.0,1661
35,1,31,0.0,34,0.0,1661
36,1,31,0.0,35,0.0,1661
37,1,31,0.0,36,0.0,1661
38,1,31,0.0,37,0.0,1661
39,1,31,0.0,38,0.0,1661
40,1,31,0.0,39,0.0,1661
41,1,31,0.0,40,0.0,1661
42,1,31,0.0,41,0.0,1661
43,1,31,0.0,42,0.0,1661
44,1,31,0.0,43,0.0,1661
45,1,31,0.0,44,0.0,1661
46,1,31,0.0,45,0.0,1661
47,1,31,0.0,46,0.0,1661
48,1,31,0.0,47,0.0,1661
49,1,31,0.0,48,0.0,1661
50,1,31,0.0,49,0.0,1661
51,1,31,0.0,50,0.0,1661
52,1,31,0.0,51,0.0,1661
53,1,31,0.0,52,0.0,1661
54,1,31,0.0,53,0.0,1661
55,1,31,0.0,54,0.0,1661
56,1,31,0.0,55,0.0,1661
57,1,31,0.0,56,0.0,1661
58,1,31,0.0,57,0.0,1661
59,1,31,0.0,58,0.0,1661
60,1,31,0.0,59,0.0,1661
61,1,31,0.0,60,0.0,1661
62,1,31,0.0,61,0.0,1661
63,1,31,0.0,62,0.0,1661
64,1,31,0.0,63,0.0,1661
65,1,31,0.0,64,0.0,1661
66,1,31,0.0,65,0.0,1661
67,1,31,0.0,66,0.0,1661
68,1,31,0.0,67,0.0,1661
69,1,31,0.0,68,0.0,1661
70,1,31,0.0,69,0.0,1661
71,1,31,0.0,70,1.0,1661
72,1,31,0.0,71,1.0,1661
73,1,31,0.0,72,1.0,1661
74,1,31,0.0,73,1.0,1661
75,1,31,0.0,74,1.0,1661
76,1,31,0.0,75,1.0,1661
77,1,31,0.0,76,0.35,1661
78,1,31,0.0,77,0.0,1661
79,1,31,0.0,78,0.0,1661
80,1,31,0.0,79,0.0,1661
81,1,31,0.0,80,0.9,1661
82,1,31,0.0,81,1.0,1661
83,1,31,0.0,82,1.0,1661
84,1,31,0.0,83,1.0,1661
85,1,31,0.0,84,0.61,1661
86,1,31,0.0,85,0.0,1661
87,1,31,0.0,86,0.0,1661
88,1,31,0.0,87,0.0,1661
89,1,31,0.0,88,0.0,1661
90,1,31,0.0,89,0.0,1661
91,1,31,0.0,90,0.0,1661
92,1,31,0.0,91,0.0,1661
93,1,31,0.0,92,0.0,1661
94,1,31,0.0,93,0.0,1661
95,1,31,0.0,94,0.0,1661
96,1,31,0.0,95,0.0,1661
97,1,31,0.0,96,0.0,1661
98,1,31,0.0,97,0.0,1661
99,1,31,0.0,98,0.0,1661
100,1,31,0.0,99,0.0,1661
101,1,31,0.0,100,0.0,1661
102,1,31,0.0,101,0.0,1661
103,1,31,0.0,102,0.0,1661
104,1,31,0.0,103,0.0,1661
105,1,31,0.0,104,0.0,1661
106,1,31,0.0,105,0.0,1661
107,1,31,0.0,106,0.0,1661
108,1,31,0.0,107,0.0,1661
109,1,31,0.0,108,0.4,1661
110,1,31,0.0,109,1.0,1661
111,1,31,0.0,110,1.0,1661
112,1,31,0.0,111,1.0,1661
113,1,31,0.0,112,1.0,1661
114,1,31,0.0,113,1.0,1661
115,1,31,0.0,114,1.0,1661
116,1,31,0.0,115,1.0,1661
117,1,31,0.0,116,1.0,1661
118,1,31,0.0,117,1.0,1661
119,1,31,0.0,118,0.3,1661
120,1,31,0.0,119,0.0,1661
121,1,31,0.0,120,0.0,1661
122,1,31,0.0,121,0.0,1661
123,1,31,0.0,122,0.0,1661
124,1,31,0.0,123,0.0,1661
125,1,31,0.0,124,0.0,1661
126,1,31,0.0,125,0.0,1661
127,1,31,0.0,126,0.0,1661
128,1,31,0.0,127,0.4,1661
129,1,31,0.0,128,1.0,1661
130,1,31,0.0,129,1.0,1661
131,1,31,0.0,130,1.0,1661
132,1,31,0.0,131,1.0,1661
133,1,31,0.0,132,1.0,1661
134,1,31,0.0,133,0.07,1661
135,1,31,0.0,134,0.9,1661
136,1,31,0.0,135,1.0,1661
137,1,31,0.0,136,0.95,1661
138,1,31,0.0,137,0.0,1661
139,1,31,0.0,138,0.0,1661
140,1,31,0.0,139,0.0,1661
141,1,31,0.0,140,0.0,1661
142,1,31,0.0,141,0.0,1661
143,1,31,0.0,142,0.0,1661
144,1,31,0.0,143,0.0,1661
145,1,31,0.0,144,0.0,1661
146,1,31,0.0,145,0.0,1661
147,1,31,0.0,146,0.0,1661
148,1,31,0.0,147,0.0,1661
149,1,31,0.0,148,0.0,1661
150,1,31,0.0,149,0.0,1661
151,1,31,0.0,150,0.4,1661
152,1,31,0.0,151,1.0,1661
153,1,31,0.0,152,1.0,1661
154,1,31,0.0,153,1.0,1661
155,1,31,0.0,154,0.4,1661
156,1,31,0.0,155,0.0,1661
157,1,31,0.0,156,0.0,1661
158,1,31,0.0,157,0.0,1661
159,1,31,0.0,158,0.0,1661
160,1,31,0.0,159,0.0,1661
161,1,31,0.0,160,0.0,1661
162,1,31,0.0,161,0.0,1661
163,1,31,0.0,162,0.0,1661
1,1,31,0.0,0,0.0,8898
2,1,31,0.0,1,0.0,8898
3,1,31,0.0,2,0.0,8898
4,1,31,0.0,3,0.6,8898
5,1,31,0.0,4,0.0,8898
6,1,31,0.0,5,0.0,8898
7,1,31,0.0,6,0.0,8898
8,1,31,0.0,7,0.0,8898
9,1,31,0.0,8,0.0,8898
10,1,31,0.0,9,0.0,8898
11,1,31,0.0,10,0.0,8898
12,1,31,0.0,11,0.0,8898
13,1,31,0.0,12,0.0,8898
14,1,31,0.0,13,0.0,8898
15,1,31,0.0,14,0.0,8898
16,1,31,0.0,15,0.0,8898
17,1,31,0.0,16,0.0,8898
18,1,31,0.0,17,0.0,8898
19,1,31,0.0,18,0.0,8898
20,1,31,0.0,19,0.0,8898
21,1,31,0.0,20,0.0,8898
22,1,31,0.0,21,0.0,8898
23,1,31,0.0,22,0.0,8898
24,1,31,0.0,23,0.0,8898
25,1,31,0.0,24,0.0,8898
26,1,31,0.0,25,0.0,8898
27,1,31,0.0,26,0.0,8898
28,1,31,0.0,27,0.0,8898
29,1,31,0.0,28,0.0,8898
30,1,31,0.0,29,0.0,8898
31,1,31,0.0,30,0.0,8898
32,1,31,0.0,31,0.0,8898
33,1,31,0.0,32,0.0,8898
34,1,31,0.0,33,0.0,8898
35,1,31,0.0,34,0.0,8898
36,1,31,0.0,35,0.0,8898
37,1,31,0.0,36,0.0,8898
38,1,31,0.0,37,0.0,8898
39,1,31,0.0,38,0.0,8898
40,1,31,0.0,39,0.0,8898
41,1,31,0.0,40,0.0,8898
42,1,31,0.0,41,0.0,8898
43,1,31,0.0,42,0.0,8898
44,1,31,0.0,43,0.0,8898
45,1,31,0.0,44,0.0,8898
46,1,31,0.0,45,0.0,8898
47,1,31,0.0,46,0.0,8898
48,1,31,0.0,47,0.0,8898
49,1,31,0.0,48,0.0,8898
50,1,31,0.0,49,0.0,8898
51,1,31,0.0,50,0.0,8898
52,1,31,0.0,51,0.0,8898
53,1,31,0.0,52,0.0,8898
54,1,31,0.0,53,0.0,8898
55,1,31,0.0,54,0.0,8898
56,1,31,0.0,55,0.0,8898
57,1,31,0.0,56,0.0,8898
58,1,31,0.0,57,0.0,8898
59,1,31,0.0,58,0.0,8898
60,1,31,0.0,59,0.0,8898
61,1,31,0.0,60,0.0,8898
62,1,31,0.0,61,0.0,8898
63,1,31,0.0,62,0.0,8898
64,1,31,0.0,63,0.0,8898
65,1,31,0.0,64,0.0,8898
66,1,31,0.0,65,0.0,8898
67,1,31,0.0,66,0.0,8898
68,1,31,0.0,67,0.0,8898
69,1,31,0.0,68,0.0,8898
70,1,31,0.0,69,0.0,8898
71,1,31,0.0,70,0.0,8898
72,1,31,0.0,71,0.0,8898
73,1,31,0.0,72,0.0,8898
74,1,31,0.0,73,0.0,8898
75,1,31,0.0,74,0.0,8898
76,1,31,0.0,75,0.0,8898
77,1,31,0.0,76,0.0,8898
78,1,31,0.0,77,0.0,8898
79,1,31,0.0,78,0.0,8898
80,1,31,0.0,79,0.0,8898
81,1,31,0.0,80,0.0,8898
82,1,31,0.0,81,0.0,8898
83,1,31,0.0,82,0.0,8898
84,1,31,0.0,83,0.0,8898
85,1,31,0.0,84,0.0,8898
86,1,31,0.0,85,0.0,8898
87,1,31,0.0,86,0.0,8898
88,1,31,0.0,87,0.0,8898
89,1,31,0.0,88,0.0,8898
90,1,31,0.0,89,0.0,8898
91,1,31,0.0,90,0.0,8898
92,1,31,0.0,91,0.0,8898
93,1,31,0.0,92,0.0,8898
94,1,31,0.0,93,0.0,8898
95,1,31,0.0,94,0.0,8898
96,1,31,0.0,95,0.0,8898
97,1,31,0.0,96,0.0,8898
98,1,31,0.0,97,0.0,8898
99,1,31,0.0,98,0.0,8898
100,1,31,0.0,99,0.0,8898
101,1,31,0.0,100,0.0,8898
102,1,31,0.0,101,0.0,8898
103,1,31,0.0,102,0.0,8898
104,1,31,0.0,103,0.0,8898
105,1,31,0.0,104,0.0,8898
106,1,31,0.0,105,0.0,8898
107,1,31,0.0,106,0.0,8898
108,1,31,0.0,107,0.0,8898
109,1,31,0.0,108,0.0,8898
110,1,31,0.0,109,0.0,8898
111,1,31,0.0,110,0.0,8898
112,1,31,0.0,111,0.0,8898
113,1,31,0.0,112,0.0,8898
114,1,31,0.0,113,0.0,8898
115,1,31,0.0,114,0.0,8898
116,1,31,0.0,115,0.0,8898
117,1,31,0.0,116,0.0,8898
118,1,31,0.0,117,0.0,8898
119,1,31,0.0,118,0.0,8898
120,1,31,0.0,119,0.0,8898
121,1,31,0.0,120,0.0,8898
122,1,31,0.0,121,0.0,8898
123,1,31,0.0,122,0.0,8898
124,1,31,0.0,123,0.0,8898
125,1,31,0.0,124,0.0,8898
126,1,31,0.0,125,0.0,8898
127,1,31,0.0,126,0.0,8898
128,1,31,0.0,127,0.0,8898
129,1,31,0.0,128,0.0,8898
130,1,31,0.0,129,0.0,8898
131,1,31,0.0,130,0.0,8898
132,1,31,0.0,131,0.0,8898
133,1,31,0.0,132,0.0,8898
134,1,31,0.0,133,0.0,8898
135,1,31,0.0,134,0.0,8898
136,1,31,0.0,135,0.0,8898
137,1,31,0.0,136,0.0,8898
138,1,31,0.0,137,0.0,8898
139,1,31,0.0,138,0.0,8898
140,1,31,0.0,139,0.0,8898
141,1,31,0.0,140,0.0,8898
142,1,31,0.0,141,0.0,8898
143,1,31,0.0,142,0.0,8898
144,1,31,0.0,143,0.0,8898
145,1,31,0.0,144,0.0,8898
146,1,31,0.0,145,0.0,8898
147,1,31,0.0,146,0.0,8898
148,1,31,0.0,147,0.0,8898
149,1,31,0.0,148,0.0,8898
150,1,31,0.0,149,0.0,8898
151,1,31,0.0,150,0.0,8898
152,1,31,0.0,151,0.0,8898
153,1,31,0.0,152,0.0,8898
154,1,31,0.0,153,0.0,8898
155,1,31,0.0,154,0.0,8898
156,1,31,0.0,155,0.0,8898
157,1,31,0.0,156,0.0,8898
158,1,31,0.0,157,0.0,8898
159,1,31,0.0,158,0.0,8898
160,1,31,0.0,159,0.0,8898
161,1,31,0.0,160,0.0,8898
162,1,31,0.0,161,0.0,8898
163,1,31,0.0,162,0.0,8898
1,1,32,0.0,0,0.0,5835
2,1,32,0.0,1,0.0,5835
3,1,32,0.0,2,0.0,5835
4,1,32,0.0,3,0.0,5835
5,1,32,0.0,4,0.0,5835
6,1,32,0.0,5,0.0,5835
7,1,32,0.0,6,0.0,5835
8,1,32,0.0,7,0.0,5835
9,1,32,0.0,8,0.0,5835
10,1,32,0.0,9,0.0,5835
11,1,32,0.0,10,0.0,5835
12,1,32,0.0,11,0.0,5835
13,1,32,0.0,12,0.0,5835
14,1,32,0.0,13,0.0,5835
15,1,32,0.0,14,0.0,5835
16,1,32,0.0,15,0.0,5835
17,1,32,0.0,16,0.0,5835
18,1,32,0.0,17,0.0,5835
19,1,32,0.0,18,0.0,5835
20,1,32,0.0,19,0.0,5835
21,1,32,0.0,20,0.0,5835
22,1,32,0.0,21,0.0,5835
23,1,32,0.0,22,0.0,5835
24,1,32,0.0,23,0.0,5835
25,1,32,0.0,24,0.0,5835
26,1,32,0.0,25,0.0,5835
27,1,32,0.0,26,0.0,5835
28,1,32,0.0,27,0.0,5835
29,1,32,0.0,28,0.0,5835
30,1,32,0.0,29,0.0,5835
31,1,32,0.0,30,0.0,5835
32,1,32,0.0,31,0.0,5835
33,1,32,0.0,32,0.0,5835
34,1,32,0.0,33,0.0,5835
35,1,32,0.0,34,0.0,5835
36,1,32,0.0,35,0.0,5835
37,1,32,0.0,36,0.0,5835
38,1,32,0.0,37,0.0,5835
39,1,32,0.0,38,0.0,5835
40,1,32,0.0,39,0.0,5835
41,1,32,0.0,40,0.0,5835
42,1,32,0.0,41,0.0,5835
43,1,32,0.0,42,0.0,5835
44,1,32,0.0,43,0.0,5835
45,1,32,0.0,44,0.0,5835
46,1,32,0.0,45,0.0,5835
47,1,32,0.0,46,0.0,5835
48,1,32,0.0,47,0.0,5835
49,1,32,0.0,48,0.0,5835
50,1,32,0.0,49,0.0,5835
51,1,32,0.0,50,0.0,5835
52,1,32,0.0,51,0.0,5835
53,1,32,0.0,52,0.0,5835
54,1,32,0.0,53,0.0,5835
55,1,32,0.0,54,0.0,5835
56,1,32,0.0,55,0.0,5835
57,1,32,0.0,56,0.0,5835
58,1,32,0.0,57,0.0,5835
59,1,32,0.0,58,0.0,5835
60,1,32,0.0,59,0.0,5835
61,1,32,0.0,60,0.0,5835
62,1,32,0.0,61,0.0,5835
63,1,32,0.0,62,0.0,5835
64,1,32,0.0,63,0.0,5835
65,1,32,0.0,64,0.0,5835
66,1,32,0.0,65,0.0,5835
67,1,32,0.0,66,0.0,5835
68,1,32,0.0,67,0.0,5835
69,1,32,0.0,68,0.0,5835
70,1,32,0.0,69,0.0,5835
71,1,32,0.0,70,0.0,5835
72,1,32,0.0,71,0.0,5835
73,1,32,0.0,72,0.0,5835
74,1,32,0.0,73,0.0,5835
75,1,32,0.0,74,0.0,5835
76,1,32,0.0,75,0.0,5835
77,1,32,0.0,76,0.0,5835
78,1,32,0.0,77,0.0,5835
79,1,32,0.0,78,0.0,5835
80,1,32,0.0,79,0.0,5835
81,1,32,0.0,80,0.0,5835
82,1,32,0.0,81,0.0,5835
83,1,32,0.0,82,0.0,5835
84,1,32,0.0,83,0.0,5835
85,1,32,0.0,84,0.0,5835
86,1,32,0.0,85,0.0,5835
87,1,32,0.0,86,0.0,5835
88,1,32,0.0,87,0.0,5835
89,1,32,0.0,88,0.0,5835
90,1,32,0.0,89,0.0,5835
91,1,32,0.0,90,0.0,5835
92,1,32,0.0,91,0.0,5835
93,1,32,0.0,92,0.0,5835
94,1,32,0.0,93,0.0,5835
95,1,32,0.0,94,0.0,5835
96,1,32,0.0,95,0.0,5835
97,1,32,0.0,96,0.0,5835
98,1,32,0.0,97,0.0,5835
99,1,32,0.0,98,0.0,5835
100,1,32,0.0,99,0.0,5835
101,1,32,0.0,100,0.0,5835
102,1,32,0.0,101,0.0,5835
103,1,32,0.0,102,0.0,5835
104,1,32,0.0,103,0.0,5835
105,1,32,0.0,104,0.0,5835
106,1,32,0.0,105,0.0,5835
107,1,32,0.0,106,0.0,5835
108,1,32,0.0,107,0.0,5835
109,1,32,0.0,108,0.0,5835
110,1,32,0.0,109,0.0,5835
111,1,32,0.0,110,0.0,5835
112,1,32,0.0,111,0.0,5835
113,1,32,0.0,112,0.0,5835
114,1,32,0.0,113,0.0,5835
115,1,32,0.0,114,0.0,5835
116,1,32,0.0,115,0.0,5835
117,1,32,0.0,116,0.0,5835
118,1,32,0.0,117,0.0,5835
119,1,32,0.0,118,0.0,5835
120,1,32,0.0,119,0.0,5835
121,1,32,0.0,120,0.0,5835
122,1,32,0.0,121,0.0,5835
123,1,32,0.0,122,0.0,5835
124,1,32,0.0,123,0.0,5835
125,1,32,0.0,124,0.0,5835
126,1,32,0.0,125,0.0,5835
127,1,32,0.0,126,0.0,5835
128,1,32,0.0,127,0.0,5835
129,1,32,0.0,128,0.0,5835
130,1,32,0.0,129,0.0,5835
131,1,32,0.0,130,0.0,5835
132,1,32,0.0,131,0.0,5835
133,1,32,0.0,132,0.0,5835
134,1,32,0.0,133,0.0,5835
135,1,32,0.0,134,0.0,5835
136,1,32,0.0,135,0.0,5835
137,1,32,0.0,136,0.0,5835
138,1,32,0.0,137,0.0,5835
139,1,32,0.0,138,0.0,5835
140,1,32,0.0,139,0.0,5835
141,1,32,0.0,140,0.0,5835
142,1,32,0.0,141,0.0,5835
143,1,32,0.0,142,0.0,5835
144,1,32,0.0,143,0.0,5835
145,1,32,0.0,144,0.0,5835
146,1,32,0.0,145,0.0,5835
147,1,32,0.0,146,0.0,5835
148,1,32,0.0,147,0.0,5835
149,1,32,0.0,148,0.0,5835
150,1,32,0.0,149,0.0,5835
151,1,32,0.0,150,0.0,5835
152,1,32,0.0,151,0.0,5835
153,1,32,0.0,152,0.0,5835
154,1,32,0.0,153,0.0,5835
155,1,32,0.0,154,0.0,5835
156,1,32,0.0,155,0.0,5835
157,1,32,0.0,156,0.0,5835
158,1,32,0.0,157,0.0,5835
159,1,32,0.0,158,0.0,5835
160,1,32,0.0,159,0.0,5835
161,1,32,0.0,160,0.0,5835
162,1,32,0.0,161,0.0,5835
163,1,32,0.0,162,0.0,5835
1,1,32,0.0,0,0.0,5857
2,1,32,0.0,1,0.0,5857
3,1,32,0.0,2,0.0,5857
4,1,32,0.0,3,0.0,5857
5,1,32,0.0,4,0.0,5857
6,1,32,0.0,5,0.0,5857
7,1,32,0.0,6,0.0,5857
8,1,32,0.0,7,0.0,5857
9,1,32,0.0,8,0.0,5857
10,1,32,0.0,9,0.0,5857
11,1,32,0.0,10,0.0,5857
12,1,32,0.0,11,0.0,5857
13,1,32,0.0,12,0.0,5857
14,1,32,0.0,13,0.0,5857
15,1,32,0.0,14,0.0,5857
16,1,32,0.0,15,0.0,5857
17,1,32,0.0,16,0.0,5857
18,1,32,0.0,17,0.0,5857
19,1,32,0.0,18,0.0,5857
20,1,32,0.0,19,0.0,5857
21,1,32,0.0,20,0.0,5857
22,1,32,0.0,21,0.0,5857
23,1,32,0.0,22,0.0,5857
24,1,32,0.0,23,0.0,5857
25,1,32,0.0,24,0.0,5857
26,1,32,0.0,25,0.0,5857
27,1,32,0.0,26,0.0,5857
28,1,32,0.0,27,0.0,5857
29,1,32,0.0,28,0.0,5857
30,1,32,0.0,29,0.0,5857
31,1,32,0.0,30,0.0,5857
32,1,32,0.0,31,0.0,5857
33,1,32,0.0,32,0.0,5857
34,1,32,0.0,33,0.0,5857
35,1,32,0.0,34,0.0,5857
36,1,32,0.0,35,0.0,5857
37,1,32,0.0,36,0.0,5857
38,1,32,0.0,37,0.0,5857
39,1,32,0.0,38,0.0,5857
40,1,32,0.0,39,0.0,5857
41,1,32,0.0,40,0.0,5857
42,1,32,0.0,41,0.0,5857
43,1,32,0.0,42,0.0,5857
44,1,32,0.0,43,0.0,5857
45,1,32,0.0,44,0.0,5857
46,1,32,0.0,45,0.0,5857
47,1,32,0.0,46,0.0,5857
48,1,32,0.0,47,0.0,5857
49,1,32,0.0,48,0.0,5857
50,1,32,0.0,49,0.0,5857
51,1,32,0.0,50,0.0,5857
52,1,32,0.0,51,0.0,5857
53,1,32,0.0,52,0.0,5857
54,1,32,0.0,53,0.0,5857
55,1,32,0.0,54,0.0,5857
56,1,32,0.0,55,0.0,5857
57,1,32,0.0,56,0.0,5857
58,1,32,0.0,57,0.0,5857
59,1,32,0.0,58,0.0,5857
60,1,32,0.0,59,0.0,5857
61,1,32,0.0,60,0.0,5857
62,1,32,0.0,61,0.0,5857
63,1,32,0.0,62,0.0,5857
64,1,32,0.0,63,0.0,5857
65,1,32,0.0,64,0.0,5857
66,1,32,0.0,65,0.0,5857
67,1,32,0.0,66,0.0,5857
68,1,32,0.0,67,0.0,5857
69,1,32,0.0,68,0.0,5857
70,1,32,0.0,69,0.0,5857
71,1,32,0.0,70,0.0,5857
72,1,32,0.0,71,0.0,5857
73,1,32,0.0,72,0.0,5857
74,1,32,0.0,73,0.0,5857
75,1,32,0.0,74,0.0,5857
76,1,32,0.0,75,0.0,5857
77,1,32,0.0,76,0.0,5857
78,1,32,0.0,77,0.0,5857
79,1,32,0.0,78,0.0,5857
80,1,32,0.0,79,0.0,5857
81,1,32,0.0,80,0.0,5857
82,1,32,0.0,81,0.0,5857
83,1,32,0.0,82,0.0,5857
84,1,32,0.0,83,0.0,5857
85,1,32,0.0,84,0.0,5857
86,1,32,0.0,85,0.0,5857
87,1,32,0.0,86,0.0,5857
88,1,32,0.0,87,0.0,5857
89,1,32,0.0,88,0.0,5857
90,1,32,0.0,89,0.0,5857
91,1,32,0.0,90,0.0,5857
92,1,32,0.0,91,0.0,5857
93,1,32,0.0,92,0.0,5857
94,1,32,0.0,93,0.0,5857
95,1,32,0.0,94,0.0,5857
96,1,32,0.0,95,0.0,5857
97,1,32,0.0,96,0.0,5857
98,1,32,0.0,97,0.0,5857
99,1,32,0.0,98,0.0,5857
100,1,32,0.0,99,0.0,5857
101,1,32,0.0,100,0.0,5857
102,1,32,0.0,101,0.0,5857
103,1,32,0.0,102,0.0,5857
104,1,32,0.0,103,0.0,5857
105,1,32,0.0,104,0.0,5857
106,1,32,0.0,105,0.0,5857
107,1,32,0.0,106,0.0,5857
108,1,32,0.0,107,0.0,5857
109,1,32,0.0,108,0.0,5857
110,1,32,0.0,109,0.0,5857
111,1,32,0.0,110,0.0,5857
112,1,32,0.0,111,0.0,5857
113,1,32,0.0,112,0.0,5857
114,1,32,0.0,113,0.0,5857
115,1,32,0.0,114,0.0,5857
116,1,32,0.0,115,0.0,5857
117,1,32,0.0,116,0.0,5857
118,1,32,0.0,117,0.0,5857
119,1,32,0.0,118,0.0,5857
120,1,32,0.0,119,0.0,5857
121,1,32,0.0,120,0.0,5857
122,1,32,0.0,121,0.0,5857
123,1,32,0.0,122,0.0,5857
124,1,32,0.0,123,0.0,5857
125,1,32,0.0,124,0.0,5857
126,1,32,0.0,125,0.0,5857
127,1,32,0.0,126,0.0,5857
128,1,32,0.0,127,0.0,5857
129,1,32,0.0,128,0.0,5857
130,1,32,0.0,129,0.0,5857
131,1,32,0.0,130,0.0,5857
132,1,32,0.0,131,0.0,5857
133,1,32,0.0,132,0.0,5857
134,1,32,0.0,133,0.0,5857
135,1,32,0.0,134,0.0,5857
136,1,32,0.0,135,0.0,5857
137,1,32,0.0,136,0.0,5857
138,1,32,0.0,137,0.0,5857
139,1,32,0.0,138,0.0,5857
140,1,32,0.0,139,0.0,5857
141,1,32,0.0,140,0.0,5857
142,1,32,0.0,141,0.0,5857
143,1,32,0.0,142,0.0,5857
144,1,32,0.0,143,0.0,5857
145,1,32,0.0,144,0.0,5857
146,1,32,0.0,145,0.0,5857
147,1,32,0.0,146,0.0,5857
148,1,32,0.0,147,0.0,5857
149,1,32,0.0,148,0.0,5857
150,1,32,0.0,149,0.0,5857
151,1,32,0.0,150,0.0,5857
152,1,32,0.0,151,0.0,5857
153,1,32,0.0,152,0.0,5857
154,1,32,0.0,153,0.0,5857
155,1,32,0.0,154,0.0,5857
156,1,32,0.0,155,0.0,5857
157,1,32,0.0,156,0.0,5857
158,1,32,0.0,157,0.0,5857
159,1,32,0.0,158,0.0,5857
160,1,32,0.0,159,0.0,5857
161,1,32,0.0,160,0.0,5857
162,1,32,0.0,161,0.0,5857
163,1,32,0.0,162,0.0,5857
1,1,32,0.0,0,0.0,4964
2,1,32,0.0,1,0.0,4964
3,1,32,0.0,2,0.0,4964
4,1,32,0.0,3,0.0,4964
5,1,32,0.0,4,0.0,4964
6,1,32,0.0,5,0.0,4964
7,1,32,0.0,6,0.0,4964
8,1,32,0.0,7,0.0,4964
9,1,32,0.0,8,0.0,4964
10,1,32,0.0,9,0.0,4964
11,1,32,0.0,10,0.0,4964
12,1,32,0.0,11,0.0,4964
13,1,32,0.0,12,0.0,4964
14,1,32,0.0,13,0.0,4964
15,1,32,0.0,14,0.0,4964
16,1,32,0.0,15,0.0,4964
17,1,32,0.0,16,0.0,4964
18,1,32,0.0,17,0.0,4964
19,1,32,0.0,18,0.0,4964
20,1,32,0.0,19,0.0,4964
21,1,32,0.0,20,0.0,4964
22,1,32,0.0,21,0.0,4964
23,1,32,0.0,22,0.0,4964
24,1,32,0.0,23,0.0,4964
25,1,32,0.0,24,0.0,4964
26,1,32,0.0,25,0.0,4964
27,1,32,0.0,26,0.0,4964
28,1,32,0.0,27,0.0,4964
29,1,32,0.0,28,0.0,4964
30,1,32,0.0,29,0.0,4964
31,1,32,0.0,30,0.0,4964
32,1,32,0.0,31,0.0,4964
33,1,32,0.0,32,0.0,4964
34,1,32,0.0,33,0.0,4964
35,1,32,0.0,34,0.0,4964
36,1,32,0.0,35,0.0,4964
37,1,32,0.0,36,0.0,4964
38,1,32,0.0,37,0.0,4964
39,1,32,0.0,38,0.0,4964
40,1,32,0.0,39,0.0,4964
41,1,32,0.0,40,0.0,4964
42,1,32,0.0,41,0.0,4964
43,1,32,0.0,42,0.0,4964
44,1,32,0.0,43,0.0,4964
45,1,32,0.0,44,0.0,4964
46,1,32,0.0,45,0.0,4964
47,1,32,0.0,46,0.0,4964
48,1,32,0.0,47,0.0,4964
49,1,32,0.0,48,0.0,4964
50,1,32,0.0,49,0.0,4964
51,1,32,0.0,50,0.0,4964
52,1,32,0.0,51,0.0,4964
53,1,32,0.0,52,0.0,4964
54,1,32,0.0,53,0.0,4964
55,1,32,0.0,54,0.0,4964
56,1,32,0.0,55,0.0,4964
57,1,32,0.0,56,0.0,4964
58,1,32,0.0,57,0.0,4964
59,1,32,0.0,58,0.0,4964
60,1,32,0.0,59,0.0,4964
61,1,32,0.0,60,0.0,4964
62,1,32,0.0,61,0.0,4964
63,1,32,0.0,62,0.0,4964
64,1,32,0.0,63,0.0,4964
65,1,32,0.0,64,0.0,4964
66,1,32,0.0,65,0.0,4964
67,1,32,0.0,66,0.0,4964
68,1,32,0.0,67,0.0,4964
69,1,32,0.0,68,0.0,4964
70,1,32,0.0,69,0.0,4964
71,1,32,0.0,70,0.0,4964
72,1,32,0.0,71,0.0,4964
73,1,32,0.0,72,0.0,4964
74,1,32,0.0,73,0.0,4964
75,1,32,0.0,74,0.0,4964
76,1,32,0.0,75,0.0,4964
77,1,32,0.0,76,0.0,4964
78,1,32,0.0,77,0.0,4964
79,1,32,0.0,78,0.0,4964
80,1,32,0.0,79,0.0,4964
81,1,32,0.0,80,0.0,4964
82,1,32,0.0,81,0.25,4964
83,1,32,0.0,82,0.3,4964
84,1,32,0.0,83,0.0,4964
85,1,32,0.0,84,0.0,4964
86,1,32,0.0,85,0.0,4964
87,1,32,0.0,86,0.0,4964
88,1,32,0.0,87,0.0,4964
89,1,32,0.0,88,0.0,4964
90,1,32,0.0,89,0.0,4964
91,1,32,0.0,90,0.0,4964
92,1,32,0.0,91,0.0,4964
93,1,32,0.0,92,0.0,4964
94,1,32,0.0,93,0.0,4964
95,1,32,0.0,94,0.0,4964
96,1,32,0.0,95,0.0,4964
97,1,32,0.0,96,0.0,4964
98,1,32,0.0,97,0.0,4964
99,1,32,0.0,98,0.0,4964
100,1,32,0.0,99,0.0,4964
101,1,32,0.0,100,0.0,4964
102,1,32,0.0,101,0.0,4964
103,1,32,0.0,102,0.0,4964
104,1,32,0.0,103,0.0,4964
105,1,32,0.0,104,0.0,4964
106,1,32,0.0,105,0.0,4964
107,1,32,0.0,106,0.0,4964
108,1,32,0.0,107,0.0,4964
109,1,32,0.0,108,0.0,4964
110,1,32,0.0,109,0.0,4964
111,1,32,0.0,110,0.0,4964
112,1,32,0.0,111,0.0,4964
113,1,32,0.0,112,0.0,4964
114,1,32,0.0,113,0.0,4964
115,1,32,0.0,114,0.0,4964
116,1,32,0.0,115,0.0,4964
117,1,32,0.0,116,0.0,4964
118,1,32,0.0,117,0.0,4964
119,1,32,0.0,118,0.0,4964
120,1,32,0.0,119,0.0,4964
121,1,32,0.0,120,0.0,4964
122,1,32,0.0,121,0.0,4964
123,1,32,0.0,122,0.0,4964
124,1,32,0.0,123,0.0,4964
125,1,32,0.0,124,0.0,4964
126,1,32,0.0,125,0.0,4964
127,1,32,0.0,126,0.0,4964
128,1,32,0.0,127,0.0,4964
129,1,32,0.0,128,0.0,4964
130,1,32,0.0,129,0.0,4964
131,1,32,0.0,130,0.0,4964
132,1,32,0.0,131,0.0,4964
133,1,32,0.0,132,0.0,4964
134,1,32,0.0,133,0.0,4964
135,1,32,0.0,134,0.0,4964
136,1,32,0.0,135,0.0,4964
137,1,32,0.0,136,0.0,4964
138,1,32,0.0,137,0.0,4964
139,1,32,0.0,138,0.0,4964
140,1,32,0.0,139,0.0,4964
141,1,32,0.0,140,0.0,4964
142,1,32,0.0,141,0.0,4964
143,1,32,0.0,142,0.0,4964
144,1,32,0.0,143,0.0,4964
145,1,32,0.0,144,0.0,4964
146,1,32,0.0,145,0.0,4964
147,1,32,0.0,146,0.0,4964
148,1,32,0.0,147,0.0,4964
149,1,32,0.0,148,0.0,4964
150,1,32,0.0,149,0.0,4964
151,1,32,0.0,150,0.0,4964
152,1,32,0.0,151,0.0,4964
153,1,32,0.0,152,0.0,4964
154,1,32,0.0,153,0.0,4964
155,1,32,0.0,154,0.0,4964
156,1,32,0.0,155,0.0,4964
157,1,32,0.0,156,0.0,4964
158,1,32,0.0,157,0.0,4964
159,1,32,0.0,158,0.0,4964
160,1,32,0.0,159,0.0,4964
161,1,32,0.0,160,0.0,4964
162,1,32,0.0,161,0.0,4964
163,1,32,0.0,162,0.0,4964
1,1,32,0.0,0,0.0,4123
2,1,32,0.0,1,0.0,4123
3,1,32,0.0,2,0.0,4123
4,1,32,0.0,3,0.0,4123
5,1,32,0.0,4,0.0,4123
6,1,32,0.0,5,0.0,4123
7,1,32,0.0,6,0.0,4123
8,1,32,0.0,7,0.0,4123
9,1,32,0.0,8,0.0,4123
10,1,32,0.0,9,0.0,4123
11,1,32,0.0,10,0.0,4123
12,1,32,0.0,11,0.0,4123
13,1,32,0.0,12,0.0,4123
14,1,32,0.0,13,0.0,4123
15,1,32,0.0,14,0.0,4123
16,1,32,0.0,15,0.0,4123
17,1,32,0.0,16,0.0,4123
18,1,32,0.0,17,0.0,4123
19,1,32,0.0,18,0.0,4123
20,1,32,0.0,19,0.0,4123
21,1,32,0.0,20,0.0,4123
22,1,32,0.0,21,0.0,4123
23,1,32,0.0,22,0.0,4123
24,1,32,0.0,23,0.0,4123
25,1,32,0.0,24,0.0,4123
26,1,32,0.0,25,0.0,4123
27,1,32,0.0,26,0.0,4123
28,1,32,0.0,27,0.0,4123
29,1,32,0.0,28,0.0,4123
30,1,32,0.0,29,0.0,4123
31,1,32,0.0,30,0.0,4123
32,1,32,0.0,31,0.0,4123
33,1,32,0.0,32,0.0,4123
34,1,32,0.0,33,0.0,4123
35,1,32,0.0,34,0.0,4123
36,1,32,0.0,35,0.0,4123
37,1,32,0.0,36,0.0,4123
38,1,32,0.0,37,0.0,4123
39,1,32,0.0,38,0.0,4123
40,1,32,0.0,39,0.0,4123
41,1,32,0.0,40,0.0,4123
42,1,32,0.0,41,0.0,4123
43,1,32,0.0,42,0.0,4123
44,1,32,0.0,43,0.0,4123
45,1,32,0.0,44,0.0,4123
46,1,32,0.0,45,0.0,4123
47,1,32,0.0,46,0.0,4123
48,1,32,0.0,47,0.0,4123
49,1,32,0.0,48,0.0,4123
50,1,32,0.0,49,0.0,4123
51,1,32,0.0,50,0.0,4123
52,1,32,0.0,51,0.0,4123
53,1,32,0.0,52,0.0,4123
54,1,32,0.0,53,0.0,4123
55,1,32,0.0,54,0.0,4123
56,1,32,0.0,55,0.0,4123
57,1,32,0.0,56,0.0,4123
58,1,32,0.0,57,0.0,4123
59,1,32,0.0,58,0.0,4123
60,1,32,0.0,59,0.0,4123
61,1,32,0.0,60,0.0,4123
62,1,32,0.0,61,0.0,4123
63,1,32,0.0,62,0.0,4123
64,1,32,0.0,63,0.0,4123
65,1,32,0.0,64,0.0,4123
66,1,32,0.0,65,0.0,4123
67,1,32,0.0,66,0.0,4123
68,1,32,0.0,67,0.0,4123
69,1,32,0.0,68,0.0,4123
70,1,32,0.0,69,0.0,4123
71,1,32,0.0,70,0.0,4123
72,1,32,0.0,71,0.0,4123
73,1,32,0.0,72,0.0,4123
74,1,32,0.0,73,0.26,4123
75,1,32,0.0,74,0.49,4123
76,1,32,0.0,75,0.0,4123
77,1,32,0.0,76,0.0,4123
78,1,32,0.0,77,0.0,4123
79,1,32,0.0,78,0.0,4123
80,1,32,0.0,79,0.0,4123
81,1,32,0.0,80,0.0,4123
82,1,32,0.0,81,0.55,4123
83,1,32,0.0,82,0.0,4123
84,1,32,0.0,83,0.0,4123
85,1,32,0.0,84,0.0,4123
86,1,32,0.0,85,0.0,4123
87,1,32,0.0,86,0.91,4123
88,1,32,0.0,87,1.0,4123
89,1,32,0.0,88,0.3,4123
90,1,32,0.0,89,0.0,4123
91,1,32,0.0,90,0.0,4123
92,1,32,0.0,91,0.0,4123
93,1,32,0.0,92,0.0,4123
94,1,32,0.0,93,0.0,4123
95,1,32,0.0,94,0.0,4123
96,1,32,0.0,95,0.0,4123
97,1,32,0.0,96,0.0,4123
98,1,32,0.0,97,0.0,4123
99,1,32,0.0,98,0.0,4123
100,1,32,0.0,99,0.0,4123
101,1,32,0.0,100,0.0,4123
102,1,32,0.0,101,0.0,4123
103,1,32,0.0,102,0.0,4123
104,1,32,0.0,103,0.0,4123
105,1,32,0.0,104,0.0,4123
106,1,32,0.0,105,0.0,4123
107,1,32,0.0,106,0.0,4123
108,1,32,0.0,107,0.16,4123
109,1,32,0.0,108,1.0,4123
110,1,32,0.0,109,1.0,4123
111,1,32,0.0,110,1.0,4123
112,1,32,0.0,111,1.0,4123
113,1,32,0.0,112,1.0,4123
114,1,32,0.0,113,0.2,4123
115,1,32,0.0,114,0.0,4123
116,1,32,0.0,115,0.0,4123
117,1,32,0.0,116,0.0,4123
118,1,32,0.0,117,0.0,4123
119,1,32,0.0,118,0.0,4123
120,1,32,0.0,119,0.0,4123
121,1,32,0.0,120,0.0,4123
122,1,32,0.0,121,0.0,4123
123,1,32,0.0,122,0.0,4123
124,1,32,0.0,123,0.76,4123
125,1,32,0.0,124,1.0,4123
126,1,32,0.0,125,1.0,4123
127,1,32,0.0,126,0.29,4123
128,1,32,0.0,127,0.0,4123
129,1,32,0.0,128,0.4,4123
130,1,32,0.0,129,0.0,4123
131,1,32,0.0,130,0.16,4123
132,1,32,0.0,131,0.44,4123
133,1,32,0.0,132,0.0,4123
134,1,32,0.0,133,0.56,4123
135,1,32,0.0,134,1.0,4123
136,1,32,0.0,135,1.0,4123
137,1,32,0.0,136,1.0,4123
138,1,32,0.0,137,0.07,4123
139,1,32,0.0,138,0.0,4123
140,1,32,0.0,139,0.0,4123
141,1,32,0.0,140,0.0,4123
142,1,32,0.0,141,0.0,4123
143,1,32,0.0,142,0.0,4123
144,1,32,0.0,143,0.0,4123
145,1,32,0.0,144,0.0,4123
146,1,32,0.0,145,0.0,4123
147,1,32,0.0,146,0.0,4123
148,1,32,0.0,147,0.0,4123
149,1,32,0.0,148,0.0,4123
150,1,32,0.0,149,0.0,4123
151,1,32,0.0,150,0.0,4123
152,1,32,0.0,151,0.0,4123
153,1,32,0.0,152,0.0,4123
154,1,32,0.0,153,0.0,4123
155,1,32,0.0,154,0.0,4123
156,1,32,0.0,155,0.0,4123
157,1,32,0.0,156,0.0,4123
158,1,32,0.0,157,0.0,4123
159,1,32,0.0,158,0.0,4123
160,1,32,0.0,159,0.0,4123
161,1,32,0.0,160,0.0,4123
162,1,32,0.0,161,0.0,4123
163,1,32,0.0,162,0.0,4123
1,1,32,0.0,0,0.0,1197
2,1,32,0.0,1,0.0,1197
3,1,32,0.0,2,0.0,1197
4,1,32,0.0,3,0.0,1197
5,1,32,0.0,4,0.0,1197
6,1,32,0.0,5,0.0,1197
7,1,32,0.0,6,0.0,1197
8,1,32,0.0,7,0.27,1197
9,1,32,0.0,8,0.39,1197
10,1,32,0.0,9,0.0,1197
11,1,32,0.0,10,0.0,1197
12,1,32,0.0,11,0.6,1197
13,1,32,0.0,12,0.13,1197
14,1,32,0.0,13,0.0,1197
15,1,32,0.0,14,0.0,1197
16,1,32,0.0,15,0.0,1197
17,1,32,0.0,16,0.0,1197
18,1,32,0.0,17,0.0,1197
19,1,32,0.0,18,0.0,1197
20,1,32,0.0,19,0.0,1197
21,1,32,0.0,20,0.0,1197
22,1,32,0.0,21,0.0,1197
23,1,32,0.0,22,0.0,1197
24,1,32,0.0,23,0.0,1197
25,1,32,0.0,24,0.0,1197
26,1,32,0.0,25,0.0,1197
27,1,32,0.0,26,0.0,1197
28,1,32,0.0,27,0.0,1197
29,1,32,0.0,28,0.0,1197
30,1,32,0.0,29,0.0,1197
31,1,32,0.0,30,0.0,1197
32,1,32,0.0,31,0.0,1197
33,1,32,0.0,32,0.0,1197
34,1,32,0.0,33,0.0,1197
35,1,32,0.0,34,0.0,1197
36,1,32,0.0,35,0.0,1197
37,1,32,0.0,36,0.0,1197
38,1,32,0.0,37,0.0,1197
39,1,32,0.0,38,0.0,1197
40,1,32,0.0,39,0.0,1197
41,1,32,0.0,40,0.0,1197
42,1,32,0.0,41,0.0,1197
43,1,32,0.0,42,0.0,1197
44,1,32,0.0,43,0.0,1197
45,1,32,0.0,44,0.0,1197
46,1,32,0.0,45,0.0,1197
47,1,32,0.0,46,0.0,1197
48,1,32,0.0,47,0.0,1197
49,1,32,0.0,48,0.0,1197
50,1,32,0.0,49,0.0,1197
51,1,32,0.0,50,0.0,1197
52,1,32,0.0,51,0.0,1197
53,1,32,0.0,52,0.0,1197
54,1,32,0.0,53,0.0,1197
55,1,32,0.0,54,0.0,1197
56,1,32,0.0,55,0.0,1197
57,1,32,0.0,56,0.0,1197
58,1,32,0.0,57,0.0,1197
59,1,32,0.0,58,0.0,1197
60,1,32,0.0,59,0.0,1197
61,1,32,0.0,60,0.0,1197
62,1,32,0.0,61,0.0,1197
63,1,32,0.0,62,0.0,1197
64,1,32,0.0,63,0.0,1197
65,1,32,0.0,64,0.0,1197
66,1,32,0.0,65,0.0,1197
67,1,32,0.0,66,0.0,1197
68,1,32,0.0,67,0.0,1197
69,1,32,0.0,68,0.0,1197
70,1,32,0.0,69,0.0,1197
71,1,32,0.0,70,0.0,1197
72,1,32,0.0,71,0.0,1197
73,1,32,0.0,72,0.0,1197
74,1,32,0.0,73,0.0,1197
75,1,32,0.0,74,0.0,1197
76,1,32,0.0,75,0.0,1197
77,1,32,0.0,76,0.0,1197
78,1,32,0.0,77,0.0,1197
79,1,32,0.0,78,0.0,1197
80,1,32,0.0,79,0.0,1197
81,1,32,0.0,80,0.0,1197
82,1,32,0.0,81,0.0,1197
83,1,32,0.0,82,0.0,1197
84,1,32,0.0,83,0.0,1197
85,1,32,0.0,84,0.0,1197
86,1,32,0.0,85,0.0,1197
87,1,32,0.0,86,0.0,1197
88,1,32,0.0,87,0.0,1197
89,1,32,0.0,88,0.0,1197
90,1,32,0.0,89,0.0,1197
91,1,32,0.0,90,0.0,1197
92,1,32,0.0,91,0.0,1197
93,1,32,0.0,92,0.0,1197
94,1,32,0.0,93,0.0,1197
95,1,32,0.0,94,0.0,1197
96,1,32,0.0,95,0.0,1197
97,1,32,0.0,96,0.0,1197
98,1,32,0.0,97,0.0,1197
99,1,32,0.0,98,0.0,1197
100,1,32,0.0,99,0.0,1197
101,1,32,0.0,100,0.0,1197
102,1,32,0.0,101,0.0,1197
103,1,32,0.0,102,0.0,1197
104,1,32,0.0,103,0.0,1197
105,1,32,0.0,104,0.0,1197
106,1,32,0.0,105,0.0,1197
107,1,32,0.0,106,0.0,1197
108,1,32,0.0,107,0.0,1197
109,1,32,0.0,108,0.0,1197
110,1,32,0.0,109,0.0,1197
111,1,32,0.0,110,0.0,1197
112,1,32,0.0,111,0.0,1197
113,1,32,0.0,112,0.0,1197
114,1,32,0.0,113,0.0,1197
115,1,32,0.0,114,0.0,1197
116,1,32,0.0,115,0.0,1197
117,1,32,0.0,116,0.0,1197
118,1,32,0.0,117,0.0,1197
119,1,32,0.0,118,0.0,1197
120,1,32,0.0,119,0.0,1197
121,1,32,0.0,120,0.0,1197
122,1,32,0.0,121,0.0,1197
123,1,32,0.0,122,0.0,1197
124,1,32,0.0,123,0.0,1197
125,1,32,0.0,124,0.0,1197
126,1,32,0.0,125,0.0,1197
127,1,32,0.0,126,0.0,1197
128,1,32,0.0,127,0.0,1197
129,1,32,0.0,128,0.0,1197
130,1,32,0.0,129,0.0,1197
131,1,32,0.0,130,0.0,1197
132,1,32,0.0,131,0.0,1197
133,1,32,0.0,132,0.0,1197
134,1,32,0.0,133,0.0,1197
135,1,32,0.0,134,0.0,1197
136,1,32,0.0,135,0.0,1197
137,1,32,0.0,136,0.0,1197
138,1,32,0.0,137,0.0,1197
139,1,32,0.0,138,0.0,1197
140,1,32,0.0,139,0.0,1197
141,1,32,0.0,140,0.0,1197
142,1,32,0.0,141,0.0,1197
143,1,32,0.0,142,0.0,1197
144,1,32,0.0,143,0.0,1197
145,1,32,0.0,144,0.0,1197
146,1,32,0.0,145,0.0,1197
147,1,32,0.0,146,0.0,1197
148,1,32,0.0,147,0.0,1197
149,1,32,0.0,148,0.0,1197
150,1,32,0.0,149,0.0,1197
151,1,32,0.0,150,0.0,1197
152,1,32,0.0,151,0.0,1197
153,1,32,0.0,152,0.0,1197
154,1,32,0.0,153,0.0,1197
155,1,32,0.0,154,0.0,1197
156,1,32,0.0,155,0.0,1197
157,1,32,0.0,156,0.0,1197
158,1,32,0.0,157,0.0,1197
159,1,32,0.0,158,0.0,1197
160,1,32,0.0,159,0.0,1197
161,1,32,0.0,160,0.0,1197
162,1,32,0.0,161,0.0,1197
163,1,32,0.0,162,0.0,1197
1,1,33,0.0,0,0.0,4415
2,1,33,0.0,1,0.0,4415
3,1,33,0.0,2,0.0,4415
4,1,33,0.0,3,0.16,4415
5,1,33,0.0,4,0.3,4415
6,1,33,0.0,5,0.25,4415
7,1,33,0.0,6,0.0,4415
8,1,33,0.0,7,0.0,4415
9,1,33,0.0,8,0.0,4415
10,1,33,0.0,9,0.0,4415
11,1,33,0.0,10,0.0,4415
12,1,33,0.0,11,0.0,4415
13,1,33,0.0,12,0.0,4415
14,1,33,0.0,13,0.0,4415
15,1,33,0.0,14,0.0,4415
16,1,33,0.0,15,0.1,4415
17,1,33,0.0,16,0.81,4415
18,1,33,0.0,17,0.1,4415
19,1,33,0.0,18,0.0,4415
20,1,33,0.0,19,0.0,4415
21,1,33,0.0,20,0.0,4415
22,1,33,0.0,21,0.0,4415
23,1,33,0.0,22,0.0,4415
24,1,33,0.0,23,0.0,4415
25,1,33,0.0,24,0.0,4415
26,1,33,0.0,25,0.0,4415
27,1,33,0.0,26,0.0,4415
28,1,33,0.0,27,0.0,4415
29,1,33,0.0,28,0.0,4415
30,1,33,0.0,29,0.0,4415
31,1,33,0.0,30,0.0,4415
32,1,33,0.0,31,0.0,4415
33,1,33,0.0,32,0.0,4415
34,1,33,0.0,33,0.0,4415
35,1,33,0.0,34,0.0,4415
36,1,33,0.0,35,0.0,4415
37,1,33,0.0,36,0.0,4415
38,1,33,0.0,37,0.0,4415
39,1,33,0.0,38,0.8,4415
40,1,33,0.0,39,1.0,4415
41,1,33,0.0,40,0.05,4415
42,1,33,0.0,41,0.0,4415
43,1,33,0.0,42,0.0,4415
44,1,33,0.0,43,0.0,4415
45,1,33,0.0,44,0.0,4415
46,1,33,0.0,45,0.0,4415
47,1,33,0.0,46,0.0,4415
48,1,33,0.0,47,0.0,4415
49,1,33,0.0,48,0.0,4415
50,1,33,0.0,49,0.0,4415
51,1,33,0.0,50,0.0,4415
52,1,33,0.0,51,0.0,4415
53,1,33,0.0,52,0.0,4415
54,1,33,0.0,53,0.15,4415
55,1,33,0.0,54,1.0,4415
56,1,33,0.0,55,1.0,4415
57,1,33,0.0,56,0.75,4415
58,1,33,0.0,57,0.0,4415
59,1,33,0.0,58,0.0,4415
60,1,33,0.0,59,0.05,4415
61,1,33,0.0,60,1.0,4415
62,1,33,0.0,61,0.62,4415
63,1,33,0.0,62,0.0,4415
64,1,33,0.0,63,0.0,4415
65,1,33,0.0,64,0.0,4415
66,1,33,0.0,65,0.0,4415
67,1,33,0.0,66,0.0,4415
68,1,33,0.0,67,0.0,4415
69,1,33,0.0,68,0.0,4415
70,1,33,0.0,69,0.0,4415
71,1,33,0.0,70,0.0,4415
72,1,33,0.0,71,0.0,4415
73,1,33,0.0,72,0.1,4415
74,1,33,0.0,73,0.0,4415
75,1,33,0.0,74,0.0,4415
76,1,33,0.0,75,0.0,4415
77,1,33,0.0,76,0.0,4415
78,1,33,0.0,77,0.0,4415
79,1,33,0.0,78,0.0,4415
80,1,33,0.0,79,0.0,4415
81,1,33,0.0,80,0.0,4415
82,1,33,0.0,81,0.0,4415
83,1,33,0.0,82,0.0,4415
84,1,33,0.0,83,0.0,4415
85,1,33,0.0,84,0.0,4415
86,1,33,0.0,85,0.0,4415
87,1,33,0.0,86,0.0,4415
88,1,33,0.0,87,0.0,4415
89,1,33,0.0,88,0.0,4415
90,1,33,0.0,89,0.0,4415
91,1,33,0.0,90,0.0,4415
92,1,33,0.0,91,0.0,4415
93,1,33,0.0,92,0.0,4415
94,1,33,0.0,93,0.76,4415
95,1,33,0.0,94,1.0,4415
96,1,33,0.0,95,0.65,4415
97,1,33,0.0,96,0.25,4415
98,1,33,0.0,97,0.65,4415
99,1,33,0.0,98,0.01,4415
100,1,33,0.0,99,0.0,4415
101,1,33,0.0,100,0.0,4415
102,1,33,0.0,101,0.0,4415
103,1,33,0.0,102,0.6,4415
104,1,33,0.0,103,0.81,4415
105,1,33,0.0,104,0.0,4415
106,1,33,0.0,105,0.0,4415
107,1,33,0.0,106,0.0,4415
108,1,33,0.0,107,0.0,4415
109,1,33,0.0,108,0.25,4415
110,1,33,0.0,109,0.51,4415
111,1,33,0.0,110,0.25,4415
112,1,33,0.0,111,0.0,4415
113,1,33,0.0,112,0.0,4415
114,1,33,0.0,113,0.0,4415
115,1,33,0.0,114,0.0,4415
116,1,33,0.0,115,0.0,4415
117,1,33,0.0,116,0.0,4415
118,1,33,0.0,117,0.0,4415
119,1,33,0.0,118,0.0,4415
120,1,33,0.0,119,0.0,4415
121,1,33,0.0,120,0.0,4415
122,1,33,0.0,121,0.0,4415
123,1,33,0.0,122,0.0,4415
124,1,33,0.0,123,0.0,4415
125,1,33,0.0,124,0.0,4415
126,1,33,0.0,125,0.0,4415
127,1,33,0.0,126,0.0,4415
128,1,33,0.0,127,0.0,4415
129,1,33,0.0,128,0.0,4415
130,1,33,0.0,129,0.0,4415
131,1,33,0.0,130,0.0,4415
132,1,33,0.0,131,0.0,4415
133,1,33,0.0,132,0.0,4415
134,1,33,0.0,133,0.0,4415
135,1,33,0.0,134,0.0,4415
136,1,33,0.0,135,0.0,4415
137,1,33,0.0,136,0.0,4415
138,1,33,0.0,137,0.0,4415
139,1,33,0.0,138,0.0,4415
140,1,33,0.0,139,0.0,4415
141,1,33,0.0,140,0.0,4415
142,1,33,0.0,141,0.0,4415
143,1,33,0.0,142,0.0,4415
144,1,33,0.0,143,0.5,4415
145,1,33,0.0,144,0.0,4415
146,1,33,0.0,145,0.1,4415
147,1,33,0.0,146,0.8,4415
148,1,33,0.0,147,0.35,4415
149,1,33,0.0,148,0.0,4415
150,1,33,0.0,149,0.0,4415
151,1,33,0.0,150,0.0,4415
152,1,33,0.0,151,0.0,4415
153,1,33,0.0,152,0.0,4415
154,1,33,0.0,153,0.0,4415
155,1,33,0.0,154,0.0,4415
156,1,33,0.0,155,0.0,4415
157,1,33,0.0,156,0.0,4415
158,1,33,0.0,157,0.41,4415
159,1,33,0.0,158,0.05,4415
160,1,33,0.0,159,0.05,4415
161,1,33,0.0,160,0.0,4415
162,1,33,0.0,161,0.0,4415
163,1,33,0.0,162,0.0,4415
1,1,34,0.0,0,0.0,597
2,1,34,0.0,1,0.0,597
3,1,34,0.0,2,0.0,597
4,1,34,0.0,3,0.0,597
5,1,34,0.0,4,0.0,597
6,1,34,0.0,5,0.25,597
7,1,34,0.0,6,0.52,597
8,1,34,0.0,7,0.0,597
9,1,34,0.0,8,0.0,597
10,1,34,0.0,9,0.0,597
11,1,34,0.0,10,0.0,597
12,1,34,0.0,11,0.0,597
13,1,34,0.0,12,0.0,597
14,1,34,0.0,13,0.0,597
15,1,34,0.0,14,0.0,597
16,1,34,0.0,15,0.0,597
17,1,34,0.0,16,0.0,597
18,1,34,0.0,17,0.0,597
19,1,34,0.0,18,0.0,597
20,1,34,0.0,19,0.0,597
21,1,34,0.0,20,0.0,597
22,1,34,0.0,21,0.0,597
23,1,34,0.0,22,0.0,597
24,1,34,0.0,23,0.0,597
25,1,34,0.0,24,0.0,597
26,1,34,0.0,25,0.0,597
27,1,34,0.0,26,0.0,597
28,1,34,0.0,27,0.0,597
29,1,34,0.0,28,0.0,597
30,1,34,0.0,29,0.23,597
31,1,34,0.0,30,0.43,597
32,1,34,0.0,31,0.0,597
33,1,34,0.0,32,0.0,597
34,1,34,0.0,33,0.38,597
35,1,34,0.0,34,0.72,597
36,1,34,0.0,35,0.0,597
37,1,34,0.0,36,0.0,597
38,1,34,0.0,37,0.38,597
39,1,34,0.0,38,1.0,597
40,1,34,0.0,39,1.0,597
41,1,34,0.0,40,0.57,597
42,1,34,0.0,41,0.0,597
43,1,34,0.0,42,0.0,597
44,1,34,0.0,43,0.0,597
45,1,34,0.0,44,0.0,597
46,1,34,0.0,45,0.0,597
47,1,34,0.0,46,0.0,597
48,1,34,0.0,47,0.0,597
49,1,34,0.0,48,0.0,597
50,1,34,0.0,49,0.0,597
51,1,34,0.0,50,0.0,597
52,1,34,0.0,51,0.0,597
53,1,34,0.0,52,0.0,597
54,1,34,0.0,53,0.0,597
55,1,34,0.0,54,0.0,597
56,1,34,0.0,55,0.0,597
57,1,34,0.0,56,0.0,597
58,1,34,0.0,57,0.0,597
59,1,34,0.0,58,0.0,597
60,1,34,0.0,59,0.0,597
61,1,34,0.0,60,0.0,597
62,1,34,0.0,61,0.0,597
63,1,34,0.0,62,0.0,597
64,1,34,0.0,63,0.0,597
65,1,34,0.0,64,0.0,597
66,1,34,0.0,65,0.0,597
67,1,34,0.0,66,0.0,597
68,1,34,0.0,67,0.0,597
69,1,34,0.0,68,0.0,597
70,1,34,0.0,69,0.0,597
71,1,34,0.0,70,0.0,597
72,1,34,0.0,71,0.0,597
73,1,34,0.0,72,0.0,597
74,1,34,0.0,73,0.0,597
75,1,34,0.0,74,0.0,597
76,1,34,0.0,75,0.0,597
77,1,34,0.0,76,0.0,597
78,1,34,0.0,77,0.0,597
79,1,34,0.0,78,0.0,597
80,1,34,0.0,79,0.0,597
81,1,34,0.0,80,0.0,597
82,1,34,0.0,81,0.0,597
83,1,34,0.0,82,0.0,597
84,1,34,0.0,83,0.0,597
85,1,34,0.0,84,0.0,597
86,1,34,0.0,85,0.0,597
87,1,34,0.0,86,0.0,597
88,1,34,0.0,87,0.0,597
89,1,34,0.0,88,0.0,597
90,1,34,0.0,89,0.0,597
91,1,34,0.0,90,0.0,597
92,1,34,0.0,91,0.0,597
93,1,34,0.0,92,0.0,597
94,1,34,0.0,93,0.0,597
95,1,34,0.0,94,0.0,597
96,1,34,0.0,95,0.0,597
97,1,34,0.0,96,0.0,597
98,1,34,0.0,97,0.0,597
99,1,34,0.0,98,0.0,597
100,1,34,0.0,99,0.0,597
101,1,34,0.0,100,0.0,597
102,1,34,0.0,101,0.0,597
103,1,34,0.0,102,0.0,597
104,1,34,0.0,103,0.0,597
105,1,34,0.0,104,0.0,597
106,1,34,0.0,105,0.0,597
107,1,34,0.0,106,0.0,597
108,1,34,0.0,107,0.0,597
109,1,34,0.0,108,0.0,597
110,1,34,0.0,109,0.0,597
111,1,34,0.0,110,0.0,597
112,1,34,0.0,111,0.0,597
113,1,34,0.0,112,0.0,597
114,1,34,0.0,113,0.0,597
115,1,34,0.0,114,0.0,597
116,1,34,0.0,115,0.0,597
117,1,34,0.0,116,0.0,597
118,1,34,0.0,117,0.0,597
119,1,34,0.0,118,0.0,597
120,1,34,0.0,119,0.0,597
121,1,34,0.0,120,0.0,597
122,1,34,0.0,121,0.0,597
123,1,34,0.0,122,0.0,597
124,1,34,0.0,123,0.0,597
125,1,34,0.0,124,0.0,597
126,1,34,0.0,125,0.0,597
127,1,34,0.0,126,0.0,597
128,1,34,0.0,127,0.0,597
129,1,34,0.0,128,0.0,597
130,1,34,0.0,129,0.0,597
131,1,34,0.0,130,0.0,597
132,1,34,0.0,131,0.0,597
133,1,34,0.0,132,0.0,597
134,1,34,0.0,133,0.0,597
135,1,34,0.0,134,0.0,597
136,1,34,0.0,135,0.0,597
137,1,34,0.0,136,0.0,597
138,1,34,0.0,137,0.0,597
139,1,34,0.0,138,0.0,597
140,1,34,0.0,139,0.0,597
141,1,34,0.0,140,0.0,597
142,1,34,0.0,141,0.0,597
143,1,34,0.0,142,0.0,597
144,1,34,0.0,143,0.0,597
145,1,34,0.0,144,0.0,597
146,1,34,0.0,145,0.0,597
147,1,34,0.0,146,0.0,597
148,1,34,0.0,147,0.0,597
149,1,34,0.0,148,0.0,597
150,1,34,0.0,149,0.0,597
151,1,34,0.0,150,0.0,597
152,1,34,0.0,151,0.0,597
153,1,34,0.0,152,0.0,597
154,1,34,0.0,153,0.0,597
155,1,34,0.0,154,0.0,597
156,1,34,0.0,155,0.0,597
157,1,34,0.0,156,0.0,597
158,1,34,0.0,157,0.0,597
159,1,34,0.0,158,0.0,597
160,1,34,0.0,159,0.0,597
161,1,34,0.0,160,0.0,597
162,1,34,0.0,161,0.0,597
163,1,34,0.0,162,0.0,597
1,1,33,0.0,0,0.0,3759
2,1,33,0.0,1,0.0,3759
3,1,33,0.0,2,0.0,3759
4,1,33,0.0,3,0.0,3759
5,1,33,0.0,4,0.0,3759
6,1,33,0.0,5,0.0,3759
7,1,33,0.0,6,0.0,3759
8,1,33,0.0,7,0.0,3759
9,1,33,0.0,8,0.0,3759
10,1,33,0.0,9,0.0,3759
11,1,33,0.0,10,0.0,3759
12,1,33,0.0,11,0.0,3759
13,1,33,0.0,12,0.0,3759
14,1,33,0.0,13,0.0,3759
15,1,33,0.0,14,0.0,3759
16,1,33,0.0,15,0.0,3759
17,1,33,0.0,16,0.0,3759
18,1,33,0.0,17,0.0,3759
19,1,33,0.0,18,0.0,3759
20,1,33,0.0,19,0.0,3759
21,1,33,0.0,20,0.0,3759
22,1,33,0.0,21,0.0,3759
23,1,33,0.0,22,0.0,3759
24,1,33,0.0,23,0.0,3759
25,1,33,0.0,24,0.0,3759
26,1,33,0.0,25,0.0,3759
27,1,33,0.0,26,0.0,3759
28,1,33,0.0,27,0.0,3759
29,1,33,0.0,28,0.0,3759
30,1,33,0.0,29,0.0,3759
31,1,33,0.0,30,0.0,3759
32,1,33,0.0,31,0.0,3759
33,1,33,0.0,32,0.0,3759
34,1,33,0.0,33,0.0,3759
35,1,33,0.0,34,0.0,3759
36,1,33,0.0,35,0.0,3759
37,1,33,0.0,36,0.0,3759
38,1,33,0.0,37,0.0,3759
39,1,33,0.0,38,0.0,3759
40,1,33,0.0,39,0.0,3759
41,1,33,0.0,40,0.0,3759
42,1,33,0.0,41,0.0,3759
43,1,33,0.0,42,0.0,3759
44,1,33,0.0,43,0.0,3759
45,1,33,0.0,44,0.0,3759
46,1,33,0.0,45,0.0,3759
47,1,33,0.0,46,0.0,3759
48,1,33,0.0,47,0.0,3759
49,1,33,0.0,48,0.0,3759
50,1,33,0.0,49,0.0,3759
51,1,33,0.0,50,0.0,3759
52,1,33,0.0,51,0.0,3759
53,1,33,0.0,52,0.0,3759
54,1,33,0.0,53,0.0,3759
55,1,33,0.0,54,0.0,3759
56,1,33,0.0,55,0.0,3759
57,1,33,0.0,56,0.0,3759
58,1,33,0.0,57,0.0,3759
59,1,33,0.0,58,0.0,3759
60,1,33,0.0,59,0.0,3759
61,1,33,0.0,60,0.0,3759
62,1,33,0.0,61,0.0,3759
63,1,33,0.0,62,0.0,3759
64,1,33,0.0,63,0.0,3759
65,1,33,0.0,64,0.0,3759
66,1,33,0.0,65,0.0,3759
67,1,33,0.0,66,0.0,3759
68,1,33,0.0,67,0.0,3759
69,1,33,0.0,68,0.0,3759
70,1,33,0.0,69,0.0,3759
71,1,33,0.0,70,0.0,3759
72,1,33,0.0,71,0.0,3759
73,1,33,0.0,72,0.0,3759
74,1,33,0.0,73,0.0,3759
75,1,33,0.0,74,0.0,3759
76,1,33,0.0,75,0.0,3759
77,1,33,0.0,76,0.0,3759
78,1,33,0.0,77,0.0,3759
79,1,33,0.0,78,0.0,3759
80,1,33,0.0,79,0.0,3759
81,1,33,0.0,80,0.0,3759
82,1,33,0.0,81,0.0,3759
83,1,33,0.0,82,0.0,3759
84,1,33,0.0,83,0.0,3759
85,1,33,0.0,84,0.0,3759
86,1,33,0.0,85,0.0,3759
87,1,33,0.0,86,0.0,3759
88,1,33,0.0,87,0.0,3759
89,1,33,0.0,88,0.0,3759
90,1,33,0.0,89,0.0,3759
91,1,33,0.0,90,0.0,3759
92,1,33,0.0,91,0.0,3759
93,1,33,0.0,92,0.0,3759
94,1,33,0.0,93,0.0,3759
95,1,33,0.0,94,0.0,3759
96,1,33,0.0,95,0.0,3759
97,1,33,0.0,96,0.0,3759
98,1,33,0.0,97,0.0,3759
99,1,33,0.0,98,0.0,3759
100,1,33,0.0,99,0.0,3759
101,1,33,0.0,100,0.0,3759
102,1,33,0.0,101,0.0,3759
103,1,33,0.0,102,0.0,3759
104,1,33,0.0,103,0.0,3759
105,1,33,0.0,104,0.0,3759
106,1,33,0.0,105,0.0,3759
107,1,33,0.0,106,0.0,3759
108,1,33,0.0,107,0.0,3759
109,1,33,0.0,108,0.0,3759
110,1,33,0.0,109,0.0,3759
111,1,33,0.0,110,0.0,3759
112,1,33,0.0,111,0.0,3759
113,1,33,0.0,112,0.0,3759
114,1,33,0.0,113,0.0,3759
115,1,33,0.0,114,0.0,3759
116,1,33,0.0,115,0.0,3759
117,1,33,0.0,116,0.0,3759
118,1,33,0.0,117,0.0,3759
119,1,33,0.0,118,0.0,3759
120,1,33,0.0,119,0.0,3759
121,1,33,0.0,120,0.0,3759
122,1,33,0.0,121,0.0,3759
123,1,33,0.0,122,0.0,3759
124,1,33,0.0,123,0.0,3759
125,1,33,0.0,124,0.0,3759
126,1,33,0.0,125,0.0,3759
127,1,33,0.0,126,0.0,3759
128,1,33,0.0,127,0.0,3759
129,1,33,0.0,128,0.0,3759
130,1,33,0.0,129,0.0,3759
131,1,33,0.0,130,0.0,3759
132,1,33,0.0,131,0.0,3759
133,1,33,0.0,132,0.0,3759
134,1,33,0.0,133,0.0,3759
135,1,33,0.0,134,0.0,3759
136,1,33,0.0,135,0.0,3759
137,1,33,0.0,136,0.0,3759
138,1,33,0.0,137,0.0,3759
139,1,33,0.0,138,0.0,3759
140,1,33,0.0,139,0.0,3759
141,1,33,0.0,140,0.0,3759
142,1,33,0.0,141,0.0,3759
143,1,33,0.0,142,0.0,3759
144,1,33,0.0,143,0.0,3759
145,1,33,0.0,144,0.0,3759
146,1,33,0.0,145,0.0,3759
147,1,33,0.0,146,0.0,3759
148,1,33,0.0,147,0.0,3759
149,1,33,0.0,148,0.0,3759
150,1,33,0.0,149,0.0,3759
151,1,33,0.0,150,0.0,3759
152,1,33,0.0,151,0.0,3759
153,1,33,0.0,152,0.0,3759
154,1,33,0.0,153,0.0,3759
155,1,33,0.0,154,0.0,3759
156,1,33,0.0,155,0.0,3759
157,1,33,0.0,156,0.0,3759
158,1,33,0.0,157,0.0,3759
159,1,33,0.0,158,0.0,3759
160,1,33,0.0,159,0.0,3759
161,1,33,0.0,160,0.0,3759
162,1,33,0.0,161,0.0,3759
163,1,33,0.0,162,0.0,3759
1,1,33,0.0,0,0.0,1759
2,1,33,0.0,1,0.0,1759
3,1,33,0.0,2,0.0,1759
4,1,33,0.0,3,0.0,1759
5,1,33,0.0,4,0.0,1759
6,1,33,0.0,5,0.0,1759
7,1,33,0.0,6,0.0,1759
8,1,33,0.0,7,0.0,1759
9,1,33,0.0,8,0.0,1759
10,1,33,0.0,9,0.0,1759
11,1,33,0.0,10,0.0,1759
12,1,33,0.0,11,0.0,1759
13,1,33,0.0,12,0.0,1759
14,1,33,0.0,13,0.0,1759
15,1,33,0.0,14,0.0,1759
16,1,33,0.0,15,0.0,1759
17,1,33,0.0,16,0.0,1759
18,1,33,0.0,17,0.0,1759
19,1,33,0.0,18,0.0,1759
20,1,33,0.0,19,0.0,1759
21,1,33,0.0,20,0.0,1759
22,1,33,0.0,21,0.0,1759
23,1,33,0.0,22,0.0,1759
24,1,33,0.0,23,0.0,1759
25,1,33,0.0,24,0.0,1759
26,1,33,0.0,25,0.0,1759
27,1,33,0.0,26,0.0,1759
28,1,33,0.0,27,0.0,1759
29,1,33,0.0,28,0.0,1759
30,1,33,0.0,29,0.0,1759
31,1,33,0.0,30,0.0,1759
32,1,33,0.0,31,0.0,1759
33,1,33,0.0,32,0.0,1759
34,1,33,0.0,33,0.0,1759
35,1,33,0.0,34,0.0,1759
36,1,33,0.0,35,0.0,1759
37,1,33,0.0,36,0.0,1759
38,1,33,0.0,37,0.0,1759
39,1,33,0.0,38,0.0,1759
40,1,33,0.0,39,0.0,1759
41,1,33,0.0,40,0.0,1759
42,1,33,0.0,41,0.0,1759
43,1,33,0.0,42,0.0,1759
44,1,33,0.0,43,0.0,1759
45,1,33,0.0,44,0.0,1759
46,1,33,0.0,45,0.0,1759
47,1,33,0.0,46,0.0,1759
48,1,33,0.0,47,0.0,1759
49,1,33,0.0,48,0.0,1759
50,1,33,0.0,49,0.0,1759
51,1,33,0.0,50,0.0,1759
52,1,33,0.0,51,0.0,1759
53,1,33,0.0,52,0.0,1759
54,1,33,0.0,53,0.0,1759
55,1,33,0.0,54,0.0,1759
56,1,33,0.0,55,0.0,1759
57,1,33,0.0,56,0.0,1759
58,1,33,0.0,57,0.0,1759
59,1,33,0.0,58,0.0,1759
60,1,33,0.0,59,0.0,1759
61,1,33,0.0,60,0.0,1759
62,1,33,0.0,61,0.0,1759
63,1,33,0.0,62,0.0,1759
64,1,33,0.0,63,0.0,1759
65,1,33,0.0,64,0.0,1759
66,1,33,0.0,65,0.0,1759
67,1,33,0.0,66,0.0,1759
68,1,33,0.0,67,0.0,1759
69,1,33,0.0,68,0.0,1759
70,1,33,0.0,69,0.0,1759
71,1,33,0.0,70,0.0,1759
72,1,33,0.0,71,0.0,1759
73,1,33,0.0,72,0.0,1759
74,1,33,0.0,73,0.0,1759
75,1,33,0.0,74,0.0,1759
76,1,33,0.0,75,0.0,1759
77,1,33,0.0,76,0.0,1759
78,1,33,0.0,77,0.0,1759
79,1,33,0.0,78,0.0,1759
80,1,33,0.0,79,0.0,1759
81,1,33,0.0,80,0.0,1759
82,1,33,0.0,81,0.0,1759
83,1,33,0.0,82,0.0,1759
84,1,33,0.0,83,0.0,1759
85,1,33,0.0,84,0.0,1759
86,1,33,0.0,85,0.0,1759
87,1,33,0.0,86,0.0,1759
88,1,33,0.0,87,0.0,1759
89,1,33,0.0,88,0.0,1759
90,1,33,0.0,89,0.0,1759
91,1,33,0.0,90,0.0,1759
92,1,33,0.0,91,0.0,1759
93,1,33,0.0,92,0.0,1759
94,1,33,0.0,93,0.0,1759
95,1,33,0.0,94,0.0,1759
96,1,33,0.0,95,0.0,1759
97,1,33,0.0,96,0.0,1759
98,1,33,0.0,97,0.0,1759
99,1,33,0.0,98,0.0,1759
100,1,33,0.0,99,0.0,1759
101,1,33,0.0,100,0.0,1759
102,1,33,0.0,101,0.0,1759
103,1,33,0.0,102,0.0,1759
104,1,33,0.0,103,0.0,1759
105,1,33,0.0,104,0.0,1759
106,1,33,0.0,105,0.0,1759
107,1,33,0.0,106,0.0,1759
108,1,33,0.0,107,0.0,1759
109,1,33,0.0,108,0.0,1759
110,1,33,0.0,109,0.0,1759
111,1,33,0.0,110,0.0,1759
112,1,33,0.0,111,0.0,1759
113,1,33,0.0,112,0.0,1759
114,1,33,0.0,113,0.0,1759
115,1,33,0.0,114,0.0,1759
116,1,33,0.0,115,0.0,1759
117,1,33,0.0,116,0.0,1759
118,1,33,0.0,117,0.0,1759
119,1,33,0.0,118,0.0,1759
120,1,33,0.0,119,0.0,1759
121,1,33,0.0,120,0.0,1759
122,1,33,0.0,121,0.0,1759
123,1,33,0.0,122,0.0,1759
124,1,33,0.0,123,0.0,1759
125,1,33,0.0,124,0.0,1759
126,1,33,0.0,125,0.0,1759
127,1,33,0.0,126,0.0,1759
128,1,33,0.0,127,0.0,1759
129,1,33,0.0,128,0.0,1759
130,1,33,0.0,129,0.0,1759
131,1,33,0.0,130,0.0,1759
132,1,33,0.0,131,0.0,1759
133,1,33,0.0,132,0.0,1759
134,1,33,0.0,133,0.0,1759
135,1,33,0.0,134,0.0,1759
136,1,33,0.0,135,0.0,1759
137,1,33,0.0,136,0.0,1759
138,1,33,0.0,137,0.0,1759
139,1,33,0.0,138,0.0,1759
140,1,33,0.0,139,0.0,1759
141,1,33,0.0,140,0.0,1759
142,1,33,0.0,141,0.0,1759
143,1,33,0.0,142,0.0,1759
144,1,33,0.0,143,0.0,1759
145,1,33,0.0,144,0.0,1759
146,1,33,0.0,145,0.0,1759
147,1,33,0.0,146,0.0,1759
148,1,33,0.0,147,0.0,1759
149,1,33,0.0,148,0.0,1759
150,1,33,0.0,149,0.0,1759
151,1,33,0.0,150,0.0,1759
152,1,33,0.0,151,0.0,1759
153,1,33,0.0,152,0.0,1759
154,1,33,0.0,153,0.0,1759
155,1,33,0.0,154,0.0,1759
156,1,33,0.0,155,0.0,1759
157,1,33,0.0,156,0.0,1759
158,1,33,0.0,157,0.0,1759
159,1,33,0.0,158,0.0,1759
160,1,33,0.0,159,0.0,1759
161,1,33,0.0,160,0.0,1759
162,1,33,0.0,161,0.0,1759
163,1,33,0.0,162,0.0,1759
1,1,33,0.0,0,0.0,4201
2,1,33,0.0,1,0.0,4201
3,1,33,0.0,2,0.0,4201
4,1,33,0.0,3,0.0,4201
5,1,33,0.0,4,0.0,4201
6,1,33,0.0,5,0.0,4201
7,1,33,0.0,6,0.0,4201
8,1,33,0.0,7,0.0,4201
9,1,33,0.0,8,0.0,4201
10,1,33,0.0,9,0.0,4201
11,1,33,0.0,10,0.0,4201
12,1,33,0.0,11,0.0,4201
13,1,33,0.0,12,0.0,4201
14,1,33,0.0,13,0.0,4201
15,1,33,0.0,14,0.0,4201
16,1,33,0.0,15,0.0,4201
17,1,33,0.0,16,0.0,4201
18,1,33,0.0,17,0.0,4201
19,1,33,0.0,18,0.0,4201
20,1,33,0.0,19,0.0,4201
21,1,33,0.0,20,0.0,4201
22,1,33,0.0,21,0.0,4201
23,1,33,0.0,22,0.0,4201
24,1,33,0.0,23,0.0,4201
25,1,33,0.0,24,0.0,4201
26,1,33,0.0,25,0.0,4201
27,1,33,0.0,26,0.0,4201
28,1,33,0.0,27,0.0,4201
29,1,33,0.0,28,0.0,4201
30,1,33,0.0,29,0.0,4201
31,1,33,0.0,30,0.0,4201
32,1,33,0.0,31,0.55,4201
33,1,33,0.0,32,1.0,4201
34,1,33,0.0,33,1.0,4201
35,1,33,0.0,34,0.42,4201
36,1,33,0.0,35,0.0,4201
37,1,33,0.0,36,0.0,4201
38,1,33,0.0,37,0.0,4201
39,1,33,0.0,38,0.0,4201
40,1,33,0.0,39,0.0,4201
41,1,33,0.0,40,0.0,4201
42,1,33,0.0,41,0.0,4201
43,1,33,0.0,42,0.0,4201
44,1,33,0.0,43,0.0,4201
45,1,33,0.0,44,0.0,4201
46,1,33,0.0,45,0.0,4201
47,1,33,0.0,46,0.0,4201
48,1,33,0.0,47,0.0,4201
49,1,33,0.0,48,0.0,4201
50,1,33,0.0,49,0.0,4201
51,1,33,0.0,50,0.0,4201
52,1,33,0.0,51,0.0,4201
53,1,33,0.0,52,0.0,4201
54,1,33,0.0,53,0.0,4201
55,1,33,0.0,54,0.0,4201
56,1,33,0.0,55,0.0,4201
57,1,33,0.0,56,0.0,4201
58,1,33,0.0,57,0.0,4201
59,1,33,0.0,58,0.0,4201
60,1,33,0.0,59,0.0,4201
61,1,33,0.0,60,0.0,4201
62,1,33,0.0,61,0.75,4201
63,1,33,0.0,62,0.5,4201
64,1,33,0.0,63,0.0,4201
65,1,33,0.0,64,0.0,4201
66,1,33,0.0,65,0.0,4201
67,1,33,0.0,66,0.0,4201
68,1,33,0.0,67,0.0,4201
69,1,33,0.0,68,0.0,4201
70,1,33,0.0,69,0.0,4201
71,1,33,0.0,70,0.0,4201
72,1,33,0.0,71,0.0,4201
73,1,33,0.0,72,0.0,4201
74,1,33,0.0,73,0.05,4201
75,1,33,0.0,74,1.0,4201
76,1,33,0.0,75,1.0,4201
77,1,33,0.0,76,1.0,4201
78,1,33,0.0,77,1.0,4201
79,1,33,0.0,78,0.45,4201
80,1,33,0.0,79,0.0,4201
81,1,33,0.0,80,0.0,4201
82,1,33,0.0,81,0.0,4201
83,1,33,0.0,82,0.2,4201
84,1,33,0.0,83,1.0,4201
85,1,33,0.0,84,0.05,4201
86,1,33,0.0,85,0.0,4201
87,1,33,0.0,86,0.0,4201
88,1,33,0.0,87,0.0,4201
89,1,33,0.0,88,0.0,4201
90,1,33,0.0,89,0.0,4201
91,1,33,0.0,90,0.0,4201
92,1,33,0.0,91,0.0,4201
93,1,33,0.0,92,0.0,4201
94,1,33,0.0,93,0.0,4201
95,1,33,0.0,94,0.0,4201
96,1,33,0.0,95,0.0,4201
97,1,33,0.0,96,0.0,4201
98,1,33,0.0,97,0.0,4201
99,1,33,0.0,98,0.0,4201
100,1,33,0.0,99,0.0,4201
101,1,33,0.0,100,0.0,4201
102,1,33,0.0,101,0.0,4201
103,1,33,0.0,102,0.0,4201
104,1,33,0.0,103,0.0,4201
105,1,33,0.0,104,0.0,4201
106,1,33,0.0,105,0.0,4201
107,1,33,0.0,106,0.0,4201
108,1,33,0.0,107,0.0,4201
109,1,33,0.0,108,0.0,4201
110,1,33,0.0,109,0.0,4201
111,1,33,0.0,110,0.1,4201
112,1,33,0.0,111,0.0,4201
113,1,33,0.0,112,1.0,4201
114,1,33,0.0,113,0.75,4201
115,1,33,0.0,114,0.0,4201
116,1,33,0.0,115,0.0,4201
117,1,33,0.0,116,0.0,4201
118,1,33,0.0,117,0.0,4201
119,1,33,0.0,118,0.0,4201
120,1,33,0.0,119,0.0,4201
121,1,33,0.0,120,0.0,4201
122,1,33,0.0,121,0.0,4201
123,1,33,0.0,122,0.0,4201
124,1,33,0.0,123,0.0,4201
125,1,33,0.0,124,0.0,4201
126,1,33,0.0,125,0.0,4201
127,1,33,0.0,126,0.0,4201
128,1,33,0.0,127,0.0,4201
129,1,33,0.0,128,0.0,4201
130,1,33,0.0,129,0.0,4201
131,1,33,0.0,130,0.0,4201
132,1,33,0.0,131,0.0,4201
133,1,33,0.0,132,0.0,4201
134,1,33,0.0,133,0.0,4201
135,1,33,0.0,134,0.0,4201
136,1,33,0.0,135,0.0,4201
137,1,33,0.0,136,0.0,4201
138,1,33,0.0,137,0.0,4201
139,1,33,0.0,138,0.0,4201
140,1,33,0.0,139,0.0,4201
141,1,33,0.0,140,0.0,4201
142,1,33,0.0,141,0.0,4201
143,1,33,0.0,142,0.0,4201
144,1,33,0.0,143,0.0,4201
145,1,33,0.0,144,0.0,4201
146,1,33,0.0,145,0.0,4201
147,1,33,0.0,146,0.0,4201
148,1,33,0.0,147,0.0,4201
149,1,33,0.0,148,0.0,4201
150,1,33,0.0,149,0.0,4201
151,1,33,0.0,150,0.0,4201
152,1,33,0.0,151,0.0,4201
153,1,33,0.0,152,0.0,4201
154,1,33,0.0,153,0.0,4201
155,1,33,0.0,154,0.0,4201
156,1,33,0.0,155,0.0,4201
157,1,33,0.0,156,0.0,4201
158,1,33,0.0,157,0.0,4201
159,1,33,0.0,158,0.0,4201
160,1,33,0.0,159,0.0,4201
161,1,33,0.0,160,0.0,4201
162,1,33,0.0,161,0.0,4201
163,1,33,0.0,162,0.0,4201
1,1,33,0.0,0,0.0,6904
2,1,33,0.0,1,0.0,6904
3,1,33,0.0,2,0.0,6904
4,1,33,0.0,3,0.0,6904
5,1,33,0.0,4,0.0,6904
6,1,33,0.0,5,0.0,6904
7,1,33,0.0,6,0.0,6904
8,1,33,0.0,7,0.0,6904
9,1,33,0.0,8,0.0,6904
10,1,33,0.0,9,0.0,6904
11,1,33,0.0,10,0.0,6904
12,1,33,0.0,11,0.0,6904
13,1,33,0.0,12,0.0,6904
14,1,33,0.0,13,0.0,6904
15,1,33,0.0,14,0.0,6904
16,1,33,0.0,15,0.0,6904
17,1,33,0.0,16,0.0,6904
18,1,33,0.0,17,0.0,6904
19,1,33,0.0,18,0.0,6904
20,1,33,0.0,19,0.0,6904
21,1,33,0.0,20,0.0,6904
22,1,33,0.0,21,0.0,6904
23,1,33,0.0,22,0.0,6904
24,1,33,0.0,23,0.0,6904
25,1,33,0.0,24,0.0,6904
26,1,33,0.0,25,0.0,6904
27,1,33,0.0,26,0.0,6904
28,1,33,0.0,27,0.0,6904
29,1,33,0.0,28,0.0,6904
30,1,33,0.0,29,0.0,6904
31,1,33,0.0,30,0.0,6904
32,1,33,0.0,31,0.0,6904
33,1,33,0.0,32,0.0,6904
34,1,33,0.0,33,0.0,6904
35,1,33,0.0,34,0.0,6904
36,1,33,0.0,35,0.0,6904
37,1,33,0.0,36,0.0,6904
38,1,33,0.0,37,0.0,6904
39,1,33,0.0,38,0.0,6904
40,1,33,0.0,39,0.0,6904
41,1,33,0.0,40,0.0,6904
42,1,33,0.0,41,0.0,6904
43,1,33,0.0,42,0.0,6904
44,1,33,0.0,43,0.0,6904
45,1,33,0.0,44,0.0,6904
46,1,33,0.0,45,0.0,6904
47,1,33,0.0,46,0.0,6904
48,1,33,0.0,47,0.0,6904
49,1,33,0.0,48,0.0,6904
50,1,33,0.0,49,0.0,6904
51,1,33,0.0,50,0.0,6904
52,1,33,0.0,51,0.0,6904
53,1,33,0.0,52,0.0,6904
54,1,33,0.0,53,0.0,6904
55,1,33,0.0,54,0.0,6904
56,1,33,0.0,55,0.0,6904
57,1,33,0.0,56,0.0,6904
58,1,33,0.0,57,0.0,6904
59,1,33,0.0,58,0.0,6904
60,1,33,0.0,59,0.0,6904
61,1,33,0.0,60,0.0,6904
62,1,33,0.0,61,0.0,6904
63,1,33,0.0,62,0.0,6904
64,1,33,0.0,63,0.0,6904
65,1,33,0.0,64,0.0,6904
66,1,33,0.0,65,0.0,6904
67,1,33,0.0,66,0.0,6904
68,1,33,0.0,67,0.0,6904
69,1,33,0.0,68,0.0,6904
70,1,33,0.0,69,0.0,6904
71,1,33,0.0,70,0.0,6904
72,1,33,0.0,71,0.0,6904
73,1,33,0.0,72,0.0,6904
74,1,33,0.0,73,0.0,6904
75,1,33,0.0,74,0.0,6904
76,1,33,0.0,75,0.0,6904
77,1,33,0.0,76,0.0,6904
78,1,33,0.0,77,0.0,6904
79,1,33,0.0,78,0.0,6904
80,1,33,0.0,79,0.0,6904
81,1,33,0.0,80,0.0,6904
82,1,33,0.0,81,0.0,6904
83,1,33,0.0,82,0.0,6904
84,1,33,0.0,83,0.0,6904
85,1,33,0.0,84,0.0,6904
86,1,33,0.0,85,0.0,6904
87,1,33,0.0,86,0.0,6904
88,1,33,0.0,87,0.0,6904
89,1,33,0.0,88,0.0,6904
90,1,33,0.0,89,0.0,6904
91,1,33,0.0,90,0.0,6904
92,1,33,0.0,91,0.0,6904
93,1,33,0.0,92,0.0,6904
94,1,33,0.0,93,0.0,6904
95,1,33,0.0,94,0.0,6904
96,1,33,0.0,95,0.0,6904
97,1,33,0.0,96,0.0,6904
98,1,33,0.0,97,0.0,6904
99,1,33,0.0,98,0.0,6904
100,1,33,0.0,99,0.0,6904
101,1,33,0.0,100,0.0,6904
102,1,33,0.0,101,0.0,6904
103,1,33,0.0,102,0.0,6904
104,1,33,0.0,103,0.0,6904
105,1,33,0.0,104,0.0,6904
106,1,33,0.0,105,0.0,6904
107,1,33,0.0,106,0.0,6904
108,1,33,0.0,107,0.0,6904
109,1,33,0.0,108,0.0,6904
110,1,33,0.0,109,0.0,6904
111,1,33,0.0,110,0.0,6904
112,1,33,0.0,111,0.0,6904
113,1,33,0.0,112,0.0,6904
114,1,33,0.0,113,0.0,6904
115,1,33,0.0,114,0.0,6904
116,1,33,0.0,115,0.0,6904
117,1,33,0.0,116,0.0,6904
118,1,33,0.0,117,0.0,6904
119,1,33,0.0,118,0.0,6904
120,1,33,0.0,119,0.0,6904
121,1,33,0.0,120,0.0,6904
122,1,33,0.0,121,0.0,6904
123,1,33,0.0,122,0.0,6904
124,1,33,0.0,123,0.0,6904
125,1,33,0.0,124,0.0,6904
126,1,33,0.0,125,0.0,6904
127,1,33,0.0,126,0.0,6904
128,1,33,0.0,127,0.0,6904
129,1,33,0.0,128,0.0,6904
130,1,33,0.0,129,0.0,6904
131,1,33,0.0,130,0.0,6904
132,1,33,0.0,131,0.0,6904
133,1,33,0.0,132,0.0,6904
134,1,33,0.0,133,0.0,6904
135,1,33,0.0,134,0.0,6904
136,1,33,0.0,135,0.0,6904
137,1,33,0.0,136,0.0,6904
138,1,33,0.0,137,0.0,6904
139,1,33,0.0,138,0.0,6904
140,1,33,0.0,139,0.0,6904
141,1,33,0.0,140,0.0,6904
142,1,33,0.0,141,0.0,6904
143,1,33,0.0,142,0.0,6904
144,1,33,0.0,143,0.0,6904
145,1,33,0.0,144,0.0,6904
146,1,33,0.0,145,0.0,6904
147,1,33,0.0,146,0.0,6904
148,1,33,0.0,147,0.0,6904
149,1,33,0.0,148,0.0,6904
150,1,33,0.0,149,0.0,6904
151,1,33,0.0,150,0.0,6904
152,1,33,0.0,151,0.0,6904
153,1,33,0.0,152,0.0,6904
154,1,33,0.0,153,0.0,6904
155,1,33,0.0,154,0.0,6904
156,1,33,0.0,155,0.0,6904
157,1,33,0.0,156,0.0,6904
158,1,33,0.0,157,0.0,6904
159,1,33,0.0,158,0.0,6904
160,1,33,0.0,159,0.0,6904
161,1,33,0.0,160,0.0,6904
162,1,33,0.0,161,0.0,6904
163,1,33,0.0,162,0.0,6904
1,1,33,0.0,0,0.0,5137
2,1,33,0.0,1,0.0,5137
3,1,33,0.0,2,0.0,5137
4,1,33,0.0,3,0.0,5137
5,1,33,0.0,4,0.0,5137
6,1,33,0.0,5,0.0,5137
7,1,33,0.0,6,0.0,5137
8,1,33,0.0,7,0.0,5137
9,1,33,0.0,8,0.0,5137
10,1,33,0.0,9,0.0,5137
11,1,33,0.0,10,0.0,5137
12,1,33,0.0,11,0.0,5137
13,1,33,0.0,12,0.0,5137
14,1,33,0.0,13,0.0,5137
15,1,33,0.0,14,0.0,5137
16,1,33,0.0,15,0.0,5137
17,1,33,0.0,16,0.0,5137
18,1,33,0.0,17,0.0,5137
19,1,33,0.0,18,0.0,5137
20,1,33,0.0,19,0.0,5137
21,1,33,0.0,20,0.0,5137
22,1,33,0.0,21,0.0,5137
23,1,33,0.0,22,0.0,5137
24,1,33,0.0,23,0.0,5137
25,1,33,0.0,24,0.0,5137
26,1,33,0.0,25,0.0,5137
27,1,33,0.0,26,0.0,5137
28,1,33,0.0,27,0.0,5137
29,1,33,0.0,28,0.0,5137
30,1,33,0.0,29,0.0,5137
31,1,33,0.0,30,0.0,5137
32,1,33,0.0,31,0.0,5137
33,1,33,0.0,32,0.0,5137
34,1,33,0.0,33,0.0,5137
35,1,33,0.0,34,0.0,5137
36,1,33,0.0,35,0.0,5137
37,1,33,0.0,36,0.0,5137
38,1,33,0.0,37,0.0,5137
39,1,33,0.0,38,0.0,5137
40,1,33,0.0,39,0.0,5137
41,1,33,0.0,40,0.7,5137
42,1,33,0.0,41,1.0,5137
43,1,33,0.0,42,1.0,5137
44,1,33,0.0,43,1.0,5137
45,1,33,0.0,44,1.0,5137
46,1,33,0.0,45,0.85,5137
47,1,33,0.0,46,0.0,5137
48,1,33,0.0,47,0.0,5137
49,1,33,0.0,48,0.0,5137
50,1,33,0.0,49,0.0,5137
51,1,33,0.0,50,0.0,5137
52,1,33,0.0,51,0.85,5137
53,1,33,0.0,52,1.0,5137
54,1,33,0.0,53,0.0,5137
55,1,33,0.0,54,0.0,5137
56,1,33,0.0,55,0.2,5137
57,1,33,0.0,56,0.0,5137
58,1,33,0.0,57,0.0,5137
59,1,33,0.0,58,0.0,5137
60,1,33,0.0,59,0.0,5137
61,1,33,0.0,60,0.0,5137
62,1,33,0.0,61,0.0,5137
63,1,33,0.0,62,0.0,5137
64,1,33,0.0,63,0.0,5137
65,1,33,0.0,64,0.0,5137
66,1,33,0.0,65,0.0,5137
67,1,33,0.0,66,0.0,5137
68,1,33,0.0,67,0.0,5137
69,1,33,0.0,68,0.0,5137
70,1,33,0.0,69,0.0,5137
71,1,33,0.0,70,0.0,5137
72,1,33,0.0,71,0.0,5137
73,1,33,0.0,72,0.0,5137
74,1,33,0.0,73,0.0,5137
75,1,33,0.0,74,0.0,5137
76,1,33,0.0,75,0.0,5137
77,1,33,0.0,76,0.0,5137
78,1,33,0.0,77,0.0,5137
79,1,33,0.0,78,0.0,5137
80,1,33,0.0,79,0.0,5137
81,1,33,0.0,80,0.0,5137
82,1,33,0.0,81,0.0,5137
83,1,33,0.0,82,0.0,5137
84,1,33,0.0,83,0.0,5137
85,1,33,0.0,84,0.1,5137
86,1,33,0.0,85,0.07,5137
87,1,33,0.0,86,0.0,5137
88,1,33,0.0,87,0.0,5137
89,1,33,0.0,88,0.0,5137
90,1,33,0.0,89,0.7,5137
91,1,33,0.0,90,1.0,5137
92,1,33,0.0,91,1.0,5137
93,1,33,0.0,92,1.0,5137
94,1,33,0.0,93,1.0,5137
95,1,33,0.0,94,1.0,5137
96,1,33,0.0,95,0.9,5137
97,1,33,0.0,96,0.0,5137
98,1,33,0.0,97,0.0,5137
99,1,33,0.0,98,0.0,5137
100,1,33,0.0,99,0.0,5137
101,1,33,0.0,100,0.0,5137
102,1,33,0.0,101,0.0,5137
103,1,33,0.0,102,0.0,5137
104,1,33,0.0,103,0.0,5137
105,1,33,0.0,104,0.0,5137
106,1,33,0.0,105,0.0,5137
107,1,33,0.0,106,0.0,5137
108,1,33,0.0,107,0.0,5137
109,1,33,0.0,108,0.0,5137
110,1,33,0.0,109,0.0,5137
111,1,33,0.0,110,0.0,5137
112,1,33,0.0,111,0.0,5137
113,1,33,0.0,112,0.0,5137
114,1,33,0.0,113,0.0,5137
115,1,33,0.0,114,0.0,5137
116,1,33,0.0,115,0.0,5137
117,1,33,0.0,116,0.0,5137
118,1,33,0.0,117,0.0,5137
119,1,33,0.0,118,0.0,5137
120,1,33,0.0,119,0.0,5137
121,1,33,0.0,120,0.0,5137
122,1,33,0.0,121,0.0,5137
123,1,33,0.0,122,0.0,5137
124,1,33,0.0,123,0.0,5137
125,1,33,0.0,124,0.0,5137
126,1,33,0.0,125,0.0,5137
127,1,33,0.0,126,0.0,5137
128,1,33,0.0,127,0.0,5137
129,1,33,0.0,128,0.0,5137
130,1,33,0.0,129,0.0,5137
131,1,33,0.0,130,0.0,5137
132,1,33,0.0,131,0.0,5137
133,1,33,0.0,132,0.0,5137
134,1,33,0.0,133,0.95,5137
135,1,33,0.0,134,0.7,5137
136,1,33,0.0,135,1.0,5137
137,1,33,0.0,136,0.75,5137
138,1,33,0.0,137,0.0,5137
139,1,33,0.0,138,0.05,5137
140,1,33,0.0,139,0.9,5137
141,1,33,0.0,140,0.0,5137
142,1,33,0.0,141,0.3,5137
143,1,33,0.0,142,1.0,5137
144,1,33,0.0,143,0.05,5137
145,1,33,0.0,144,0.0,5137
146,1,33,0.0,145,0.0,5137
147,1,33,0.0,146,0.0,5137
148,1,33,0.0,147,0.0,5137
149,1,33,0.0,148,0.0,5137
150,1,33,0.0,149,0.0,5137
151,1,33,0.0,150,0.0,5137
152,1,33,0.0,151,0.0,5137
153,1,33,0.0,152,0.0,5137
154,1,33,0.0,153,0.0,5137
155,1,33,0.0,154,0.0,5137
156,1,33,0.0,155,0.0,5137
157,1,33,0.0,156,0.0,5137
158,1,33,0.0,157,0.0,5137
159,1,33,0.0,158,0.65,5137
160,1,33,0.0,159,1.0,5137
161,1,33,0.0,160,1.0,5137
162,1,33,0.0,161,1.0,5137
163,1,33,0.0,162,1.0,5137
1,1,34,0.0,0,0.0,294
2,1,34,0.0,1,0.0,294
3,1,34,0.0,2,0.0,294
4,1,34,0.0,3,0.0,294
5,1,34,0.0,4,0.0,294
6,1,34,0.0,5,0.0,294
7,1,34,0.0,6,0.0,294
8,1,34,0.0,7,0.0,294
9,1,34,0.0,8,0.0,294
10,1,34,0.0,9,0.0,294
11,1,34,0.0,10,0.0,294
12,1,34,0.0,11,0.0,294
13,1,34,0.0,12,0.0,294
14,1,34,0.0,13,0.0,294
15,1,34,0.0,14,0.0,294
16,1,34,0.0,15,0.0,294
17,1,34,0.0,16,0.0,294
18,1,34,0.0,17,0.0,294
19,1,34,0.0,18,0.0,294
20,1,34,0.0,19,0.0,294
21,1,34,0.0,20,0.0,294
22,1,34,0.0,21,0.0,294
23,1,34,0.0,22,0.0,294
24,1,34,0.0,23,0.0,294
25,1,34,0.0,24,0.0,294
26,1,34,0.0,25,0.0,294
27,1,34,0.0,26,0.0,294
28,1,34,0.0,27,0.0,294
29,1,34,0.0,28,0.0,294
30,1,34,0.0,29,0.0,294
31,1,34,0.0,30,0.0,294
32,1,34,0.0,31,0.0,294
33,1,34,0.0,32,0.0,294
34,1,34,0.0,33,0.55,294
35,1,34,0.0,34,1.0,294
36,1,34,0.0,35,0.85,294
37,1,34,0.0,36,0.0,294
38,1,34,0.0,37,0.0,294
39,1,34,0.0,38,0.0,294
40,1,34,0.0,39,0.0,294
41,1,34,0.0,40,0.0,294
42,1,34,0.0,41,0.0,294
43,1,34,0.7,42,0.0,294
44,1,34,0.7,43,0.0,294
45,1,34,0.0,44,0.0,294
46,1,34,0.0,45,0.0,294
47,1,34,0.0,46,0.0,294
48,1,34,0.0,47,0.0,294
49,1,34,0.0,48,0.0,294
50,1,34,0.0,49,0.0,294
51,1,34,0.0,50,0.0,294
52,1,34,0.0,51,0.0,294
53,1,34,0.0,52,0.0,294
54,1,34,0.0,53,0.0,294
55,1,34,0.0,54,0.0,294
56,1,34,0.1,55,0.05,294
57,1,34,0.35,56,0.0,294
58,1,34,0.75,57,0.0,294
59,1,34,0.0,58,0.0,294
60,1,34,0.0,59,0.0,294
61,1,34,0.0,60,0.0,294
62,1,34,0.0,61,0.25,294
63,1,34,0.0,62,0.0,294
64,1,34,0.0,63,0.6,294
65,1,34,0.0,64,0.1,294
66,1,34,0.0,65,0.0,294
67,1,34,0.0,66,0.1,294
68,1,34,0.0,67,0.05,294
69,1,34,0.0,68,0.0,294
70,1,34,0.0,69,0.0,294
71,1,34,0.0,70,0.0,294
72,1,34,0.0,71,0.0,294
73,1,34,0.0,72,0.0,294
74,1,34,0.0,73,0.0,294
75,1,34,0.0,74,0.35,294
76,1,34,0.0,75,1.0,294
77,1,34,0.0,76,0.5,294
78,1,34,0.0,77,0.0,294
79,1,34,0.0,78,0.0,294
80,1,34,0.0,79,0.0,294
81,1,34,0.0,80,0.0,294
82,1,34,0.0,81,0.0,294
83,1,34,0.0,82,0.0,294
84,1,34,0.0,83,0.0,294
85,1,34,0.0,84,0.0,294
86,1,34,0.0,85,0.0,294
87,1,34,0.0,86,0.95,294
88,1,34,0.0,87,0.1,294
89,1,34,0.0,88,0.0,294
90,1,34,0.0,89,0.0,294
91,1,34,0.0,90,0.0,294
92,1,34,0.0,91,0.0,294
93,1,34,0.0,92,0.0,294
94,1,34,0.0,93,0.0,294
95,1,34,0.0,94,0.0,294
96,1,34,0.0,95,0.0,294
97,1,34,0.0,96,0.0,294
98,1,34,0.0,97,0.0,294
99,1,34,0.0,98,0.0,294
100,1,34,0.0,99,0.0,294
101,1,34,0.0,100,0.0,294
102,1,34,0.0,101,0.0,294
103,1,34,0.0,102,0.0,294
104,1,34,0.0,103,0.0,294
105,1,34,0.0,104,0.0,294
106,1,34,0.0,105,0.0,294
107,1,34,0.0,106,0.0,294
108,1,34,0.0,107,0.0,294
109,1,34,0.0,108,0.0,294
110,1,34,0.0,109,0.0,294
111,1,34,0.0,110,0.0,294
112,1,34,0.0,111,0.85,294
113,1,34,0.0,112,1.0,294
114,1,34,0.0,113,0.45,294
115,1,34,0.0,114,0.46,294
116,1,34,0.0,115,0.65,294
117,1,34,0.0,116,0.4,294
118,1,34,0.0,117,0.0,294
119,1,34,0.0,118,0.0,294
120,1,34,0.0,119,0.0,294
121,1,34,0.0,120,0.0,294
122,1,34,0.0,121,0.0,294
123,1,34,0.0,122,0.0,294
124,1,34,0.0,123,0.0,294
125,1,34,0.0,124,0.0,294
126,1,34,0.0,125,0.0,294
127,1,34,0.0,126,0.0,294
128,1,34,0.0,127,0.0,294
129,1,34,0.0,128,0.0,294
130,1,34,0.0,129,0.0,294
131,1,34,0.0,130,0.75,294
132,1,34,0.0,131,0.25,294
133,1,34,0.0,132,0.97,294
134,1,34,0.0,133,0.05,294
135,1,34,0.0,134,0.0,294
136,1,34,0.0,135,0.0,294
137,1,34,0.0,136,0.0,294
138,1,34,0.0,137,0.0,294
139,1,34,0.0,138,0.0,294
140,1,34,0.0,139,0.0,294
141,1,34,0.0,140,0.0,294
142,1,34,0.0,141,0.0,294
143,1,34,0.0,142,0.0,294
144,1,34,0.0,143,0.0,294
145,1,34,0.0,144,0.0,294
146,1,34,0.0,145,0.0,294
147,1,34,0.0,146,0.0,294
148,1,34,0.0,147,0.0,294
149,1,34,0.0,148,0.0,294
150,1,34,0.0,149,0.0,294
151,1,34,0.0,150,0.55,294
152,1,34,0.0,151,1.0,294
153,1,34,0.0,152,1.0,294
154,1,34,0.0,153,0.55,294
155,1,34,0.0,154,0.0,294
156,1,34,0.0,155,0.0,294
157,1,34,0.0,156,0.0,294
158,1,34,0.0,157,0.0,294
159,1,34,0.0,158,0.0,294
160,1,34,0.0,159,0.0,294
161,1,34,0.0,160,0.0,294
162,1,34,0.0,161,0.0,294
163,1,34,0.0,162,0.25,294
1,1,34,0.0,0,0.0,9505
2,1,34,0.0,1,0.0,9505
3,1,34,0.0,2,0.0,9505
4,1,34,0.0,3,0.0,9505
5,1,34,0.0,4,0.0,9505
6,1,34,0.0,5,0.0,9505
7,1,34,0.0,6,0.0,9505
8,1,34,0.0,7,0.0,9505
9,1,34,0.0,8,0.0,9505
10,1,34,0.0,9,0.0,9505
11,1,34,0.0,10,0.0,9505
12,1,34,0.0,11,0.0,9505
13,1,34,0.0,12,0.0,9505
14,1,34,0.0,13,0.0,9505
15,1,34,0.0,14,0.0,9505
16,1,34,0.0,15,0.0,9505
17,1,34,0.0,16,0.0,9505
18,1,34,0.0,17,0.0,9505
19,1,34,0.0,18,0.0,9505
20,1,34,0.0,19,0.0,9505
21,1,34,0.0,20,0.0,9505
22,1,34,0.0,21,0.0,9505
23,1,34,0.0,22,0.0,9505
24,1,34,0.0,23,0.0,9505
25,1,34,0.0,24,0.0,9505
26,1,34,0.0,25,0.0,9505
27,1,34,0.0,26,0.0,9505
28,1,34,0.0,27,0.0,9505
29,1,34,0.0,28,0.0,9505
30,1,34,0.0,29,0.0,9505
31,1,34,0.0,30,0.0,9505
32,1,34,0.0,31,0.0,9505
33,1,34,0.0,32,0.0,9505
34,1,34,0.0,33,0.0,9505
35,1,34,0.0,34,0.0,9505
36,1,34,0.0,35,0.0,9505
37,1,34,0.0,36,0.0,9505
38,1,34,0.0,37,0.0,9505
39,1,34,0.0,38,0.0,9505
40,1,34,0.0,39,0.0,9505
41,1,34,0.0,40,0.0,9505
42,1,34,0.0,41,0.0,9505
43,1,34,0.0,42,0.0,9505
44,1,34,0.0,43,0.0,9505
45,1,34,0.0,44,0.0,9505
46,1,34,0.0,45,0.0,9505
47,1,34,0.0,46,0.0,9505
48,1,34,0.0,47,0.0,9505
49,1,34,0.0,48,0.0,9505
50,1,34,0.0,49,0.0,9505
51,1,34,0.0,50,0.0,9505
52,1,34,0.0,51,0.0,9505
53,1,34,0.0,52,0.0,9505
54,1,34,0.0,53,0.0,9505
55,1,34,0.0,54,0.0,9505
56,1,34,0.0,55,0.0,9505
57,1,34,0.0,56,0.0,9505
58,1,34,0.0,57,0.0,9505
59,1,34,0.0,58,0.0,9505
60,1,34,0.0,59,0.0,9505
61,1,34,0.0,60,0.0,9505
62,1,34,0.0,61,0.0,9505
63,1,34,0.0,62,0.0,9505
64,1,34,0.0,63,0.0,9505
65,1,34,0.0,64,0.0,9505
66,1,34,0.0,65,0.0,9505
67,1,34,0.0,66,0.0,9505
68,1,34,0.0,67,0.0,9505
69,1,34,0.0,68,0.0,9505
70,1,34,0.0,69,0.0,9505
71,1,34,0.0,70,0.0,9505
72,1,34,0.0,71,0.0,9505
73,1,34,0.0,72,0.0,9505
74,1,34,0.0,73,0.0,9505
75,1,34,0.0,74,0.0,9505
76,1,34,0.0,75,0.0,9505
77,1,34,0.0,76,0.0,9505
78,1,34,0.0,77,0.0,9505
79,1,34,0.0,78,0.0,9505
80,1,34,0.0,79,0.0,9505
81,1,34,0.0,80,0.0,9505
82,1,34,0.0,81,0.0,9505
83,1,34,0.0,82,0.0,9505
84,1,34,0.0,83,0.0,9505
85,1,34,0.0,84,0.0,9505
86,1,34,0.0,85,0.0,9505
87,1,34,0.0,86,0.0,9505
88,1,34,0.0,87,0.0,9505
89,1,34,0.0,88,0.0,9505
90,1,34,0.0,89,0.0,9505
91,1,34,0.0,90,0.0,9505
92,1,34,0.0,91,0.0,9505
93,1,34,0.0,92,0.0,9505
94,1,34,0.0,93,0.0,9505
95,1,34,0.0,94,0.0,9505
96,1,34,0.0,95,0.0,9505
97,1,34,0.0,96,0.0,9505
98,1,34,0.0,97,0.0,9505
99,1,34,0.0,98,0.0,9505
100,1,34,0.0,99,0.0,9505
101,1,34,0.0,100,0.0,9505
102,1,34,0.0,101,0.0,9505
103,1,34,0.0,102,0.0,9505
104,1,34,0.0,103,0.0,9505
105,1,34,0.0,104,0.0,9505
106,1,34,0.0,105,0.0,9505
107,1,34,0.0,106,0.0,9505
108,1,34,0.0,107,0.0,9505
109,1,34,0.0,108,0.0,9505
110,1,34,0.0,109,0.0,9505
111,1,34,0.0,110,0.0,9505
112,1,34,0.0,111,0.0,9505
113,1,34,0.0,112,0.0,9505
114,1,34,0.0,113,0.0,9505
115,1,34,0.0,114,0.0,9505
116,1,34,0.0,115,0.0,9505
117,1,34,0.0,116,0.0,9505
118,1,34,0.0,117,0.0,9505
119,1,34,0.0,118,0.0,9505
120,1,34,0.0,119,0.0,9505
121,1,34,0.0,120,0.0,9505
122,1,34,0.0,121,0.0,9505
123,1,34,0.0,122,0.0,9505
124,1,34,0.0,123,0.0,9505
125,1,34,0.0,124,0.0,9505
126,1,34,0.0,125,0.0,9505
127,1,34,0.0,126,0.0,9505
128,1,34,0.0,127,0.0,9505
129,1,34,0.0,128,0.0,9505
130,1,34,0.0,129,0.0,9505
131,1,34,0.0,130,0.0,9505
132,1,34,0.0,131,0.0,9505
133,1,34,0.0,132,0.0,9505
134,1,34,0.0,133,0.0,9505
135,1,34,0.0,134,0.0,9505
136,1,34,0.0,135,0.0,9505
137,1,34,0.0,136,0.0,9505
138,1,34,0.0,137,0.0,9505
139,1,34,0.0,138,0.0,9505
140,1,34,0.0,139,0.0,9505
141,1,34,0.0,140,0.0,9505
142,1,34,0.0,141,0.0,9505
143,1,34,0.0,142,0.0,9505
144,1,34,0.0,143,0.0,9505
145,1,34,0.0,144,0.0,9505
146,1,34,0.0,145,0.0,9505
147,1,34,0.0,146,0.0,9505
148,1,34,0.0,147,0.0,9505
149,1,34,0.0,148,0.0,9505
150,1,34,0.0,149,0.0,9505
151,1,34,0.0,150,0.0,9505
152,1,34,0.0,151,0.0,9505
153,1,34,0.0,152,0.0,9505
154,1,34,0.0,153,0.0,9505
155,1,34,0.0,154,0.0,9505
156,1,34,0.0,155,0.0,9505
157,1,34,0.0,156,0.0,9505
158,1,34,0.0,157,0.0,9505
159,1,34,0.0,158,0.0,9505
160,1,34,0.0,159,0.0,9505
161,1,34,0.0,160,0.0,9505
162,1,34,0.0,161,0.0,9505
163,1,34,0.0,162,0.0,9505
1,1,34,0.0,0,0.0,980
2,1,34,0.0,1,0.0,980
3,1,34,0.0,2,0.0,980
4,1,34,0.0,3,0.0,980
5,1,34,0.0,4,0.0,980
6,1,34,0.0,5,0.0,980
7,1,34,0.0,6,0.0,980
8,1,34,0.0,7,0.0,980
9,1,34,0.0,8,0.0,980
10,1,34,0.0,9,0.0,980
11,1,34,0.0,10,0.0,980
12,1,34,0.0,11,0.0,980
13,1,34,0.0,12,0.0,980
14,1,34,0.0,13,0.0,980
15,1,34,0.0,14,0.0,980
16,1,34,0.0,15,0.0,980
17,1,34,0.0,16,0.0,980
18,1,34,0.0,17,0.0,980
19,1,34,0.0,18,0.0,980
20,1,34,0.0,19,0.0,980
21,1,34,0.0,20,0.0,980
22,1,34,0.0,21,0.0,980
23,1,34,0.0,22,0.0,980
24,1,34,0.0,23,0.0,980
25,1,34,0.0,24,0.1,980
26,1,34,0.0,25,1.0,980
27,1,34,0.0,26,0.95,980
28,1,34,0.0,27,0.0,980
29,1,34,0.0,28,0.0,980
30,1,34,0.0,29,0.0,980
31,1,34,0.0,30,0.0,980
32,1,34,0.0,31,0.3,980
33,1,34,0.0,32,0.4,980
34,1,34,0.0,33,0.0,980
35,1,34,0.0,34,0.0,980
36,1,34,0.0,35,0.0,980
37,1,34,0.0,36,0.0,980
38,1,34,0.0,37,0.0,980
39,1,34,0.0,38,0.0,980
40,1,34,0.0,39,0.0,980
41,1,34,0.0,40,0.0,980
42,1,34,0.0,41,0.0,980
43,1,34,0.0,42,0.0,980
44,1,34,0.0,43,0.0,980
45,1,34,0.0,44,0.0,980
46,1,34,0.0,45,0.5,980
47,1,34,0.0,46,0.8,980
48,1,34,0.0,47,0.0,980
49,1,34,0.0,48,0.0,980
50,1,34,0.0,49,0.0,980
51,1,34,0.0,50,0.0,980
52,1,34,0.0,51,0.0,980
53,1,34,0.0,52,0.0,980
54,1,34,0.0,53,0.0,980
55,1,34,0.0,54,0.0,980
56,1,34,0.0,55,0.0,980
57,1,34,0.0,56,0.0,980
58,1,34,0.0,57,0.0,980
59,1,34,0.0,58,0.0,980
60,1,34,0.0,59,0.0,980
61,1,34,0.0,60,0.0,980
62,1,34,0.0,61,0.0,980
63,1,34,0.0,62,0.0,980
64,1,34,0.0,63,0.0,980
65,1,34,0.0,64,0.0,980
66,1,34,0.0,65,0.0,980
67,1,34,0.0,66,0.0,980
68,1,34,0.0,67,0.0,980
69,1,34,0.0,68,0.0,980
70,1,34,0.0,69,0.15,980
71,1,34,0.0,70,0.51,980
72,1,34,0.0,71,0.0,980
73,1,34,0.0,72,0.0,980
74,1,34,0.0,73,0.0,980
75,1,34,0.0,74,0.0,980
76,1,34,0.0,75,0.0,980
77,1,34,0.0,76,0.0,980
78,1,34,0.0,77,0.0,980
79,1,34,0.0,78,0.0,980
80,1,34,0.0,79,0.0,980
81,1,34,0.0,80,0.0,980
82,1,34,0.0,81,0.0,980
83,1,34,0.0,82,0.0,980
84,1,34,0.0,83,0.0,980
85,1,34,0.0,84,0.0,980
86,1,34,0.0,85,0.0,980
87,1,34,0.0,86,0.0,980
88,1,34,0.0,87,0.0,980
89,1,34,0.0,88,0.0,980
90,1,34,0.0,89,0.0,980
91,1,34,0.0,90,0.0,980
92,1,34,0.0,91,0.0,980
93,1,34,0.0,92,0.0,980
94,1,34,0.0,93,0.0,980
95,1,34,0.0,94,0.0,980
96,1,34,0.0,95,0.0,980
97,1,34,0.0,96,0.0,980
98,1,34,0.0,97,0.0,980
99,1,34,0.0,98,0.0,980
100,1,34,0.0,99,0.0,980
101,1,34,0.0,100,0.0,980
102,1,34,0.0,101,0.0,980
103,1,34,0.0,102,0.0,980
104,1,34,0.0,103,0.0,980
105,1,34,0.0,104,0.0,980
106,1,34,0.0,105,0.0,980
107,1,34,0.0,106,0.0,980
108,1,34,0.0,107,0.0,980
109,1,34,0.0,108,0.0,980
110,1,34,0.0,109,0.0,980
111,1,34,0.0,110,0.0,980
112,1,34,0.0,111,0.0,980
113,1,34,0.0,112,0.0,980
114,1,34,0.0,113,0.0,980
115,1,34,0.0,114,0.0,980
116,1,34,0.0,115,0.0,980
117,1,34,0.0,116,0.0,980
118,1,34,0.0,117,0.0,980
119,1,34,0.0,118,0.0,980
120,1,34,0.0,119,0.0,980
121,1,34,0.0,120,0.0,980
122,1,34,0.0,121,0.0,980
123,1,34,0.0,122,0.0,980
124,1,34,0.0,123,0.0,980
125,1,34,0.0,124,0.0,980
126,1,34,0.0,125,0.0,980
127,1,34,0.0,126,0.0,980
128,1,34,0.0,127,0.0,980
129,1,34,0.0,128,0.0,980
130,1,34,0.0,129,0.0,980
131,1,34,0.0,130,0.0,980
132,1,34,0.0,131,0.0,980
133,1,34,0.0,132,0.0,980
134,1,34,0.0,133,0.0,980
135,1,34,0.0,134,0.0,980
136,1,34,0.0,135,0.0,980
137,1,34,0.0,136,0.0,980
138,1,34,0.0,137,0.0,980
139,1,34,0.0,138,0.0,980
140,1,34,0.0,139,0.0,980
141,1,34,0.0,140,0.0,980
142,1,34,0.0,141,0.0,980
143,1,34,0.0,142,0.0,980
144,1,34,0.0,143,0.0,980
145,1,34,0.0,144,0.0,980
146,1,34,0.0,145,0.0,980
147,1,34,0.0,146,0.0,980
148,1,34,0.0,147,0.0,980
149,1,34,0.0,148,0.0,980
150,1,34,0.0,149,0.0,980
151,1,34,0.0,150,0.0,980
152,1,34,0.0,151,0.0,980
153,1,34,0.0,152,0.0,980
154,1,34,0.0,153,0.0,980
155,1,34,0.0,154,0.0,980
156,1,34,0.0,155,0.0,980
157,1,34,0.0,156,0.0,980
158,1,34,0.0,157,0.0,980
159,1,34,0.0,158,0.0,980
160,1,34,0.0,159,0.0,980
161,1,34,0.0,160,0.0,980
162,1,34,0.0,161,0.0,980
163,1,34,0.0,162,0.0,980
1,1,34,0.0,0,0.0,3476
2,1,34,0.0,1,0.0,3476
3,1,34,0.0,2,0.0,3476
4,1,34,0.0,3,0.0,3476
5,1,34,0.0,4,0.0,3476
6,1,34,0.0,5,0.0,3476
7,1,34,0.0,6,0.0,3476
8,1,34,0.0,7,0.0,3476
9,1,34,0.0,8,0.0,3476
10,1,34,0.0,9,0.01,3476
11,1,34,0.0,10,1.0,3476
12,1,34,0.0,11,0.61,3476
13,1,34,0.0,12,0.0,3476
14,1,34,0.0,13,0.0,3476
15,1,34,0.0,14,0.0,3476
16,1,34,0.0,15,0.0,3476
17,1,34,0.0,16,0.0,3476
18,1,34,0.0,17,0.0,3476
19,1,34,0.0,18,0.0,3476
20,1,34,0.0,19,0.0,3476
21,1,34,0.0,20,0.0,3476
22,1,34,0.0,21,0.0,3476
23,1,34,0.0,22,0.0,3476
24,1,34,0.0,23,0.58,3476
25,1,34,0.0,24,1.0,3476
26,1,34,0.0,25,0.5,3476
27,1,34,0.0,26,0.0,3476
28,1,34,0.0,27,0.0,3476
29,1,34,0.0,28,0.0,3476
30,1,34,0.0,29,0.0,3476
31,1,34,0.0,30,0.0,3476
32,1,34,0.0,31,0.0,3476
33,1,34,0.0,32,0.0,3476
34,1,34,0.0,33,0.0,3476
35,1,34,0.0,34,0.0,3476
36,1,34,0.0,35,0.0,3476
37,1,34,0.0,36,0.0,3476
38,1,34,0.0,37,0.0,3476
39,1,34,0.0,38,0.0,3476
40,1,34,0.0,39,0.0,3476
41,1,34,0.0,40,0.19,3476
42,1,34,0.0,41,1.0,3476
43,1,34,0.0,42,0.56,3476
44,1,34,0.0,43,0.0,3476
45,1,34,0.0,44,0.0,3476
46,1,34,0.0,45,0.0,3476
47,1,34,0.0,46,0.0,3476
48,1,34,0.0,47,0.0,3476
49,1,34,0.0,48,0.0,3476
50,1,34,0.0,49,0.0,3476
51,1,34,0.0,50,0.0,3476
52,1,34,0.0,51,0.0,3476
53,1,34,0.0,52,0.0,3476
54,1,34,0.0,53,0.0,3476
55,1,34,0.0,54,0.0,3476
56,1,34,0.0,55,0.0,3476
57,1,34,0.0,56,0.0,3476
58,1,34,0.0,57,0.0,3476
59,1,34,0.0,58,0.0,3476
60,1,34,0.0,59,0.0,3476
61,1,34,0.0,60,0.0,3476
62,1,34,0.0,61,0.0,3476
63,1,34,0.0,62,0.0,3476
64,1,34,0.0,63,0.0,3476
65,1,34,0.0,64,0.0,3476
66,1,34,0.0,65,0.0,3476
67,1,34,0.0,66,0.0,3476
68,1,34,0.0,67,0.0,3476
69,1,34,0.0,68,0.0,3476
70,1,34,0.0,69,0.0,3476
71,1,34,0.0,70,0.0,3476
72,1,34,0.0,71,0.0,3476
73,1,34,0.0,72,0.0,3476
74,1,34,0.0,73,0.0,3476
75,1,34,0.0,74,0.0,3476
76,1,34,0.0,75,0.0,3476
77,1,34,0.0,76,0.0,3476
78,1,34,0.0,77,0.0,3476
79,1,34,0.0,78,0.0,3476
80,1,34,0.0,79,0.11,3476
81,1,34,0.0,80,1.0,3476
82,1,34,0.0,81,1.0,3476
83,1,34,0.0,82,0.19,3476
84,1,34,0.0,83,0.0,3476
85,1,34,0.0,84,0.0,3476
86,1,34,0.0,85,0.0,3476
87,1,34,0.0,86,0.0,3476
88,1,34,0.0,87,0.0,3476
89,1,34,0.0,88,0.0,3476
90,1,34,0.0,89,0.0,3476
91,1,34,0.0,90,0.0,3476
92,1,34,0.0,91,0.0,3476
93,1,34,0.0,92,0.0,3476
94,1,34,0.0,93,0.72,3476
95,1,34,0.0,94,1.0,3476
96,1,34,0.0,95,0.48,3476
97,1,34,0.0,96,0.0,3476
98,1,34,0.0,97,0.0,3476
99,1,34,0.0,98,0.0,3476
100,1,34,0.0,99,0.0,3476
101,1,34,0.0,100,0.0,3476
102,1,34,0.0,101,0.0,3476
103,1,34,0.0,102,0.0,3476
104,1,34,0.0,103,0.0,3476
105,1,34,0.0,104,0.0,3476
106,1,34,0.0,105,0.0,3476
107,1,34,0.0,106,0.0,3476
108,1,34,0.0,107,0.0,3476
109,1,34,0.0,108,0.0,3476
110,1,34,0.0,109,0.0,3476
111,1,34,0.0,110,0.0,3476
112,1,34,0.0,111,0.0,3476
113,1,34,0.0,112,0.0,3476
114,1,34,0.0,113,0.0,3476
115,1,34,0.0,114,0.0,3476
116,1,34,0.0,115,0.0,3476
117,1,34,0.0,116,0.0,3476
118,1,34,0.0,117,0.0,3476
119,1,34,0.0,118,0.0,3476
120,1,34,0.0,119,0.0,3476
121,1,34,0.0,120,0.0,3476
122,1,34,0.0,121,0.0,3476
123,1,34,0.0,122,0.0,3476
124,1,34,0.0,123,0.0,3476
125,1,34,0.0,124,0.0,3476
126,1,34,0.0,125,0.0,3476
127,1,34,0.0,126,0.0,3476
128,1,34,0.0,127,0.0,3476
129,1,34,0.0,128,0.0,3476
130,1,34,0.0,129,0.0,3476
131,1,34,0.0,130,0.0,3476
132,1,34,0.0,131,0.0,3476
133,1,34,0.0,132,0.0,3476
134,1,34,0.0,133,0.0,3476
135,1,34,0.0,134,0.82,3476
136,1,34,0.0,135,1.0,3476
137,1,34,0.0,136,1.0,3476
138,1,34,0.0,137,0.48,3476
139,1,34,0.0,138,0.0,3476
140,1,34,0.0,139,0.0,3476
141,1,34,0.0,140,0.0,3476
142,1,34,0.0,141,0.0,3476
143,1,34,0.0,142,0.0,3476
144,1,34,0.0,143,0.0,3476
145,1,34,0.0,144,0.92,3476
146,1,34,0.0,145,1.0,3476
147,1,34,0.0,146,1.0,3476
148,1,34,0.0,147,0.68,3476
149,1,34,0.0,148,0.0,3476
150,1,34,0.0,149,0.0,3476
151,1,34,0.0,150,0.0,3476
152,1,34,0.0,151,0.0,3476
153,1,34,0.0,152,0.0,3476
154,1,34,0.0,153,0.0,3476
155,1,34,0.0,154,0.08,3476
156,1,34,0.0,155,0.65,3476
157,1,34,0.0,156,1.0,3476
158,1,34,0.0,157,1.0,3476
159,1,34,0.0,158,1.0,3476
160,1,34,0.0,159,1.0,3476
161,1,34,0.0,160,1.0,3476
162,1,34,0.0,161,0.95,3476
163,1,34,0.0,162,0.0,3476
1,1,34,0.0,0,0.0,7042
2,1,34,0.0,1,0.0,7042
3,1,34,0.0,2,0.0,7042
4,1,34,0.0,3,0.0,7042
5,1,34,0.0,4,0.0,7042
6,1,34,0.0,5,0.0,7042
7,1,34,0.0,6,0.0,7042
8,1,34,0.0,7,0.0,7042
9,1,34,0.0,8,0.0,7042
10,1,34,0.0,9,0.0,7042
11,1,34,0.0,10,0.0,7042
12,1,34,0.0,11,0.0,7042
13,1,34,0.0,12,0.0,7042
14,1,34,0.0,13,0.0,7042
15,1,34,0.0,14,0.0,7042
16,1,34,0.0,15,0.0,7042
17,1,34,0.0,16,0.0,7042
18,1,34,0.0,17,0.0,7042
19,1,34,0.0,18,0.0,7042
20,1,34,0.0,19,0.0,7042
21,1,34,0.0,20,0.0,7042
22,1,34,0.0,21,0.0,7042
23,1,34,0.0,22,0.0,7042
24,1,34,0.0,23,0.0,7042
25,1,34,0.0,24,0.0,7042
26,1,34,0.0,25,0.0,7042
27,1,34,0.0,26,0.0,7042
28,1,34,0.0,27,0.0,7042
29,1,34,0.0,28,0.0,7042
30,1,34,0.0,29,0.0,7042
31,1,34,0.0,30,0.11,7042
32,1,34,0.0,31,0.59,7042
33,1,34,0.0,32,0.0,7042
34,1,34,0.0,33,0.0,7042
35,1,34,0.0,34,0.0,7042
36,1,34,0.0,35,0.0,7042
37,1,34,0.0,36,0.0,7042
38,1,34,0.0,37,0.0,7042
39,1,34,0.0,38,0.0,7042
40,1,34,0.0,39,0.0,7042
41,1,34,0.0,40,0.0,7042
42,1,34,0.0,41,0.0,7042
43,1,34,0.0,42,0.0,7042
44,1,34,0.0,43,0.0,7042
45,1,34,0.0,44,0.0,7042
46,1,34,0.0,45,0.0,7042
47,1,34,0.0,46,0.0,7042
48,1,34,0.0,47,0.0,7042
49,1,34,0.0,48,0.0,7042
50,1,34,0.0,49,0.0,7042
51,1,34,0.0,50,0.0,7042
52,1,34,0.0,51,0.0,7042
53,1,34,0.0,52,0.0,7042
54,1,34,0.0,53,0.0,7042
55,1,34,0.0,54,0.0,7042
56,1,34,0.0,55,0.0,7042
57,1,34,0.0,56,0.0,7042
58,1,34,0.0,57,0.0,7042
59,1,34,0.0,58,0.0,7042
60,1,34,0.0,59,0.0,7042
61,1,34,0.0,60,0.0,7042
62,1,34,0.0,61,0.0,7042
63,1,34,0.0,62,0.0,7042
64,1,34,0.0,63,0.0,7042
65,1,34,0.0,64,0.0,7042
66,1,34,0.0,65,0.0,7042
67,1,34,0.0,66,0.0,7042
68,1,34,0.0,67,0.0,7042
69,1,34,0.0,68,0.0,7042
70,1,34,0.0,69,0.0,7042
71,1,34,0.0,70,0.0,7042
72,1,34,0.0,71,0.0,7042
73,1,34,0.0,72,0.0,7042
74,1,34,0.0,73,0.0,7042
75,1,34,0.0,74,0.0,7042
76,1,34,0.0,75,0.0,7042
77,1,34,0.0,76,0.0,7042
78,1,34,0.0,77,0.0,7042
79,1,34,0.0,78,0.0,7042
80,1,34,0.0,79,0.0,7042
81,1,34,0.0,80,0.0,7042
82,1,34,0.0,81,0.0,7042
83,1,34,0.0,82,0.0,7042
84,1,34,0.0,83,0.0,7042
85,1,34,0.0,84,0.22,7042
86,1,34,0.0,85,0.0,7042
87,1,34,0.0,86,0.0,7042
88,1,34,0.0,87,0.0,7042
89,1,34,0.0,88,0.0,7042
90,1,34,0.0,89,0.0,7042
91,1,34,0.0,90,0.0,7042
92,1,34,0.0,91,0.0,7042
93,1,34,0.0,92,0.0,7042
94,1,34,0.0,93,0.06,7042
95,1,34,0.0,94,0.89,7042
96,1,34,0.0,95,0.0,7042
97,1,34,0.0,96,0.0,7042
98,1,34,0.0,97,0.0,7042
99,1,34,0.0,98,0.0,7042
100,1,34,0.0,99,0.0,7042
101,1,34,0.0,100,0.0,7042
102,1,34,0.0,101,0.0,7042
103,1,34,0.0,102,0.0,7042
104,1,34,0.0,103,0.0,7042
105,1,34,0.0,104,0.0,7042
106,1,34,0.0,105,0.0,7042
107,1,34,0.0,106,0.0,7042
108,1,34,0.0,107,0.0,7042
109,1,34,0.0,108,0.0,7042
110,1,34,0.0,109,0.0,7042
111,1,34,0.0,110,0.0,7042
112,1,34,0.0,111,0.0,7042
113,1,34,0.0,112,0.0,7042
114,1,34,0.0,113,0.0,7042
115,1,34,0.0,114,0.0,7042
116,1,34,0.0,115,0.0,7042
117,1,34,0.0,116,0.0,7042
118,1,34,0.0,117,0.0,7042
119,1,34,0.0,118,0.0,7042
120,1,34,0.0,119,0.0,7042
121,1,34,0.0,120,0.0,7042
122,1,34,0.0,121,0.0,7042
123,1,34,0.0,122,0.0,7042
124,1,34,0.0,123,0.0,7042
125,1,34,0.0,124,0.0,7042
126,1,34,0.0,125,0.0,7042
127,1,34,0.0,126,0.0,7042
128,1,34,0.0,127,0.06,7042
129,1,34,0.0,128,0.84,7042
130,1,34,0.0,129,0.0,7042
131,1,34,0.0,130,0.0,7042
132,1,34,0.0,131,0.0,7042
133,1,34,0.0,132,0.0,7042
134,1,34,0.0,133,0.0,7042
135,1,34,0.0,134,0.0,7042
136,1,34,0.0,135,0.0,7042
137,1,34,0.0,136,0.0,7042
138,1,34,0.0,137,0.0,7042
139,1,34,0.0,138,0.0,7042
140,1,34,0.0,139,0.0,7042
141,1,34,0.0,140,0.0,7042
142,1,34,0.0,141,0.0,7042
143,1,34,0.0,142,0.0,7042
144,1,34,0.0,143,0.0,7042
145,1,34,0.0,144,0.0,7042
146,1,34,0.0,145,0.0,7042
147,1,34,0.0,146,0.0,7042
148,1,34,0.0,147,0.0,7042
149,1,34,0.0,148,0.0,7042
150,1,34,0.0,149,0.0,7042
151,1,34,0.0,150,0.0,7042
152,1,34,0.0,151,0.0,7042
153,1,34,0.0,152,0.0,7042
154,1,34,0.0,153,0.0,7042
155,1,34,0.0,154,0.0,7042
156,1,34,0.0,155,0.0,7042
157,1,34,0.0,156,0.0,7042
158,1,34,0.0,157,0.0,7042
159,1,34,0.0,158,0.0,7042
160,1,34,0.0,159,0.0,7042
161,1,34,0.0,160,0.0,7042
162,1,34,0.0,161,0.0,7042
163,1,34,0.0,162,0.0,7042
1,1,35,0.0,0,0.0,2710
2,1,35,0.0,1,0.0,2710
3,1,35,0.0,2,0.0,2710
4,1,35,0.0,3,0.0,2710
5,1,35,0.0,4,0.0,2710
6,1,35,0.0,5,0.0,2710
7,1,35,0.0,6,0.0,2710
8,1,35,0.0,7,0.0,2710
9,1,35,0.0,8,0.0,2710
10,1,35,0.0,9,0.0,2710
11,1,35,0.0,10,0.0,2710
12,1,35,0.0,11,0.0,2710
13,1,35,0.0,12,0.0,2710
14,1,35,0.0,13,0.0,2710
15,1,35,0.0,14,0.0,2710
16,1,35,0.0,15,0.0,2710
17,1,35,0.0,16,0.0,2710
18,1,35,0.0,17,0.0,2710
19,1,35,0.0,18,0.0,2710
20,1,35,0.0,19,0.0,2710
21,1,35,0.0,20,0.0,2710
22,1,35,0.0,21,0.0,2710
23,1,35,0.0,22,0.0,2710
24,1,35,0.0,23,0.0,2710
25,1,35,0.0,24,0.0,2710
26,1,35,0.0,25,0.0,2710
27,1,35,0.0,26,0.0,2710
28,1,35,0.0,27,0.0,2710
29,1,35,0.0,28,0.0,2710
30,1,35,0.0,29,0.0,2710
31,1,35,0.0,30,0.0,2710
32,1,35,0.0,31,0.0,2710
33,1,35,0.0,32,0.0,2710
34,1,35,0.0,33,0.0,2710
35,1,35,0.0,34,0.0,2710
36,1,35,0.17,35,0.0,2710
37,1,35,0.54,36,0.0,2710
38,1,35,0.0,37,0.0,2710
39,1,35,0.0,38,0.0,2710
40,1,35,0.0,39,0.0,2710
41,1,35,0.0,40,0.0,2710
42,1,35,0.0,41,0.0,2710
43,1,35,0.0,42,0.0,2710
44,1,35,0.0,43,0.0,2710
45,1,35,0.0,44,0.0,2710
46,1,35,0.0,45,0.0,2710
47,1,35,0.0,46,0.0,2710
48,1,35,0.0,47,0.0,2710
49,1,35,0.0,48,0.0,2710
50,1,35,0.0,49,0.0,2710
51,1,35,0.0,50,0.0,2710
52,1,35,0.0,51,0.0,2710
53,1,35,0.0,52,0.0,2710
54,1,35,0.0,53,0.0,2710
55,1,35,0.0,54,0.0,2710
56,1,35,0.0,55,0.0,2710
57,1,35,0.0,56,0.0,2710
58,1,35,0.0,57,0.0,2710
59,1,35,0.0,58,0.0,2710
60,1,35,0.0,59,0.0,2710
61,1,35,0.0,60,0.0,2710
62,1,35,0.0,61,0.0,2710
63,1,35,0.0,62,0.42,2710
64,1,35,0.0,63,0.03,2710
65,1,35,0.71,64,0.0,2710
66,1,35,0.47,65,0.0,2710
67,1,35,0.18,66,0.0,2710
68,1,35,0.05,67,0.0,2710
69,1,35,0.0,68,0.0,2710
70,1,35,0.0,69,0.0,2710
71,1,35,0.0,70,0.0,2710
72,1,35,0.0,71,0.0,2710
73,1,35,0.0,72,0.0,2710
74,1,35,0.0,73,0.0,2710
75,1,35,0.0,74,0.0,2710
76,1,35,0.0,75,0.0,2710
77,1,35,0.0,76,0.0,2710
78,1,35,0.07,77,0.0,2710
79,1,35,0.18,78,0.0,2710
80,1,35,0.0,79,0.0,2710
81,1,35,0.0,80,0.0,2710
82,1,35,0.0,81,0.0,2710
83,1,35,0.0,82,0.0,2710
84,1,35,0.0,83,0.0,2710
85,1,35,0.0,84,0.0,2710
86,1,35,0.0,85,0.0,2710
87,1,35,0.0,86,0.0,2710
88,1,35,0.0,87,0.0,2710
89,1,35,0.0,88,0.0,2710
90,1,35,0.0,89,0.0,2710
91,1,35,0.0,90,0.0,2710
92,1,35,0.0,91,0.47,2710
93,1,35,0.0,92,0.79,2710
94,1,35,0.0,93,0.37,2710
95,1,35,0.0,94,1.0,2710
96,1,35,0.0,95,1.0,2710
97,1,35,0.0,96,0.68,2710
98,1,35,0.0,97,0.0,2710
99,1,35,0.0,98,0.0,2710
100,1,35,0.0,99,0.0,2710
101,1,35,0.0,100,0.06,2710
102,1,35,0.0,101,0.0,2710
103,1,35,0.0,102,0.0,2710
104,1,35,0.0,103,0.0,2710
105,1,35,0.0,104,0.0,2710
106,1,35,0.0,105,0.0,2710
107,1,35,0.0,106,0.0,2710
108,1,35,0.0,107,0.0,2710
109,1,35,0.0,108,0.0,2710
110,1,35,0.0,109,0.0,2710
111,1,35,0.0,110,0.0,2710
112,1,35,0.0,111,0.2,2710
113,1,35,0.0,112,0.0,2710
114,1,35,0.0,113,0.52,2710
115,1,35,0.0,114,0.33,2710
116,1,35,0.0,115,0.0,2710
117,1,35,0.0,116,0.0,2710
118,1,35,0.0,117,0.0,2710
119,1,35,0.0,118,0.0,2710
120,1,35,0.0,119,0.0,2710
121,1,35,0.0,120,0.0,2710
122,1,35,0.0,121,0.0,2710
123,1,35,0.0,122,0.0,2710
124,1,35,0.0,123,0.0,2710
125,1,35,0.0,124,0.0,2710
126,1,35,0.0,125,0.0,2710
127,1,35,0.0,126,0.0,2710
128,1,35,0.0,127,0.0,2710
129,1,35,0.0,128,0.0,2710
130,1,35,0.0,129,0.0,2710
131,1,35,0.0,130,0.0,2710
132,1,35,0.0,131,0.0,2710
133,1,35,0.0,132,0.0,2710
134,1,35,0.0,133,0.0,2710
135,1,35,0.0,134,0.0,2710
136,1,35,0.0,135,0.0,2710
137,1,35,0.0,136,0.0,2710
138,1,35,0.0,137,0.0,2710
139,1,35,0.0,138,0.0,2710
140,1,35,0.0,139,0.45,2710
141,1,35,0.0,140,0.12,2710
142,1,35,0.0,141,1.0,2710
143,1,35,0.0,142,0.38,2710
144,1,35,0.0,143,0.0,2710
145,1,35,0.0,144,0.0,2710
146,1,35,0.0,145,0.0,2710
147,1,35,0.0,146,0.0,2710
148,1,35,0.0,147,0.67,2710
149,1,35,0.0,148,1.0,2710
150,1,35,0.0,149,1.0,2710
151,1,35,0.0,150,0.49,2710
152,1,35,0.0,151,0.0,2710
153,1,35,0.0,152,0.0,2710
154,1,35,0.0,153,0.0,2710
155,1,35,0.0,154,0.0,2710
156,1,35,0.0,155,0.0,2710
157,1,35,0.0,156,0.0,2710
158,1,35,0.0,157,0.0,2710
159,1,35,0.0,158,0.0,2710
160,1,35,0.0,159,0.12,2710
161,1,35,0.0,160,0.08,2710
162,1,35,0.0,161,0.37,2710
163,1,35,0.0,162,0.93,2710
1,1,35,0.0,0,0.0,4
2,1,35,0.0,1,0.0,4
3,1,35,0.0,2,0.0,4
4,1,35,0.0,3,0.0,4
5,1,35,0.0,4,0.0,4
6,1,35,0.0,5,0.0,4
7,1,35,0.0,6,0.0,4
8,1,35,0.0,7,0.0,4
9,1,35,0.0,8,0.0,4
10,1,35,0.0,9,0.0,4
11,1,35,0.0,10,0.0,4
12,1,35,0.0,11,0.0,4
13,1,35,0.0,12,0.0,4
14,1,35,0.0,13,0.0,4
15,1,35,0.0,14,0.0,4
16,1,35,0.0,15,0.0,4
17,1,35,0.0,16,0.0,4
18,1,35,0.0,17,0.0,4
19,1,35,0.0,18,0.0,4
20,1,35,0.0,19,0.0,4
21,1,35,0.0,20,0.0,4
22,1,35,0.0,21,0.0,4
23,1,35,0.0,22,0.0,4
24,1,35,0.0,23,0.0,4
25,1,35,0.0,24,0.0,4
26,1,35,0.0,25,0.0,4
27,1,35,0.0,26,0.0,4
28,1,35,0.0,27,0.0,4
29,1,35,0.0,28,0.0,4
30,1,35,0.0,29,0.0,4
31,1,35,0.0,30,0.0,4
32,1,35,0.0,31,0.0,4
33,1,35,0.0,32,0.0,4
34,1,35,0.0,33,0.0,4
35,1,35,0.0,34,0.0,4
36,1,35,0.0,35,0.0,4
37,1,35,0.0,36,0.0,4
38,1,35,0.0,37,0.0,4
39,1,35,0.0,38,0.0,4
40,1,35,0.0,39,0.0,4
41,1,35,0.0,40,0.0,4
42,1,35,0.0,41,0.0,4
43,1,35,0.0,42,0.0,4
44,1,35,0.0,43,0.0,4
45,1,35,0.0,44,0.0,4
46,1,35,0.0,45,0.7,4
47,1,35,0.0,46,1.0,4
48,1,35,0.0,47,0.3,4
49,1,35,0.0,48,0.0,4
50,1,35,0.0,49,0.0,4
51,1,35,0.0,50,0.0,4
52,1,35,0.0,51,0.0,4
53,1,35,0.0,52,0.0,4
54,1,35,0.0,53,0.0,4
55,1,35,0.0,54,0.0,4
56,1,35,0.0,55,0.0,4
57,1,35,0.0,56,0.0,4
58,1,35,0.0,57,0.0,4
59,1,35,0.0,58,0.0,4
60,1,35,0.0,59,0.0,4
61,1,35,0.0,60,0.0,4
62,1,35,0.0,61,0.0,4
63,1,35,0.0,62,0.0,4
64,1,35,0.0,63,0.0,4
65,1,35,0.0,64,0.0,4
66,1,35,0.0,65,0.0,4
67,1,35,0.0,66,0.0,4
68,1,35,0.0,67,0.0,4
69,1,35,0.0,68,0.0,4
70,1,35,0.0,69,0.0,4
71,1,35,0.0,70,0.0,4
72,1,35,0.0,71,0.0,4
73,1,35,0.0,72,0.0,4
74,1,35,0.0,73,0.0,4
75,1,35,0.0,74,0.0,4
76,1,35,0.0,75,0.0,4
77,1,35,0.0,76,0.0,4
78,1,35,0.0,77,0.0,4
79,1,35,0.0,78,0.0,4
80,1,35,0.0,79,0.0,4
81,1,35,0.0,80,0.05,4
82,1,35,0.0,81,1.0,4
83,1,35,0.0,82,1.0,4
84,1,35,0.0,83,1.0,4
85,1,35,0.0,84,0.15,4
86,1,35,0.0,85,0.0,4
87,1,35,0.0,86,0.0,4
88,1,35,0.0,87,0.0,4
89,1,35,0.0,88,0.0,4
90,1,35,0.0,89,0.0,4
91,1,35,0.0,90,0.0,4
92,1,35,0.0,91,0.0,4
93,1,35,0.0,92,0.0,4
94,1,35,0.0,93,0.0,4
95,1,35,0.0,94,0.0,4
96,1,35,0.0,95,0.0,4
97,1,35,0.0,96,0.0,4
98,1,35,0.0,97,0.0,4
99,1,35,0.0,98,0.0,4
100,1,35,0.0,99,0.0,4
101,1,35,0.0,100,0.0,4
102,1,35,0.0,101,0.0,4
103,1,35,0.0,102,0.65,4
104,1,35,0.0,103,1.0,4
105,1,35,0.0,104,1.0,4
106,1,35,0.0,105,0.15,4
107,1,35,0.0,106,0.7,4
108,1,35,0.0,107,0.05,4
109,1,35,0.0,108,0.0,4
110,1,35,0.0,109,0.0,4
111,1,35,0.0,110,0.0,4
112,1,35,0.0,111,0.0,4
113,1,35,0.0,112,0.0,4
114,1,35,0.0,113,0.0,4
115,1,35,0.0,114,0.0,4
116,1,35,0.0,115,0.0,4
117,1,35,0.0,116,0.0,4
118,1,35,0.0,117,0.0,4
119,1,35,0.0,118,0.0,4
120,1,35,0.0,119,0.0,4
121,1,35,0.0,120,0.0,4
122,1,35,0.0,121,0.0,4
123,1,35,0.0,122,0.0,4
124,1,35,0.0,123,0.0,4
125,1,35,0.0,124,0.0,4
126,1,35,0.0,125,0.0,4
127,1,35,0.0,126,0.0,4
128,1,35,0.0,127,0.0,4
129,1,35,0.0,128,0.0,4
130,1,35,0.0,129,0.0,4
131,1,35,0.0,130,0.0,4
132,1,35,0.0,131,0.0,4
133,1,35,0.0,132,0.0,4
134,1,35,0.0,133,0.0,4
135,1,35,0.0,134,0.2,4
136,1,35,0.0,135,1.0,4
137,1,35,0.0,136,1.0,4
138,1,35,0.0,137,1.0,4
139,1,35,0.0,138,1.0,4
140,1,35,0.0,139,1.0,4
141,1,35,0.0,140,0.05,4
142,1,35,0.0,141,0.0,4
143,1,35,0.0,142,0.0,4
144,1,35,0.0,143,0.0,4
145,1,35,0.0,144,1.0,4
146,1,35,0.0,145,1.0,4
147,1,35,0.0,146,0.36,4
148,1,35,0.0,147,0.0,4
149,1,35,0.0,148,0.0,4
150,1,35,0.0,149,0.0,4
151,1,35,0.0,150,0.0,4
152,1,35,0.0,151,0.0,4
153,1,35,0.0,152,0.0,4
154,1,35,0.0,153,0.0,4
155,1,35,0.0,154,0.0,4
156,1,35,0.0,155,0.0,4
157,1,35,0.0,156,0.0,4
158,1,35,0.0,157,0.0,4
159,1,35,0.0,158,0.0,4
160,1,35,0.0,159,0.0,4
161,1,35,0.0,160,0.0,4
162,1,35,0.0,161,0.0,4
163,1,35,0.0,162,0.0,4
1,1,35,0.0,0,0.0,6000
2,1,35,0.0,1,0.0,6000
3,1,35,0.0,2,0.0,6000
4,1,35,0.0,3,0.0,6000
5,1,35,0.0,4,0.0,6000
6,1,35,0.0,5,0.0,6000
7,1,35,0.0,6,0.0,6000
8,1,35,0.0,7,0.0,6000
9,1,35,0.0,8,0.0,6000
10,1,35,0.0,9,0.0,6000
11,1,35,0.0,10,0.0,6000
12,1,35,0.0,11,0.0,6000
13,1,35,0.0,12,0.0,6000
14,1,35,0.0,13,0.0,6000
15,1,35,0.0,14,0.0,6000
16,1,35,0.0,15,0.0,6000
17,1,35,0.0,16,0.0,6000
18,1,35,0.0,17,0.0,6000
19,1,35,0.0,18,0.0,6000
20,1,35,0.0,19,0.0,6000
21,1,35,0.0,20,0.0,6000
22,1,35,0.0,21,0.0,6000
23,1,35,0.0,22,0.0,6000
24,1,35,0.0,23,0.0,6000
25,1,35,0.0,24,0.0,6000
26,1,35,0.0,25,0.0,6000
27,1,35,0.0,26,0.0,6000
28,1,35,0.0,27,0.0,6000
29,1,35,0.0,28,0.0,6000
30,1,35,0.0,29,0.0,6000
31,1,35,0.0,30,0.0,6000
32,1,35,0.0,31,0.0,6000
33,1,35,0.0,32,0.0,6000
34,1,35,0.0,33,0.0,6000
35,1,35,0.0,34,0.0,6000
36,1,35,0.0,35,0.0,6000
37,1,35,0.0,36,0.0,6000
38,1,35,0.0,37,0.0,6000
39,1,35,0.0,38,0.0,6000
40,1,35,0.0,39,0.0,6000
41,1,35,0.0,40,0.0,6000
42,1,35,0.0,41,0.0,6000
43,1,35,0.0,42,0.0,6000
44,1,35,0.0,43,0.0,6000
45,1,35,0.0,44,0.0,6000
46,1,35,0.0,45,0.0,6000
47,1,35,0.0,46,0.0,6000
48,1,35,0.0,47,0.0,6000
49,1,35,0.0,48,0.0,6000
50,1,35,0.0,49,0.0,6000
51,1,35,0.0,50,0.0,6000
52,1,35,0.0,51,0.0,6000
53,1,35,0.0,52,0.0,6000
54,1,35,0.0,53,0.0,6000
55,1,35,0.0,54,0.0,6000
56,1,35,0.0,55,0.0,6000
57,1,35,0.0,56,0.0,6000
58,1,35,0.0,57,0.0,6000
59,1,35,0.0,58,0.0,6000
60,1,35,0.0,59,0.0,6000
61,1,35,0.0,60,0.0,6000
62,1,35,0.0,61,0.0,6000
63,1,35,0.0,62,0.0,6000
64,1,35,0.0,63,0.0,6000
65,1,35,0.0,64,0.0,6000
66,1,35,0.0,65,0.0,6000
67,1,35,0.0,66,0.0,6000
68,1,35,0.0,67,0.0,6000
69,1,35,0.0,68,0.0,6000
70,1,35,0.0,69,0.0,6000
71,1,35,0.0,70,0.0,6000
72,1,35,0.0,71,0.0,6000
73,1,35,0.0,72,0.0,6000
74,1,35,0.0,73,0.0,6000
75,1,35,0.0,74,0.0,6000
76,1,35,0.0,75,0.0,6000
77,1,35,0.0,76,0.0,6000
78,1,35,0.0,77,0.0,6000
79,1,35,0.0,78,0.0,6000
80,1,35,0.0,79,0.0,6000
81,1,35,0.0,80,0.0,6000
82,1,35,0.0,81,0.0,6000
83,1,35,0.0,82,0.0,6000
84,1,35,0.0,83,0.0,6000
85,1,35,0.0,84,0.0,6000
86,1,35,0.0,85,0.0,6000
87,1,35,0.0,86,0.0,6000
88,1,35,0.0,87,0.0,6000
89,1,35,0.0,88,0.0,6000
90,1,35,0.0,89,0.0,6000
91,1,35,0.0,90,0.0,6000
92,1,35,0.0,91,0.0,6000
93,1,35,0.0,92,0.0,6000
94,1,35,0.0,93,0.0,6000
95,1,35,0.0,94,0.0,6000
96,1,35,0.0,95,0.0,6000
97,1,35,0.0,96,0.0,6000
98,1,35,0.0,97,0.0,6000
99,1,35,0.0,98,0.0,6000
100,1,35,0.0,99,0.0,6000
101,1,35,0.0,100,0.0,6000
102,1,35,0.0,101,0.0,6000
103,1,35,0.0,102,0.0,6000
104,1,35,0.0,103,0.0,6000
105,1,35,0.0,104,0.0,6000
106,1,35,0.0,105,0.0,6000
107,1,35,0.0,106,0.0,6000
108,1,35,0.0,107,0.0,6000
109,1,35,0.0,108,0.0,6000
110,1,35,0.0,109,0.0,6000
111,1,35,0.0,110,0.0,6000
112,1,35,0.0,111,0.0,6000
113,1,35,0.0,112,0.0,6000
114,1,35,0.0,113,0.0,6000
115,1,35,0.0,114,0.0,6000
116,1,35,0.0,115,0.0,6000
117,1,35,0.0,116,0.0,6000
118,1,35,0.0,117,0.0,6000
119,1,35,0.0,118,0.0,6000
120,1,35,0.0,119,0.0,6000
121,1,35,0.0,120,0.0,6000
122,1,35,0.0,121,0.0,6000
123,1,35,0.0,122,0.0,6000
124,1,35,0.0,123,0.0,6000
125,1,35,0.0,124,0.0,6000
126,1,35,0.0,125,0.0,6000
127,1,35,0.0,126,0.0,6000
128,1,35,0.0,127,0.0,6000
129,1,35,0.0,128,0.0,6000
130,1,35,0.0,129,0.0,6000
131,1,35,0.0,130,0.0,6000
132,1,35,0.0,131,0.0,6000
133,1,35,0.0,132,0.0,6000
134,1,35,0.0,133,0.0,6000
135,1,35,0.0,134,0.0,6000
136,1,35,0.0,135,0.0,6000
137,1,35,0.0,136,0.0,6000
138,1,35,0.0,137,0.0,6000
139,1,35,0.0,138,0.0,6000
140,1,35,0.0,139,0.0,6000
141,1,35,0.0,140,0.0,6000
142,1,35,0.0,141,0.0,6000
143,1,35,0.0,142,0.0,6000
144,1,35,0.0,143,0.0,6000
145,1,35,0.0,144,0.0,6000
146,1,35,0.0,145,0.0,6000
147,1,35,0.0,146,0.0,6000
148,1,35,0.0,147,0.0,6000
149,1,35,0.0,148,0.0,6000
150,1,35,0.0,149,0.0,6000
151,1,35,0.0,150,0.0,6000
152,1,35,0.0,151,0.0,6000
153,1,35,0.0,152,0.0,6000
154,1,35,0.0,153,0.0,6000
155,1,35,0.0,154,0.0,6000
156,1,35,0.0,155,0.0,6000
157,1,35,0.0,156,0.0,6000
158,1,35,0.0,157,0.0,6000
159,1,35,0.0,158,0.0,6000
160,1,35,0.0,159,0.0,6000
161,1,35,0.0,160,0.0,6000
162,1,35,0.0,161,0.0,6000
163,1,35,0.0,162,0.0,6000
1,1,35,0.0,0,0.0,9696
2,1,35,0.0,1,0.0,9696
3,1,35,0.0,2,0.0,9696
4,1,35,0.0,3,0.0,9696
5,1,35,0.0,4,0.0,9696
6,1,35,0.0,5,0.0,9696
7,1,35,0.0,6,0.0,9696
8,1,35,0.0,7,0.0,9696
9,1,35,0.0,8,0.0,9696
10,1,35,0.0,9,0.0,9696
11,1,35,0.0,10,0.0,9696
12,1,35,0.0,11,0.0,9696
13,1,35,0.0,12,0.0,9696
14,1,35,0.0,13,0.0,9696
15,1,35,0.0,14,0.0,9696
16,1,35,0.0,15,0.0,9696
17,1,35,0.0,16,0.0,9696
18,1,35,0.0,17,0.0,9696
19,1,35,0.0,18,0.0,9696
20,1,35,0.0,19,0.0,9696
21,1,35,0.0,20,0.0,9696
22,1,35,0.0,21,0.0,9696
23,1,35,0.0,22,0.0,9696
24,1,35,0.0,23,0.0,9696
25,1,35,0.0,24,0.0,9696
26,1,35,0.0,25,0.0,9696
27,1,35,0.0,26,0.0,9696
28,1,35,0.0,27,0.0,9696
29,1,35,0.0,28,0.0,9696
30,1,35,0.0,29,0.0,9696
31,1,35,0.0,30,0.0,9696
32,1,35,0.0,31,0.0,9696
33,1,35,0.0,32,0.0,9696
34,1,35,0.0,33,0.0,9696
35,1,35,0.0,34,0.0,9696
36,1,35,0.0,35,0.0,9696
37,1,35,0.0,36,0.0,9696
38,1,35,0.0,37,0.0,9696
39,1,35,0.0,38,0.0,9696
40,1,35,0.0,39,0.0,9696
41,1,35,0.0,40,0.0,9696
42,1,35,0.0,41,0.0,9696
43,1,35,0.0,42,0.0,9696
44,1,35,0.0,43,0.0,9696
45,1,35,0.0,44,0.0,9696
46,1,35,0.0,45,0.0,9696
47,1,35,0.0,46,0.0,9696
48,1,35,0.0,47,0.0,9696
49,1,35,0.0,48,0.0,9696
50,1,35,0.0,49,0.0,9696
51,1,35,0.0,50,0.0,9696
52,1,35,0.0,51,0.0,9696
53,1,35,0.0,52,0.0,9696
54,1,35,0.0,53,0.0,9696
55,1,35,0.0,54,0.0,9696
56,1,35,0.0,55,0.0,9696
57,1,35,0.0,56,0.0,9696
58,1,35,0.0,57,0.0,9696
59,1,35,0.0,58,0.0,9696
60,1,35,0.0,59,0.0,9696
61,1,35,0.0,60,0.0,9696
62,1,35,0.0,61,0.0,9696
63,1,35,0.0,62,0.0,9696
64,1,35,0.0,63,0.0,9696
65,1,35,0.0,64,0.0,9696
66,1,35,0.0,65,0.0,9696
67,1,35,0.0,66,0.0,9696
68,1,35,0.0,67,0.0,9696
69,1,35,0.0,68,0.0,9696
70,1,35,0.0,69,0.0,9696
71,1,35,0.0,70,0.0,9696
72,1,35,0.0,71,0.0,9696
73,1,35,0.0,72,0.0,9696
74,1,35,0.0,73,0.0,9696
75,1,35,0.0,74,0.0,9696
76,1,35,0.0,75,0.0,9696
77,1,35,0.0,76,0.0,9696
78,1,35,0.0,77,0.0,9696
79,1,35,0.0,78,0.0,9696
80,1,35,0.0,79,0.0,9696
81,1,35,0.0,80,0.0,9696
82,1,35,0.0,81,0.0,9696
83,1,35,0.0,82,0.0,9696
84,1,35,0.0,83,0.0,9696
85,1,35,0.0,84,0.0,9696
86,1,35,0.0,85,0.0,9696
87,1,35,0.0,86,0.0,9696
88,1,35,0.0,87,0.0,9696
89,1,35,0.0,88,0.0,9696
90,1,35,0.0,89,0.0,9696
91,1,35,0.0,90,0.0,9696
92,1,35,0.0,91,0.0,9696
93,1,35,0.0,92,0.0,9696
94,1,35,0.0,93,0.0,9696
95,1,35,0.0,94,0.0,9696
96,1,35,0.0,95,0.0,9696
97,1,35,0.0,96,0.0,9696
98,1,35,0.0,97,0.0,9696
99,1,35,0.0,98,0.0,9696
100,1,35,0.0,99,0.0,9696
101,1,35,0.0,100,0.0,9696
102,1,35,0.0,101,0.0,9696
103,1,35,0.0,102,0.0,9696
104,1,35,0.0,103,0.0,9696
105,1,35,0.0,104,0.0,9696
106,1,35,0.0,105,0.0,9696
107,1,35,0.0,106,0.0,9696
108,1,35,0.0,107,0.0,9696
109,1,35,0.0,108,0.0,9696
110,1,35,0.0,109,0.0,9696
111,1,35,0.0,110,0.0,9696
112,1,35,0.0,111,0.0,9696
113,1,35,0.0,112,0.0,9696
114,1,35,0.0,113,0.0,9696
115,1,35,0.0,114,0.0,9696
116,1,35,0.0,115,0.0,9696
117,1,35,0.0,116,0.0,9696
118,1,35,0.0,117,0.0,9696
119,1,35,0.0,118,0.0,9696
120,1,35,0.0,119,0.0,9696
121,1,35,0.0,120,0.0,9696
122,1,35,0.0,121,0.0,9696
123,1,35,0.0,122,0.0,9696
124,1,35,0.0,123,0.0,9696
125,1,35,0.0,124,0.0,9696
126,1,35,0.0,125,0.0,9696
127,1,35,0.0,126,0.0,9696
128,1,35,0.0,127,0.0,9696
129,1,35,0.0,128,0.0,9696
130,1,35,0.0,129,0.0,9696
131,1,35,0.0,130,0.0,9696
132,1,35,0.0,131,0.0,9696
133,1,35,0.0,132,0.0,9696
134,1,35,0.0,133,0.0,9696
135,1,35,0.0,134,0.0,9696
136,1,35,0.0,135,0.0,9696
137,1,35,0.0,136,0.0,9696
138,1,35,0.0,137,0.0,9696
139,1,35,0.0,138,0.0,9696
140,1,35,0.0,139,0.0,9696
141,1,35,0.0,140,0.0,9696
142,1,35,0.0,141,0.0,9696
143,1,35,0.0,142,0.0,9696
144,1,35,0.0,143,0.0,9696
145,1,35,0.0,144,0.0,9696
146,1,35,0.0,145,0.0,9696
147,1,35,0.0,146,0.0,9696
148,1,35,0.0,147,0.0,9696
149,1,35,0.0,148,0.0,9696
150,1,35,0.0,149,0.0,9696
151,1,35,0.0,150,0.0,9696
152,1,35,0.0,151,0.0,9696
153,1,35,0.0,152,0.0,9696
154,1,35,0.0,153,0.0,9696
155,1,35,0.0,154,0.0,9696
156,1,35,0.0,155,0.0,9696
157,1,35,0.0,156,0.0,9696
158,1,35,0.0,157,0.0,9696
159,1,35,0.0,158,0.0,9696
160,1,35,0.0,159,0.0,9696
161,1,35,0.0,160,0.0,9696
162,1,35,0.0,161,0.0,9696
163,1,35,0.0,162,0.0,9696
1,1,35,0.0,0,0.0,1515
2,1,35,0.0,1,0.0,1515
3,1,35,0.0,2,0.0,1515
4,1,35,0.0,3,0.0,1515
5,1,35,0.0,4,0.0,1515
6,1,35,0.0,5,0.0,1515
7,1,35,0.0,6,0.0,1515
8,1,35,0.0,7,0.0,1515
9,1,35,0.0,8,0.0,1515
10,1,35,0.0,9,0.0,1515
11,1,35,0.0,10,0.0,1515
12,1,35,0.0,11,0.0,1515
13,1,35,0.0,12,0.0,1515
14,1,35,0.0,13,0.0,1515
15,1,35,0.0,14,0.0,1515
16,1,35,0.0,15,0.0,1515
17,1,35,0.0,16,0.0,1515
18,1,35,0.0,17,0.0,1515
19,1,35,0.0,18,0.0,1515
20,1,35,0.0,19,0.0,1515
21,1,35,0.0,20,0.0,1515
22,1,35,0.0,21,0.0,1515
23,1,35,0.0,22,0.0,1515
24,1,35,0.0,23,0.0,1515
25,1,35,0.0,24,0.0,1515
26,1,35,0.0,25,0.0,1515
27,1,35,0.0,26,0.0,1515
28,1,35,0.0,27,0.0,1515
29,1,35,0.0,28,0.0,1515
30,1,35,0.0,29,0.0,1515
31,1,35,0.0,30,0.0,1515
32,1,35,0.0,31,0.0,1515
33,1,35,0.0,32,0.0,1515
34,1,35,0.0,33,0.0,1515
35,1,35,0.0,34,0.0,1515
36,1,35,0.0,35,0.0,1515
37,1,35,0.0,36,0.0,1515
38,1,35,0.0,37,0.0,1515
39,1,35,0.0,38,0.0,1515
40,1,35,0.0,39,0.0,1515
41,1,35,0.0,40,0.0,1515
42,1,35,0.0,41,0.0,1515
43,1,35,0.0,42,0.0,1515
44,1,35,0.0,43,0.0,1515
45,1,35,0.0,44,0.0,1515
46,1,35,0.0,45,0.0,1515
47,1,35,0.0,46,0.0,1515
48,1,35,0.0,47,0.0,1515
49,1,35,0.0,48,0.0,1515
50,1,35,0.0,49,0.0,1515
51,1,35,0.0,50,0.0,1515
52,1,35,0.0,51,0.0,1515
53,1,35,0.0,52,0.0,1515
54,1,35,0.0,53,0.0,1515
55,1,35,0.0,54,0.0,1515
56,1,35,0.0,55,0.0,1515
57,1,35,0.0,56,0.0,1515
58,1,35,0.0,57,0.0,1515
59,1,35,0.0,58,0.0,1515
60,1,35,0.0,59,0.0,1515
61,1,35,0.0,60,0.0,1515
62,1,35,0.0,61,0.0,1515
63,1,35,0.0,62,0.0,1515
64,1,35,0.0,63,0.35,1515
65,1,35,0.0,64,1.0,1515
66,1,35,0.0,65,0.3,1515
67,1,35,0.0,66,0.0,1515
68,1,35,0.0,67,0.0,1515
69,1,35,0.0,68,0.0,1515
70,1,35,0.0,69,0.0,1515
71,1,35,0.0,70,0.0,1515
72,1,35,0.0,71,0.0,1515
73,1,35,0.0,72,0.0,1515
74,1,35,0.0,73,0.0,1515
75,1,35,0.0,74,0.0,1515
76,1,35,0.0,75,0.0,1515
77,1,35,0.0,76,0.0,1515
78,1,35,0.0,77,0.0,1515
79,1,35,0.0,78,0.0,1515
80,1,35,0.0,79,0.0,1515
81,1,35,0.0,80,0.0,1515
82,1,35,0.0,81,0.6,1515
83,1,35,0.0,82,0.53,1515
84,1,35,0.0,83,0.0,1515
85,1,35,0.0,84,0.0,1515
86,1,35,0.0,85,0.0,1515
87,1,35,0.0,86,0.0,1515
88,1,35,0.0,87,0.0,1515
89,1,35,0.0,88,0.0,1515
90,1,35,0.0,89,0.0,1515
91,1,35,0.0,90,0.0,1515
92,1,35,0.0,91,0.0,1515
93,1,35,0.0,92,0.0,1515
94,1,35,0.0,93,0.0,1515
95,1,35,0.0,94,0.0,1515
96,1,35,0.0,95,0.0,1515
97,1,35,0.0,96,0.0,1515
98,1,35,0.0,97,0.0,1515
99,1,35,0.0,98,0.0,1515
100,1,35,0.0,99,0.0,1515
101,1,35,0.0,100,0.0,1515
102,1,35,0.0,101,0.0,1515
103,1,35,0.0,102,0.0,1515
104,1,35,0.0,103,0.0,1515
105,1,35,0.0,104,0.0,1515
106,1,35,0.0,105,0.0,1515
107,1,35,0.0,106,0.0,1515
108,1,35,0.0,107,0.0,1515
109,1,35,0.0,108,0.0,1515
110,1,35,0.0,109,0.0,1515
111,1,35,0.0,110,0.0,1515
112,1,35,0.0,111,0.5,1515
113,1,35,0.0,112,0.6,1515
114,1,35,0.0,113,0.6,1515
115,1,35,0.0,114,0.5,1515
116,1,35,0.0,115,0.0,1515
117,1,35,0.0,116,0.0,1515
118,1,35,0.0,117,0.0,1515
119,1,35,0.0,118,0.0,1515
120,1,35,0.0,119,0.0,1515
121,1,35,0.0,120,0.0,1515
122,1,35,0.0,121,0.0,1515
123,1,35,0.0,122,0.0,1515
124,1,35,0.0,123,0.0,1515
125,1,35,0.0,124,0.0,1515
126,1,35,0.0,125,0.0,1515
127,1,35,0.0,126,0.0,1515
128,1,35,0.0,127,0.35,1515
129,1,35,0.0,128,0.86,1515
130,1,35,0.0,129,0.0,1515
131,1,35,0.0,130,0.0,1515
132,1,35,0.0,131,0.0,1515
133,1,35,0.0,132,0.0,1515
134,1,35,0.0,133,0.0,1515
135,1,35,0.0,134,0.3,1515
136,1,35,0.0,135,0.0,1515
137,1,35,0.0,136,0.0,1515
138,1,35,0.0,137,0.0,1515
139,1,35,0.0,138,0.0,1515
140,1,35,0.0,139,0.0,1515
141,1,35,0.0,140,0.0,1515
142,1,35,0.0,141,0.0,1515
143,1,35,0.0,142,0.0,1515
144,1,35,0.0,143,0.2,1515
145,1,35,0.0,144,0.0,1515
146,1,35,0.0,145,0.0,1515
147,1,35,0.0,146,0.0,1515
148,1,35,0.0,147,0.0,1515
149,1,35,0.0,148,0.0,1515
150,1,35,0.0,149,0.0,1515
151,1,35,0.0,150,0.0,1515
152,1,35,0.0,151,0.0,1515
153,1,35,0.0,152,0.0,1515
154,1,35,0.0,153,0.0,1515
155,1,35,0.0,154,0.0,1515
156,1,35,0.0,155,0.0,1515
157,1,35,0.0,156,0.0,1515
158,1,35,0.0,157,0.0,1515
159,1,35,0.0,158,0.0,1515
160,1,35,0.0,159,0.0,1515
161,1,35,0.0,160,0.0,1515
162,1,35,0.0,161,0.0,1515
163,1,35,0.0,162,0.0,1515
1,1,35,0.0,0,0.0,1159
2,1,35,0.0,1,0.0,1159
3,1,35,0.0,2,0.0,1159
4,1,35,0.0,3,0.0,1159
5,1,35,0.0,4,0.0,1159
6,1,35,0.0,5,0.0,1159
7,1,35,0.0,6,0.0,1159
8,1,35,0.0,7,0.0,1159
9,1,35,0.0,8,0.0,1159
10,1,35,0.0,9,0.0,1159
11,1,35,0.0,10,0.0,1159
12,1,35,0.0,11,0.0,1159
13,1,35,0.0,12,0.0,1159
14,1,35,0.0,13,0.0,1159
15,1,35,0.0,14,0.0,1159
16,1,35,0.0,15,0.0,1159
17,1,35,0.0,16,0.0,1159
18,1,35,0.0,17,0.0,1159
19,1,35,0.0,18,0.0,1159
20,1,35,0.0,19,0.0,1159
21,1,35,0.0,20,0.0,1159
22,1,35,0.0,21,0.0,1159
23,1,35,0.0,22,0.0,1159
24,1,35,0.0,23,0.0,1159
25,1,35,0.0,24,0.0,1159
26,1,35,0.0,25,0.0,1159
27,1,35,0.0,26,0.0,1159
28,1,35,0.0,27,0.0,1159
29,1,35,0.0,28,0.0,1159
30,1,35,0.0,29,0.0,1159
31,1,35,0.0,30,0.0,1159
32,1,35,0.0,31,0.0,1159
33,1,35,0.0,32,0.0,1159
34,1,35,0.0,33,0.0,1159
35,1,35,0.0,34,0.15,1159
36,1,35,0.0,35,0.0,1159
37,1,35,0.0,36,0.0,1159
38,1,35,0.0,37,0.0,1159
39,1,35,0.0,38,0.0,1159
40,1,35,0.0,39,0.0,1159
41,1,35,0.0,40,0.0,1159
42,1,35,0.0,41,0.0,1159
43,1,35,0.0,42,0.0,1159
44,1,35,0.0,43,0.0,1159
45,1,35,0.0,44,0.0,1159
46,1,35,0.0,45,0.0,1159
47,1,35,0.0,46,0.3,1159
48,1,35,0.0,47,0.0,1159
49,1,35,0.0,48,0.0,1159
50,1,35,0.0,49,0.0,1159
51,1,35,0.0,50,0.0,1159
52,1,35,0.0,51,0.0,1159
53,1,35,0.0,52,0.0,1159
54,1,35,0.0,53,0.0,1159
55,1,35,0.0,54,0.0,1159
56,1,35,0.0,55,0.0,1159
57,1,35,0.0,56,0.0,1159
58,1,35,0.0,57,0.0,1159
59,1,35,0.0,58,0.0,1159
60,1,35,0.0,59,0.0,1159
61,1,35,0.0,60,0.0,1159
62,1,35,0.0,61,0.0,1159
63,1,35,0.0,62,0.0,1159
64,1,35,0.0,63,0.0,1159
65,1,35,0.0,64,0.0,1159
66,1,35,0.0,65,0.0,1159
67,1,35,0.0,66,0.0,1159
68,1,35,0.0,67,0.0,1159
69,1,35,0.0,68,0.0,1159
70,1,35,0.0,69,0.0,1159
71,1,35,0.0,70,0.0,1159
72,1,35,0.0,71,0.0,1159
73,1,35,0.0,72,0.0,1159
74,1,35,0.0,73,0.0,1159
75,1,35,0.0,74,0.0,1159
76,1,35,0.0,75,0.0,1159
77,1,35,0.0,76,0.0,1159
78,1,35,0.0,77,0.0,1159
79,1,35,0.0,78,0.0,1159
80,1,35,0.0,79,0.0,1159
81,1,35,0.0,80,0.0,1159
82,1,35,0.0,81,0.0,1159
83,1,35,0.0,82,0.57,1159
84,1,35,0.0,83,1.0,1159
85,1,35,0.0,84,0.53,1159
86,1,35,0.0,85,0.0,1159
87,1,35,0.0,86,0.0,1159
88,1,35,0.0,87,0.0,1159
89,1,35,0.0,88,0.0,1159
90,1,35,0.0,89,0.0,1159
91,1,35,0.0,90,0.0,1159
92,1,35,0.0,91,0.0,1159
93,1,35,0.0,92,0.0,1159
94,1,35,0.0,93,0.0,1159
95,1,35,0.0,94,0.0,1159
96,1,35,0.0,95,0.0,1159
97,1,35,0.0,96,0.0,1159
98,1,35,0.0,97,0.0,1159
99,1,35,0.0,98,0.0,1159
100,1,35,0.0,99,0.0,1159
101,1,35,0.0,100,0.0,1159
102,1,35,0.0,101,0.0,1159
103,1,35,0.0,102,0.0,1159
104,1,35,0.0,103,0.0,1159
105,1,35,0.0,104,0.0,1159
106,1,35,0.0,105,0.0,1159
107,1,35,0.0,106,0.0,1159
108,1,35,0.0,107,0.0,1159
109,1,35,0.0,108,0.0,1159
110,1,35,0.0,109,0.0,1159
111,1,35,0.0,110,0.0,1159
112,1,35,0.0,111,0.0,1159
113,1,35,0.0,112,0.0,1159
114,1,35,0.0,113,0.0,1159
115,1,35,0.0,114,0.0,1159
116,1,35,0.0,115,0.0,1159
117,1,35,0.0,116,0.0,1159
118,1,35,0.0,117,0.0,1159
119,1,35,0.0,118,0.0,1159
120,1,35,0.0,119,0.0,1159
121,1,35,0.0,120,0.0,1159
122,1,35,0.0,121,0.0,1159
123,1,35,0.0,122,0.0,1159
124,1,35,0.0,123,0.0,1159
125,1,35,0.0,124,0.0,1159
126,1,35,0.0,125,0.0,1159
127,1,35,0.0,126,0.0,1159
128,1,35,0.0,127,0.0,1159
129,1,35,0.0,128,0.0,1159
130,1,35,0.0,129,0.0,1159
131,1,35,0.0,130,0.0,1159
132,1,35,0.0,131,0.0,1159
133,1,35,0.0,132,0.0,1159
134,1,35,0.0,133,0.0,1159
135,1,35,0.0,134,0.0,1159
136,1,35,0.0,135,0.0,1159
137,1,35,0.0,136,0.0,1159
138,1,35,0.0,137,0.0,1159
139,1,35,0.0,138,0.0,1159
140,1,35,0.0,139,0.0,1159
141,1,35,0.0,140,0.0,1159
142,1,35,0.0,141,0.0,1159
143,1,35,0.0,142,0.0,1159
144,1,35,0.0,143,0.0,1159
145,1,35,0.0,144,0.0,1159
146,1,35,0.0,145,0.0,1159
147,1,35,0.0,146,0.0,1159
148,1,35,0.0,147,0.0,1159
149,1,35,0.0,148,0.0,1159
150,1,35,0.0,149,0.0,1159
151,1,35,0.0,150,0.0,1159
152,1,35,0.0,151,0.0,1159
153,1,35,0.0,152,0.0,1159
154,1,35,0.0,153,0.0,1159
155,1,35,0.0,154,0.0,1159
156,1,35,0.0,155,0.0,1159
157,1,35,0.0,156,0.0,1159
158,1,35,0.0,157,0.0,1159
159,1,35,0.0,158,0.0,1159
160,1,35,0.0,159,0.0,1159
161,1,35,0.0,160,0.0,1159
162,1,35,0.0,161,0.0,1159
163,1,35,0.0,162,0.0,1159
1,1,36,0.0,0,0.0,1661
2,1,36,0.0,1,0.0,1661
3,1,36,0.0,2,0.0,1661
4,1,36,0.0,3,0.0,1661
5,1,36,0.0,4,0.0,1661
6,1,36,0.0,5,0.0,1661
7,1,36,0.0,6,0.0,1661
8,1,36,0.0,7,0.0,1661
9,1,36,0.0,8,0.0,1661
10,1,36,0.0,9,0.0,1661
11,1,36,0.0,10,0.0,1661
12,1,36,0.0,11,0.0,1661
13,1,36,0.0,12,0.0,1661
14,1,36,0.0,13,0.0,1661
15,1,36,0.0,14,0.0,1661
16,1,36,0.0,15,0.0,1661
17,1,36,0.0,16,0.0,1661
18,1,36,0.0,17,0.0,1661
19,1,36,0.0,18,0.0,1661
20,1,36,0.0,19,0.0,1661
21,1,36,0.0,20,0.0,1661
22,1,36,0.0,21,0.0,1661
23,1,36,0.0,22,0.0,1661
24,1,36,0.0,23,0.0,1661
25,1,36,0.0,24,0.0,1661
26,1,36,0.05,25,0.0,1661
27,1,36,0.0,26,0.0,1661
28,1,36,0.0,27,0.0,1661
29,1,36,0.0,28,0.0,1661
30,1,36,0.0,29,0.0,1661
31,1,36,0.0,30,0.0,1661
32,1,36,0.0,31,0.0,1661
33,1,36,0.0,32,0.0,1661
34,1,36,0.0,33,0.0,1661
35,1,36,0.0,34,0.0,1661
36,1,36,0.0,35,0.0,1661
37,1,36,0.0,36,0.0,1661
38,1,36,0.0,37,0.0,1661
39,1,36,0.0,38,0.0,1661
40,1,36,0.0,39,0.0,1661
41,1,36,0.0,40,0.0,1661
42,1,36,0.0,41,0.0,1661
43,1,36,0.0,42,0.0,1661
44,1,36,0.0,43,0.0,1661
45,1,36,0.0,44,0.0,1661
46,1,36,0.0,45,0.0,1661
47,1,36,0.0,46,0.0,1661
48,1,36,0.0,47,0.0,1661
49,1,36,0.0,48,0.0,1661
50,1,36,0.0,49,0.0,1661
51,1,36,0.0,50,0.0,1661
52,1,36,0.0,51,0.0,1661
53,1,36,0.0,52,0.0,1661
54,1,36,0.0,53,0.54,1661
55,1,36,0.0,54,0.12,1661
56,1,36,0.0,55,0.34,1661
57,1,36,0.0,56,0.37,1661
58,1,36,0.0,57,0.05,1661
59,1,36,0.0,58,0.18,1661
60,1,36,0.0,59,0.0,1661
61,1,36,0.0,60,0.67,1661
62,1,36,0.0,61,0.0,1661
63,1,36,0.0,62,0.0,1661
64,1,36,0.0,63,0.0,1661
65,1,36,0.0,64,0.0,1661
66,1,36,0.0,65,0.0,1661
67,1,36,0.0,66,0.0,1661
68,1,36,0.0,67,0.0,1661
69,1,36,0.0,68,0.0,1661
70,1,36,0.0,69,0.0,1661
71,1,36,0.0,70,0.0,1661
72,1,36,0.0,71,0.0,1661
73,1,36,0.0,72,0.0,1661
74,1,36,0.0,73,0.0,1661
75,1,36,0.0,74,0.0,1661
76,1,36,0.0,75,0.44,1661
77,1,36,0.0,76,0.46,1661
78,1,36,0.0,77,0.0,1661
79,1,36,0.0,78,0.0,1661
80,1,36,0.0,79,0.0,1661
81,1,36,0.0,80,0.0,1661
82,1,36,0.0,81,0.0,1661
83,1,36,0.0,82,0.0,1661
84,1,36,0.0,83,0.0,1661
85,1,36,0.0,84,0.0,1661
86,1,36,0.0,85,0.0,1661
87,1,36,0.0,86,0.0,1661
88,1,36,0.0,87,0.0,1661
89,1,36,0.0,88,0.0,1661
90,1,36,0.0,89,0.0,1661
91,1,36,0.0,90,0.0,1661
92,1,36,0.0,91,0.0,1661
93,1,36,0.0,92,0.0,1661
94,1,36,0.0,93,0.0,1661
95,1,36,0.0,94,0.0,1661
96,1,36,0.0,95,0.0,1661
97,1,36,0.0,96,0.0,1661
98,1,36,0.0,97,0.0,1661
99,1,36,0.0,98,0.0,1661
100,1,36,0.0,99,0.0,1661
101,1,36,0.0,100,0.0,1661
102,1,36,0.0,101,0.0,1661
103,1,36,0.0,102,0.0,1661
104,1,36,0.0,103,0.0,1661
105,1,36,0.0,104,0.0,1661
106,1,36,0.0,105,0.0,1661
107,1,36,0.0,106,0.59,1661
108,1,36,0.0,107,1.0,1661
109,1,36,0.0,108,1.0,1661
110,1,36,0.0,109,1.0,1661
111,1,36,0.0,110,1.0,1661
112,1,36,0.0,111,1.0,1661
113,1,36,0.0,112,1.0,1661
114,1,36,0.0,113,1.0,1661
115,1,36,0.0,114,1.0,1661
116,1,36,0.0,115,1.0,1661
117,1,36,0.0,116,1.0,1661
118,1,36,0.0,117,1.0,1661
119,1,36,0.0,118,0.51,1661
120,1,36,0.0,119,0.0,1661
121,1,36,0.0,120,0.0,1661
122,1,36,0.0,121,0.0,1661
123,1,36,0.0,122,0.0,1661
124,1,36,0.0,123,0.0,1661
125,1,36,0.0,124,0.0,1661
126,1,36,0.0,125,0.0,1661
127,1,36,0.0,126,0.0,1661
128,1,36,0.0,127,0.0,1661
129,1,36,0.0,128,0.0,1661
130,1,36,0.0,129,0.0,1661
131,1,36,0.0,130,0.0,1661
132,1,36,0.0,131,0.0,1661
133,1,36,0.0,132,0.2,1661
134,1,36,0.0,133,0.44,1661
135,1,36,0.0,134,0.41,1661
136,1,36,0.0,135,0.0,1661
137,1,36,0.0,136,0.0,1661
138,1,36,0.0,137,0.0,1661
139,1,36,0.0,138,0.0,1661
140,1,36,0.0,139,0.0,1661
141,1,36,0.0,140,0.0,1661
142,1,36,0.0,141,0.0,1661
143,1,36,0.0,142,0.0,1661
144,1,36,0.0,143,0.0,1661
145,1,36,0.0,144,0.0,1661
146,1,36,0.0,145,0.0,1661
147,1,36,0.0,146,0.0,1661
148,1,36,0.0,147,0.0,1661
149,1,36,0.0,148,0.0,1661
150,1,36,0.0,149,0.0,1661
151,1,36,0.0,150,0.0,1661
152,1,36,0.0,151,0.0,1661
153,1,36,0.0,152,0.0,1661
154,1,36,0.0,153,0.0,1661
155,1,36,0.0,154,0.0,1661
156,1,36,0.0,155,0.0,1661
157,1,36,0.0,156,0.0,1661
158,1,36,0.0,157,0.0,1661
159,1,36,0.0,158,0.0,1661
160,1,36,0.0,159,0.0,1661
161,1,36,0.0,160,0.0,1661
162,1,36,0.0,161,0.0,1661
163,1,36,0.0,162,0.0,1661
1,1,36,0.0,0,0.0,7230
2,1,36,0.0,1,0.0,7230
3,1,36,0.0,2,0.0,7230
4,1,36,0.0,3,0.0,7230
5,1,36,0.0,4,0.0,7230
6,1,36,0.0,5,0.0,7230
7,1,36,0.0,6,0.0,7230
8,1,36,0.0,7,0.0,7230
9,1,36,0.0,8,0.0,7230
10,1,36,0.0,9,0.0,7230
11,1,36,0.0,10,0.0,7230
12,1,36,0.0,11,0.0,7230
13,1,36,0.0,12,0.0,7230
14,1,36,0.0,13,0.0,7230
15,1,36,0.0,14,0.0,7230
16,1,36,0.0,15,0.0,7230
17,1,36,0.0,16,0.0,7230
18,1,36,0.0,17,0.0,7230
19,1,36,0.0,18,0.0,7230
20,1,36,0.0,19,0.0,7230
21,1,36,0.0,20,0.0,7230
22,1,36,0.0,21,0.0,7230
23,1,36,0.0,22,0.0,7230
24,1,36,0.0,23,0.0,7230
25,1,36,0.0,24,0.0,7230
26,1,36,0.0,25,0.0,7230
27,1,36,0.0,26,0.0,7230
28,1,36,0.0,27,0.0,7230
29,1,36,0.0,28,0.0,7230
30,1,36,0.0,29,0.0,7230
31,1,36,0.0,30,0.0,7230
32,1,36,0.0,31,0.0,7230
33,1,36,0.0,32,0.0,7230
34,1,36,0.0,33,0.0,7230
35,1,36,0.0,34,0.0,7230
36,1,36,0.0,35,0.0,7230
37,1,36,0.0,36,0.0,7230
38,1,36,0.0,37,0.0,7230
39,1,36,0.0,38,0.0,7230
40,1,36,0.0,39,0.0,7230
41,1,36,0.0,40,0.0,7230
42,1,36,0.0,41,0.0,7230
43,1,36,0.0,42,0.0,7230
44,1,36,0.0,43,0.0,7230
45,1,36,0.0,44,0.0,7230
46,1,36,0.0,45,0.0,7230
47,1,36,0.0,46,0.0,7230
48,1,36,0.0,47,0.0,7230
49,1,36,0.0,48,0.0,7230
50,1,36,0.0,49,0.0,7230
51,1,36,0.0,50,0.0,7230
52,1,36,0.0,51,0.0,7230
53,1,36,0.0,52,0.0,7230
54,1,36,0.0,53,0.0,7230
55,1,36,0.0,54,0.0,7230
56,1,36,0.0,55,0.0,7230
57,1,36,0.0,56,0.0,7230
58,1,36,0.0,57,0.0,7230
59,1,36,0.0,58,0.0,7230
60,1,36,0.0,59,0.0,7230
61,1,36,0.0,60,0.0,7230
62,1,36,0.0,61,0.0,7230
63,1,36,0.0,62,0.0,7230
64,1,36,0.0,63,0.0,7230
65,1,36,0.0,64,0.0,7230
66,1,36,0.0,65,0.0,7230
67,1,36,0.0,66,0.0,7230
68,1,36,0.0,67,0.0,7230
69,1,36,0.0,68,0.0,7230
70,1,36,0.0,69,0.0,7230
71,1,36,0.0,70,0.0,7230
72,1,36,0.0,71,0.0,7230
73,1,36,0.0,72,0.0,7230
74,1,36,0.0,73,0.0,7230
75,1,36,0.0,74,0.0,7230
76,1,36,0.0,75,0.0,7230
77,1,36,0.0,76,0.0,7230
78,1,36,0.0,77,0.0,7230
79,1,36,0.0,78,0.0,7230
80,1,36,0.0,79,0.0,7230
81,1,36,0.0,80,0.0,7230
82,1,36,0.0,81,0.0,7230
83,1,36,0.0,82,0.0,7230
84,1,36,0.0,83,0.0,7230
85,1,36,0.0,84,0.0,7230
86,1,36,0.0,85,0.0,7230
87,1,36,0.0,86,0.0,7230
88,1,36,0.0,87,0.0,7230
89,1,36,0.0,88,0.0,7230
90,1,36,0.0,89,0.0,7230
91,1,36,0.0,90,0.0,7230
92,1,36,0.0,91,0.0,7230
93,1,36,0.0,92,0.0,7230
94,1,36,0.0,93,0.0,7230
95,1,36,0.0,94,0.0,7230
96,1,36,0.0,95,0.0,7230
97,1,36,0.0,96,0.0,7230
98,1,36,0.0,97,0.0,7230
99,1,36,0.0,98,0.0,7230
100,1,36,0.0,99,0.0,7230
101,1,36,0.0,100,0.0,7230
102,1,36,0.0,101,0.0,7230
103,1,36,0.0,102,0.0,7230
104,1,36,0.0,103,0.0,7230
105,1,36,0.0,104,0.0,7230
106,1,36,0.0,105,0.0,7230
107,1,36,0.0,106,0.0,7230
108,1,36,0.0,107,0.0,7230
109,1,36,0.0,108,0.0,7230
110,1,36,0.0,109,0.0,7230
111,1,36,0.0,110,0.0,7230
112,1,36,0.0,111,0.0,7230
113,1,36,0.0,112,0.0,7230
114,1,36,0.0,113,0.0,7230
115,1,36,0.0,114,0.0,7230
116,1,36,0.0,115,0.0,7230
117,1,36,0.0,116,0.0,7230
118,1,36,0.0,117,0.0,7230
119,1,36,0.0,118,0.0,7230
120,1,36,0.0,119,0.0,7230
121,1,36,0.0,120,0.0,7230
122,1,36,0.0,121,0.0,7230
123,1,36,0.0,122,0.0,7230
124,1,36,0.0,123,0.0,7230
125,1,36,0.0,124,0.0,7230
126,1,36,0.0,125,0.0,7230
127,1,36,0.0,126,0.0,7230
128,1,36,0.0,127,0.0,7230
129,1,36,0.0,128,0.0,7230
130,1,36,0.0,129,0.0,7230
131,1,36,0.0,130,0.0,7230
132,1,36,0.0,131,0.0,7230
133,1,36,0.0,132,0.0,7230
134,1,36,0.0,133,0.0,7230
135,1,36,0.0,134,0.0,7230
136,1,36,0.0,135,0.0,7230
137,1,36,0.0,136,0.0,7230
138,1,36,0.0,137,0.0,7230
139,1,36,0.0,138,0.0,7230
140,1,36,0.0,139,0.0,7230
141,1,36,0.0,140,0.0,7230
142,1,36,0.0,141,0.0,7230
143,1,36,0.0,142,0.0,7230
144,1,36,0.0,143,0.0,7230
145,1,36,0.0,144,0.0,7230
146,1,36,0.0,145,0.0,7230
147,1,36,0.0,146,0.0,7230
148,1,36,0.0,147,0.0,7230
149,1,36,0.0,148,0.0,7230
150,1,36,0.0,149,0.0,7230
151,1,36,0.0,150,0.0,7230
152,1,36,0.0,151,0.0,7230
153,1,36,0.0,152,0.0,7230
154,1,36,0.0,153,0.0,7230
155,1,36,0.0,154,0.0,7230
156,1,36,0.0,155,0.0,7230
157,1,36,0.0,156,0.0,7230
158,1,36,0.0,157,0.0,7230
159,1,36,0.0,158,0.0,7230
160,1,36,0.0,159,0.0,7230
161,1,36,0.0,160,0.0,7230
162,1,36,0.0,161,0.0,7230
163,1,36,0.0,162,0.0,7230
1,1,36,0.0,0,0.0,2584
2,1,36,0.0,1,0.0,2584
3,1,36,0.0,2,0.0,2584
4,1,36,0.0,3,0.0,2584
5,1,36,0.0,4,0.0,2584
6,1,36,0.0,5,0.0,2584
7,1,36,0.0,6,0.0,2584
8,1,36,0.0,7,0.0,2584
9,1,36,0.0,8,0.0,2584
10,1,36,0.0,9,0.0,2584
11,1,36,0.0,10,0.0,2584
12,1,36,0.0,11,0.0,2584
13,1,36,0.0,12,0.0,2584
14,1,36,0.0,13,0.0,2584
15,1,36,0.0,14,0.35,2584
16,1,36,0.0,15,0.36,2584
17,1,36,0.0,16,0.0,2584
18,1,36,0.0,17,0.0,2584
19,1,36,0.0,18,0.0,2584
20,1,36,0.0,19,0.0,2584
21,1,36,0.0,20,0.0,2584
22,1,36,0.0,21,0.0,2584
23,1,36,0.0,22,0.0,2584
24,1,36,0.0,23,0.0,2584
25,1,36,0.0,24,0.0,2584
26,1,36,0.0,25,0.0,2584
27,1,36,0.0,26,0.0,2584
28,1,36,0.0,27,0.0,2584
29,1,36,0.0,28,0.0,2584
30,1,36,0.0,29,0.0,2584
31,1,36,0.0,30,0.0,2584
32,1,36,0.0,31,0.0,2584
33,1,36,0.0,32,0.1,2584
34,1,36,0.0,33,0.55,2584
35,1,36,0.0,34,0.0,2584
36,1,36,0.0,35,0.25,2584
37,1,36,0.0,36,1.0,2584
38,1,36,0.0,37,0.05,2584
39,1,36,0.0,38,0.0,2584
40,1,36,0.0,39,0.0,2584
41,1,36,0.0,40,0.0,2584
42,1,36,0.0,41,0.0,2584
43,1,36,0.0,42,0.0,2584
44,1,36,0.0,43,0.0,2584
45,1,36,0.0,44,0.0,2584
46,1,36,0.0,45,0.0,2584
47,1,36,0.0,46,0.0,2584
48,1,36,0.0,47,0.0,2584
49,1,36,0.0,48,0.0,2584
50,1,36,0.0,49,0.0,2584
51,1,36,0.0,50,0.3,2584
52,1,36,0.0,51,1.0,2584
53,1,36,0.0,52,0.15,2584
54,1,36,0.0,53,0.0,2584
55,1,36,0.0,54,0.0,2584
56,1,36,0.0,55,0.0,2584
57,1,36,0.0,56,0.0,2584
58,1,36,0.0,57,0.0,2584
59,1,36,0.0,58,0.0,2584
60,1,36,0.0,59,0.25,2584
61,1,36,0.0,60,1.0,2584
62,1,36,0.0,61,0.8,2584
63,1,36,0.0,62,0.0,2584
64,1,36,0.0,63,0.0,2584
65,1,36,0.0,64,0.0,2584
66,1,36,0.0,65,0.0,2584
67,1,36,0.0,66,0.0,2584
68,1,36,0.0,67,0.0,2584
69,1,36,0.0,68,0.0,2584
70,1,36,0.0,69,0.0,2584
71,1,36,0.0,70,0.0,2584
72,1,36,0.0,71,0.0,2584
73,1,36,0.0,72,0.0,2584
74,1,36,0.0,73,0.0,2584
75,1,36,0.0,74,0.0,2584
76,1,36,0.0,75,0.0,2584
77,1,36,0.0,76,0.0,2584
78,1,36,0.0,77,0.0,2584
79,1,36,0.0,78,0.0,2584
80,1,36,0.0,79,0.0,2584
81,1,36,0.0,80,0.0,2584
82,1,36,0.0,81,0.0,2584
83,1,36,0.0,82,0.0,2584
84,1,36,0.0,83,0.0,2584
85,1,36,0.0,84,0.0,2584
86,1,36,0.0,85,0.0,2584
87,1,36,0.0,86,0.0,2584
88,1,36,0.0,87,0.0,2584
89,1,36,0.0,88,0.0,2584
90,1,36,0.0,89,0.0,2584
91,1,36,0.0,90,0.0,2584
92,1,36,0.0,91,0.0,2584
93,1,36,0.0,92,0.0,2584
94,1,36,0.0,93,0.0,2584
95,1,36,0.0,94,0.0,2584
96,1,36,0.0,95,0.0,2584
97,1,36,0.0,96,0.0,2584
98,1,36,0.0,97,0.0,2584
99,1,36,0.0,98,0.0,2584
100,1,36,0.0,99,0.0,2584
101,1,36,0.0,100,0.0,2584
102,1,36,0.0,101,0.0,2584
103,1,36,0.0,102,0.0,2584
104,1,36,0.0,103,0.0,2584
105,1,36,0.0,104,0.0,2584
106,1,36,0.0,105,0.0,2584
107,1,36,0.0,106,0.0,2584
108,1,36,0.0,107,0.0,2584
109,1,36,0.0,108,0.0,2584
110,1,36,0.0,109,0.0,2584
111,1,36,0.0,110,0.0,2584
112,1,36,0.0,111,0.0,2584
113,1,36,0.0,112,0.0,2584
114,1,36,0.0,113,0.0,2584
115,1,36,0.0,114,0.0,2584
116,1,36,0.0,115,0.0,2584
117,1,36,0.0,116,0.0,2584
118,1,36,0.0,117,0.0,2584
119,1,36,0.0,118,0.0,2584
120,1,36,0.0,119,0.0,2584
121,1,36,0.0,120,0.0,2584
122,1,36,0.0,121,0.0,2584
123,1,36,0.0,122,0.0,2584
124,1,36,0.0,123,0.0,2584
125,1,36,0.0,124,0.0,2584
126,1,36,0.0,125,0.0,2584
127,1,36,0.0,126,0.0,2584
128,1,36,0.0,127,0.0,2584
129,1,36,0.0,128,0.0,2584
130,1,36,0.0,129,0.0,2584
131,1,36,0.0,130,0.0,2584
132,1,36,0.0,131,0.0,2584
133,1,36,0.0,132,0.0,2584
134,1,36,0.0,133,0.0,2584
135,1,36,0.0,134,0.0,2584
136,1,36,0.0,135,0.0,2584
137,1,36,0.0,136,0.0,2584
138,1,36,0.0,137,0.0,2584
139,1,36,0.0,138,0.0,2584
140,1,36,0.0,139,0.0,2584
141,1,36,0.0,140,0.0,2584
142,1,36,0.0,141,0.0,2584
143,1,36,0.0,142,0.0,2584
144,1,36,0.0,143,0.0,2584
145,1,36,0.0,144,0.0,2584
146,1,36,0.0,145,0.0,2584
147,1,36,0.0,146,0.0,2584
148,1,36,0.0,147,0.0,2584
149,1,36,0.0,148,0.0,2584
150,1,36,0.0,149,0.0,2584
151,1,36,0.0,150,0.0,2584
152,1,36,0.0,151,0.0,2584
153,1,36,0.0,152,0.0,2584
154,1,36,0.0,153,0.0,2584
155,1,36,0.0,154,0.0,2584
156,1,36,0.0,155,0.2,2584
157,1,36,0.0,156,0.0,2584
158,1,36,0.0,157,0.0,2584
159,1,36,0.0,158,0.0,2584
160,1,36,0.0,159,0.0,2584
161,1,36,0.0,160,0.0,2584
162,1,36,0.0,161,0.0,2584
163,1,36,0.0,162,0.0,2584
1,1,36,0.0,0,0.0,4322
2,1,36,0.0,1,0.0,4322
3,1,36,0.0,2,0.0,4322
4,1,36,0.0,3,0.0,4322
5,1,36,0.0,4,0.0,4322
6,1,36,0.0,5,0.0,4322
7,1,36,0.0,6,0.0,4322
8,1,36,0.0,7,0.0,4322
9,1,36,0.0,8,0.0,4322
10,1,36,0.0,9,0.0,4322
11,1,36,0.0,10,0.0,4322
12,1,36,0.0,11,0.0,4322
13,1,36,0.0,12,0.0,4322
14,1,36,0.0,13,0.0,4322
15,1,36,0.0,14,0.0,4322
16,1,36,0.0,15,0.0,4322
17,1,36,0.0,16,0.0,4322
18,1,36,0.0,17,0.0,4322
19,1,36,0.0,18,0.0,4322
20,1,36,0.0,19,0.0,4322
21,1,36,0.0,20,0.0,4322
22,1,36,0.0,21,0.0,4322
23,1,36,0.0,22,0.0,4322
24,1,36,0.0,23,0.0,4322
25,1,36,0.0,24,0.77,4322
26,1,36,0.0,25,0.33,4322
27,1,36,0.0,26,0.0,4322
28,1,36,0.0,27,0.0,4322
29,1,36,0.0,28,0.0,4322
30,1,36,0.0,29,0.0,4322
31,1,36,0.0,30,0.77,4322
32,1,36,0.0,31,1.0,4322
33,1,36,0.0,32,1.0,4322
34,1,36,0.0,33,0.98,4322
35,1,36,0.0,34,0.0,4322
36,1,36,0.0,35,0.0,4322
37,1,36,0.0,36,0.0,4322
38,1,36,0.0,37,0.0,4322
39,1,36,0.0,38,0.0,4322
40,1,36,0.0,39,0.0,4322
41,1,36,0.0,40,0.0,4322
42,1,36,0.0,41,0.0,4322
43,1,36,0.0,42,0.0,4322
44,1,36,0.0,43,0.0,4322
45,1,36,0.0,44,0.0,4322
46,1,36,0.0,45,0.0,4322
47,1,36,0.0,46,0.0,4322
48,1,36,0.0,47,0.13,4322
49,1,36,0.0,48,1.0,4322
50,1,36,0.0,49,0.22,4322
51,1,36,0.0,50,0.0,4322
52,1,36,0.0,51,0.0,4322
53,1,36,0.0,52,0.0,4322
54,1,36,0.0,53,0.0,4322
55,1,36,0.0,54,0.0,4322
56,1,36,0.0,55,0.0,4322
57,1,36,0.0,56,0.0,4322
58,1,36,0.0,57,0.0,4322
59,1,36,0.0,58,0.0,4322
60,1,36,0.0,59,0.0,4322
61,1,36,0.0,60,0.0,4322
62,1,36,0.0,61,0.0,4322
63,1,36,0.0,62,0.0,4322
64,1,36,0.0,63,0.0,4322
65,1,36,0.0,64,0.0,4322
66,1,36,0.0,65,0.0,4322
67,1,36,0.0,66,0.0,4322
68,1,36,0.0,67,0.0,4322
69,1,36,0.0,68,0.0,4322
70,1,36,0.0,69,0.0,4322
71,1,36,0.0,70,0.0,4322
72,1,36,0.0,71,0.0,4322
73,1,36,0.0,72,0.0,4322
74,1,36,0.0,73,0.0,4322
75,1,36,0.0,74,0.0,4322
76,1,36,0.0,75,0.0,4322
77,1,36,0.0,76,0.0,4322
78,1,36,0.0,77,0.0,4322
79,1,36,0.0,78,0.0,4322
80,1,36,0.0,79,0.0,4322
81,1,36,0.0,80,0.94,4322
82,1,36,0.0,81,1.0,4322
83,1,36,0.0,82,1.0,4322
84,1,36,0.0,83,1.0,4322
85,1,36,0.0,84,0.43,4322
86,1,36,0.0,85,0.0,4322
87,1,36,0.0,86,0.0,4322
88,1,36,0.0,87,0.0,4322
89,1,36,0.0,88,0.0,4322
90,1,36,0.0,89,0.0,4322
91,1,36,0.0,90,0.0,4322
92,1,36,0.0,91,0.94,4322
93,1,36,0.0,92,1.0,4322
94,1,36,0.0,93,1.0,4322
95,1,36,0.0,94,0.21,4322
96,1,36,0.0,95,0.19,4322
97,1,36,0.0,96,0.26,4322
98,1,36,0.0,97,0.69,4322
99,1,36,0.0,98,1.0,4322
100,1,36,0.0,99,1.0,4322
101,1,36,0.0,100,1.0,4322
102,1,36,0.0,101,0.26,4322
103,1,36,0.0,102,0.0,4322
104,1,36,0.0,103,0.0,4322
105,1,36,0.0,104,0.0,4322
106,1,36,0.0,105,0.0,4322
107,1,36,0.0,106,0.0,4322
108,1,36,0.0,107,0.0,4322
109,1,36,0.0,108,0.0,4322
110,1,36,0.0,109,0.0,4322
111,1,36,0.0,110,0.0,4322
112,1,36,0.0,111,0.0,4322
113,1,36,0.0,112,0.0,4322
114,1,36,0.0,113,0.0,4322
115,1,36,0.0,114,0.0,4322
116,1,36,0.0,115,0.0,4322
117,1,36,0.0,116,0.0,4322
118,1,36,0.0,117,0.0,4322
119,1,36,0.0,118,0.0,4322
120,1,36,0.0,119,0.0,4322
121,1,36,0.0,120,0.0,4322
122,1,36,0.0,121,0.0,4322
123,1,36,0.0,122,0.0,4322
124,1,36,0.0,123,0.0,4322
125,1,36,0.0,124,0.0,4322
126,1,36,0.0,125,0.0,4322
127,1,36,0.0,126,0.0,4322
128,1,36,0.0,127,0.0,4322
129,1,36,0.0,128,0.0,4322
130,1,36,0.0,129,0.0,4322
131,1,36,0.0,130,0.0,4322
132,1,36,0.0,131,0.0,4322
133,1,36,0.0,132,0.0,4322
134,1,36,0.0,133,0.0,4322
135,1,36,0.0,134,0.8,4322
136,1,36,0.0,135,1.0,4322
137,1,36,0.0,136,1.0,4322
138,1,36,0.0,137,0.3,4322
139,1,36,0.0,138,0.75,4322
140,1,36,0.0,139,1.0,4322
141,1,36,0.0,140,1.0,4322
142,1,36,0.0,141,0.57,4322
143,1,36,0.0,142,0.0,4322
144,1,36,0.0,143,0.7,4322
145,1,36,0.0,144,1.0,4322
146,1,36,0.0,145,1.0,4322
147,1,36,0.0,146,0.0,4322
148,1,36,0.0,147,0.0,4322
149,1,36,0.0,148,0.0,4322
150,1,36,0.0,149,0.0,4322
151,1,36,0.0,150,0.8,4322
152,1,36,0.0,151,1.0,4322
153,1,36,0.0,152,0.11,4322
154,1,36,0.0,153,0.45,4322
155,1,36,0.0,154,0.9,4322
156,1,36,0.0,155,0.0,4322
157,1,36,0.0,156,0.0,4322
158,1,36,0.0,157,0.0,4322
159,1,36,0.0,158,0.0,4322
160,1,36,0.0,159,0.0,4322
161,1,36,0.0,160,0.0,4322
162,1,36,0.0,161,0.0,4322
163,1,36,0.0,162,0.0,4322
1,1,36,0.0,0,0.0,11096
2,1,36,0.0,1,0.0,11096
3,1,36,0.0,2,0.0,11096
4,1,36,0.0,3,0.0,11096
5,1,36,0.0,4,0.0,11096
6,1,36,0.0,5,0.0,11096
7,1,36,0.0,6,0.0,11096
8,1,36,0.0,7,0.0,11096
9,1,36,0.0,8,0.0,11096
10,1,36,0.0,9,0.0,11096
11,1,36,0.0,10,0.0,11096
12,1,36,0.0,11,0.0,11096
13,1,36,0.0,12,0.0,11096
14,1,36,0.0,13,0.0,11096
15,1,36,0.0,14,0.0,11096
16,1,36,0.0,15,0.0,11096
17,1,36,0.0,16,0.0,11096
18,1,36,0.0,17,0.0,11096
19,1,36,0.0,18,0.0,11096
20,1,36,0.0,19,0.0,11096
21,1,36,0.0,20,0.0,11096
22,1,36,0.0,21,0.0,11096
23,1,36,0.0,22,0.0,11096
24,1,36,0.0,23,0.0,11096
25,1,36,0.0,24,0.0,11096
26,1,36,0.0,25,0.0,11096
27,1,36,0.0,26,0.0,11096
28,1,36,0.0,27,0.0,11096
29,1,36,0.0,28,0.0,11096
30,1,36,0.0,29,0.0,11096
31,1,36,0.0,30,0.0,11096
32,1,36,0.0,31,0.0,11096
33,1,36,0.0,32,0.0,11096
34,1,36,0.0,33,0.0,11096
35,1,36,0.0,34,0.0,11096
36,1,36,0.0,35,0.0,11096
37,1,36,0.0,36,0.0,11096
38,1,36,0.0,37,0.0,11096
39,1,36,0.0,38,0.0,11096
40,1,36,0.0,39,0.0,11096
41,1,36,0.0,40,0.0,11096
42,1,36,0.0,41,0.0,11096
43,1,36,0.0,42,0.0,11096
44,1,36,0.0,43,0.0,11096
45,1,36,0.0,44,0.0,11096
46,1,36,0.0,45,0.0,11096
47,1,36,0.0,46,0.0,11096
48,1,36,0.0,47,0.0,11096
49,1,36,0.0,48,0.0,11096
50,1,36,0.0,49,0.0,11096
51,1,36,0.0,50,0.0,11096
52,1,36,0.0,51,0.0,11096
53,1,36,0.0,52,0.0,11096
54,1,36,0.0,53,0.0,11096
55,1,36,0.0,54,0.0,11096
56,1,36,0.0,55,0.0,11096
57,1,36,0.0,56,0.0,11096
58,1,36,0.0,57,0.0,11096
59,1,36,0.0,58,0.0,11096
60,1,36,0.0,59,0.0,11096
61,1,36,0.0,60,0.0,11096
62,1,36,0.0,61,0.0,11096
63,1,36,0.0,62,0.0,11096
64,1,36,0.0,63,0.0,11096
65,1,36,0.0,64,0.0,11096
66,1,36,0.0,65,0.0,11096
67,1,36,0.0,66,0.0,11096
68,1,36,0.0,67,0.0,11096
69,1,36,0.0,68,0.0,11096
70,1,36,0.0,69,0.0,11096
71,1,36,0.0,70,0.0,11096
72,1,36,0.0,71,0.0,11096
73,1,36,0.0,72,0.0,11096
74,1,36,0.0,73,0.0,11096
75,1,36,0.0,74,0.0,11096
76,1,36,0.0,75,0.0,11096
77,1,36,0.0,76,0.0,11096
78,1,36,0.0,77,0.0,11096
79,1,36,0.0,78,0.0,11096
80,1,36,0.0,79,0.0,11096
81,1,36,0.0,80,0.0,11096
82,1,36,0.0,81,0.0,11096
83,1,36,0.0,82,0.0,11096
84,1,36,0.0,83,0.0,11096
85,1,36,0.0,84,0.0,11096
86,1,36,0.0,85,0.0,11096
87,1,36,0.0,86,0.0,11096
88,1,36,0.0,87,0.0,11096
89,1,36,0.0,88,0.0,11096
90,1,36,0.0,89,0.0,11096
91,1,36,0.0,90,0.0,11096
92,1,36,0.0,91,0.0,11096
93,1,36,0.0,92,0.0,11096
94,1,36,0.0,93,0.0,11096
95,1,36,0.0,94,0.0,11096
96,1,36,0.0,95,0.0,11096
97,1,36,0.0,96,0.0,11096
98,1,36,0.0,97,0.0,11096
99,1,36,0.0,98,0.0,11096
100,1,36,0.0,99,0.0,11096
101,1,36,0.0,100,0.0,11096
102,1,36,0.0,101,0.0,11096
103,1,36,0.0,102,0.0,11096
104,1,36,0.0,103,0.0,11096
105,1,36,0.0,104,0.0,11096
106,1,36,0.0,105,0.0,11096
107,1,36,0.0,106,0.0,11096
108,1,36,0.0,107,0.0,11096
109,1,36,0.0,108,0.0,11096
110,1,36,0.0,109,0.0,11096
111,1,36,0.0,110,0.0,11096
112,1,36,0.0,111,0.0,11096
113,1,36,0.0,112,0.0,11096
114,1,36,0.0,113,0.0,11096
115,1,36,0.0,114,0.0,11096
116,1,36,0.0,115,0.0,11096
117,1,36,0.0,116,0.0,11096
118,1,36,0.0,117,0.0,11096
119,1,36,0.0,118,0.0,11096
120,1,36,0.0,119,0.0,11096
121,1,36,0.0,120,0.0,11096
122,1,36,0.0,121,0.0,11096
123,1,36,0.0,122,0.0,11096
124,1,36,0.0,123,0.0,11096
125,1,36,0.0,124,0.0,11096
126,1,36,0.0,125,0.0,11096
127,1,36,0.0,126,0.0,11096
128,1,36,0.0,127,0.0,11096
129,1,36,0.0,128,0.0,11096
130,1,36,0.0,129,0.0,11096
131,1,36,0.0,130,0.0,11096
132,1,36,0.0,131,0.0,11096
133,1,36,0.0,132,0.0,11096
134,1,36,0.0,133,0.0,11096
135,1,36,0.0,134,0.0,11096
136,1,36,0.0,135,0.0,11096
137,1,36,0.0,136,0.0,11096
138,1,36,0.0,137,0.0,11096
139,1,36,0.0,138,0.0,11096
140,1,36,0.0,139,0.0,11096
141,1,36,0.0,140,0.0,11096
142,1,36,0.0,141,0.0,11096
143,1,36,0.0,142,0.0,11096
144,1,36,0.0,143,0.0,11096
145,1,36,0.0,144,0.0,11096
146,1,36,0.0,145,0.0,11096
147,1,36,0.0,146,0.0,11096
148,1,36,0.0,147,0.0,11096
149,1,36,0.0,148,0.0,11096
150,1,36,0.0,149,0.0,11096
151,1,36,0.0,150,0.0,11096
152,1,36,0.0,151,0.0,11096
153,1,36,0.0,152,0.0,11096
154,1,36,0.0,153,0.0,11096
155,1,36,0.0,154,0.0,11096
156,1,36,0.0,155,0.0,11096
157,1,36,0.0,156,0.0,11096
158,1,36,0.0,157,0.0,11096
159,1,36,0.0,158,0.0,11096
160,1,36,0.0,159,0.0,11096
161,1,36,0.0,160,0.0,11096
162,1,36,0.0,161,0.0,11096
163,1,36,0.0,162,0.0,11096
1,1,36,0.0,0,0.0,6220
2,1,36,0.0,1,0.0,6220
3,1,36,0.0,2,0.0,6220
4,1,36,0.0,3,0.0,6220
5,1,36,0.0,4,0.0,6220
6,1,36,0.0,5,0.0,6220
7,1,36,0.0,6,0.0,6220
8,1,36,0.0,7,0.0,6220
9,1,36,0.0,8,0.0,6220
10,1,36,0.0,9,0.0,6220
11,1,36,0.0,10,0.0,6220
12,1,36,0.0,11,0.0,6220
13,1,36,0.0,12,0.0,6220
14,1,36,0.0,13,0.0,6220
15,1,36,0.0,14,0.0,6220
16,1,36,0.0,15,0.0,6220
17,1,36,0.0,16,0.0,6220
18,1,36,0.0,17,0.0,6220
19,1,36,0.0,18,0.0,6220
20,1,36,0.0,19,0.0,6220
21,1,36,0.0,20,0.0,6220
22,1,36,0.0,21,0.0,6220
23,1,36,0.0,22,0.0,6220
24,1,36,0.0,23,0.0,6220
25,1,36,0.0,24,0.0,6220
26,1,36,0.0,25,0.0,6220
27,1,36,0.0,26,0.0,6220
28,1,36,0.0,27,0.0,6220
29,1,36,0.0,28,0.0,6220
30,1,36,0.0,29,0.77,6220
31,1,36,0.0,30,0.75,6220
32,1,36,0.0,31,0.0,6220
33,1,36,0.0,32,0.0,6220
34,1,36,0.0,33,0.0,6220
35,1,36,0.0,34,0.0,6220
36,1,36,0.0,35,0.0,6220
37,1,36,0.0,36,0.0,6220
38,1,36,0.0,37,0.0,6220
39,1,36,0.0,38,0.0,6220
40,1,36,0.0,39,0.0,6220
41,1,36,0.0,40,0.0,6220
42,1,36,0.0,41,0.0,6220
43,1,36,0.0,42,0.0,6220
44,1,36,0.0,43,0.0,6220
45,1,36,0.0,44,0.0,6220
46,1,36,0.0,45,0.0,6220
47,1,36,0.0,46,0.0,6220
48,1,36,0.0,47,0.0,6220
49,1,36,0.0,48,0.0,6220
50,1,36,0.0,49,0.0,6220
51,1,36,0.0,50,0.0,6220
52,1,36,0.0,51,0.0,6220
53,1,36,0.0,52,0.0,6220
54,1,36,0.0,53,0.0,6220
55,1,36,0.0,54,0.0,6220
56,1,36,0.0,55,0.0,6220
57,1,36,0.0,56,0.0,6220
58,1,36,0.0,57,0.0,6220
59,1,36,0.0,58,0.0,6220
60,1,36,0.0,59,0.0,6220
61,1,36,0.0,60,0.0,6220
62,1,36,0.0,61,0.0,6220
63,1,36,0.0,62,0.0,6220
64,1,36,0.0,63,0.0,6220
65,1,36,0.0,64,0.0,6220
66,1,36,0.0,65,0.7,6220
67,1,36,0.0,66,0.0,6220
68,1,36,0.0,67,0.0,6220
69,1,36,0.0,68,0.0,6220
70,1,36,0.0,69,0.0,6220
71,1,36,0.0,70,0.0,6220
72,1,36,0.0,71,0.0,6220
73,1,36,0.0,72,0.0,6220
74,1,36,0.0,73,0.0,6220
75,1,36,0.0,74,0.0,6220
76,1,36,0.0,75,0.0,6220
77,1,36,0.0,76,0.0,6220
78,1,36,0.0,77,0.0,6220
79,1,36,0.0,78,0.0,6220
80,1,36,0.0,79,0.0,6220
81,1,36,0.0,80,0.0,6220
82,1,36,0.0,81,0.0,6220
83,1,36,0.0,82,0.0,6220
84,1,36,0.0,83,0.0,6220
85,1,36,0.0,84,0.0,6220
86,1,36,0.0,85,0.0,6220
87,1,36,0.0,86,0.0,6220
88,1,36,0.0,87,0.0,6220
89,1,36,0.0,88,0.0,6220
90,1,36,0.21,89,0.0,6220
91,1,36,0.59,90,0.0,6220
92,1,36,0.0,91,0.0,6220
93,1,36,0.0,92,0.0,6220
94,1,36,0.0,93,0.0,6220
95,1,36,0.0,94,0.0,6220
96,1,36,0.0,95,0.0,6220
97,1,36,0.0,96,0.0,6220
98,1,36,0.0,97,0.0,6220
99,1,36,0.0,98,0.0,6220
100,1,36,0.0,99,0.0,6220
101,1,36,0.0,100,0.0,6220
102,1,36,0.0,101,0.0,6220
103,1,36,0.0,102,0.0,6220
104,1,36,0.0,103,0.0,6220
105,1,36,0.0,104,0.0,6220
106,1,36,0.0,105,0.0,6220
107,1,36,0.0,106,0.0,6220
108,1,36,0.0,107,0.0,6220
109,1,36,0.0,108,0.0,6220
110,1,36,0.0,109,0.0,6220
111,1,36,0.0,110,0.0,6220
112,1,36,0.0,111,0.0,6220
113,1,36,0.0,112,0.0,6220
114,1,36,0.0,113,0.0,6220
115,1,36,0.0,114,0.91,6220
116,1,36,0.0,115,1.0,6220
117,1,36,0.0,116,1.0,6220
118,1,36,0.0,117,0.49,6220
119,1,36,0.0,118,0.0,6220
120,1,36,0.0,119,0.0,6220
121,1,36,0.0,120,0.61,6220
122,1,36,0.0,121,1.0,6220
123,1,36,0.0,122,0.49,6220
124,1,36,0.0,123,0.0,6220
125,1,36,0.0,124,0.0,6220
126,1,36,0.0,125,0.0,6220
127,1,36,0.0,126,0.0,6220
128,1,36,0.0,127,0.0,6220
129,1,36,0.0,128,0.0,6220
130,1,36,0.0,129,0.0,6220
131,1,36,0.0,130,0.0,6220
132,1,36,0.0,131,0.0,6220
133,1,36,0.0,132,0.0,6220
134,1,36,0.0,133,0.0,6220
135,1,36,0.0,134,0.0,6220
136,1,36,0.0,135,0.0,6220
137,1,36,0.0,136,0.0,6220
138,1,36,0.0,137,0.0,6220
139,1,36,0.0,138,0.0,6220
140,1,36,0.0,139,0.0,6220
141,1,36,0.0,140,0.0,6220
142,1,36,0.0,141,0.0,6220
143,1,36,0.0,142,0.0,6220
144,1,36,0.0,143,0.0,6220
145,1,36,0.0,144,0.0,6220
146,1,36,0.0,145,0.36,6220
147,1,36,0.0,146,0.3,6220
148,1,36,0.0,147,0.0,6220
149,1,36,0.0,148,0.0,6220
150,1,36,0.0,149,0.0,6220
151,1,36,0.0,150,0.0,6220
152,1,36,0.0,151,0.0,6220
153,1,36,0.0,152,0.41,6220
154,1,36,0.0,153,0.1,6220
155,1,36,0.0,154,0.0,6220
156,1,36,0.0,155,0.0,6220
157,1,36,0.0,156,0.0,6220
158,1,36,0.0,157,0.0,6220
159,1,36,0.0,158,0.0,6220
160,1,36,0.0,159,0.0,6220
161,1,36,0.0,160,0.0,6220
162,1,36,0.0,161,0.0,6220
163,1,36,0.0,162,0.0,6220
1,1,37,0.0,0,0.0,4999
2,1,37,0.0,1,0.0,4999
3,1,37,0.0,2,0.0,4999
4,1,37,0.0,3,0.0,4999
5,1,37,0.0,4,0.0,4999
6,1,37,0.0,5,0.0,4999
7,1,37,0.0,6,0.0,4999
8,1,37,0.0,7,0.0,4999
9,1,37,0.0,8,0.0,4999
10,1,37,0.0,9,0.0,4999
11,1,37,0.0,10,0.0,4999
12,1,37,0.0,11,0.0,4999
13,1,37,0.0,12,0.0,4999
14,1,37,0.0,13,0.0,4999
15,1,37,0.0,14,0.0,4999
16,1,37,0.0,15,0.0,4999
17,1,37,0.0,16,0.0,4999
18,1,37,0.0,17,0.0,4999
19,1,37,0.0,18,0.0,4999
20,1,37,0.0,19,0.0,4999
21,1,37,0.0,20,0.0,4999
22,1,37,0.0,21,0.0,4999
23,1,37,0.0,22,0.0,4999
24,1,37,0.0,23,0.0,4999
25,1,37,0.0,24,0.0,4999
26,1,37,0.0,25,0.0,4999
27,1,37,0.0,26,0.0,4999
28,1,37,0.0,27,0.0,4999
29,1,37,0.0,28,0.0,4999
30,1,37,0.0,29,0.0,4999
31,1,37,0.0,30,0.0,4999
32,1,37,0.0,31,0.0,4999
33,1,37,0.0,32,0.0,4999
34,1,37,0.0,33,0.0,4999
35,1,37,0.0,34,0.0,4999
36,1,37,0.0,35,0.0,4999
37,1,37,0.0,36,0.0,4999
38,1,37,0.0,37,0.0,4999
39,1,37,0.0,38,0.0,4999
40,1,37,0.0,39,0.0,4999
41,1,37,0.0,40,0.65,4999
42,1,37,0.0,41,0.0,4999
43,1,37,0.0,42,0.0,4999
44,1,37,0.0,43,0.0,4999
45,1,37,0.0,44,0.0,4999
46,1,37,0.0,45,0.0,4999
47,1,37,0.0,46,0.25,4999
48,1,37,0.0,47,0.37,4999
49,1,37,0.0,48,0.5,4999
50,1,37,0.0,49,0.25,4999
51,1,37,0.0,50,0.0,4999
52,1,37,0.0,51,0.0,4999
53,1,37,0.0,52,0.0,4999
54,1,37,0.0,53,0.0,4999
55,1,37,0.0,54,0.0,4999
56,1,37,0.0,55,0.0,4999
57,1,37,0.0,56,0.0,4999
58,1,37,0.0,57,0.65,4999
59,1,37,0.0,58,1.0,4999
60,1,37,0.0,59,0.2,4999
61,1,37,0.0,60,0.0,4999
62,1,37,0.0,61,0.0,4999
63,1,37,0.0,62,0.0,4999
64,1,37,0.0,63,0.0,4999
65,1,37,0.0,64,0.0,4999
66,1,37,0.0,65,0.0,4999
67,1,37,0.0,66,0.0,4999
68,1,37,0.0,67,0.0,4999
69,1,37,0.0,68,0.0,4999
70,1,37,0.0,69,0.0,4999
71,1,37,0.0,70,0.0,4999
72,1,37,0.0,71,0.0,4999
73,1,37,0.0,72,0.0,4999
74,1,37,0.45,73,0.0,4999
75,1,37,0.25,74,0.0,4999
76,1,37,0.0,75,0.0,4999
77,1,37,0.0,76,0.0,4999
78,1,37,0.0,77,0.0,4999
79,1,37,0.0,78,0.0,4999
80,1,37,0.3,79,0.0,4999
81,1,37,1.0,80,0.0,4999
82,1,37,0.5,81,0.0,4999
83,1,37,0.0,82,0.0,4999
84,1,37,0.05,83,0.0,4999
85,1,37,1.0,84,0.0,4999
86,1,37,0.35,85,0.0,4999
87,1,37,0.0,86,0.0,4999
88,1,37,0.0,87,0.0,4999
89,1,37,0.0,88,0.0,4999
90,1,37,0.0,89,0.0,4999
91,1,37,0.0,90,0.0,4999
92,1,37,0.0,91,0.0,4999
93,1,37,0.0,92,0.0,4999
94,1,37,0.0,93,0.95,4999
95,1,37,0.0,94,1.0,4999
96,1,37,0.0,95,0.0,4999
97,1,37,0.0,96,0.0,4999
98,1,37,0.0,97,0.2,4999
99,1,37,0.0,98,1.0,4999
100,1,37,0.0,99,0.4,4999
101,1,37,0.0,100,0.0,4999
102,1,37,0.0,101,0.0,4999
103,1,37,0.0,102,0.85,4999
104,1,37,0.0,103,0.97,4999
105,1,37,0.0,104,0.0,4999
106,1,37,0.0,105,0.0,4999
107,1,37,0.0,106,0.0,4999
108,1,37,0.0,107,0.0,4999
109,1,37,0.0,108,0.3,4999
110,1,37,0.0,109,1.0,4999
111,1,37,0.0,110,0.11,4999
112,1,37,0.0,111,0.0,4999
113,1,37,0.0,112,0.0,4999
114,1,37,0.0,113,0.0,4999
115,1,37,0.0,114,0.0,4999
116,1,37,0.0,115,0.0,4999
117,1,37,0.0,116,0.0,4999
118,1,37,0.0,117,0.0,4999
119,1,37,0.0,118,0.0,4999
120,1,37,0.0,119,0.0,4999
121,1,37,0.0,120,0.0,4999
122,1,37,0.0,121,0.0,4999
123,1,37,0.0,122,0.0,4999
124,1,37,0.0,123,0.0,4999
125,1,37,0.0,124,0.0,4999
126,1,37,0.0,125,0.0,4999
127,1,37,0.0,126,0.0,4999
128,1,37,0.0,127,0.0,4999
129,1,37,0.0,128,0.0,4999
130,1,37,0.0,129,0.0,4999
131,1,37,0.0,130,0.0,4999
132,1,37,0.0,131,0.0,4999
133,1,37,0.0,132,0.0,4999
134,1,37,0.0,133,0.0,4999
135,1,37,0.55,134,0.0,4999
136,1,37,0.75,135,0.0,4999
137,1,37,0.0,136,0.0,4999
138,1,37,0.0,137,0.0,4999
139,1,37,0.9,138,0.0,4999
140,1,37,0.45,139,0.0,4999
141,1,37,0.0,140,0.0,4999
142,1,37,0.0,141,0.0,4999
143,1,37,0.0,142,0.0,4999
144,1,37,0.0,143,0.0,4999
145,1,37,0.0,144,0.0,4999
146,1,37,0.0,145,0.0,4999
147,1,37,0.0,146,0.0,4999
148,1,37,0.0,147,0.0,4999
149,1,37,0.0,148,0.25,4999
150,1,37,0.0,149,0.35,4999
151,1,37,0.0,150,0.0,4999
152,1,37,0.0,151,0.0,4999
153,1,37,0.0,152,0.0,4999
154,1,37,0.0,153,0.0,4999
155,1,37,0.0,154,0.0,4999
156,1,37,0.0,155,0.0,4999
157,1,37,0.0,156,0.0,4999
158,1,37,0.0,157,0.0,4999
159,1,37,0.0,158,0.0,4999
160,1,37,0.0,159,0.0,4999
161,1,37,0.0,160,0.0,4999
162,1,37,0.0,161,0.0,4999
163,1,37,0.0,162,0.65,4999
1,1,37,0.0,0,0.0,5857
2,1,37,0.0,1,0.0,5857
3,1,37,0.0,2,0.0,5857
4,1,37,0.0,3,0.0,5857
5,1,37,0.0,4,0.0,5857
6,1,37,0.0,5,0.0,5857
7,1,37,0.0,6,0.0,5857
8,1,37,0.0,7,0.0,5857
9,1,37,0.0,8,0.0,5857
10,1,37,0.0,9,0.0,5857
11,1,37,0.0,10,0.0,5857
12,1,37,0.0,11,0.0,5857
13,1,37,0.0,12,0.0,5857
14,1,37,0.0,13,0.0,5857
15,1,37,0.0,14,0.0,5857
16,1,37,0.0,15,0.0,5857
17,1,37,0.0,16,0.0,5857
18,1,37,0.0,17,0.0,5857
19,1,37,0.0,18,0.0,5857
20,1,37,0.0,19,0.0,5857
21,1,37,0.0,20,0.0,5857
22,1,37,0.0,21,0.0,5857
23,1,37,0.0,22,0.0,5857
24,1,37,0.0,23,0.0,5857
25,1,37,0.0,24,0.0,5857
26,1,37,0.0,25,0.0,5857
27,1,37,0.0,26,0.0,5857
28,1,37,0.0,27,0.0,5857
29,1,37,0.0,28,0.0,5857
30,1,37,0.0,29,0.0,5857
31,1,37,0.0,30,0.0,5857
32,1,37,0.0,31,0.0,5857
33,1,37,0.0,32,0.0,5857
34,1,37,0.0,33,0.0,5857
35,1,37,0.0,34,0.0,5857
36,1,37,0.0,35,0.0,5857
37,1,37,0.0,36,0.0,5857
38,1,37,0.0,37,0.0,5857
39,1,37,0.0,38,0.0,5857
40,1,37,0.0,39,0.0,5857
41,1,37,0.0,40,0.0,5857
42,1,37,0.0,41,0.0,5857
43,1,37,0.0,42,0.0,5857
44,1,37,0.0,43,0.0,5857
45,1,37,0.0,44,0.0,5857
46,1,37,0.0,45,0.0,5857
47,1,37,0.0,46,0.0,5857
48,1,37,0.0,47,0.0,5857
49,1,37,0.0,48,0.0,5857
50,1,37,0.0,49,0.0,5857
51,1,37,0.0,50,0.0,5857
52,1,37,0.0,51,0.0,5857
53,1,37,0.0,52,0.0,5857
54,1,37,0.0,53,0.0,5857
55,1,37,0.0,54,0.0,5857
56,1,37,0.0,55,0.0,5857
57,1,37,0.0,56,0.0,5857
58,1,37,0.0,57,0.0,5857
59,1,37,0.0,58,0.0,5857
60,1,37,0.0,59,0.0,5857
61,1,37,0.0,60,0.0,5857
62,1,37,0.0,61,0.0,5857
63,1,37,0.0,62,0.0,5857
64,1,37,0.0,63,0.0,5857
65,1,37,0.0,64,0.0,5857
66,1,37,0.0,65,0.0,5857
67,1,37,0.0,66,0.0,5857
68,1,37,0.0,67,0.0,5857
69,1,37,0.0,68,0.0,5857
70,1,37,0.0,69,0.0,5857
71,1,37,0.0,70,0.0,5857
72,1,37,0.0,71,0.0,5857
73,1,37,0.0,72,0.0,5857
74,1,37,0.0,73,0.0,5857
75,1,37,0.0,74,0.0,5857
76,1,37,0.0,75,0.0,5857
77,1,37,0.0,76,0.0,5857
78,1,37,0.0,77,0.0,5857
79,1,37,0.0,78,0.0,5857
80,1,37,0.0,79,0.0,5857
81,1,37,0.0,80,0.0,5857
82,1,37,0.0,81,0.0,5857
83,1,37,0.0,82,0.0,5857
84,1,37,0.0,83,0.0,5857
85,1,37,0.0,84,0.0,5857
86,1,37,0.0,85,0.0,5857
87,1,37,0.0,86,0.0,5857
88,1,37,0.0,87,0.0,5857
89,1,37,0.0,88,0.0,5857
90,1,37,0.0,89,0.0,5857
91,1,37,0.0,90,0.0,5857
92,1,37,0.0,91,0.0,5857
93,1,37,0.0,92,0.0,5857
94,1,37,0.0,93,0.0,5857
95,1,37,0.0,94,0.0,5857
96,1,37,0.0,95,0.0,5857
97,1,37,0.0,96,0.0,5857
98,1,37,0.0,97,0.0,5857
99,1,37,0.0,98,0.0,5857
100,1,37,0.0,99,0.0,5857
101,1,37,0.0,100,0.0,5857
102,1,37,0.0,101,0.0,5857
103,1,37,0.0,102,0.0,5857
104,1,37,0.0,103,0.0,5857
105,1,37,0.0,104,0.0,5857
106,1,37,0.0,105,0.0,5857
107,1,37,0.0,106,0.0,5857
108,1,37,0.0,107,0.0,5857
109,1,37,0.0,108,0.0,5857
110,1,37,0.0,109,0.0,5857
111,1,37,0.0,110,0.0,5857
112,1,37,0.0,111,0.0,5857
113,1,37,0.0,112,0.0,5857
114,1,37,0.0,113,0.0,5857
115,1,37,0.0,114,0.0,5857
116,1,37,0.0,115,0.0,5857
117,1,37,0.0,116,0.0,5857
118,1,37,0.0,117,0.0,5857
119,1,37,0.0,118,0.0,5857
120,1,37,0.0,119,0.0,5857
121,1,37,0.0,120,0.0,5857
122,1,37,0.0,121,0.0,5857
123,1,37,0.0,122,0.0,5857
124,1,37,0.0,123,0.0,5857
125,1,37,0.0,124,0.0,5857
126,1,37,0.0,125,0.0,5857
127,1,37,0.0,126,0.0,5857
128,1,37,0.0,127,0.0,5857
129,1,37,0.0,128,0.0,5857
130,1,37,0.0,129,0.0,5857
131,1,37,0.0,130,0.0,5857
132,1,37,0.0,131,0.0,5857
133,1,37,0.0,132,0.0,5857
134,1,37,0.0,133,0.0,5857
135,1,37,0.0,134,0.0,5857
136,1,37,0.0,135,0.0,5857
137,1,37,0.0,136,0.0,5857
138,1,37,0.0,137,0.0,5857
139,1,37,0.0,138,0.0,5857
140,1,37,0.0,139,0.0,5857
141,1,37,0.0,140,0.0,5857
142,1,37,0.0,141,0.0,5857
143,1,37,0.0,142,0.0,5857
144,1,37,0.0,143,0.0,5857
145,1,37,0.0,144,0.0,5857
146,1,37,0.0,145,0.0,5857
147,1,37,0.0,146,0.0,5857
148,1,37,0.0,147,0.0,5857
149,1,37,0.0,148,0.0,5857
150,1,37,0.0,149,0.0,5857
151,1,37,0.0,150,0.0,5857
152,1,37,0.0,151,0.0,5857
153,1,37,0.0,152,0.0,5857
154,1,37,0.0,153,0.0,5857
155,1,37,0.0,154,0.0,5857
156,1,37,0.0,155,0.0,5857
157,1,37,0.0,156,0.0,5857
158,1,37,0.0,157,0.0,5857
159,1,37,0.0,158,0.0,5857
160,1,37,0.0,159,0.0,5857
161,1,37,0.0,160,0.0,5857
162,1,37,0.0,161,0.0,5857
163,1,37,0.0,162,0.0,5857
1,1,37,0.0,0,0.0,4470
2,1,37,0.0,1,0.0,4470
3,1,37,0.0,2,0.0,4470
4,1,37,0.0,3,0.0,4470
5,1,37,0.0,4,0.3,4470
6,1,37,0.0,5,0.6,4470
7,1,37,0.0,6,0.0,4470
8,1,37,0.0,7,0.85,4470
9,1,37,0.0,8,0.15,4470
10,1,37,0.0,9,0.0,4470
11,1,37,0.0,10,0.4,4470
12,1,37,0.0,11,0.96,4470
13,1,37,0.0,12,0.0,4470
14,1,37,0.0,13,0.0,4470
15,1,37,0.0,14,0.0,4470
16,1,37,0.0,15,0.0,4470
17,1,37,0.0,16,0.0,4470
18,1,37,0.0,17,0.0,4470
19,1,37,0.0,18,0.0,4470
20,1,37,0.0,19,0.0,4470
21,1,37,0.0,20,0.0,4470
22,1,37,0.0,21,0.0,4470
23,1,37,0.0,22,0.0,4470
24,1,37,0.0,23,0.0,4470
25,1,37,0.0,24,0.0,4470
26,1,37,0.0,25,0.0,4470
27,1,37,0.0,26,0.0,4470
28,1,37,0.0,27,0.0,4470
29,1,37,0.0,28,0.0,4470
30,1,37,0.0,29,0.0,4470
31,1,37,0.0,30,0.0,4470
32,1,37,0.0,31,0.0,4470
33,1,37,0.0,32,0.0,4470
34,1,37,0.0,33,0.0,4470
35,1,37,0.0,34,0.0,4470
36,1,37,0.0,35,0.0,4470
37,1,37,0.0,36,0.0,4470
38,1,37,0.0,37,0.0,4470
39,1,37,0.0,38,0.0,4470
40,1,37,0.0,39,0.0,4470
41,1,37,0.0,40,0.0,4470
42,1,37,0.0,41,0.0,4470
43,1,37,0.0,42,0.0,4470
44,1,37,0.0,43,0.0,4470
45,1,37,0.0,44,0.0,4470
46,1,37,0.0,45,0.0,4470
47,1,37,0.0,46,0.0,4470
48,1,37,0.0,47,0.0,4470
49,1,37,0.0,48,0.0,4470
50,1,37,0.0,49,0.0,4470
51,1,37,0.0,50,0.0,4470
52,1,37,0.0,51,0.0,4470
53,1,37,0.0,52,0.0,4470
54,1,37,0.0,53,0.0,4470
55,1,37,0.0,54,0.0,4470
56,1,37,0.0,55,0.0,4470
57,1,37,0.0,56,0.0,4470
58,1,37,0.0,57,0.0,4470
59,1,37,0.0,58,0.0,4470
60,1,37,0.0,59,0.0,4470
61,1,37,0.0,60,0.0,4470
62,1,37,0.0,61,0.0,4470
63,1,37,0.0,62,0.0,4470
64,1,37,0.0,63,0.0,4470
65,1,37,0.0,64,0.0,4470
66,1,37,0.0,65,0.0,4470
67,1,37,0.0,66,0.0,4470
68,1,37,0.0,67,0.0,4470
69,1,37,0.0,68,0.0,4470
70,1,37,0.0,69,0.0,4470
71,1,37,0.0,70,0.0,4470
72,1,37,0.0,71,0.0,4470
73,1,37,0.0,72,0.0,4470
74,1,37,0.0,73,0.0,4470
75,1,37,0.0,74,0.0,4470
76,1,37,0.0,75,0.0,4470
77,1,37,0.0,76,0.0,4470
78,1,37,0.0,77,0.0,4470
79,1,37,0.0,78,0.0,4470
80,1,37,0.0,79,0.0,4470
81,1,37,0.0,80,0.0,4470
82,1,37,0.0,81,0.0,4470
83,1,37,0.0,82,0.0,4470
84,1,37,0.0,83,0.0,4470
85,1,37,0.0,84,0.0,4470
86,1,37,0.0,85,0.0,4470
87,1,37,0.0,86,0.0,4470
88,1,37,0.0,87,0.0,4470
89,1,37,0.0,88,0.0,4470
90,1,37,0.0,89,0.0,4470
91,1,37,0.0,90,0.0,4470
92,1,37,0.0,91,0.0,4470
93,1,37,0.0,92,0.0,4470
94,1,37,0.0,93,0.0,4470
95,1,37,0.0,94,0.0,4470
96,1,37,0.0,95,0.0,4470
97,1,37,0.0,96,0.0,4470
98,1,37,0.0,97,0.0,4470
99,1,37,0.0,98,0.0,4470
100,1,37,0.0,99,0.0,4470
101,1,37,0.0,100,0.0,4470
102,1,37,0.0,101,0.0,4470
103,1,37,0.0,102,0.0,4470
104,1,37,0.0,103,0.0,4470
105,1,37,0.0,104,0.0,4470
106,1,37,0.0,105,0.0,4470
107,1,37,0.0,106,0.0,4470
108,1,37,0.0,107,0.0,4470
109,1,37,0.0,108,0.0,4470
110,1,37,0.0,109,0.0,4470
111,1,37,0.0,110,0.0,4470
112,1,37,0.0,111,0.0,4470
113,1,37,0.0,112,0.0,4470
114,1,37,0.0,113,0.0,4470
115,1,37,0.0,114,0.0,4470
116,1,37,0.0,115,0.0,4470
117,1,37,0.0,116,0.0,4470
118,1,37,0.0,117,0.0,4470
119,1,37,0.0,118,0.0,4470
120,1,37,0.0,119,0.0,4470
121,1,37,0.0,120,0.0,4470
122,1,37,0.0,121,0.0,4470
123,1,37,0.0,122,0.0,4470
124,1,37,0.0,123,0.0,4470
125,1,37,0.0,124,0.0,4470
126,1,37,0.0,125,0.0,4470
127,1,37,0.0,126,0.0,4470
128,1,37,0.0,127,0.0,4470
129,1,37,0.0,128,0.0,4470
130,1,37,0.0,129,0.0,4470
131,1,37,0.0,130,0.0,4470
132,1,37,0.0,131,0.0,4470
133,1,37,0.0,132,0.0,4470
134,1,37,0.0,133,0.0,4470
135,1,37,0.0,134,0.0,4470
136,1,37,0.0,135,0.0,4470
137,1,37,0.0,136,0.0,4470
138,1,37,0.0,137,0.0,4470
139,1,37,0.0,138,0.0,4470
140,1,37,0.0,139,0.0,4470
141,1,37,0.0,140,0.0,4470
142,1,37,0.0,141,0.0,4470
143,1,37,0.0,142,0.0,4470
144,1,37,0.0,143,0.0,4470
145,1,37,0.0,144,0.0,4470
146,1,37,0.0,145,0.0,4470
147,1,37,0.0,146,0.0,4470
148,1,37,0.0,147,0.0,4470
149,1,37,0.0,148,0.0,4470
150,1,37,0.0,149,0.0,4470
151,1,37,0.0,150,0.0,4470
152,1,37,0.0,151,0.0,4470
153,1,37,0.0,152,0.0,4470
154,1,37,0.0,153,0.0,4470
155,1,37,0.0,154,0.0,4470
156,1,37,0.0,155,0.0,4470
157,1,37,0.0,156,0.0,4470
158,1,37,0.0,157,0.0,4470
159,1,37,0.0,158,0.0,4470
160,1,37,0.0,159,0.0,4470
161,1,37,0.0,160,0.0,4470
162,1,37,0.0,161,0.0,4470
163,1,37,0.0,162,0.0,4470
1,1,37,0.0,0,0.0,6072
2,1,37,0.0,1,0.0,6072
3,1,37,0.0,2,0.0,6072
4,1,37,0.0,3,0.0,6072
5,1,37,0.0,4,0.0,6072
6,1,37,0.0,5,0.0,6072
7,1,37,0.0,6,0.0,6072
8,1,37,0.0,7,0.0,6072
9,1,37,0.0,8,0.0,6072
10,1,37,0.0,9,0.0,6072
11,1,37,0.0,10,0.0,6072
12,1,37,0.0,11,0.0,6072
13,1,37,0.0,12,0.0,6072
14,1,37,0.0,13,0.0,6072
15,1,37,0.0,14,0.0,6072
16,1,37,0.0,15,0.0,6072
17,1,37,0.0,16,0.0,6072
18,1,37,0.0,17,0.0,6072
19,1,37,0.0,18,0.0,6072
20,1,37,0.0,19,0.0,6072
21,1,37,0.0,20,0.0,6072
22,1,37,0.0,21,0.0,6072
23,1,37,0.0,22,0.0,6072
24,1,37,0.0,23,0.0,6072
25,1,37,0.0,24,0.0,6072
26,1,37,0.0,25,0.0,6072
27,1,37,0.0,26,0.0,6072
28,1,37,0.0,27,0.0,6072
29,1,37,0.0,28,0.0,6072
30,1,37,0.0,29,0.0,6072
31,1,37,0.0,30,0.0,6072
32,1,37,0.0,31,0.0,6072
33,1,37,0.0,32,0.0,6072
34,1,37,0.0,33,0.0,6072
35,1,37,0.0,34,0.0,6072
36,1,37,0.0,35,0.0,6072
37,1,37,0.0,36,0.0,6072
38,1,37,0.0,37,0.0,6072
39,1,37,0.0,38,0.0,6072
40,1,37,0.0,39,0.0,6072
41,1,37,0.0,40,0.0,6072
42,1,37,0.0,41,0.0,6072
43,1,37,0.0,42,0.0,6072
44,1,37,0.0,43,0.0,6072
45,1,37,0.0,44,0.0,6072
46,1,37,0.0,45,0.0,6072
47,1,37,0.0,46,0.0,6072
48,1,37,0.0,47,0.0,6072
49,1,37,0.0,48,0.0,6072
50,1,37,0.0,49,0.0,6072
51,1,37,0.0,50,0.0,6072
52,1,37,0.0,51,0.0,6072
53,1,37,0.0,52,0.0,6072
54,1,37,0.0,53,0.0,6072
55,1,37,0.0,54,0.0,6072
56,1,37,0.0,55,0.0,6072
57,1,37,0.0,56,0.0,6072
58,1,37,0.0,57,0.0,6072
59,1,37,0.0,58,0.0,6072
60,1,37,0.0,59,0.0,6072
61,1,37,0.0,60,0.0,6072
62,1,37,0.0,61,0.0,6072
63,1,37,0.0,62,0.0,6072
64,1,37,0.0,63,0.0,6072
65,1,37,0.0,64,0.0,6072
66,1,37,0.0,65,0.0,6072
67,1,37,0.0,66,0.0,6072
68,1,37,0.0,67,0.0,6072
69,1,37,0.0,68,0.0,6072
70,1,37,0.0,69,0.0,6072
71,1,37,0.0,70,0.0,6072
72,1,37,0.0,71,0.0,6072
73,1,37,0.0,72,0.0,6072
74,1,37,0.0,73,0.0,6072
75,1,37,0.0,74,0.0,6072
76,1,37,0.0,75,0.0,6072
77,1,37,0.0,76,0.0,6072
78,1,37,0.0,77,0.0,6072
79,1,37,0.0,78,0.0,6072
80,1,37,0.0,79,0.0,6072
81,1,37,0.0,80,0.0,6072
82,1,37,0.0,81,0.0,6072
83,1,37,0.0,82,0.0,6072
84,1,37,0.0,83,0.0,6072
85,1,37,0.0,84,0.0,6072
86,1,37,0.0,85,0.0,6072
87,1,37,0.0,86,0.0,6072
88,1,37,0.0,87,0.0,6072
89,1,37,0.0,88,0.0,6072
90,1,37,0.0,89,0.0,6072
91,1,37,0.0,90,0.0,6072
92,1,37,0.0,91,0.0,6072
93,1,37,0.0,92,0.0,6072
94,1,37,0.0,93,0.0,6072
95,1,37,0.0,94,0.0,6072
96,1,37,0.0,95,0.0,6072
97,1,37,0.0,96,0.0,6072
98,1,37,0.0,97,0.0,6072
99,1,37,0.0,98,0.0,6072
100,1,37,0.0,99,0.0,6072
101,1,37,0.0,100,0.0,6072
102,1,37,0.0,101,0.0,6072
103,1,37,0.0,102,0.0,6072
104,1,37,0.0,103,0.0,6072
105,1,37,0.0,104,0.0,6072
106,1,37,0.0,105,0.0,6072
107,1,37,0.0,106,0.0,6072
108,1,37,0.0,107,0.0,6072
109,1,37,0.0,108,0.0,6072
110,1,37,0.0,109,0.0,6072
111,1,37,0.0,110,0.0,6072
112,1,37,0.0,111,0.0,6072
113,1,37,0.0,112,0.0,6072
114,1,37,0.0,113,0.0,6072
115,1,37,0.0,114,0.0,6072
116,1,37,0.0,115,0.0,6072
117,1,37,0.0,116,0.0,6072
118,1,37,0.0,117,0.0,6072
119,1,37,0.0,118,0.0,6072
120,1,37,0.0,119,0.0,6072
121,1,37,0.0,120,0.0,6072
122,1,37,0.0,121,0.0,6072
123,1,37,0.0,122,0.0,6072
124,1,37,0.0,123,0.0,6072
125,1,37,0.0,124,0.0,6072
126,1,37,0.0,125,0.0,6072
127,1,37,0.0,126,0.0,6072
128,1,37,0.0,127,0.0,6072
129,1,37,0.0,128,0.0,6072
130,1,37,0.0,129,0.0,6072
131,1,37,0.0,130,0.0,6072
132,1,37,0.0,131,0.0,6072
133,1,37,0.0,132,0.0,6072
134,1,37,0.0,133,0.0,6072
135,1,37,0.0,134,0.0,6072
136,1,37,0.0,135,0.0,6072
137,1,37,0.0,136,0.0,6072
138,1,37,0.0,137,0.0,6072
139,1,37,0.0,138,0.0,6072
140,1,37,0.0,139,0.0,6072
141,1,37,0.0,140,0.0,6072
142,1,37,0.0,141,0.0,6072
143,1,37,0.0,142,0.0,6072
144,1,37,0.0,143,0.0,6072
145,1,37,0.0,144,0.0,6072
146,1,37,0.0,145,0.0,6072
147,1,37,0.0,146,0.0,6072
148,1,37,0.0,147,0.0,6072
149,1,37,0.0,148,0.0,6072
150,1,37,0.0,149,0.0,6072
151,1,37,0.0,150,0.0,6072
152,1,37,0.0,151,0.0,6072
153,1,37,0.0,152,0.0,6072
154,1,37,0.0,153,0.0,6072
155,1,37,0.0,154,0.0,6072
156,1,37,0.0,155,0.0,6072
157,1,37,0.0,156,0.0,6072
158,1,37,0.0,157,0.0,6072
159,1,37,0.0,158,0.0,6072
160,1,37,0.0,159,0.0,6072
161,1,37,0.0,160,0.0,6072
162,1,37,0.0,161,0.0,6072
163,1,37,0.0,162,0.0,6072
1,1,37,0.0,0,0.0,4123
2,1,37,0.0,1,0.0,4123
3,1,37,0.0,2,0.0,4123
4,1,37,0.0,3,0.0,4123
5,1,37,0.0,4,0.0,4123
6,1,37,0.0,5,0.0,4123
7,1,37,0.0,6,0.0,4123
8,1,37,0.0,7,0.0,4123
9,1,37,0.0,8,0.0,4123
10,1,37,0.0,9,0.0,4123
11,1,37,0.0,10,0.0,4123
12,1,37,0.0,11,0.0,4123
13,1,37,0.0,12,0.0,4123
14,1,37,0.0,13,0.0,4123
15,1,37,0.0,14,0.0,4123
16,1,37,0.0,15,0.0,4123
17,1,37,0.0,16,0.0,4123
18,1,37,0.0,17,0.0,4123
19,1,37,0.0,18,0.0,4123
20,1,37,0.0,19,0.0,4123
21,1,37,0.0,20,0.0,4123
22,1,37,0.0,21,0.0,4123
23,1,37,0.0,22,0.0,4123
24,1,37,0.0,23,0.0,4123
25,1,37,0.0,24,0.0,4123
26,1,37,0.0,25,0.0,4123
27,1,37,0.0,26,0.0,4123
28,1,37,0.0,27,0.0,4123
29,1,37,0.0,28,0.0,4123
30,1,37,0.0,29,0.0,4123
31,1,37,0.0,30,0.0,4123
32,1,37,0.0,31,0.0,4123
33,1,37,0.0,32,0.0,4123
34,1,37,0.0,33,0.56,4123
35,1,37,0.0,34,0.0,4123
36,1,37,0.0,35,0.0,4123
37,1,37,0.0,36,0.0,4123
38,1,37,0.0,37,0.0,4123
39,1,37,0.0,38,0.0,4123
40,1,37,0.0,39,0.0,4123
41,1,37,0.0,40,0.0,4123
42,1,37,0.0,41,0.0,4123
43,1,37,0.0,42,0.5,4123
44,1,37,0.0,43,1.0,4123
45,1,37,0.0,44,0.89,4123
46,1,37,0.0,45,0.0,4123
47,1,37,0.0,46,0.0,4123
48,1,37,0.0,47,0.0,4123
49,1,37,0.0,48,0.0,4123
50,1,37,0.0,49,0.51,4123
51,1,37,0.0,50,0.51,4123
52,1,37,0.0,51,0.0,4123
53,1,37,0.0,52,0.0,4123
54,1,37,0.0,53,0.0,4123
55,1,37,0.0,54,0.0,4123
56,1,37,0.0,55,0.0,4123
57,1,37,0.0,56,0.0,4123
58,1,37,0.0,57,0.0,4123
59,1,37,0.0,58,0.0,4123
60,1,37,0.0,59,0.0,4123
61,1,37,0.0,60,0.0,4123
62,1,37,0.0,61,0.0,4123
63,1,37,0.0,62,0.7,4123
64,1,37,0.0,63,0.0,4123
65,1,37,0.0,64,0.62,4123
66,1,37,0.0,65,0.25,4123
67,1,37,0.0,66,0.18,4123
68,1,37,0.0,67,0.12,4123
69,1,37,0.0,68,0.73,4123
70,1,37,0.0,69,0.22,4123
71,1,37,0.0,70,0.0,4123
72,1,37,0.0,71,0.0,4123
73,1,37,0.0,72,0.0,4123
74,1,37,0.0,73,0.0,4123
75,1,37,0.0,74,0.0,4123
76,1,37,0.0,75,0.0,4123
77,1,37,0.0,76,0.0,4123
78,1,37,0.0,77,0.0,4123
79,1,37,0.0,78,0.0,4123
80,1,37,0.0,79,0.0,4123
81,1,37,0.0,80,0.0,4123
82,1,37,0.0,81,0.53,4123
83,1,37,0.0,82,1.0,4123
84,1,37,0.0,83,1.0,4123
85,1,37,0.0,84,1.0,4123
86,1,37,0.0,85,1.0,4123
87,1,37,0.0,86,0.37,4123
88,1,37,0.0,87,0.0,4123
89,1,37,0.0,88,0.0,4123
90,1,37,0.0,89,0.0,4123
91,1,37,0.0,90,0.0,4123
92,1,37,0.0,91,0.0,4123
93,1,37,0.0,92,0.0,4123
94,1,37,0.0,93,0.0,4123
95,1,37,0.0,94,0.0,4123
96,1,37,0.0,95,0.0,4123
97,1,37,0.0,96,0.0,4123
98,1,37,0.0,97,0.0,4123
99,1,37,0.0,98,0.0,4123
100,1,37,0.0,99,0.0,4123
101,1,37,0.0,100,0.0,4123
102,1,37,0.0,101,0.0,4123
103,1,37,0.0,102,0.0,4123
104,1,37,0.0,103,0.0,4123
105,1,37,0.0,104,0.0,4123
106,1,37,0.0,105,0.0,4123
107,1,37,0.0,106,0.0,4123
108,1,37,0.0,107,0.0,4123
109,1,37,0.0,108,0.0,4123
110,1,37,0.0,109,0.0,4123
111,1,37,0.0,110,0.0,4123
112,1,37,0.0,111,0.0,4123
113,1,37,0.0,112,0.91,4123
114,1,37,0.0,113,1.0,4123
115,1,37,0.0,114,0.34,4123
116,1,37,0.0,115,0.0,4123
117,1,37,0.0,116,0.0,4123
118,1,37,0.0,117,0.0,4123
119,1,37,0.0,118,0.0,4123
120,1,37,0.0,119,0.0,4123
121,1,37,0.0,120,0.0,4123
122,1,37,0.0,121,0.0,4123
123,1,37,0.0,122,0.0,4123
124,1,37,0.0,123,0.0,4123
125,1,37,0.0,124,0.0,4123
126,1,37,0.0,125,0.0,4123
127,1,37,0.0,126,0.0,4123
128,1,37,0.0,127,0.0,4123
129,1,37,0.0,128,0.0,4123
130,1,37,0.0,129,0.0,4123
131,1,37,0.0,130,0.0,4123
132,1,37,0.0,131,0.0,4123
133,1,37,0.0,132,0.0,4123
134,1,37,0.0,133,0.0,4123
135,1,37,0.0,134,0.11,4123
136,1,37,0.0,135,1.0,4123
137,1,37,0.0,136,1.0,4123
138,1,37,0.0,137,0.74,4123
139,1,37,0.0,138,0.0,4123
140,1,37,0.0,139,0.0,4123
141,1,37,0.0,140,0.0,4123
142,1,37,0.0,141,0.0,4123
143,1,37,0.0,142,0.0,4123
144,1,37,0.0,143,0.0,4123
145,1,37,0.0,144,0.0,4123
146,1,37,0.0,145,0.0,4123
147,1,37,0.0,146,0.0,4123
148,1,37,0.0,147,0.0,4123
149,1,37,0.0,148,0.0,4123
150,1,37,0.0,149,0.0,4123
151,1,37,0.0,150,0.0,4123
152,1,37,0.0,151,0.0,4123
153,1,37,0.0,152,0.0,4123
154,1,37,0.0,153,0.06,4123
155,1,37,0.0,154,1.0,4123
156,1,37,0.0,155,1.0,4123
157,1,37,0.0,156,0.74,4123
158,1,37,0.0,157,0.0,4123
159,1,37,0.0,158,0.0,4123
160,1,37,0.0,159,0.0,4123
161,1,37,0.0,160,0.0,4123
162,1,37,0.0,161,0.0,4123
163,1,37,0.0,162,0.1,4123
1,1,37,0.0,0,0.0,867
2,1,37,0.0,1,0.0,867
3,1,37,0.0,2,0.0,867
4,1,37,0.0,3,0.0,867
5,1,37,0.0,4,0.0,867
6,1,37,0.0,5,0.0,867
7,1,37,0.0,6,0.0,867
8,1,37,0.0,7,0.0,867
9,1,37,0.0,8,0.0,867
10,1,37,0.0,9,0.0,867
11,1,37,0.0,10,0.0,867
12,1,37,0.0,11,0.0,867
13,1,37,0.0,12,0.0,867
14,1,37,0.0,13,0.0,867
15,1,37,0.0,14,0.0,867
16,1,37,0.0,15,0.0,867
17,1,37,0.0,16,0.0,867
18,1,37,0.0,17,0.0,867
19,1,37,0.0,18,0.0,867
20,1,37,0.0,19,0.0,867
21,1,37,0.0,20,0.0,867
22,1,37,0.0,21,0.0,867
23,1,37,0.0,22,0.0,867
24,1,37,0.0,23,0.0,867
25,1,37,0.0,24,0.0,867
26,1,37,0.0,25,0.0,867
27,1,37,0.0,26,0.0,867
28,1,37,0.0,27,0.0,867
29,1,37,0.0,28,0.0,867
30,1,37,0.0,29,0.0,867
31,1,37,0.0,30,0.0,867
32,1,37,0.0,31,0.0,867
33,1,37,0.0,32,0.0,867
34,1,37,0.0,33,0.0,867
35,1,37,0.0,34,0.0,867
36,1,37,0.0,35,0.0,867
37,1,37,0.0,36,0.0,867
38,1,37,0.0,37,0.0,867
39,1,37,0.0,38,0.0,867
40,1,37,0.0,39,0.0,867
41,1,37,0.0,40,0.0,867
42,1,37,0.0,41,0.0,867
43,1,37,0.0,42,0.0,867
44,1,37,0.0,43,0.0,867
45,1,37,0.0,44,0.0,867
46,1,37,0.0,45,0.0,867
47,1,37,0.0,46,0.0,867
48,1,37,0.0,47,0.0,867
49,1,37,0.0,48,0.0,867
50,1,37,0.0,49,0.0,867
51,1,37,0.0,50,0.0,867
52,1,37,0.0,51,0.0,867
53,1,37,0.0,52,0.0,867
54,1,37,0.0,53,0.0,867
55,1,37,0.0,54,0.0,867
56,1,37,0.0,55,0.0,867
57,1,37,0.0,56,0.0,867
58,1,37,0.0,57,0.0,867
59,1,37,0.0,58,0.0,867
60,1,37,0.0,59,0.0,867
61,1,37,0.0,60,0.0,867
62,1,37,0.0,61,0.0,867
63,1,37,0.0,62,0.0,867
64,1,37,0.0,63,0.0,867
65,1,37,0.0,64,0.0,867
66,1,37,0.0,65,0.0,867
67,1,37,0.0,66,0.0,867
68,1,37,0.0,67,0.0,867
69,1,37,0.0,68,0.0,867
70,1,37,0.0,69,0.0,867
71,1,37,0.0,70,0.0,867
72,1,37,0.0,71,0.0,867
73,1,37,0.0,72,0.0,867
74,1,37,0.0,73,0.0,867
75,1,37,0.0,74,0.0,867
76,1,37,0.0,75,0.0,867
77,1,37,0.0,76,0.0,867
78,1,37,0.0,77,0.0,867
79,1,37,0.0,78,0.0,867
80,1,37,0.0,79,0.0,867
81,1,37,0.0,80,0.0,867
82,1,37,0.0,81,0.0,867
83,1,37,0.0,82,0.0,867
84,1,37,0.0,83,0.0,867
85,1,37,0.0,84,0.0,867
86,1,37,0.0,85,0.0,867
87,1,37,0.0,86,0.0,867
88,1,37,0.0,87,0.0,867
89,1,37,0.0,88,0.0,867
90,1,37,0.0,89,0.0,867
91,1,37,0.0,90,0.0,867
92,1,37,0.0,91,0.0,867
93,1,37,0.0,92,0.0,867
94,1,37,0.0,93,0.0,867
95,1,37,0.0,94,0.0,867
96,1,37,0.0,95,0.0,867
97,1,37,0.0,96,0.0,867
98,1,37,0.0,97,0.0,867
99,1,37,0.0,98,0.0,867
100,1,37,0.0,99,0.0,867
101,1,37,0.0,100,0.0,867
102,1,37,0.0,101,0.0,867
103,1,37,0.0,102,0.0,867
104,1,37,0.0,103,0.0,867
105,1,37,0.0,104,0.0,867
106,1,37,0.0,105,0.0,867
107,1,37,0.0,106,0.0,867
108,1,37,0.0,107,0.0,867
109,1,37,0.0,108,0.0,867
110,1,37,0.0,109,0.0,867
111,1,37,0.0,110,0.0,867
112,1,37,0.0,111,0.0,867
113,1,37,0.0,112,0.0,867
114,1,37,0.0,113,0.0,867
115,1,37,0.0,114,0.0,867
116,1,37,0.0,115,0.0,867
117,1,37,0.0,116,0.0,867
118,1,37,0.0,117,0.0,867
119,1,37,0.0,118,0.0,867
120,1,37,0.0,119,0.0,867
121,1,37,0.0,120,0.0,867
122,1,37,0.0,121,0.0,867
123,1,37,0.0,122,0.0,867
124,1,37,0.0,123,0.0,867
125,1,37,0.0,124,0.0,867
126,1,37,0.0,125,0.0,867
127,1,37,0.0,126,0.0,867
128,1,37,0.0,127,0.0,867
129,1,37,0.0,128,0.0,867
130,1,37,0.0,129,0.0,867
131,1,37,0.0,130,0.0,867
132,1,37,0.0,131,0.0,867
133,1,37,0.0,132,0.0,867
134,1,37,0.0,133,0.0,867
135,1,37,0.0,134,0.0,867
136,1,37,0.0,135,0.0,867
137,1,37,0.0,136,0.0,867
138,1,37,0.0,137,0.0,867
139,1,37,0.0,138,0.0,867
140,1,37,0.0,139,0.0,867
141,1,37,0.0,140,0.0,867
142,1,37,0.0,141,0.0,867
143,1,37,0.0,142,0.0,867
144,1,37,0.0,143,0.0,867
145,1,37,0.0,144,0.0,867
146,1,37,0.0,145,0.0,867
147,1,37,0.0,146,0.0,867
148,1,37,0.0,147,0.0,867
149,1,37,0.0,148,0.0,867
150,1,37,0.0,149,0.0,867
151,1,37,0.0,150,0.0,867
152,1,37,0.0,151,0.0,867
153,1,37,0.0,152,0.0,867
154,1,37,0.0,153,0.0,867
155,1,37,0.0,154,0.0,867
156,1,37,0.0,155,0.0,867
157,1,37,0.0,156,0.0,867
158,1,37,0.0,157,0.0,867
159,1,37,0.0,158,0.0,867
160,1,37,0.0,159,0.0,867
161,1,37,0.0,160,0.0,867
162,1,37,0.0,161,0.0,867
163,1,37,0.0,162,0.0,867
1,1,38,0.0,0,0.0,1836
2,1,38,0.0,1,0.0,1836
3,1,38,0.0,2,0.0,1836
4,1,38,0.0,3,0.0,1836
5,1,38,0.0,4,0.0,1836
6,1,38,0.0,5,0.0,1836
7,1,38,0.0,6,0.0,1836
8,1,38,0.0,7,0.0,1836
9,1,38,0.0,8,0.0,1836
10,1,38,0.0,9,0.0,1836
11,1,38,0.0,10,0.0,1836
12,1,38,0.0,11,0.0,1836
13,1,38,0.0,12,0.0,1836
14,1,38,0.0,13,0.0,1836
15,1,38,0.0,14,0.0,1836
16,1,38,0.0,15,0.0,1836
17,1,38,0.0,16,0.0,1836
18,1,38,0.0,17,0.0,1836
19,1,38,0.0,18,0.0,1836
20,1,38,0.0,19,0.0,1836
21,1,38,0.0,20,0.0,1836
22,1,38,0.0,21,0.0,1836
23,1,38,0.0,22,0.0,1836
24,1,38,0.0,23,0.0,1836
25,1,38,0.0,24,0.0,1836
26,1,38,0.0,25,0.0,1836
27,1,38,0.0,26,0.0,1836
28,1,38,0.0,27,0.0,1836
29,1,38,0.0,28,0.0,1836
30,1,38,0.0,29,0.0,1836
31,1,38,0.0,30,0.0,1836
32,1,38,0.0,31,0.0,1836
33,1,38,0.0,32,0.0,1836
34,1,38,0.0,33,0.0,1836
35,1,38,0.0,34,0.0,1836
36,1,38,0.85,35,0.0,1836
37,1,38,0.45,36,0.0,1836
38,1,38,0.0,37,0.0,1836
39,1,38,0.0,38,0.0,1836
40,1,38,0.0,39,0.0,1836
41,1,38,0.0,40,0.0,1836
42,1,38,0.0,41,0.0,1836
43,1,38,0.0,42,0.0,1836
44,1,38,0.0,43,0.0,1836
45,1,38,0.0,44,0.0,1836
46,1,38,0.0,45,0.0,1836
47,1,38,0.0,46,0.0,1836
48,1,38,0.0,47,0.0,1836
49,1,38,0.0,48,0.0,1836
50,1,38,0.0,49,0.0,1836
51,1,38,0.0,50,0.0,1836
52,1,38,0.0,51,0.0,1836
53,1,38,0.0,52,0.0,1836
54,1,38,0.0,53,0.0,1836
55,1,38,0.0,54,0.0,1836
56,1,38,0.0,55,0.0,1836
57,1,38,0.0,56,0.0,1836
58,1,38,0.0,57,0.0,1836
59,1,38,0.0,58,0.0,1836
60,1,38,0.0,59,0.0,1836
61,1,38,0.0,60,0.0,1836
62,1,38,0.0,61,0.0,1836
63,1,38,0.0,62,0.0,1836
64,1,38,0.0,63,0.0,1836
65,1,38,0.0,64,0.0,1836
66,1,38,0.0,65,0.0,1836
67,1,38,0.0,66,0.0,1836
68,1,38,0.0,67,0.0,1836
69,1,38,0.0,68,0.0,1836
70,1,38,0.0,69,0.0,1836
71,1,38,0.0,70,0.0,1836
72,1,38,0.0,71,0.0,1836
73,1,38,0.0,72,0.0,1836
74,1,38,0.0,73,0.0,1836
75,1,38,0.0,74,0.0,1836
76,1,38,0.0,75,0.0,1836
77,1,38,0.0,76,0.0,1836
78,1,38,0.06,77,0.0,1836
79,1,38,0.5,78,0.0,1836
80,1,38,0.15,79,0.0,1836
81,1,38,0.0,80,0.0,1836
82,1,38,0.0,81,0.0,1836
83,1,38,0.0,82,0.0,1836
84,1,38,0.0,83,0.0,1836
85,1,38,0.0,84,0.0,1836
86,1,38,0.0,85,0.0,1836
87,1,38,0.0,86,0.0,1836
88,1,38,0.0,87,0.0,1836
89,1,38,0.0,88,0.0,1836
90,1,38,0.0,89,0.0,1836
91,1,38,0.0,90,0.0,1836
92,1,38,0.0,91,0.0,1836
93,1,38,0.0,92,0.0,1836
94,1,38,0.0,93,0.0,1836
95,1,38,0.0,94,0.0,1836
96,1,38,0.0,95,0.0,1836
97,1,38,0.0,96,0.0,1836
98,1,38,0.0,97,0.0,1836
99,1,38,0.0,98,0.0,1836
100,1,38,0.0,99,0.0,1836
101,1,38,0.0,100,0.0,1836
102,1,38,0.0,101,0.0,1836
103,1,38,0.0,102,0.0,1836
104,1,38,0.0,103,0.0,1836
105,1,38,0.0,104,0.0,1836
106,1,38,0.0,105,0.0,1836
107,1,38,0.0,106,0.0,1836
108,1,38,0.0,107,0.0,1836
109,1,38,0.0,108,0.0,1836
110,1,38,0.0,109,0.0,1836
111,1,38,0.0,110,0.0,1836
112,1,38,0.26,111,0.0,1836
113,1,38,0.15,112,0.0,1836
114,1,38,0.53,113,0.0,1836
115,1,38,0.0,114,0.0,1836
116,1,38,0.0,115,0.0,1836
117,1,38,0.0,116,0.0,1836
118,1,38,0.0,117,0.0,1836
119,1,38,0.0,118,0.0,1836
120,1,38,0.0,119,0.0,1836
121,1,38,0.0,120,0.0,1836
122,1,38,0.0,121,0.0,1836
123,1,38,0.0,122,0.0,1836
124,1,38,0.0,123,0.0,1836
125,1,38,0.0,124,0.0,1836
126,1,38,0.0,125,0.0,1836
127,1,38,0.0,126,0.0,1836
128,1,38,0.0,127,0.0,1836
129,1,38,0.0,128,0.54,1836
130,1,38,0.0,129,0.6,1836
131,1,38,0.0,130,0.2,1836
132,1,38,0.0,131,0.0,1836
133,1,38,0.0,132,0.0,1836
134,1,38,0.0,133,0.0,1836
135,1,38,0.0,134,0.0,1836
136,1,38,0.0,135,0.0,1836
137,1,38,0.0,136,0.0,1836
138,1,38,0.0,137,0.0,1836
139,1,38,0.0,138,0.0,1836
140,1,38,0.0,139,0.0,1836
141,1,38,0.0,140,0.0,1836
142,1,38,0.0,141,0.0,1836
143,1,38,0.0,142,0.0,1836
144,1,38,0.0,143,0.0,1836
145,1,38,0.0,144,0.0,1836
146,1,38,0.0,145,0.0,1836
147,1,38,0.0,146,0.0,1836
148,1,38,0.0,147,0.0,1836
149,1,38,0.0,148,0.0,1836
150,1,38,0.0,149,0.0,1836
151,1,38,0.0,150,0.0,1836
152,1,38,0.0,151,0.0,1836
153,1,38,0.0,152,0.0,1836
154,1,38,0.0,153,0.0,1836
155,1,38,0.0,154,0.0,1836
156,1,38,0.0,155,0.0,1836
157,1,38,0.0,156,0.0,1836
158,1,38,0.85,157,0.0,1836
159,1,38,0.7,158,0.0,1836
160,1,38,0.0,159,0.0,1836
161,1,38,0.0,160,0.0,1836
162,1,38,0.0,161,0.0,1836
163,1,38,0.0,162,0.0,1836
1,1,38,0.0,0,0.0,5137
2,1,38,0.0,1,0.0,5137
3,1,38,0.0,2,0.0,5137
4,1,38,0.0,3,0.0,5137
5,1,38,0.0,4,0.0,5137
6,1,38,0.0,5,0.0,5137
7,1,38,0.0,6,0.0,5137
8,1,38,0.0,7,0.0,5137
9,1,38,0.0,8,0.0,5137
10,1,38,0.0,9,0.0,5137
11,1,38,0.0,10,0.0,5137
12,1,38,0.0,11,0.0,5137
13,1,38,0.0,12,0.0,5137
14,1,38,0.0,13,0.0,5137
15,1,38,0.0,14,0.0,5137
16,1,38,0.0,15,0.0,5137
17,1,38,0.0,16,0.0,5137
18,1,38,0.0,17,0.0,5137
19,1,38,0.0,18,0.0,5137
20,1,38,0.0,19,0.0,5137
21,1,38,0.0,20,0.0,5137
22,1,38,0.0,21,0.0,5137
23,1,38,0.0,22,0.0,5137
24,1,38,0.0,23,0.0,5137
25,1,38,0.0,24,0.0,5137
26,1,38,0.0,25,0.0,5137
27,1,38,0.0,26,0.0,5137
28,1,38,0.0,27,0.0,5137
29,1,38,0.0,28,0.0,5137
30,1,38,0.0,29,0.0,5137
31,1,38,0.0,30,0.0,5137
32,1,38,0.0,31,0.0,5137
33,1,38,0.0,32,0.0,5137
34,1,38,0.0,33,0.0,5137
35,1,38,0.0,34,0.0,5137
36,1,38,0.0,35,0.0,5137
37,1,38,0.0,36,0.0,5137
38,1,38,0.0,37,0.0,5137
39,1,38,0.0,38,0.0,5137
40,1,38,0.0,39,0.8,5137
41,1,38,0.0,40,0.5,5137
42,1,38,0.0,41,0.0,5137
43,1,38,0.0,42,0.0,5137
44,1,38,0.0,43,0.0,5137
45,1,38,0.0,44,0.0,5137
46,1,38,0.0,45,0.0,5137
47,1,38,0.0,46,0.0,5137
48,1,38,0.0,47,0.0,5137
49,1,38,0.0,48,0.0,5137
50,1,38,0.0,49,0.0,5137
51,1,38,0.0,50,0.0,5137
52,1,38,0.0,51,0.0,5137
53,1,38,0.0,52,0.0,5137
54,1,38,0.0,53,0.0,5137
55,1,38,0.0,54,0.0,5137
56,1,38,0.0,55,0.0,5137
57,1,38,0.0,56,0.0,5137
58,1,38,0.0,57,0.7,5137
59,1,38,0.0,58,0.0,5137
60,1,38,0.0,59,0.0,5137
61,1,38,0.0,60,0.0,5137
62,1,38,0.0,61,0.0,5137
63,1,38,0.0,62,0.0,5137
64,1,38,0.0,63,0.0,5137
65,1,38,0.0,64,0.0,5137
66,1,38,0.0,65,0.0,5137
67,1,38,0.0,66,0.0,5137
68,1,38,0.0,67,0.0,5137
69,1,38,0.0,68,0.0,5137
70,1,38,0.0,69,0.0,5137
71,1,38,0.0,70,0.0,5137
72,1,38,0.0,71,0.0,5137
73,1,38,0.0,72,0.0,5137
74,1,38,0.0,73,0.0,5137
75,1,38,0.0,74,0.0,5137
76,1,38,0.0,75,0.0,5137
77,1,38,0.0,76,0.0,5137
78,1,38,0.0,77,0.0,5137
79,1,38,0.0,78,0.0,5137
80,1,38,0.0,79,0.0,5137
81,1,38,0.0,80,0.0,5137
82,1,38,0.0,81,0.0,5137
83,1,38,0.0,82,0.0,5137
84,1,38,0.0,83,0.0,5137
85,1,38,0.0,84,0.31,5137
86,1,38,0.0,85,0.4,5137
87,1,38,0.0,86,0.35,5137
88,1,38,0.0,87,0.0,5137
89,1,38,0.0,88,0.0,5137
90,1,38,0.0,89,0.0,5137
91,1,38,0.0,90,0.05,5137
92,1,38,0.0,91,0.4,5137
93,1,38,0.0,92,0.0,5137
94,1,38,0.0,93,0.0,5137
95,1,38,0.0,94,0.0,5137
96,1,38,0.0,95,0.0,5137
97,1,38,0.0,96,0.0,5137
98,1,38,0.0,97,0.0,5137
99,1,38,0.0,98,0.0,5137
100,1,38,0.0,99,0.0,5137
101,1,38,0.0,100,0.0,5137
102,1,38,0.0,101,0.0,5137
103,1,38,0.0,102,0.0,5137
104,1,38,0.0,103,0.0,5137
105,1,38,0.0,104,0.0,5137
106,1,38,0.0,105,0.8,5137
107,1,38,0.0,106,1.0,5137
108,1,38,0.0,107,0.55,5137
109,1,38,0.0,108,0.0,5137
110,1,38,0.0,109,0.0,5137
111,1,38,0.0,110,0.0,5137
112,1,38,0.0,111,0.0,5137
113,1,38,0.0,112,0.0,5137
114,1,38,0.0,113,0.0,5137
115,1,38,0.0,114,0.0,5137
116,1,38,0.0,115,0.0,5137
117,1,38,0.0,116,0.0,5137
118,1,38,0.0,117,0.0,5137
119,1,38,0.0,118,0.0,5137
120,1,38,0.0,119,0.0,5137
121,1,38,0.0,120,0.0,5137
122,1,38,0.0,121,0.0,5137
123,1,38,0.0,122,0.0,5137
124,1,38,0.0,123,0.0,5137
125,1,38,0.0,124,0.0,5137
126,1,38,0.0,125,0.0,5137
127,1,38,0.0,126,0.0,5137
128,1,38,0.0,127,0.0,5137
129,1,38,0.0,128,0.0,5137
130,1,38,0.0,129,0.0,5137
131,1,38,0.0,130,0.0,5137
132,1,38,0.0,131,0.0,5137
133,1,38,0.0,132,0.0,5137
134,1,38,0.0,133,0.0,5137
135,1,38,0.0,134,0.0,5137
136,1,38,0.0,135,0.0,5137
137,1,38,0.0,136,0.0,5137
138,1,38,0.0,137,0.1,5137
139,1,38,0.0,138,0.0,5137
140,1,38,0.0,139,0.0,5137
141,1,38,0.0,140,0.0,5137
142,1,38,0.0,141,0.0,5137
143,1,38,0.0,142,0.0,5137
144,1,38,0.0,143,0.0,5137
145,1,38,0.0,144,0.0,5137
146,1,38,0.0,145,0.0,5137
147,1,38,0.0,146,0.8,5137
148,1,38,0.0,147,0.04,5137
149,1,38,0.0,148,0.0,5137
150,1,38,0.0,149,0.0,5137
151,1,38,0.0,150,0.0,5137
152,1,38,0.0,151,0.0,5137
153,1,38,0.0,152,0.0,5137
154,1,38,0.0,153,0.0,5137
155,1,38,0.0,154,0.0,5137
156,1,38,0.0,155,0.0,5137
157,1,38,0.0,156,0.0,5137
158,1,38,0.0,157,0.0,5137
159,1,38,0.0,158,0.65,5137
160,1,38,0.0,159,0.85,5137
161,1,38,0.0,160,0.0,5137
162,1,38,0.0,161,0.0,5137
163,1,38,0.0,162,0.0,5137
1,1,38,0.0,0,0.0,8898
2,1,38,0.0,1,0.0,8898
3,1,38,0.0,2,0.0,8898
4,1,38,0.0,3,0.0,8898
5,1,38,0.0,4,0.8,8898
6,1,38,0.0,5,1.0,8898
7,1,38,0.0,6,0.45,8898
8,1,38,0.0,7,0.0,8898
9,1,38,0.0,8,0.0,8898
10,1,38,0.0,9,0.0,8898
11,1,38,0.0,10,0.0,8898
12,1,38,0.0,11,0.0,8898
13,1,38,0.0,12,0.0,8898
14,1,38,0.0,13,0.0,8898
15,1,38,0.0,14,0.0,8898
16,1,38,0.0,15,0.0,8898
17,1,38,0.0,16,0.0,8898
18,1,38,0.0,17,0.0,8898
19,1,38,0.0,18,0.0,8898
20,1,38,0.0,19,0.0,8898
21,1,38,0.0,20,0.0,8898
22,1,38,0.0,21,0.0,8898
23,1,38,0.0,22,0.0,8898
24,1,38,0.0,23,0.0,8898
25,1,38,0.0,24,0.0,8898
26,1,38,0.0,25,0.0,8898
27,1,38,0.0,26,0.0,8898
28,1,38,0.0,27,0.0,8898
29,1,38,0.0,28,0.0,8898
30,1,38,0.0,29,0.0,8898
31,1,38,0.0,30,0.0,8898
32,1,38,0.0,31,0.0,8898
33,1,38,0.0,32,0.0,8898
34,1,38,0.0,33,0.0,8898
35,1,38,0.0,34,0.0,8898
36,1,38,0.0,35,0.0,8898
37,1,38,0.0,36,0.0,8898
38,1,38,0.0,37,0.0,8898
39,1,38,0.0,38,0.0,8898
40,1,38,0.0,39,0.0,8898
41,1,38,0.0,40,0.0,8898
42,1,38,0.0,41,0.0,8898
43,1,38,0.0,42,0.0,8898
44,1,38,0.0,43,0.0,8898
45,1,38,0.0,44,0.0,8898
46,1,38,0.0,45,0.0,8898
47,1,38,0.0,46,0.0,8898
48,1,38,0.0,47,0.0,8898
49,1,38,0.0,48,0.0,8898
50,1,38,0.0,49,0.0,8898
51,1,38,0.0,50,0.0,8898
52,1,38,0.0,51,0.0,8898
53,1,38,0.0,52,0.0,8898
54,1,38,0.0,53,0.0,8898
55,1,38,0.0,54,0.0,8898
56,1,38,0.0,55,0.0,8898
57,1,38,0.0,56,0.0,8898
58,1,38,0.0,57,0.0,8898
59,1,38,0.0,58,0.0,8898
60,1,38,0.0,59,0.0,8898
61,1,38,0.0,60,0.0,8898
62,1,38,0.0,61,0.0,8898
63,1,38,0.0,62,0.0,8898
64,1,38,0.0,63,0.0,8898
65,1,38,0.0,64,0.0,8898
66,1,38,0.0,65,0.0,8898
67,1,38,0.0,66,0.0,8898
68,1,38,0.0,67,0.0,8898
69,1,38,0.0,68,0.0,8898
70,1,38,0.0,69,0.0,8898
71,1,38,0.0,70,0.0,8898
72,1,38,0.0,71,0.0,8898
73,1,38,0.0,72,0.0,8898
74,1,38,0.0,73,0.0,8898
75,1,38,0.0,74,0.0,8898
76,1,38,0.0,75,0.0,8898
77,1,38,0.0,76,0.0,8898
78,1,38,0.0,77,0.0,8898
79,1,38,0.0,78,0.0,8898
80,1,38,0.0,79,0.0,8898
81,1,38,0.0,80,0.0,8898
82,1,38,0.0,81,0.0,8898
83,1,38,0.0,82,0.0,8898
84,1,38,0.0,83,0.0,8898
85,1,38,0.0,84,0.0,8898
86,1,38,0.0,85,0.0,8898
87,1,38,0.0,86,0.0,8898
88,1,38,0.0,87,0.0,8898
89,1,38,0.0,88,0.0,8898
90,1,38,0.0,89,0.0,8898
91,1,38,0.0,90,0.0,8898
92,1,38,0.0,91,0.0,8898
93,1,38,0.0,92,0.0,8898
94,1,38,0.0,93,0.0,8898
95,1,38,0.0,94,0.0,8898
96,1,38,0.0,95,0.0,8898
97,1,38,0.0,96,0.0,8898
98,1,38,0.0,97,0.0,8898
99,1,38,0.0,98,0.0,8898
100,1,38,0.0,99,0.0,8898
101,1,38,0.0,100,0.0,8898
102,1,38,0.0,101,0.0,8898
103,1,38,0.0,102,0.0,8898
104,1,38,0.0,103,0.0,8898
105,1,38,0.0,104,0.0,8898
106,1,38,0.0,105,0.0,8898
107,1,38,0.0,106,0.0,8898
108,1,38,0.0,107,0.0,8898
109,1,38,0.0,108,0.0,8898
110,1,38,0.0,109,0.0,8898
111,1,38,0.0,110,0.0,8898
112,1,38,0.0,111,0.0,8898
113,1,38,0.0,112,0.0,8898
114,1,38,0.0,113,0.0,8898
115,1,38,0.0,114,0.0,8898
116,1,38,0.0,115,0.0,8898
117,1,38,0.0,116,0.0,8898
118,1,38,0.0,117,0.0,8898
119,1,38,0.0,118,0.0,8898
120,1,38,0.0,119,0.0,8898
121,1,38,0.0,120,0.0,8898
122,1,38,0.0,121,0.0,8898
123,1,38,0.0,122,0.0,8898
124,1,38,0.0,123,0.0,8898
125,1,38,0.0,124,0.0,8898
126,1,38,0.0,125,0.0,8898
127,1,38,0.0,126,0.0,8898
128,1,38,0.0,127,0.0,8898
129,1,38,0.0,128,0.0,8898
130,1,38,0.0,129,0.0,8898
131,1,38,0.0,130,0.0,8898
132,1,38,0.0,131,0.0,8898
133,1,38,0.0,132,0.0,8898
134,1,38,0.0,133,0.0,8898
135,1,38,0.0,134,0.0,8898
136,1,38,0.0,135,0.0,8898
137,1,38,0.0,136,0.0,8898
138,1,38,0.0,137,0.0,8898
139,1,38,0.0,138,0.0,8898
140,1,38,0.0,139,0.0,8898
141,1,38,0.0,140,0.0,8898
142,1,38,0.0,141,0.0,8898
143,1,38,0.0,142,0.0,8898
144,1,38,0.0,143,0.0,8898
145,1,38,0.0,144,0.0,8898
146,1,38,0.0,145,0.0,8898
147,1,38,0.0,146,0.0,8898
148,1,38,0.0,147,0.0,8898
149,1,38,0.0,148,0.0,8898
150,1,38,0.0,149,0.0,8898
151,1,38,0.0,150,0.0,8898
152,1,38,0.0,151,0.0,8898
153,1,38,0.0,152,0.0,8898
154,1,38,0.0,153,0.0,8898
155,1,38,0.0,154,0.0,8898
156,1,38,0.0,155,0.0,8898
157,1,38,0.0,156,0.0,8898
158,1,38,0.0,157,0.0,8898
159,1,38,0.0,158,0.0,8898
160,1,38,0.0,159,0.0,8898
161,1,38,0.0,160,0.0,8898
162,1,38,0.0,161,0.0,8898
163,1,38,0.0,162,0.0,8898
1,1,38,0.0,0,0.0,687
2,1,38,0.0,1,0.0,687
3,1,38,0.0,2,0.0,687
4,1,38,0.0,3,0.0,687
5,1,38,0.0,4,0.0,687
6,1,38,0.0,5,0.0,687
7,1,38,0.0,6,0.0,687
8,1,38,0.0,7,0.1,687
9,1,38,0.0,8,1.0,687
10,1,38,0.0,9,1.0,687
11,1,38,0.0,10,0.7,687
12,1,38,0.0,11,0.0,687
13,1,38,0.0,12,0.0,687
14,1,38,0.0,13,0.0,687
15,1,38,0.0,14,0.0,687
16,1,38,0.0,15,0.0,687
17,1,38,0.0,16,0.1,687
18,1,38,0.0,17,1.0,687
19,1,38,0.0,18,1.0,687
20,1,38,0.0,19,1.0,687
21,1,38,0.0,20,0.1,687
22,1,38,0.0,21,0.0,687
23,1,38,0.0,22,0.0,687
24,1,38,0.0,23,0.0,687
25,1,38,0.0,24,0.0,687
26,1,38,0.0,25,0.0,687
27,1,38,0.0,26,0.0,687
28,1,38,0.0,27,0.0,687
29,1,38,0.0,28,0.0,687
30,1,38,0.0,29,0.0,687
31,1,38,0.0,30,0.0,687
32,1,38,0.0,31,0.0,687
33,1,38,0.0,32,0.0,687
34,1,38,0.0,33,0.0,687
35,1,38,0.0,34,0.0,687
36,1,38,0.0,35,0.0,687
37,1,38,0.0,36,0.0,687
38,1,38,0.0,37,0.0,687
39,1,38,0.0,38,0.0,687
40,1,38,0.0,39,0.0,687
41,1,38,0.0,40,0.0,687
42,1,38,0.0,41,0.0,687
43,1,38,0.0,42,0.0,687
44,1,38,0.0,43,0.0,687
45,1,38,0.95,44,0.0,687
46,1,38,1.0,45,0.0,687
47,1,38,0.48,46,0.0,687
48,1,38,0.0,47,0.0,687
49,1,38,0.0,48,0.0,687
50,1,38,0.0,49,0.0,687
51,1,38,0.0,50,0.0,687
52,1,38,0.0,51,0.0,687
53,1,38,0.0,52,0.0,687
54,1,38,0.0,53,0.0,687
55,1,38,0.0,54,0.0,687
56,1,38,0.0,55,0.57,687
57,1,38,0.0,56,1.0,687
58,1,38,0.0,57,1.0,687
59,1,38,0.0,58,1.0,687
60,1,38,0.0,59,0.64,687
61,1,38,0.0,60,0.0,687
62,1,38,0.0,61,0.0,687
63,1,38,0.0,62,0.0,687
64,1,38,0.0,63,0.0,687
65,1,38,0.0,64,0.0,687
66,1,38,0.0,65,0.0,687
67,1,38,0.0,66,0.0,687
68,1,38,0.0,67,0.0,687
69,1,38,0.0,68,0.0,687
70,1,38,0.0,69,0.0,687
71,1,38,0.0,70,0.95,687
72,1,38,0.0,71,1.0,687
73,1,38,0.0,72,0.2,687
74,1,38,0.0,73,0.0,687
75,1,38,0.0,74,0.0,687
76,1,38,0.0,75,0.0,687
77,1,38,0.0,76,0.0,687
78,1,38,0.0,77,0.0,687
79,1,38,0.0,78,0.0,687
80,1,38,0.47,79,0.0,687
81,1,38,0.05,80,0.0,687
82,1,38,0.0,81,0.0,687
83,1,38,0.07,82,0.0,687
84,1,38,0.98,83,0.0,687
85,1,38,0.0,84,0.0,687
86,1,38,0.0,85,0.0,687
87,1,38,0.47,86,0.0,687
88,1,38,1.0,87,0.0,687
89,1,38,0.2,88,0.0,687
90,1,38,0.0,89,0.0,687
91,1,38,0.0,90,0.0,687
92,1,38,0.0,91,0.0,687
93,1,38,0.0,92,0.0,687
94,1,38,0.0,93,0.0,687
95,1,38,0.0,94,0.0,687
96,1,38,0.0,95,0.0,687
97,1,38,0.0,96,0.0,687
98,1,38,0.0,97,0.0,687
99,1,38,0.0,98,0.0,687
100,1,38,0.0,99,0.0,687
101,1,38,0.0,100,0.0,687
102,1,38,0.0,101,0.0,687
103,1,38,0.0,102,0.0,687
104,1,38,0.0,103,0.0,687
105,1,38,0.0,104,0.0,687
106,1,38,0.0,105,0.0,687
107,1,38,0.0,106,0.0,687
108,1,38,0.0,107,0.0,687
109,1,38,0.0,108,0.67,687
110,1,38,0.0,109,1.0,687
111,1,38,0.0,110,1.0,687
112,1,38,0.0,111,0.63,687
113,1,38,0.0,112,0.0,687
114,1,38,0.0,113,0.0,687
115,1,38,0.0,114,0.0,687
116,1,38,0.0,115,0.17,687
117,1,38,0.0,116,1.0,687
118,1,38,0.0,117,1.0,687
119,1,38,0.0,118,1.0,687
120,1,38,0.0,119,0.68,687
121,1,38,0.0,120,0.0,687
122,1,38,0.0,121,0.37,687
123,1,38,0.0,122,1.0,687
124,1,38,0.0,123,0.23,687
125,1,38,0.0,124,0.0,687
126,1,38,0.0,125,0.0,687
127,1,38,0.0,126,0.0,687
128,1,38,0.0,127,0.0,687
129,1,38,0.0,128,0.0,687
130,1,38,0.0,129,0.19,687
131,1,38,0.0,130,0.86,687
132,1,38,0.0,131,0.0,687
133,1,38,0.0,132,0.0,687
134,1,38,0.0,133,0.0,687
135,1,38,0.0,134,0.0,687
136,1,38,0.0,135,0.0,687
137,1,38,0.0,136,0.0,687
138,1,38,0.0,137,0.0,687
139,1,38,0.0,138,0.0,687
140,1,38,0.0,139,0.06,687
141,1,38,0.0,140,1.0,687
142,1,38,0.0,141,0.8,687
143,1,38,0.0,142,0.0,687
144,1,38,0.0,143,0.0,687
145,1,38,0.0,144,0.0,687
146,1,38,0.0,145,0.0,687
147,1,38,0.0,146,0.0,687
148,1,38,0.0,147,0.0,687
149,1,38,0.0,148,0.0,687
150,1,38,0.0,149,0.0,687
151,1,38,0.0,150,0.0,687
152,1,38,0.0,151,0.0,687
153,1,38,0.0,152,0.0,687
154,1,38,0.0,153,0.0,687
155,1,38,0.0,154,0.0,687
156,1,38,0.0,155,0.0,687
157,1,38,0.0,156,0.0,687
158,1,38,0.0,157,0.0,687
159,1,38,0.0,158,0.0,687
160,1,38,0.0,159,0.0,687
161,1,38,0.0,160,0.0,687
162,1,38,0.0,161,0.0,687
163,1,38,0.0,162,0.0,687
1,1,38,0.0,0,0.0,1759
2,1,38,0.0,1,0.0,1759
3,1,38,0.0,2,0.0,1759
4,1,38,0.0,3,0.0,1759
5,1,38,0.0,4,0.0,1759
6,1,38,0.0,5,0.0,1759
7,1,38,0.0,6,0.0,1759
8,1,38,0.0,7,0.0,1759
9,1,38,0.0,8,0.0,1759
10,1,38,0.0,9,0.0,1759
11,1,38,0.0,10,0.0,1759
12,1,38,0.0,11,0.0,1759
13,1,38,0.0,12,0.0,1759
14,1,38,0.0,13,0.0,1759
15,1,38,0.0,14,0.0,1759
16,1,38,0.0,15,0.0,1759
17,1,38,0.0,16,0.0,1759
18,1,38,0.0,17,0.0,1759
19,1,38,0.0,18,0.0,1759
20,1,38,0.0,19,0.0,1759
21,1,38,0.0,20,0.0,1759
22,1,38,0.0,21,0.0,1759
23,1,38,0.0,22,0.0,1759
24,1,38,0.0,23,0.0,1759
25,1,38,0.0,24,0.0,1759
26,1,38,0.0,25,0.0,1759
27,1,38,0.0,26,0.0,1759
28,1,38,0.0,27,0.0,1759
29,1,38,0.0,28,0.0,1759
30,1,38,0.0,29,0.0,1759
31,1,38,0.0,30,0.5,1759
32,1,38,0.0,31,0.15,1759
33,1,38,0.0,32,0.0,1759
34,1,38,0.0,33,0.0,1759
35,1,38,0.0,34,0.0,1759
36,1,38,0.0,35,0.0,1759
37,1,38,0.0,36,0.0,1759
38,1,38,0.0,37,0.0,1759
39,1,38,0.0,38,0.0,1759
40,1,38,0.0,39,0.06,1759
41,1,38,0.0,40,0.0,1759
42,1,38,0.0,41,0.0,1759
43,1,38,0.0,42,0.0,1759
44,1,38,0.0,43,0.0,1759
45,1,38,0.0,44,0.15,1759
46,1,38,0.0,45,0.05,1759
47,1,38,0.0,46,0.0,1759
48,1,38,0.0,47,0.0,1759
49,1,38,0.0,48,0.0,1759
50,1,38,0.0,49,0.0,1759
51,1,38,0.0,50,0.0,1759
52,1,38,0.0,51,0.0,1759
53,1,38,0.0,52,0.0,1759
54,1,38,0.0,53,0.0,1759
55,1,38,0.0,54,0.0,1759
56,1,38,0.0,55,0.0,1759
57,1,38,0.0,56,0.0,1759
58,1,38,0.0,57,0.0,1759
59,1,38,0.0,58,0.0,1759
60,1,38,0.0,59,0.0,1759
61,1,38,0.0,60,0.0,1759
62,1,38,0.0,61,0.0,1759
63,1,38,0.0,62,0.0,1759
64,1,38,0.0,63,0.0,1759
65,1,38,0.0,64,0.0,1759
66,1,38,0.0,65,0.0,1759
67,1,38,0.0,66,0.0,1759
68,1,38,0.0,67,0.0,1759
69,1,38,0.0,68,0.0,1759
70,1,38,0.0,69,0.0,1759
71,1,38,0.0,70,0.0,1759
72,1,38,0.0,71,0.0,1759
73,1,38,0.0,72,0.0,1759
74,1,38,0.0,73,0.0,1759
75,1,38,0.0,74,0.0,1759
76,1,38,0.0,75,0.0,1759
77,1,38,0.0,76,0.0,1759
78,1,38,0.0,77,0.0,1759
79,1,38,0.0,78,0.0,1759
80,1,38,0.0,79,0.0,1759
81,1,38,0.0,80,0.0,1759
82,1,38,0.0,81,0.0,1759
83,1,38,0.0,82,0.0,1759
84,1,38,0.0,83,0.0,1759
85,1,38,0.0,84,0.0,1759
86,1,38,0.0,85,0.0,1759
87,1,38,0.0,86,0.0,1759
88,1,38,0.0,87,0.0,1759
89,1,38,0.0,88,0.0,1759
90,1,38,0.0,89,0.0,1759
91,1,38,0.0,90,0.0,1759
92,1,38,0.0,91,0.0,1759
93,1,38,0.0,92,0.0,1759
94,1,38,0.0,93,0.0,1759
95,1,38,0.0,94,0.0,1759
96,1,38,0.0,95,0.0,1759
97,1,38,0.0,96,0.0,1759
98,1,38,0.0,97,0.0,1759
99,1,38,0.0,98,0.0,1759
100,1,38,0.0,99,0.0,1759
101,1,38,0.0,100,0.0,1759
102,1,38,0.0,101,0.0,1759
103,1,38,0.0,102,0.0,1759
104,1,38,0.0,103,0.0,1759
105,1,38,0.0,104,0.0,1759
106,1,38,0.0,105,0.0,1759
107,1,38,0.0,106,0.0,1759
108,1,38,0.0,107,0.0,1759
109,1,38,0.0,108,0.0,1759
110,1,38,0.0,109,0.0,1759
111,1,38,0.0,110,0.0,1759
112,1,38,0.0,111,0.0,1759
113,1,38,0.0,112,0.0,1759
114,1,38,0.0,113,0.0,1759
115,1,38,0.0,114,0.0,1759
116,1,38,0.0,115,0.0,1759
117,1,38,0.0,116,0.0,1759
118,1,38,0.0,117,0.0,1759
119,1,38,0.0,118,0.0,1759
120,1,38,0.0,119,0.0,1759
121,1,38,0.0,120,0.0,1759
122,1,38,0.0,121,0.0,1759
123,1,38,0.0,122,0.0,1759
124,1,38,0.0,123,0.0,1759
125,1,38,0.0,124,0.0,1759
126,1,38,0.0,125,0.0,1759
127,1,38,0.0,126,0.0,1759
128,1,38,0.0,127,0.0,1759
129,1,38,0.0,128,0.0,1759
130,1,38,0.0,129,0.0,1759
131,1,38,0.0,130,0.0,1759
132,1,38,0.0,131,0.0,1759
133,1,38,0.0,132,0.0,1759
134,1,38,0.0,133,0.0,1759
135,1,38,0.0,134,0.0,1759
136,1,38,0.0,135,0.0,1759
137,1,38,0.0,136,0.0,1759
138,1,38,0.0,137,0.0,1759
139,1,38,0.0,138,0.0,1759
140,1,38,0.0,139,0.0,1759
141,1,38,0.0,140,0.0,1759
142,1,38,0.0,141,0.0,1759
143,1,38,0.0,142,0.0,1759
144,1,38,0.0,143,0.0,1759
145,1,38,0.0,144,0.0,1759
146,1,38,0.0,145,0.0,1759
147,1,38,0.0,146,0.0,1759
148,1,38,0.0,147,0.0,1759
149,1,38,0.0,148,0.0,1759
150,1,38,0.0,149,0.0,1759
151,1,38,0.0,150,0.0,1759
152,1,38,0.0,151,0.0,1759
153,1,38,0.0,152,0.0,1759
154,1,38,0.0,153,0.0,1759
155,1,38,0.0,154,0.0,1759
156,1,38,0.0,155,0.0,1759
157,1,38,0.0,156,0.0,1759
158,1,38,0.0,157,0.0,1759
159,1,38,0.0,158,0.0,1759
160,1,38,0.0,159,0.0,1759
161,1,38,0.0,160,0.0,1759
162,1,38,0.0,161,0.0,1759
163,1,38,0.0,162,0.0,1759
1,1,38,0.0,0,0.0,5124
2,1,38,0.0,1,0.0,5124
3,1,38,0.0,2,0.0,5124
4,1,38,0.0,3,0.0,5124
5,1,38,0.0,4,0.0,5124
6,1,38,0.0,5,0.0,5124
7,1,38,0.0,6,0.0,5124
8,1,38,0.0,7,0.0,5124
9,1,38,0.0,8,0.0,5124
10,1,38,0.0,9,0.0,5124
11,1,38,0.0,10,0.0,5124
12,1,38,0.0,11,0.0,5124
13,1,38,0.0,12,0.0,5124
14,1,38,0.0,13,0.0,5124
15,1,38,0.0,14,0.0,5124
16,1,38,0.0,15,0.0,5124
17,1,38,0.0,16,0.0,5124
18,1,38,0.0,17,0.0,5124
19,1,38,0.0,18,0.0,5124
20,1,38,0.0,19,0.0,5124
21,1,38,0.0,20,0.0,5124
22,1,38,0.0,21,0.0,5124
23,1,38,0.0,22,0.0,5124
24,1,38,0.0,23,0.0,5124
25,1,38,0.0,24,0.0,5124
26,1,38,0.0,25,0.0,5124
27,1,38,0.0,26,0.0,5124
28,1,38,0.0,27,0.0,5124
29,1,38,0.0,28,0.0,5124
30,1,38,0.0,29,0.0,5124
31,1,38,0.0,30,0.0,5124
32,1,38,0.0,31,0.0,5124
33,1,38,0.0,32,0.0,5124
34,1,38,0.0,33,0.0,5124
35,1,38,0.0,34,0.0,5124
36,1,38,0.0,35,0.0,5124
37,1,38,0.0,36,0.0,5124
38,1,38,0.0,37,0.0,5124
39,1,38,0.0,38,0.0,5124
40,1,38,0.0,39,0.0,5124
41,1,38,0.0,40,0.0,5124
42,1,38,0.0,41,0.0,5124
43,1,38,0.0,42,0.0,5124
44,1,38,0.0,43,0.0,5124
45,1,38,0.0,44,0.0,5124
46,1,38,0.0,45,0.0,5124
47,1,38,0.0,46,0.0,5124
48,1,38,0.0,47,0.0,5124
49,1,38,0.0,48,0.0,5124
50,1,38,0.0,49,0.0,5124
51,1,38,0.0,50,0.0,5124
52,1,38,0.0,51,0.0,5124
53,1,38,0.0,52,0.0,5124
54,1,38,0.0,53,0.0,5124
55,1,38,0.0,54,0.0,5124
56,1,38,0.0,55,0.0,5124
57,1,38,0.0,56,0.0,5124
58,1,38,0.0,57,0.0,5124
59,1,38,0.0,58,0.0,5124
60,1,38,0.0,59,0.0,5124
61,1,38,0.0,60,0.0,5124
62,1,38,0.0,61,0.0,5124
63,1,38,0.0,62,0.0,5124
64,1,38,0.0,63,0.0,5124
65,1,38,0.0,64,0.0,5124
66,1,38,0.0,65,0.0,5124
67,1,38,0.0,66,0.0,5124
68,1,38,0.0,67,0.0,5124
69,1,38,0.0,68,0.0,5124
70,1,38,0.0,69,0.0,5124
71,1,38,0.0,70,0.0,5124
72,1,38,0.0,71,0.0,5124
73,1,38,0.0,72,0.0,5124
74,1,38,0.0,73,0.0,5124
75,1,38,0.0,74,0.0,5124
76,1,38,0.0,75,0.0,5124
77,1,38,0.0,76,0.0,5124
78,1,38,0.0,77,0.0,5124
79,1,38,0.0,78,0.0,5124
80,1,38,0.0,79,0.0,5124
81,1,38,0.0,80,0.0,5124
82,1,38,0.0,81,0.0,5124
83,1,38,0.0,82,0.0,5124
84,1,38,0.0,83,0.0,5124
85,1,38,0.0,84,0.0,5124
86,1,38,0.0,85,0.0,5124
87,1,38,0.0,86,0.0,5124
88,1,38,0.0,87,0.0,5124
89,1,38,0.0,88,0.0,5124
90,1,38,0.0,89,0.0,5124
91,1,38,0.0,90,0.0,5124
92,1,38,0.0,91,0.0,5124
93,1,38,0.0,92,0.0,5124
94,1,38,0.0,93,0.0,5124
95,1,38,0.0,94,0.0,5124
96,1,38,0.0,95,0.0,5124
97,1,38,0.0,96,0.0,5124
98,1,38,0.0,97,0.0,5124
99,1,38,0.0,98,0.0,5124
100,1,38,0.0,99,0.0,5124
101,1,38,0.0,100,0.0,5124
102,1,38,0.0,101,0.0,5124
103,1,38,0.0,102,0.0,5124
104,1,38,0.0,103,0.0,5124
105,1,38,0.0,104,0.0,5124
106,1,38,0.0,105,0.0,5124
107,1,38,0.0,106,0.0,5124
108,1,38,0.0,107,0.0,5124
109,1,38,0.0,108,0.0,5124
110,1,38,0.0,109,0.0,5124
111,1,38,0.0,110,0.0,5124
112,1,38,0.0,111,0.0,5124
113,1,38,0.0,112,0.0,5124
114,1,38,0.0,113,0.0,5124
115,1,38,0.0,114,0.0,5124
116,1,38,0.0,115,0.0,5124
117,1,38,0.0,116,0.0,5124
118,1,38,0.0,117,0.0,5124
119,1,38,0.0,118,0.0,5124
120,1,38,0.0,119,0.0,5124
121,1,38,0.0,120,0.0,5124
122,1,38,0.28,121,0.0,5124
123,1,38,0.62,122,0.0,5124
124,1,38,0.0,123,0.0,5124
125,1,38,0.0,124,0.0,5124
126,1,38,0.0,125,0.0,5124
127,1,38,0.0,126,0.0,5124
128,1,38,0.0,127,0.0,5124
129,1,38,0.0,128,0.0,5124
130,1,38,0.0,129,0.0,5124
131,1,38,0.0,130,0.0,5124
132,1,38,0.0,131,0.0,5124
133,1,38,0.0,132,0.0,5124
134,1,38,0.0,133,0.0,5124
135,1,38,0.0,134,0.0,5124
136,1,38,0.0,135,0.0,5124
137,1,38,0.0,136,0.0,5124
138,1,38,0.0,137,0.0,5124
139,1,38,0.0,138,0.0,5124
140,1,38,0.0,139,0.0,5124
141,1,38,0.0,140,0.0,5124
142,1,38,0.0,141,0.0,5124
143,1,38,0.0,142,0.0,5124
144,1,38,0.0,143,0.0,5124
145,1,38,0.0,144,0.0,5124
146,1,38,0.0,145,0.0,5124
147,1,38,0.0,146,0.0,5124
148,1,38,0.0,147,0.0,5124
149,1,38,0.0,148,0.0,5124
150,1,38,0.15,149,0.0,5124
151,1,38,0.57,150,0.0,5124
152,1,38,0.0,151,0.0,5124
153,1,38,0.66,152,0.0,5124
154,1,38,0.0,153,0.0,5124
155,1,38,0.7,154,0.0,5124
156,1,38,0.71,155,0.0,5124
157,1,38,0.0,156,0.0,5124
158,1,38,0.0,157,0.0,5124
159,1,38,0.0,158,0.0,5124
160,1,38,0.0,159,0.0,5124
161,1,38,0.0,160,0.0,5124
162,1,38,0.0,161,0.0,5124
163,1,38,0.0,162,0.0,5124
1,1,39,0.0,0,0.0,3759
2,1,39,0.0,1,0.0,3759
3,1,39,0.0,2,0.0,3759
4,1,39,0.0,3,0.0,3759
5,1,39,0.0,4,0.0,3759
6,1,39,0.0,5,0.0,3759
7,1,39,0.0,6,0.0,3759
8,1,39,0.05,7,0.0,3759
9,1,39,0.0,8,0.0,3759
10,1,39,0.0,9,0.0,3759
11,1,39,0.0,10,0.0,3759
12,1,39,0.0,11,0.0,3759
13,1,39,0.0,12,0.0,3759
14,1,39,0.0,13,0.0,3759
15,1,39,0.0,14,0.0,3759
16,1,39,0.0,15,0.0,3759
17,1,39,0.0,16,0.0,3759
18,1,39,0.0,17,0.0,3759
19,1,39,0.0,18,0.0,3759
20,1,39,0.0,19,0.0,3759
21,1,39,0.0,20,0.0,3759
22,1,39,0.0,21,0.0,3759
23,1,39,0.0,22,0.0,3759
24,1,39,0.0,23,0.0,3759
25,1,39,0.0,24,0.0,3759
26,1,39,0.0,25,0.0,3759
27,1,39,0.0,26,0.0,3759
28,1,39,0.0,27,0.0,3759
29,1,39,0.0,28,0.0,3759
30,1,39,0.0,29,0.0,3759
31,1,39,0.0,30,0.0,3759
32,1,39,0.0,31,0.0,3759
33,1,39,0.0,32,0.0,3759
34,1,39,0.0,33,0.0,3759
35,1,39,0.0,34,0.0,3759
36,1,39,0.0,35,0.0,3759
37,1,39,0.0,36,0.0,3759
38,1,39,0.0,37,0.0,3759
39,1,39,0.0,38,0.0,3759
40,1,39,0.0,39,0.0,3759
41,1,39,0.0,40,0.0,3759
42,1,39,0.0,41,0.0,3759
43,1,39,0.0,42,0.0,3759
44,1,39,0.0,43,0.0,3759
45,1,39,0.0,44,0.0,3759
46,1,39,0.0,45,0.0,3759
47,1,39,0.0,46,0.0,3759
48,1,39,0.0,47,0.0,3759
49,1,39,0.0,48,0.0,3759
50,1,39,0.0,49,0.0,3759
51,1,39,0.0,50,0.0,3759
52,1,39,0.0,51,0.0,3759
53,1,39,0.0,52,0.0,3759
54,1,39,0.0,53,0.0,3759
55,1,39,0.0,54,0.0,3759
56,1,39,0.0,55,0.0,3759
57,1,39,0.0,56,0.0,3759
58,1,39,0.0,57,0.0,3759
59,1,39,0.0,58,0.0,3759
60,1,39,0.0,59,0.0,3759
61,1,39,0.0,60,0.0,3759
62,1,39,0.0,61,0.0,3759
63,1,39,0.0,62,0.0,3759
64,1,39,0.0,63,0.0,3759
65,1,39,0.0,64,0.0,3759
66,1,39,0.0,65,0.0,3759
67,1,39,0.0,66,0.0,3759
68,1,39,0.0,67,0.0,3759
69,1,39,0.0,68,0.0,3759
70,1,39,0.0,69,0.0,3759
71,1,39,0.0,70,0.0,3759
72,1,39,0.0,71,0.0,3759
73,1,39,0.0,72,0.0,3759
74,1,39,0.0,73,0.0,3759
75,1,39,0.0,74,0.0,3759
76,1,39,0.0,75,0.0,3759
77,1,39,0.0,76,0.0,3759
78,1,39,0.0,77,0.0,3759
79,1,39,0.0,78,0.0,3759
80,1,39,0.0,79,0.0,3759
81,1,39,0.0,80,0.0,3759
82,1,39,0.0,81,0.0,3759
83,1,39,0.0,82,0.0,3759
84,1,39,0.0,83,0.0,3759
85,1,39,0.0,84,0.0,3759
86,1,39,0.0,85,0.0,3759
87,1,39,0.0,86,0.0,3759
88,1,39,0.0,87,0.0,3759
89,1,39,0.0,88,0.0,3759
90,1,39,0.0,89,0.0,3759
91,1,39,0.0,90,0.0,3759
92,1,39,0.0,91,0.0,3759
93,1,39,0.0,92,0.0,3759
94,1,39,0.0,93,0.0,3759
95,1,39,0.0,94,0.0,3759
96,1,39,0.0,95,0.0,3759
97,1,39,0.0,96,0.0,3759
98,1,39,0.0,97,0.0,3759
99,1,39,0.0,98,0.0,3759
100,1,39,0.0,99,0.0,3759
101,1,39,0.0,100,0.0,3759
102,1,39,0.0,101,0.0,3759
103,1,39,0.0,102,0.0,3759
104,1,39,0.0,103,0.0,3759
105,1,39,0.0,104,0.0,3759
106,1,39,0.0,105,0.0,3759
107,1,39,0.0,106,0.0,3759
108,1,39,0.0,107,0.0,3759
109,1,39,0.0,108,0.0,3759
110,1,39,0.0,109,0.0,3759
111,1,39,0.0,110,0.0,3759
112,1,39,0.0,111,0.0,3759
113,1,39,0.0,112,0.0,3759
114,1,39,0.0,113,0.0,3759
115,1,39,0.0,114,0.0,3759
116,1,39,0.0,115,0.0,3759
117,1,39,0.0,116,0.0,3759
118,1,39,0.0,117,0.0,3759
119,1,39,0.0,118,0.0,3759
120,1,39,0.0,119,0.0,3759
121,1,39,0.0,120,0.0,3759
122,1,39,0.0,121,0.0,3759
123,1,39,0.0,122,0.0,3759
124,1,39,0.0,123,0.0,3759
125,1,39,0.0,124,0.0,3759
126,1,39,0.0,125,0.0,3759
127,1,39,0.0,126,0.0,3759
128,1,39,0.0,127,0.0,3759
129,1,39,0.0,128,0.0,3759
130,1,39,0.0,129,0.0,3759
131,1,39,0.0,130,0.0,3759
132,1,39,0.0,131,0.0,3759
133,1,39,0.0,132,0.0,3759
134,1,39,0.0,133,0.0,3759
135,1,39,0.0,134,0.0,3759
136,1,39,0.0,135,0.0,3759
137,1,39,0.0,136,0.0,3759
138,1,39,0.0,137,0.0,3759
139,1,39,0.0,138,0.0,3759
140,1,39,0.0,139,0.0,3759
141,1,39,0.0,140,0.0,3759
142,1,39,0.0,141,0.0,3759
143,1,39,0.0,142,0.0,3759
144,1,39,0.0,143,0.0,3759
145,1,39,0.0,144,0.0,3759
146,1,39,0.0,145,0.0,3759
147,1,39,0.0,146,0.0,3759
148,1,39,0.0,147,0.0,3759
149,1,39,0.0,148,0.0,3759
150,1,39,0.0,149,0.0,3759
151,1,39,0.0,150,0.0,3759
152,1,39,0.0,151,0.0,3759
153,1,39,0.0,152,0.0,3759
154,1,39,0.0,153,0.0,3759
155,1,39,0.0,154,0.0,3759
156,1,39,0.0,155,0.0,3759
157,1,39,0.0,156,0.0,3759
158,1,39,0.0,157,0.0,3759
159,1,39,0.0,158,0.0,3759
160,1,39,0.0,159,0.0,3759
161,1,39,0.0,160,0.0,3759
162,1,39,0.0,161,0.0,3759
163,1,39,0.0,162,0.0,3759
1,1,39,0.0,0,0.0,294
2,1,39,0.0,1,0.0,294
3,1,39,0.0,2,0.0,294
4,1,39,0.0,3,0.0,294
5,1,39,0.0,4,0.0,294
6,1,39,0.0,5,0.0,294
7,1,39,0.0,6,0.0,294
8,1,39,0.0,7,0.0,294
9,1,39,0.0,8,0.0,294
10,1,39,0.0,9,0.0,294
11,1,39,0.0,10,0.0,294
12,1,39,0.0,11,0.0,294
13,1,39,0.0,12,0.0,294
14,1,39,0.0,13,0.0,294
15,1,39,0.0,14,0.0,294
16,1,39,0.0,15,0.0,294
17,1,39,0.0,16,0.0,294
18,1,39,0.0,17,0.0,294
19,1,39,0.0,18,0.0,294
20,1,39,0.0,19,0.0,294
21,1,39,0.0,20,0.0,294
22,1,39,0.0,21,0.0,294
23,1,39,0.0,22,0.0,294
24,1,39,0.0,23,0.0,294
25,1,39,0.0,24,0.0,294
26,1,39,0.0,25,0.0,294
27,1,39,0.0,26,0.0,294
28,1,39,0.0,27,0.0,294
29,1,39,0.0,28,0.0,294
30,1,39,0.0,29,0.0,294
31,1,39,0.0,30,0.31,294
32,1,39,0.0,31,1.0,294
33,1,39,0.0,32,1.0,294
34,1,39,0.0,33,0.95,294
35,1,39,0.0,34,0.0,294
36,1,39,0.0,35,0.0,294
37,1,39,0.0,36,0.0,294
38,1,39,0.0,37,0.0,294
39,1,39,0.0,38,0.0,294
40,1,39,0.0,39,0.0,294
41,1,39,0.0,40,0.0,294
42,1,39,0.0,41,0.0,294
43,1,39,0.0,42,0.0,294
44,1,39,0.0,43,0.0,294
45,1,39,0.0,44,0.0,294
46,1,39,0.0,45,0.0,294
47,1,39,0.0,46,0.0,294
48,1,39,0.0,47,0.0,294
49,1,39,0.0,48,0.0,294
50,1,39,0.0,49,0.0,294
51,1,39,0.0,50,0.0,294
52,1,39,0.0,51,0.0,294
53,1,39,0.0,52,0.0,294
54,1,39,0.0,53,0.0,294
55,1,39,0.0,54,0.0,294
56,1,39,0.0,55,0.0,294
57,1,39,0.0,56,0.0,294
58,1,39,0.0,57,0.0,294
59,1,39,0.0,58,0.0,294
60,1,39,0.0,59,0.0,294
61,1,39,0.0,60,0.0,294
62,1,39,0.0,61,0.0,294
63,1,39,0.0,62,0.0,294
64,1,39,0.0,63,0.0,294
65,1,39,0.0,64,0.0,294
66,1,39,0.0,65,0.0,294
67,1,39,0.0,66,0.0,294
68,1,39,0.0,67,0.0,294
69,1,39,0.0,68,0.0,294
70,1,39,0.0,69,0.0,294
71,1,39,0.0,70,0.0,294
72,1,39,0.0,71,0.0,294
73,1,39,0.0,72,0.0,294
74,1,39,0.0,73,0.0,294
75,1,39,0.0,74,0.0,294
76,1,39,0.0,75,0.0,294
77,1,39,0.0,76,0.0,294
78,1,39,0.0,77,0.0,294
79,1,39,0.0,78,0.0,294
80,1,39,0.0,79,0.0,294
81,1,39,0.0,80,0.15,294
82,1,39,0.0,81,0.72,294
83,1,39,0.0,82,1.0,294
84,1,39,0.0,83,0.58,294
85,1,39,0.0,84,0.0,294
86,1,39,0.0,85,0.0,294
87,1,39,0.0,86,0.0,294
88,1,39,0.0,87,0.0,294
89,1,39,0.0,88,0.05,294
90,1,39,0.0,89,0.0,294
91,1,39,0.0,90,0.0,294
92,1,39,0.0,91,0.0,294
93,1,39,0.0,92,0.0,294
94,1,39,0.0,93,0.0,294
95,1,39,0.0,94,0.0,294
96,1,39,0.0,95,0.0,294
97,1,39,0.0,96,0.0,294
98,1,39,0.0,97,0.0,294
99,1,39,0.0,98,0.22,294
100,1,39,0.0,99,1.0,294
101,1,39,0.0,100,0.03,294
102,1,39,0.0,101,0.39,294
103,1,39,0.0,102,0.48,294
104,1,39,0.0,103,0.0,294
105,1,39,0.0,104,0.0,294
106,1,39,0.0,105,0.0,294
107,1,39,0.0,106,0.22,294
108,1,39,0.0,107,0.48,294
109,1,39,0.0,108,0.0,294
110,1,39,0.0,109,0.0,294
111,1,39,0.0,110,0.0,294
112,1,39,0.0,111,0.0,294
113,1,39,0.0,112,0.0,294
114,1,39,0.0,113,0.0,294
115,1,39,0.0,114,0.0,294
116,1,39,0.0,115,0.0,294
117,1,39,0.0,116,0.0,294
118,1,39,0.0,117,0.0,294
119,1,39,0.0,118,0.0,294
120,1,39,0.0,119,0.0,294
121,1,39,0.0,120,0.0,294
122,1,39,0.0,121,0.0,294
123,1,39,0.0,122,0.0,294
124,1,39,0.0,123,0.0,294
125,1,39,0.0,124,0.0,294
126,1,39,0.0,125,0.0,294
127,1,39,0.0,126,0.0,294
128,1,39,0.0,127,0.0,294
129,1,39,0.0,128,0.0,294
130,1,39,0.0,129,0.0,294
131,1,39,0.0,130,0.0,294
132,1,39,0.0,131,0.0,294
133,1,39,0.0,132,0.0,294
134,1,39,0.0,133,0.05,294
135,1,39,0.0,134,0.0,294
136,1,39,0.0,135,0.0,294
137,1,39,0.0,136,0.0,294
138,1,39,0.0,137,0.12,294
139,1,39,0.0,138,1.0,294
140,1,39,0.0,139,0.19,294
141,1,39,0.0,140,0.0,294
142,1,39,0.0,141,0.0,294
143,1,39,0.0,142,0.0,294
144,1,39,0.0,143,0.0,294
145,1,39,0.0,144,0.0,294
146,1,39,0.0,145,0.0,294
147,1,39,0.0,146,0.0,294
148,1,39,0.0,147,0.0,294
149,1,39,0.0,148,0.0,294
150,1,39,0.0,149,0.0,294
151,1,39,0.0,150,0.12,294
152,1,39,0.0,151,0.08,294
153,1,39,0.0,152,0.0,294
154,1,39,0.0,153,0.0,294
155,1,39,0.0,154,0.0,294
156,1,39,0.0,155,0.0,294
157,1,39,0.0,156,0.52,294
158,1,39,0.0,157,0.78,294
159,1,39,0.0,158,0.0,294
160,1,39,0.0,159,0.0,294
161,1,39,0.0,160,0.0,294
162,1,39,0.0,161,0.0,294
163,1,39,0.0,162,0.0,294
1,1,40,0.0,0,0.0,6000
2,1,40,0.0,1,0.0,6000
3,1,40,0.0,2,0.0,6000
4,1,40,0.0,3,0.0,6000
5,1,40,0.0,4,0.0,6000
6,1,40,0.0,5,0.0,6000
7,1,40,0.0,6,0.0,6000
8,1,40,0.0,7,0.0,6000
9,1,40,0.0,8,0.0,6000
10,1,40,0.0,9,0.0,6000
11,1,40,0.0,10,0.0,6000
12,1,40,0.0,11,0.0,6000
13,1,40,0.0,12,0.0,6000
14,1,40,0.0,13,0.0,6000
15,1,40,0.0,14,0.0,6000
16,1,40,0.0,15,0.0,6000
17,1,40,0.0,16,0.0,6000
18,1,40,0.0,17,0.0,6000
19,1,40,0.0,18,0.0,6000
20,1,40,0.0,19,0.0,6000
21,1,40,0.0,20,0.0,6000
22,1,40,0.0,21,0.0,6000
23,1,40,0.0,22,0.0,6000
24,1,40,0.0,23,0.0,6000
25,1,40,0.0,24,0.0,6000
26,1,40,0.0,25,0.0,6000
27,1,40,0.0,26,0.0,6000
28,1,40,0.0,27,0.0,6000
29,1,40,0.0,28,0.0,6000
30,1,40,0.0,29,0.0,6000
31,1,40,0.0,30,0.0,6000
32,1,40,0.0,31,0.0,6000
33,1,40,0.0,32,0.0,6000
34,1,40,0.0,33,0.0,6000
35,1,40,0.0,34,0.0,6000
36,1,40,0.0,35,0.0,6000
37,1,40,0.0,36,0.0,6000
38,1,40,0.0,37,0.0,6000
39,1,40,0.0,38,0.0,6000
40,1,40,0.0,39,0.0,6000
41,1,40,0.0,40,0.0,6000
42,1,40,0.0,41,0.0,6000
43,1,40,0.63,42,0.0,6000
44,1,40,1.0,43,0.0,6000
45,1,40,1.0,44,0.0,6000
46,1,40,1.0,45,0.0,6000
47,1,40,1.0,46,0.0,6000
48,1,40,1.0,47,0.0,6000
49,1,40,1.0,48,0.0,6000
50,1,40,1.0,49,0.0,6000
51,1,40,1.0,50,0.0,6000
52,1,40,1.0,51,0.0,6000
53,1,40,1.0,52,0.0,6000
54,1,40,1.0,53,0.0,6000
55,1,40,1.0,54,0.0,6000
56,1,40,1.0,55,0.0,6000
57,1,40,1.0,56,0.0,6000
58,1,40,1.0,57,0.0,6000
59,1,40,1.0,58,0.0,6000
60,1,40,1.0,59,0.0,6000
61,1,40,1.0,60,0.0,6000
62,1,40,1.0,61,0.0,6000
63,1,40,1.0,62,0.0,6000
64,1,40,1.0,63,0.0,6000
65,1,40,1.0,64,0.0,6000
66,1,40,1.0,65,0.0,6000
67,1,40,1.0,66,0.0,6000
68,1,40,1.0,67,0.0,6000
69,1,40,1.0,68,0.0,6000
70,1,40,1.0,69,0.0,6000
71,1,40,0.11,70,0.0,6000
72,1,40,0.0,71,0.0,6000
73,1,40,0.0,72,0.0,6000
74,1,40,0.0,73,0.0,6000
75,1,40,0.0,74,0.0,6000
76,1,40,0.0,75,0.0,6000
77,1,40,0.0,76,0.0,6000
78,1,40,0.0,77,0.0,6000
79,1,40,0.0,78,0.0,6000
80,1,40,0.0,79,0.0,6000
81,1,40,0.0,80,0.0,6000
82,1,40,0.0,81,0.0,6000
83,1,40,0.94,82,0.0,6000
84,1,40,1.0,83,0.0,6000
85,1,40,1.0,84,0.0,6000
86,1,40,1.0,85,0.0,6000
87,1,40,0.11,86,0.0,6000
88,1,40,0.0,87,0.0,6000
89,1,40,0.0,88,0.0,6000
90,1,40,0.0,89,0.0,6000
91,1,40,0.0,90,0.0,6000
92,1,40,0.0,91,0.0,6000
93,1,40,0.0,92,0.0,6000
94,1,40,0.0,93,0.0,6000
95,1,40,0.0,94,0.0,6000
96,1,40,0.0,95,0.0,6000
97,1,40,0.0,96,0.0,6000
98,1,40,0.0,97,0.0,6000
99,1,40,0.0,98,0.0,6000
100,1,40,0.0,99,0.0,6000
101,1,40,0.0,100,0.0,6000
102,1,40,0.0,101,0.0,6000
103,1,40,0.0,102,0.0,6000
104,1,40,0.0,103,0.0,6000
105,1,40,0.0,104,0.0,6000
106,1,40,0.0,105,0.0,6000
107,1,40,0.0,106,0.0,6000
108,1,40,0.0,107,0.0,6000
109,1,40,0.0,108,0.0,6000
110,1,40,0.0,109,0.0,6000
111,1,40,0.0,110,0.0,6000
112,1,40,0.0,111,0.0,6000
113,1,40,0.0,112,0.0,6000
114,1,40,0.0,113,0.0,6000
115,1,40,0.0,114,0.0,6000
116,1,40,0.0,115,0.0,6000
117,1,40,0.0,116,0.0,6000
118,1,40,0.0,117,0.0,6000
119,1,40,0.0,118,0.0,6000
120,1,40,0.0,119,0.0,6000
121,1,40,0.0,120,0.0,6000
122,1,40,0.0,121,0.0,6000
123,1,40,0.0,122,0.0,6000
124,1,40,0.0,123,0.0,6000
125,1,40,0.0,124,0.0,6000
126,1,40,0.0,125,0.0,6000
127,1,40,0.0,126,0.0,6000
128,1,40,0.0,127,0.0,6000
129,1,40,0.0,128,0.0,6000
130,1,40,0.0,129,0.0,6000
131,1,40,0.0,130,0.0,6000
132,1,40,0.0,131,0.0,6000
133,1,40,0.0,132,0.0,6000
134,1,40,0.0,133,0.0,6000
135,1,40,0.0,134,0.0,6000
136,1,40,0.0,135,0.0,6000
137,1,40,0.0,136,0.0,6000
138,1,40,0.0,137,0.0,6000
139,1,40,0.0,138,0.0,6000
140,1,40,0.0,139,0.0,6000
141,1,40,0.0,140,0.0,6000
142,1,40,0.0,141,0.0,6000
143,1,40,0.0,142,0.0,6000
144,1,40,0.0,143,0.0,6000
145,1,40,0.0,144,0.0,6000
146,1,40,0.0,145,0.0,6000
147,1,40,0.0,146,0.0,6000
148,1,40,0.0,147,0.0,6000
149,1,40,0.0,148,0.0,6000
150,1,40,0.0,149,0.0,6000
151,1,40,0.0,150,0.0,6000
152,1,40,0.6,151,0.0,6000
153,1,40,0.0,152,0.0,6000
154,1,40,0.0,153,0.0,6000
155,1,40,0.0,154,0.0,6000
156,1,40,0.0,155,0.0,6000
157,1,40,0.0,156,0.0,6000
158,1,40,0.0,157,0.0,6000
159,1,40,0.0,158,0.0,6000
160,1,40,0.0,159,0.0,6000
161,1,40,0.0,160,0.0,6000
162,1,40,0.0,161,0.0,6000
163,1,40,0.0,162,0.0,6000
1,1,40,0.0,0,0.0,980
2,1,40,0.0,1,0.0,980
3,1,40,0.0,2,0.0,980
4,1,40,0.0,3,0.0,980
5,1,40,0.0,4,0.0,980
6,1,40,0.0,5,0.0,980
7,1,40,0.0,6,0.0,980
8,1,40,0.0,7,0.0,980
9,1,40,0.0,8,0.0,980
10,1,40,0.0,9,0.0,980
11,1,40,0.0,10,0.0,980
12,1,40,0.0,11,0.0,980
13,1,40,0.0,12,0.0,980
14,1,40,0.0,13,0.0,980
15,1,40,0.0,14,0.0,980
16,1,40,0.0,15,0.0,980
17,1,40,0.0,16,0.0,980
18,1,40,0.0,17,0.0,980
19,1,40,0.0,18,0.0,980
20,1,40,0.0,19,0.0,980
21,1,40,0.0,20,0.0,980
22,1,40,0.0,21,0.0,980
23,1,40,0.0,22,0.0,980
24,1,40,0.0,23,0.0,980
25,1,40,0.0,24,0.0,980
26,1,40,0.0,25,0.0,980
27,1,40,0.0,26,0.0,980
28,1,40,0.0,27,0.0,980
29,1,40,0.0,28,0.0,980
30,1,40,0.0,29,0.0,980
31,1,40,0.0,30,0.0,980
32,1,40,0.0,31,0.0,980
33,1,40,0.0,32,0.0,980
34,1,40,0.0,33,0.0,980
35,1,40,0.0,34,0.0,980
36,1,40,0.0,35,0.0,980
37,1,40,0.0,36,0.0,980
38,1,40,0.0,37,0.0,980
39,1,40,0.0,38,0.0,980
40,1,40,0.0,39,0.0,980
41,1,40,0.0,40,0.0,980
42,1,40,0.0,41,0.0,980
43,1,40,0.0,42,0.0,980
44,1,40,0.0,43,0.0,980
45,1,40,0.0,44,0.0,980
46,1,40,0.0,45,0.0,980
47,1,40,0.0,46,0.0,980
48,1,40,0.0,47,0.0,980
49,1,40,0.0,48,0.0,980
50,1,40,0.0,49,0.0,980
51,1,40,0.0,50,0.0,980
52,1,40,0.0,51,0.0,980
53,1,40,0.0,52,0.0,980
54,1,40,0.0,53,0.0,980
55,1,40,0.0,54,0.0,980
56,1,40,0.0,55,0.0,980
57,1,40,0.0,56,0.0,980
58,1,40,0.0,57,0.0,980
59,1,40,0.0,58,0.0,980
60,1,40,0.0,59,0.0,980
61,1,40,0.0,60,0.0,980
62,1,40,0.0,61,0.0,980
63,1,40,0.0,62,0.0,980
64,1,40,0.0,63,0.0,980
65,1,40,0.0,64,0.0,980
66,1,40,0.0,65,0.0,980
67,1,40,0.0,66,0.0,980
68,1,40,0.0,67,0.0,980
69,1,40,0.0,68,0.0,980
70,1,40,0.0,69,0.0,980
71,1,40,0.0,70,0.0,980
72,1,40,0.0,71,0.0,980
73,1,40,0.0,72,0.0,980
74,1,40,0.0,73,0.0,980
75,1,40,0.0,74,0.0,980
76,1,40,0.0,75,0.0,980
77,1,40,0.0,76,0.0,980
78,1,40,0.0,77,0.0,980
79,1,40,0.0,78,0.0,980
80,1,40,0.0,79,0.0,980
81,1,40,0.0,80,0.0,980
82,1,40,0.0,81,0.0,980
83,1,40,0.0,82,0.0,980
84,1,40,0.0,83,0.0,980
85,1,40,0.0,84,0.0,980
86,1,40,0.0,85,0.0,980
87,1,40,0.0,86,0.0,980
88,1,40,0.0,87,0.0,980
89,1,40,0.0,88,0.0,980
90,1,40,0.0,89,0.0,980
91,1,40,0.0,90,0.0,980
92,1,40,0.0,91,0.0,980
93,1,40,0.0,92,0.0,980
94,1,40,0.0,93,0.0,980
95,1,40,0.0,94,0.0,980
96,1,40,0.0,95,0.0,980
97,1,40,0.0,96,0.0,980
98,1,40,0.0,97,0.0,980
99,1,40,0.0,98,0.0,980
100,1,40,0.0,99,0.0,980
101,1,40,0.0,100,0.0,980
102,1,40,0.0,101,0.0,980
103,1,40,0.0,102,0.0,980
104,1,40,0.0,103,0.0,980
105,1,40,0.0,104,0.0,980
106,1,40,0.0,105,0.0,980
107,1,40,0.0,106,0.0,980
108,1,40,0.0,107,0.0,980
109,1,40,0.0,108,0.0,980
110,1,40,0.0,109,0.0,980
111,1,40,0.0,110,0.0,980
112,1,40,0.0,111,0.0,980
113,1,40,0.0,112,0.0,980
114,1,40,0.0,113,0.0,980
115,1,40,0.0,114,0.0,980
116,1,40,0.0,115,0.0,980
117,1,40,0.0,116,0.0,980
118,1,40,0.0,117,0.0,980
119,1,40,0.0,118,0.0,980
120,1,40,0.0,119,0.0,980
121,1,40,0.0,120,0.0,980
122,1,40,0.0,121,0.0,980
123,1,40,0.0,122,0.0,980
124,1,40,0.0,123,0.0,980
125,1,40,0.0,124,0.0,980
126,1,40,0.0,125,0.0,980
127,1,40,0.0,126,0.0,980
128,1,40,0.0,127,0.0,980
129,1,40,0.0,128,0.0,980
130,1,40,0.0,129,0.0,980
131,1,40,0.0,130,0.0,980
132,1,40,0.0,131,0.0,980
133,1,40,0.0,132,0.0,980
134,1,40,0.0,133,0.0,980
135,1,40,0.0,134,0.0,980
136,1,40,0.0,135,0.0,980
137,1,40,0.0,136,0.0,980
138,1,40,0.0,137,0.0,980
139,1,40,0.0,138,0.0,980
140,1,40,0.0,139,0.0,980
141,1,40,0.0,140,0.0,980
142,1,40,0.0,141,0.0,980
143,1,40,0.0,142,0.0,980
144,1,40,0.0,143,0.0,980
145,1,40,0.0,144,0.0,980
146,1,40,0.0,145,0.0,980
147,1,40,0.0,146,0.0,980
148,1,40,0.0,147,0.0,980
149,1,40,0.0,148,0.0,980
150,1,40,0.0,149,0.0,980
151,1,40,0.0,150,0.0,980
152,1,40,0.0,151,0.0,980
153,1,40,0.0,152,0.0,980
154,1,40,0.0,153,0.0,980
155,1,40,0.0,154,0.0,980
156,1,40,0.0,155,0.0,980
157,1,40,0.0,156,0.0,980
158,1,40,0.0,157,0.0,980
159,1,40,0.0,158,0.0,980
160,1,40,0.0,159,0.0,980
161,1,40,0.0,160,0.0,980
162,1,40,0.0,161,0.0,980
163,1,40,0.0,162,0.0,980
1,1,41,0.0,0,0.0,9505
2,1,41,0.0,1,0.0,9505
3,1,41,0.0,2,0.0,9505
4,1,41,0.0,3,0.0,9505
5,1,41,0.0,4,0.0,9505
6,1,41,0.0,5,0.0,9505
7,1,41,0.0,6,0.0,9505
8,1,41,0.0,7,0.0,9505
9,1,41,0.0,8,0.0,9505
10,1,41,0.0,9,0.0,9505
11,1,41,0.0,10,0.0,9505
12,1,41,0.0,11,0.0,9505
13,1,41,0.0,12,0.0,9505
14,1,41,0.0,13,0.0,9505
15,1,41,0.0,14,0.0,9505
16,1,41,0.0,15,0.0,9505
17,1,41,0.0,16,0.0,9505
18,1,41,0.0,17,0.0,9505
19,1,41,0.0,18,0.0,9505
20,1,41,0.0,19,0.0,9505
21,1,41,0.0,20,0.0,9505
22,1,41,0.0,21,0.0,9505
23,1,41,0.0,22,0.0,9505
24,1,41,0.0,23,0.0,9505
25,1,41,0.0,24,0.0,9505
26,1,41,0.0,25,0.0,9505
27,1,41,0.0,26,0.0,9505
28,1,41,0.0,27,0.0,9505
29,1,41,0.39,28,0.0,9505
30,1,41,0.36,29,0.0,9505
31,1,41,0.0,30,0.0,9505
32,1,41,0.39,31,0.0,9505
33,1,41,0.26,32,0.0,9505
34,1,41,0.0,33,0.0,9505
35,1,41,0.0,34,0.0,9505
36,1,41,0.0,35,0.0,9505
37,1,41,0.0,36,0.0,9505
38,1,41,0.0,37,0.0,9505
39,1,41,0.0,38,0.0,9505
40,1,41,0.14,39,0.0,9505
41,1,41,0.46,40,0.0,9505
42,1,41,0.04,41,0.0,9505
43,1,41,0.62,42,0.0,9505
44,1,41,0.0,43,0.0,9505
45,1,41,0.0,44,0.0,9505
46,1,41,0.0,45,0.0,9505
47,1,41,0.44,46,0.0,9505
48,1,41,0.22,47,0.0,9505
49,1,41,0.0,48,0.0,9505
50,1,41,0.0,49,0.0,9505
51,1,41,0.0,50,0.0,9505
52,1,41,0.0,51,0.0,9505
53,1,41,0.0,52,0.0,9505
54,1,41,0.05,53,0.0,9505
55,1,41,0.0,54,0.0,9505
56,1,41,0.0,55,0.0,9505
57,1,41,0.0,56,0.0,9505
58,1,41,0.0,57,0.0,9505
59,1,41,0.0,58,0.0,9505
60,1,41,0.0,59,0.0,9505
61,1,41,0.0,60,0.0,9505
62,1,41,0.0,61,0.0,9505
63,1,41,0.0,62,0.0,9505
64,1,41,0.0,63,0.0,9505
65,1,41,0.0,64,0.0,9505
66,1,41,0.0,65,0.0,9505
67,1,41,0.0,66,0.0,9505
68,1,41,0.0,67,0.0,9505
69,1,41,0.65,68,0.0,9505
70,1,41,0.0,69,0.0,9505
71,1,41,0.0,70,0.0,9505
72,1,41,0.0,71,0.0,9505
73,1,41,0.0,72,0.0,9505
74,1,41,0.0,73,0.0,9505
75,1,41,0.65,74,0.0,9505
76,1,41,0.0,75,0.0,9505
77,1,41,0.04,76,0.0,9505
78,1,41,1.0,77,0.0,9505
79,1,41,1.0,78,0.0,9505
80,1,41,1.0,79,0.0,9505
81,1,41,1.0,80,0.0,9505
82,1,41,0.36,81,0.0,9505
83,1,41,0.0,82,0.0,9505
84,1,41,0.0,83,0.0,9505
85,1,41,0.0,84,0.0,9505
86,1,41,0.0,85,0.0,9505
87,1,41,0.24,86,0.0,9505
88,1,41,1.0,87,0.0,9505
89,1,41,0.01,88,0.0,9505
90,1,41,0.0,89,0.0,9505
91,1,41,0.0,90,0.0,9505
92,1,41,0.0,91,0.0,9505
93,1,41,0.0,92,0.0,9505
94,1,41,0.0,93,0.0,9505
95,1,41,0.0,94,0.0,9505
96,1,41,0.0,95,0.0,9505
97,1,41,0.0,96,0.0,9505
98,1,41,0.0,97,0.0,9505
99,1,41,0.0,98,0.0,9505
100,1,41,0.29,99,0.0,9505
101,1,41,0.41,100,0.0,9505
102,1,41,0.0,101,0.0,9505
103,1,41,0.0,102,0.0,9505
104,1,41,0.0,103,0.0,9505
105,1,41,0.0,104,0.0,9505
106,1,41,0.79,105,0.0,9505
107,1,41,1.0,106,0.0,9505
108,1,41,1.0,107,0.0,9505
109,1,41,0.56,108,0.0,9505
110,1,41,0.0,109,0.0,9505
111,1,41,0.0,110,0.0,9505
112,1,41,0.0,111,0.0,9505
113,1,41,0.0,112,0.0,9505
114,1,41,0.0,113,0.0,9505
115,1,41,0.0,114,0.0,9505
116,1,41,0.0,115,0.0,9505
117,1,41,0.0,116,0.0,9505
118,1,41,0.0,117,0.0,9505
119,1,41,0.0,118,0.0,9505
120,1,41,0.0,119,0.0,9505
121,1,41,0.0,120,0.0,9505
122,1,41,0.0,121,0.0,9505
123,1,41,0.0,122,0.0,9505
124,1,41,0.0,123,0.0,9505
125,1,41,0.0,124,0.0,9505
126,1,41,0.0,125,0.0,9505
127,1,41,0.0,126,0.0,9505
128,1,41,0.0,127,0.0,9505
129,1,41,0.0,128,0.0,9505
130,1,41,0.0,129,0.0,9505
131,1,41,0.0,130,0.0,9505
132,1,41,0.0,131,0.0,9505
133,1,41,0.0,132,0.0,9505
134,1,41,0.0,133,0.0,9505
135,1,41,0.0,134,0.0,9505
136,1,41,0.0,135,0.0,9505
137,1,41,0.0,136,0.0,9505
138,1,41,0.0,137,0.0,9505
139,1,41,0.0,138,0.0,9505
140,1,41,0.0,139,0.0,9505
141,1,41,0.0,140,0.0,9505
142,1,41,0.0,141,0.0,9505
143,1,41,0.0,142,0.0,9505
144,1,41,0.0,143,0.0,9505
145,1,41,0.0,144,0.0,9505
146,1,41,0.0,145,0.0,9505
147,1,41,0.0,146,0.0,9505
148,1,41,0.0,147,0.0,9505
149,1,41,0.0,148,0.0,9505
150,1,41,0.0,149,0.0,9505
151,1,41,0.0,150,0.0,9505
152,1,41,0.0,151,0.0,9505
153,1,41,0.0,152,0.0,9505
154,1,41,0.0,153,0.0,9505
155,1,41,0.0,154,0.0,9505
156,1,41,0.0,155,0.0,9505
157,1,41,0.0,156,0.0,9505
158,1,41,0.0,157,0.0,9505
159,1,41,0.0,158,0.0,9505
160,1,41,0.0,159,0.0,9505
161,1,41,0.0,160,0.0,9505
162,1,41,0.0,161,0.0,9505
163,1,41,0.0,162,0.0,9505
1,1,43,0.0,0,0.0,4322
2,1,43,0.0,1,0.0,4322
3,1,43,0.0,2,0.0,4322
4,1,43,0.0,3,0.0,4322
5,1,43,0.0,4,0.0,4322
6,1,43,0.0,5,0.0,4322
7,1,43,0.0,6,0.0,4322
8,1,43,0.0,7,0.0,4322
9,1,43,0.0,8,0.0,4322
10,1,43,0.0,9,0.0,4322
11,1,43,0.0,10,0.0,4322
12,1,43,0.0,11,0.0,4322
13,1,43,0.0,12,0.0,4322
14,1,43,0.0,13,0.0,4322
15,1,43,0.0,14,0.0,4322
16,1,43,0.0,15,0.0,4322
17,1,43,0.0,16,0.0,4322
18,1,43,0.0,17,0.0,4322
19,1,43,0.0,18,0.0,4322
20,1,43,0.0,19,0.0,4322
21,1,43,0.0,20,0.0,4322
22,1,43,0.0,21,0.0,4322
23,1,43,0.0,22,0.0,4322
24,1,43,0.0,23,0.0,4322
25,1,43,0.0,24,0.0,4322
26,1,43,0.0,25,0.0,4322
27,1,43,0.0,26,0.0,4322
28,1,43,0.0,27,0.05,4322
29,1,43,0.0,28,0.1,4322
30,1,43,0.0,29,0.0,4322
31,1,43,0.0,30,0.0,4322
32,1,43,0.0,31,0.0,4322
33,1,43,0.0,32,0.0,4322
34,1,43,0.0,33,0.0,4322
35,1,43,0.0,34,0.0,4322
36,1,43,0.0,35,0.0,4322
37,1,43,0.0,36,0.0,4322
38,1,43,0.0,37,0.0,4322
39,1,43,0.0,38,0.0,4322
40,1,43,0.0,39,0.41,4322
41,1,43,0.11,40,0.0,4322
42,1,43,0.0,41,0.0,4322
43,1,43,0.05,42,0.0,4322
44,1,43,0.61,43,0.0,4322
45,1,43,0.0,44,0.0,4322
46,1,43,0.0,45,0.0,4322
47,1,43,0.0,46,0.0,4322
48,1,43,0.0,47,0.0,4322
49,1,43,0.0,48,0.0,4322
50,1,43,0.0,49,0.0,4322
51,1,43,0.0,50,0.0,4322
52,1,43,0.0,51,0.0,4322
53,1,43,0.0,52,0.0,4322
54,1,43,0.0,53,0.0,4322
55,1,43,0.0,54,0.0,4322
56,1,43,0.0,55,0.15,4322
57,1,43,0.0,56,0.27,4322
58,1,43,0.0,57,0.0,4322
59,1,43,0.0,58,0.0,4322
60,1,43,0.0,59,0.0,4322
61,1,43,0.0,60,1.0,4322
62,1,43,0.0,61,1.0,4322
63,1,43,0.0,62,1.0,4322
64,1,43,0.0,63,1.0,4322
65,1,43,0.0,64,0.35,4322
66,1,43,0.0,65,0.0,4322
67,1,43,0.0,66,0.0,4322
68,1,43,0.0,67,0.0,4322
69,1,43,0.0,68,0.0,4322
70,1,43,0.0,69,0.0,4322
71,1,43,0.0,70,0.0,4322
72,1,43,0.0,71,0.65,4322
73,1,43,0.0,72,1.0,4322
74,1,43,0.0,73,1.0,4322
75,1,43,0.0,74,1.0,4322
76,1,43,0.0,75,1.0,4322
77,1,43,0.0,76,1.0,4322
78,1,43,0.0,77,1.0,4322
79,1,43,0.0,78,1.0,4322
80,1,43,0.0,79,0.91,4322
81,1,43,0.0,80,0.0,4322
82,1,43,0.0,81,0.0,4322
83,1,43,0.0,82,0.0,4322
84,1,43,0.0,83,0.0,4322
85,1,43,0.0,84,0.0,4322
86,1,43,0.0,85,0.0,4322
87,1,43,0.0,86,0.0,4322
88,1,43,0.0,87,0.0,4322
89,1,43,0.0,88,0.0,4322
90,1,43,0.0,89,0.0,4322
91,1,43,0.0,90,0.0,4322
92,1,43,0.0,91,0.0,4322
93,1,43,0.0,92,0.0,4322
94,1,43,0.0,93,0.0,4322
95,1,43,0.0,94,0.0,4322
96,1,43,0.0,95,0.0,4322
97,1,43,0.0,96,0.0,4322
98,1,43,0.0,97,0.0,4322
99,1,43,0.0,98,0.0,4322
100,1,43,0.0,99,0.0,4322
101,1,43,0.0,100,0.0,4322
102,1,43,0.0,101,0.0,4322
103,1,43,0.0,102,0.0,4322
104,1,43,0.0,103,0.0,4322
105,1,43,0.0,104,0.0,4322
106,1,43,0.0,105,0.0,4322
107,1,43,0.0,106,0.0,4322
108,1,43,0.0,107,0.0,4322
109,1,43,0.0,108,0.0,4322
110,1,43,0.0,109,0.0,4322
111,1,43,0.0,110,0.0,4322
112,1,43,0.0,111,0.0,4322
113,1,43,0.0,112,0.2,4322
114,1,43,0.0,113,0.37,4322
115,1,43,0.0,114,0.0,4322
116,1,43,0.0,115,0.0,4322
117,1,43,0.0,116,0.0,4322
118,1,43,0.0,117,0.0,4322
119,1,43,0.0,118,0.0,4322
120,1,43,0.0,119,0.0,4322
121,1,43,0.0,120,0.4,4322
122,1,43,0.0,121,1.0,4322
123,1,43,0.0,122,1.0,4322
124,1,43,0.0,123,1.0,4322
125,1,43,0.0,124,1.0,4322
126,1,43,0.0,125,1.0,4322
127,1,43,0.0,126,1.0,4322
128,1,43,0.0,127,0.45,4322
129,1,43,0.0,128,0.0,4322
130,1,43,0.0,129,0.0,4322
131,1,43,0.0,130,0.0,4322
132,1,43,0.0,131,0.0,4322
133,1,43,0.0,132,0.0,4322
134,1,43,0.0,133,0.0,4322
135,1,43,0.0,134,0.0,4322
136,1,43,0.0,135,0.0,4322
137,1,43,0.0,136,0.0,4322
138,1,43,0.0,137,0.25,4322
139,1,43,0.0,138,1.0,4322
140,1,43,0.0,139,1.0,4322
141,1,43,0.0,140,0.11,4322
142,1,43,0.0,141,0.0,4322
143,1,43,0.0,142,0.0,4322
144,1,43,0.0,143,0.0,4322
145,1,43,0.0,144,0.0,4322
146,1,43,0.0,145,0.0,4322
147,1,43,0.0,146,0.0,4322
148,1,43,0.0,147,0.0,4322
149,1,43,0.0,148,0.16,4322
150,1,43,0.0,149,0.0,4322
151,1,43,0.0,150,0.0,4322
152,1,43,0.0,151,0.0,4322
153,1,43,0.0,152,0.6,4322
154,1,43,0.0,153,1.0,4322
155,1,43,0.0,154,1.0,4322
156,1,43,0.0,155,0.81,4322
157,1,43,0.0,156,0.0,4322
158,1,43,0.0,157,0.0,4322
159,1,43,0.0,158,0.0,4322
160,1,43,0.0,159,0.0,4322
161,1,43,0.0,160,0.73,4322
162,1,43,0.0,161,0.0,4322
163,1,43,0.0,162,0.0,4322
1,1,42,0.0,0,0.0,6904
2,1,42,0.0,1,0.0,6904
3,1,42,0.0,2,0.0,6904
4,1,42,0.0,3,0.0,6904
5,1,42,0.0,4,0.0,6904
6,1,42,0.0,5,0.0,6904
7,1,42,0.0,6,0.0,6904
8,1,42,0.0,7,0.0,6904
9,1,42,0.0,8,0.0,6904
10,1,42,0.0,9,0.0,6904
11,1,42,0.0,10,0.0,6904
12,1,42,0.0,11,0.0,6904
13,1,42,0.0,12,0.0,6904
14,1,42,0.0,13,0.0,6904
15,1,42,0.0,14,0.0,6904
16,1,42,0.0,15,0.0,6904
17,1,42,0.0,16,0.0,6904
18,1,42,0.0,17,0.0,6904
19,1,42,0.0,18,0.0,6904
20,1,42,0.0,19,0.0,6904
21,1,42,0.0,20,0.0,6904
22,1,42,0.0,21,0.0,6904
23,1,42,0.0,22,0.0,6904
24,1,42,0.0,23,0.0,6904
25,1,42,0.0,24,0.0,6904
26,1,42,0.0,25,0.0,6904
27,1,42,0.0,26,0.0,6904
28,1,42,0.0,27,0.0,6904
29,1,42,0.0,28,0.0,6904
30,1,42,0.0,29,0.0,6904
31,1,42,0.0,30,0.0,6904
32,1,42,0.0,31,0.0,6904
33,1,42,0.0,32,0.0,6904
34,1,42,0.0,33,0.0,6904
35,1,42,0.0,34,0.0,6904
36,1,42,0.0,35,0.0,6904
37,1,42,0.0,36,0.0,6904
38,1,42,0.0,37,0.0,6904
39,1,42,0.0,38,0.0,6904
40,1,42,0.0,39,0.0,6904
41,1,42,0.0,40,0.0,6904
42,1,42,0.0,41,0.0,6904
43,1,42,0.0,42,0.0,6904
44,1,42,0.0,43,0.65,6904
45,1,42,0.0,44,0.0,6904
46,1,42,0.0,45,0.0,6904
47,1,42,0.0,46,0.0,6904
48,1,42,0.0,47,0.0,6904
49,1,42,0.0,48,0.0,6904
50,1,42,0.0,49,0.2,6904
51,1,42,0.0,50,0.0,6904
52,1,42,0.0,51,0.0,6904
53,1,42,0.0,52,0.0,6904
54,1,42,0.0,53,0.0,6904
55,1,42,0.0,54,0.0,6904
56,1,42,0.0,55,0.0,6904
57,1,42,0.0,56,0.0,6904
58,1,42,0.0,57,0.0,6904
59,1,42,0.0,58,0.0,6904
60,1,42,0.0,59,0.12,6904
61,1,42,0.0,60,0.0,6904
62,1,42,0.0,61,0.0,6904
63,1,42,0.0,62,0.0,6904
64,1,42,0.0,63,0.0,6904
65,1,42,0.0,64,0.0,6904
66,1,42,0.0,65,0.0,6904
67,1,42,0.0,66,0.0,6904
68,1,42,0.0,67,0.0,6904
69,1,42,0.0,68,0.0,6904
70,1,42,0.0,69,0.0,6904
71,1,42,0.0,70,0.0,6904
72,1,42,0.0,71,0.0,6904
73,1,42,0.0,72,0.0,6904
74,1,42,0.0,73,0.0,6904
75,1,42,0.0,74,0.0,6904
76,1,42,0.0,75,0.0,6904
77,1,42,0.0,76,0.0,6904
78,1,42,0.0,77,0.0,6904
79,1,42,0.0,78,0.0,6904
80,1,42,0.0,79,0.0,6904
81,1,42,0.0,80,0.0,6904
82,1,42,0.0,81,0.0,6904
83,1,42,0.0,82,0.0,6904
84,1,42,0.0,83,0.0,6904
85,1,42,0.0,84,0.0,6904
86,1,42,0.0,85,0.0,6904
87,1,42,0.0,86,0.0,6904
88,1,42,0.0,87,0.0,6904
89,1,42,0.0,88,0.0,6904
90,1,42,0.0,89,0.0,6904
91,1,42,0.0,90,0.0,6904
92,1,42,0.0,91,0.0,6904
93,1,42,0.0,92,0.0,6904
94,1,42,0.0,93,0.0,6904
95,1,42,0.0,94,0.0,6904
96,1,42,0.0,95,0.0,6904
97,1,42,0.0,96,0.0,6904
98,1,42,0.0,97,0.0,6904
99,1,42,0.0,98,0.0,6904
100,1,42,0.0,99,0.0,6904
101,1,42,0.0,100,0.0,6904
102,1,42,0.0,101,0.0,6904
103,1,42,0.0,102,0.0,6904
104,1,42,0.0,103,0.0,6904
105,1,42,0.0,104,0.0,6904
106,1,42,0.0,105,0.0,6904
107,1,42,0.0,106,0.0,6904
108,1,42,0.0,107,0.0,6904
109,1,42,0.0,108,0.0,6904
110,1,42,0.0,109,0.0,6904
111,1,42,0.0,110,0.0,6904
112,1,42,0.0,111,0.0,6904
113,1,42,0.0,112,0.0,6904
114,1,42,0.0,113,0.0,6904
115,1,42,0.0,114,0.0,6904
116,1,42,0.0,115,0.0,6904
117,1,42,0.0,116,0.0,6904
118,1,42,0.0,117,0.0,6904
119,1,42,0.0,118,0.0,6904
120,1,42,0.0,119,0.0,6904
121,1,42,0.0,120,0.0,6904
122,1,42,0.0,121,0.0,6904
123,1,42,0.0,122,0.0,6904
124,1,42,0.0,123,0.0,6904
125,1,42,0.0,124,0.0,6904
126,1,42,0.0,125,0.0,6904
127,1,42,0.0,126,0.0,6904
128,1,42,0.0,127,0.0,6904
129,1,42,0.0,128,0.0,6904
130,1,42,0.0,129,0.0,6904
131,1,42,0.0,130,0.0,6904
132,1,42,0.0,131,0.0,6904
133,1,42,0.0,132,0.0,6904
134,1,42,0.0,133,0.0,6904
135,1,42,0.0,134,0.0,6904
136,1,42,0.0,135,0.0,6904
137,1,42,0.0,136,0.0,6904
138,1,42,0.0,137,0.0,6904
139,1,42,0.0,138,0.0,6904
140,1,42,0.0,139,0.05,6904
141,1,42,0.0,140,1.0,6904
142,1,42,0.0,141,0.26,6904
143,1,42,0.0,142,0.0,6904
144,1,42,0.0,143,0.0,6904
145,1,42,0.0,144,0.0,6904
146,1,42,0.0,145,0.0,6904
147,1,42,0.0,146,0.0,6904
148,1,42,0.0,147,0.0,6904
149,1,42,0.0,148,0.0,6904
150,1,42,0.0,149,0.0,6904
151,1,42,0.0,150,0.0,6904
152,1,42,0.0,151,0.0,6904
153,1,42,0.0,152,0.0,6904
154,1,42,0.0,153,0.0,6904
155,1,42,0.0,154,0.0,6904
156,1,42,0.0,155,0.0,6904
157,1,42,0.0,156,0.0,6904
158,1,42,0.0,157,0.0,6904
159,1,42,0.0,158,0.0,6904
160,1,42,0.0,159,0.0,6904
161,1,42,0.0,160,0.0,6904
162,1,42,0.0,161,0.0,6904
163,1,42,0.0,162,0.0,6904
1,1,39,0.0,0,0.0,5669
2,1,39,0.0,1,0.0,5669
3,1,39,0.0,2,0.0,5669
4,1,39,0.0,3,0.0,5669
5,1,39,0.0,4,0.0,5669
6,1,39,0.0,5,0.0,5669
7,1,39,0.0,6,0.0,5669
8,1,39,0.0,7,0.0,5669
9,1,39,0.0,8,0.0,5669
10,1,39,0.0,9,0.0,5669
11,1,39,0.0,10,0.0,5669
12,1,39,0.0,11,0.0,5669
13,1,39,0.0,12,0.0,5669
14,1,39,0.0,13,0.0,5669
15,1,39,0.0,14,0.0,5669
16,1,39,0.0,15,0.0,5669
17,1,39,0.0,16,0.0,5669
18,1,39,0.0,17,0.0,5669
19,1,39,0.0,18,0.0,5669
20,1,39,0.0,19,0.0,5669
21,1,39,0.0,20,0.0,5669
22,1,39,0.0,21,0.0,5669
23,1,39,0.0,22,0.0,5669
24,1,39,0.0,23,0.0,5669
25,1,39,0.0,24,0.0,5669
26,1,39,0.0,25,0.0,5669
27,1,39,0.0,26,0.0,5669
28,1,39,0.0,27,0.0,5669
29,1,39,0.0,28,0.0,5669
30,1,39,0.0,29,0.0,5669
31,1,39,0.0,30,0.0,5669
32,1,39,0.0,31,0.0,5669
33,1,39,0.0,32,0.0,5669
34,1,39,0.0,33,0.0,5669
35,1,39,0.0,34,0.0,5669
36,1,39,0.0,35,0.0,5669
37,1,39,0.0,36,0.0,5669
38,1,39,0.0,37,0.0,5669
39,1,39,0.0,38,0.0,5669
40,1,39,0.0,39,0.0,5669
41,1,39,0.0,40,0.0,5669
42,1,39,0.0,41,0.0,5669
43,1,39,0.0,42,0.0,5669
44,1,39,0.0,43,0.0,5669
45,1,39,0.0,44,0.0,5669
46,1,39,0.0,45,0.0,5669
47,1,39,0.0,46,0.0,5669
48,1,39,0.0,47,0.0,5669
49,1,39,0.0,48,0.0,5669
50,1,39,0.0,49,0.0,5669
51,1,39,0.0,50,0.0,5669
52,1,39,0.0,51,0.0,5669
53,1,39,0.0,52,0.0,5669
54,1,39,0.0,53,0.0,5669
55,1,39,0.0,54,0.0,5669
56,1,39,0.0,55,0.0,5669
57,1,39,0.0,56,0.0,5669
58,1,39,0.0,57,0.0,5669
59,1,39,0.0,58,0.0,5669
60,1,39,0.0,59,0.0,5669
61,1,39,0.0,60,0.0,5669
62,1,39,0.0,61,0.0,5669
63,1,39,0.0,62,0.0,5669
64,1,39,0.0,63,0.0,5669
65,1,39,0.0,64,0.0,5669
66,1,39,0.0,65,0.0,5669
67,1,39,0.0,66,0.0,5669
68,1,39,0.0,67,0.0,5669
69,1,39,0.0,68,0.0,5669
70,1,39,0.0,69,0.0,5669
71,1,39,0.0,70,0.0,5669
72,1,39,0.0,71,0.0,5669
73,1,39,0.0,72,0.0,5669
74,1,39,0.0,73,0.0,5669
75,1,39,0.0,74,0.0,5669
76,1,39,0.0,75,0.0,5669
77,1,39,0.0,76,0.0,5669
78,1,39,0.0,77,0.0,5669
79,1,39,0.0,78,0.0,5669
80,1,39,0.0,79,0.0,5669
81,1,39,0.0,80,0.0,5669
82,1,39,0.0,81,0.0,5669
83,1,39,0.0,82,0.0,5669
84,1,39,0.0,83,0.0,5669
85,1,39,0.0,84,0.0,5669
86,1,39,0.0,85,0.0,5669
87,1,39,0.0,86,0.0,5669
88,1,39,0.0,87,0.0,5669
89,1,39,0.0,88,0.0,5669
90,1,39,0.0,89,0.0,5669
91,1,39,0.0,90,0.0,5669
92,1,39,0.0,91,0.0,5669
93,1,39,0.0,92,0.0,5669
94,1,39,0.0,93,0.0,5669
95,1,39,0.0,94,0.0,5669
96,1,39,0.0,95,0.0,5669
97,1,39,0.0,96,0.0,5669
98,1,39,0.0,97,0.0,5669
99,1,39,0.0,98,0.0,5669
100,1,39,0.0,99,0.0,5669
101,1,39,0.0,100,0.0,5669
102,1,39,0.0,101,0.0,5669
103,1,39,0.0,102,0.0,5669
104,1,39,0.0,103,0.0,5669
105,1,39,0.0,104,0.0,5669
106,1,39,0.0,105,0.0,5669
107,1,39,0.0,106,0.0,5669
108,1,39,0.0,107,0.0,5669
109,1,39,0.0,108,0.0,5669
110,1,39,0.0,109,0.0,5669
111,1,39,0.0,110,0.0,5669
112,1,39,0.0,111,0.0,5669
113,1,39,0.0,112,0.0,5669
114,1,39,0.0,113,0.0,5669
115,1,39,0.0,114,0.0,5669
116,1,39,0.0,115,0.0,5669
117,1,39,0.0,116,0.0,5669
118,1,39,0.0,117,0.0,5669
119,1,39,0.0,118,0.0,5669
120,1,39,0.0,119,0.0,5669
121,1,39,0.0,120,0.0,5669
122,1,39,0.0,121,0.0,5669
123,1,39,0.0,122,0.0,5669
124,1,39,0.0,123,0.0,5669
125,1,39,0.0,124,0.0,5669
126,1,39,0.0,125,0.0,5669
127,1,39,0.0,126,0.0,5669
128,1,39,0.0,127,0.0,5669
129,1,39,0.0,128,0.0,5669
130,1,39,0.0,129,0.0,5669
131,1,39,0.0,130,0.0,5669
132,1,39,0.0,131,0.0,5669
133,1,39,0.0,132,0.0,5669
134,1,39,0.0,133,0.0,5669
135,1,39,0.0,134,0.0,5669
136,1,39,0.0,135,0.0,5669
137,1,39,0.0,136,0.0,5669
138,1,39,0.0,137,0.0,5669
139,1,39,0.0,138,0.0,5669
140,1,39,0.0,139,0.0,5669
141,1,39,0.0,140,0.0,5669
142,1,39,0.0,141,0.0,5669
143,1,39,0.0,142,0.0,5669
144,1,39,0.0,143,0.0,5669
145,1,39,0.0,144,0.0,5669
146,1,39,0.0,145,0.0,5669
147,1,39,0.0,146,0.0,5669
148,1,39,0.0,147,0.0,5669
149,1,39,0.0,148,0.0,5669
150,1,39,0.0,149,0.0,5669
151,1,39,0.0,150,0.0,5669
152,1,39,0.0,151,0.0,5669
153,1,39,0.0,152,0.0,5669
154,1,39,0.0,153,0.0,5669
155,1,39,0.0,154,0.0,5669
156,1,39,0.0,155,0.0,5669
157,1,39,0.0,156,0.0,5669
158,1,39,0.0,157,0.0,5669
159,1,39,0.0,158,0.0,5669
160,1,39,0.0,159,0.0,5669
161,1,39,0.0,160,0.0,5669
162,1,39,0.0,161,0.1,5669
163,1,39,0.0,162,0.0,5669
1,1,40,0.0,0,0.0,5835
2,1,40,0.0,1,0.0,5835
3,1,40,0.0,2,0.0,5835
4,1,40,0.0,3,0.0,5835
5,1,40,0.0,4,0.0,5835
6,1,40,0.0,5,0.0,5835
7,1,40,0.0,6,0.0,5835
8,1,40,0.0,7,0.0,5835
9,1,40,0.0,8,0.0,5835
10,1,40,0.0,9,0.0,5835
11,1,40,0.0,10,0.0,5835
12,1,40,0.0,11,0.0,5835
13,1,40,0.0,12,0.0,5835
14,1,40,0.0,13,0.0,5835
15,1,40,0.0,14,0.0,5835
16,1,40,0.0,15,0.0,5835
17,1,40,0.0,16,0.0,5835
18,1,40,0.0,17,0.0,5835
19,1,40,0.0,18,0.0,5835
20,1,40,0.0,19,0.0,5835
21,1,40,0.0,20,0.0,5835
22,1,40,0.0,21,0.0,5835
23,1,40,0.0,22,0.0,5835
24,1,40,0.0,23,0.0,5835
25,1,40,0.0,24,0.0,5835
26,1,40,0.0,25,0.0,5835
27,1,40,0.0,26,0.0,5835
28,1,40,0.0,27,0.0,5835
29,1,40,0.0,28,0.0,5835
30,1,40,0.0,29,0.0,5835
31,1,40,0.0,30,0.0,5835
32,1,40,0.0,31,0.0,5835
33,1,40,0.0,32,0.0,5835
34,1,40,0.0,33,0.0,5835
35,1,40,0.0,34,0.0,5835
36,1,40,0.0,35,0.0,5835
37,1,40,0.0,36,0.0,5835
38,1,40,0.0,37,0.0,5835
39,1,40,0.0,38,0.0,5835
40,1,40,0.0,39,0.0,5835
41,1,40,0.0,40,0.0,5835
42,1,40,0.0,41,0.0,5835
43,1,40,0.0,42,0.0,5835
44,1,40,0.0,43,0.0,5835
45,1,40,0.0,44,0.0,5835
46,1,40,0.0,45,0.0,5835
47,1,40,0.0,46,0.0,5835
48,1,40,0.0,47,0.0,5835
49,1,40,0.0,48,0.0,5835
50,1,40,0.0,49,0.0,5835
51,1,40,0.0,50,0.0,5835
52,1,40,0.0,51,0.0,5835
53,1,40,0.0,52,0.0,5835
54,1,40,0.0,53,0.0,5835
55,1,40,0.0,54,0.0,5835
56,1,40,0.0,55,0.0,5835
57,1,40,0.0,56,0.0,5835
58,1,40,0.0,57,0.0,5835
59,1,40,0.0,58,0.0,5835
60,1,40,0.0,59,0.0,5835
61,1,40,0.0,60,0.0,5835
62,1,40,0.0,61,0.0,5835
63,1,40,0.0,62,0.0,5835
64,1,40,0.0,63,0.0,5835
65,1,40,0.0,64,0.0,5835
66,1,40,0.0,65,0.0,5835
67,1,40,0.0,66,0.0,5835
68,1,40,0.0,67,0.0,5835
69,1,40,0.0,68,0.0,5835
70,1,40,0.0,69,0.0,5835
71,1,40,0.0,70,0.0,5835
72,1,40,0.0,71,0.0,5835
73,1,40,0.0,72,0.0,5835
74,1,40,0.0,73,0.0,5835
75,1,40,0.0,74,0.0,5835
76,1,40,0.0,75,0.0,5835
77,1,40,0.0,76,0.0,5835
78,1,40,0.0,77,0.0,5835
79,1,40,0.0,78,0.0,5835
80,1,40,0.0,79,0.0,5835
81,1,40,0.0,80,0.0,5835
82,1,40,0.0,81,0.0,5835
83,1,40,0.0,82,0.0,5835
84,1,40,0.0,83,0.0,5835
85,1,40,0.0,84,0.0,5835
86,1,40,0.0,85,0.0,5835
87,1,40,0.0,86,0.0,5835
88,1,40,0.0,87,0.0,5835
89,1,40,0.0,88,0.0,5835
90,1,40,0.0,89,0.0,5835
91,1,40,0.0,90,0.0,5835
92,1,40,0.0,91,0.0,5835
93,1,40,0.0,92,0.0,5835
94,1,40,0.0,93,0.0,5835
95,1,40,0.0,94,0.0,5835
96,1,40,0.0,95,0.0,5835
97,1,40,0.0,96,0.0,5835
98,1,40,0.0,97,0.0,5835
99,1,40,0.0,98,0.0,5835
100,1,40,0.0,99,0.0,5835
101,1,40,0.0,100,0.0,5835
102,1,40,0.0,101,0.0,5835
103,1,40,0.0,102,0.0,5835
104,1,40,0.0,103,0.0,5835
105,1,40,0.0,104,0.0,5835
106,1,40,0.0,105,0.0,5835
107,1,40,0.0,106,0.0,5835
108,1,40,0.0,107,0.0,5835
109,1,40,0.0,108,0.0,5835
110,1,40,0.0,109,0.0,5835
111,1,40,0.0,110,0.0,5835
112,1,40,0.0,111,0.0,5835
113,1,40,0.0,112,0.0,5835
114,1,40,0.0,113,0.0,5835
115,1,40,0.0,114,0.0,5835
116,1,40,0.0,115,0.0,5835
117,1,40,0.0,116,0.0,5835
118,1,40,0.0,117,0.0,5835
119,1,40,0.0,118,0.0,5835
120,1,40,0.0,119,0.0,5835
121,1,40,0.0,120,0.0,5835
122,1,40,0.0,121,0.0,5835
123,1,40,0.0,122,0.0,5835
124,1,40,0.0,123,0.0,5835
125,1,40,0.0,124,0.0,5835
126,1,40,0.0,125,0.0,5835
127,1,40,0.0,126,0.0,5835
128,1,40,0.0,127,0.0,5835
129,1,40,0.0,128,0.0,5835
130,1,40,0.0,129,0.0,5835
131,1,40,0.0,130,0.0,5835
132,1,40,0.0,131,0.0,5835
133,1,40,0.0,132,0.0,5835
134,1,40,0.0,133,0.0,5835
135,1,40,0.0,134,0.0,5835
136,1,40,0.0,135,0.0,5835
137,1,40,0.0,136,0.0,5835
138,1,40,0.0,137,0.0,5835
139,1,40,0.0,138,0.0,5835
140,1,40,0.0,139,0.0,5835
141,1,40,0.0,140,0.0,5835
142,1,40,0.0,141,0.0,5835
143,1,40,0.0,142,0.0,5835
144,1,40,0.0,143,0.0,5835
145,1,40,0.0,144,0.0,5835
146,1,40,0.0,145,0.0,5835
147,1,40,0.0,146,0.0,5835
148,1,40,0.0,147,0.0,5835
149,1,40,0.0,148,0.0,5835
150,1,40,0.0,149,0.0,5835
151,1,40,0.0,150,0.0,5835
152,1,40,0.0,151,0.0,5835
153,1,40,0.0,152,0.0,5835
154,1,40,0.0,153,0.0,5835
155,1,40,0.0,154,0.0,5835
156,1,40,0.0,155,0.0,5835
157,1,40,0.0,156,0.0,5835
158,1,40,0.0,157,0.0,5835
159,1,40,0.0,158,0.0,5835
160,1,40,0.0,159,0.0,5835
161,1,40,0.0,160,0.0,5835
162,1,40,0.0,161,0.0,5835
163,1,40,0.0,162,0.0,5835
1,1,39,0.0,0,0.0,4501
2,1,39,0.0,1,0.0,4501
3,1,39,0.0,2,0.0,4501
4,1,39,0.0,3,0.0,4501
5,1,39,0.0,4,0.0,4501
6,1,39,0.0,5,0.0,4501
7,1,39,0.0,6,0.0,4501
8,1,39,0.0,7,0.0,4501
9,1,39,0.0,8,0.0,4501
10,1,39,0.0,9,0.0,4501
11,1,39,0.0,10,0.0,4501
12,1,39,0.0,11,0.0,4501
13,1,39,0.0,12,0.0,4501
14,1,39,0.0,13,0.0,4501
15,1,39,0.0,14,0.0,4501
16,1,39,0.0,15,0.0,4501
17,1,39,0.0,16,0.0,4501
18,1,39,0.0,17,0.0,4501
19,1,39,0.0,18,0.0,4501
20,1,39,0.0,19,0.0,4501
21,1,39,0.0,20,0.0,4501
22,1,39,0.0,21,0.0,4501
23,1,39,0.0,22,0.0,4501
24,1,39,0.0,23,0.0,4501
25,1,39,0.0,24,0.0,4501
26,1,39,0.0,25,0.0,4501
27,1,39,0.0,26,0.0,4501
28,1,39,0.0,27,0.0,4501
29,1,39,0.0,28,0.0,4501
30,1,39,0.0,29,0.0,4501
31,1,39,0.0,30,0.0,4501
32,1,39,0.0,31,0.0,4501
33,1,39,0.0,32,0.0,4501
34,1,39,0.0,33,0.0,4501
35,1,39,0.0,34,0.0,4501
36,1,39,0.0,35,0.0,4501
37,1,39,0.0,36,0.0,4501
38,1,39,0.0,37,0.0,4501
39,1,39,0.0,38,0.0,4501
40,1,39,0.0,39,0.0,4501
41,1,39,0.0,40,0.0,4501
42,1,39,0.0,41,0.0,4501
43,1,39,0.0,42,0.0,4501
44,1,39,0.0,43,0.0,4501
45,1,39,0.0,44,0.0,4501
46,1,39,0.0,45,0.0,4501
47,1,39,0.0,46,0.0,4501
48,1,39,0.0,47,0.0,4501
49,1,39,0.0,48,0.0,4501
50,1,39,0.0,49,0.0,4501
51,1,39,0.0,50,0.0,4501
52,1,39,0.0,51,0.0,4501
53,1,39,0.0,52,0.0,4501
54,1,39,0.0,53,0.0,4501
55,1,39,0.0,54,0.0,4501
56,1,39,0.0,55,0.0,4501
57,1,39,0.0,56,0.0,4501
58,1,39,0.0,57,0.0,4501
59,1,39,0.0,58,0.0,4501
60,1,39,0.0,59,0.0,4501
61,1,39,0.0,60,0.0,4501
62,1,39,0.0,61,0.0,4501
63,1,39,0.0,62,0.0,4501
64,1,39,0.0,63,0.0,4501
65,1,39,0.0,64,0.0,4501
66,1,39,0.0,65,0.0,4501
67,1,39,0.0,66,0.0,4501
68,1,39,0.0,67,0.0,4501
69,1,39,0.0,68,0.0,4501
70,1,39,0.0,69,0.0,4501
71,1,39,0.0,70,0.0,4501
72,1,39,0.0,71,0.0,4501
73,1,39,0.0,72,0.0,4501
74,1,39,0.0,73,0.0,4501
75,1,39,0.0,74,0.0,4501
76,1,39,0.0,75,0.0,4501
77,1,39,0.0,76,0.0,4501
78,1,39,0.0,77,0.0,4501
79,1,39,0.0,78,0.0,4501
80,1,39,0.0,79,0.0,4501
81,1,39,0.0,80,0.0,4501
82,1,39,0.0,81,0.0,4501
83,1,39,0.0,82,0.0,4501
84,1,39,0.0,83,0.0,4501
85,1,39,0.0,84,0.0,4501
86,1,39,0.0,85,0.0,4501
87,1,39,0.0,86,0.0,4501
88,1,39,0.0,87,0.0,4501
89,1,39,0.0,88,0.0,4501
90,1,39,0.0,89,0.0,4501
91,1,39,0.0,90,0.0,4501
92,1,39,0.0,91,0.0,4501
93,1,39,0.0,92,0.0,4501
94,1,39,0.0,93,0.0,4501
95,1,39,0.0,94,0.0,4501
96,1,39,0.0,95,0.0,4501
97,1,39,0.0,96,0.0,4501
98,1,39,0.0,97,0.0,4501
99,1,39,0.0,98,0.0,4501
100,1,39,0.0,99,0.0,4501
101,1,39,0.0,100,0.0,4501
102,1,39,0.0,101,0.0,4501
103,1,39,0.0,102,0.0,4501
104,1,39,0.0,103,0.0,4501
105,1,39,0.0,104,0.0,4501
106,1,39,0.0,105,0.0,4501
107,1,39,0.0,106,0.0,4501
108,1,39,0.0,107,0.0,4501
109,1,39,0.0,108,0.0,4501
110,1,39,0.0,109,0.0,4501
111,1,39,0.0,110,0.0,4501
112,1,39,0.0,111,0.0,4501
113,1,39,0.0,112,0.0,4501
114,1,39,0.0,113,0.0,4501
115,1,39,0.0,114,0.0,4501
116,1,39,0.0,115,0.0,4501
117,1,39,0.0,116,0.0,4501
118,1,39,0.0,117,0.0,4501
119,1,39,0.0,118,0.0,4501
120,1,39,0.0,119,0.0,4501
121,1,39,0.0,120,0.0,4501
122,1,39,0.0,121,0.0,4501
123,1,39,0.0,122,0.0,4501
124,1,39,0.0,123,0.0,4501
125,1,39,0.0,124,0.0,4501
126,1,39,0.0,125,0.0,4501
127,1,39,0.0,126,0.0,4501
128,1,39,0.0,127,0.0,4501
129,1,39,0.0,128,0.0,4501
130,1,39,0.0,129,0.0,4501
131,1,39,0.0,130,0.0,4501
132,1,39,0.0,131,0.0,4501
133,1,39,0.0,132,0.0,4501
134,1,39,0.0,133,0.0,4501
135,1,39,0.0,134,0.0,4501
136,1,39,0.0,135,0.0,4501
137,1,39,0.0,136,0.0,4501
138,1,39,0.0,137,0.0,4501
139,1,39,0.0,138,0.0,4501
140,1,39,0.0,139,0.0,4501
141,1,39,0.0,140,0.0,4501
142,1,39,0.0,141,0.0,4501
143,1,39,0.0,142,0.0,4501
144,1,39,0.0,143,0.0,4501
145,1,39,0.0,144,0.0,4501
146,1,39,0.0,145,0.0,4501
147,1,39,0.0,146,0.0,4501
148,1,39,0.0,147,0.0,4501
149,1,39,0.0,148,0.0,4501
150,1,39,0.0,149,0.0,4501
151,1,39,0.0,150,0.0,4501
152,1,39,0.0,151,0.0,4501
153,1,39,0.0,152,0.0,4501
154,1,39,0.0,153,0.0,4501
155,1,39,0.0,154,0.0,4501
156,1,39,0.0,155,0.0,4501
157,1,39,0.0,156,0.0,4501
158,1,39,0.0,157,0.0,4501
159,1,39,0.0,158,0.0,4501
160,1,39,0.0,159,0.0,4501
161,1,39,0.0,160,0.0,4501
162,1,39,0.0,161,0.0,4501
163,1,39,0.0,162,0.0,4501
1,1,40,0.0,0,0.0,4415
2,1,40,0.0,1,0.0,4415
3,1,40,0.0,2,0.0,4415
4,1,40,0.0,3,0.0,4415
5,1,40,0.0,4,0.0,4415
6,1,40,0.0,5,0.0,4415
7,1,40,0.0,6,0.0,4415
8,1,40,0.0,7,0.0,4415
9,1,40,0.0,8,0.0,4415
10,1,40,0.0,9,0.0,4415
11,1,40,0.0,10,0.0,4415
12,1,40,0.0,11,0.0,4415
13,1,40,0.0,12,0.0,4415
14,1,40,0.0,13,0.0,4415
15,1,40,0.0,14,0.0,4415
16,1,40,0.0,15,0.0,4415
17,1,40,0.0,16,0.0,4415
18,1,40,0.0,17,0.0,4415
19,1,40,0.0,18,0.0,4415
20,1,40,0.0,19,0.0,4415
21,1,40,0.0,20,0.0,4415
22,1,40,0.0,21,0.0,4415
23,1,40,0.0,22,0.0,4415
24,1,40,0.0,23,0.0,4415
25,1,40,0.0,24,0.0,4415
26,1,40,0.0,25,0.0,4415
27,1,40,0.0,26,0.0,4415
28,1,40,0.0,27,0.0,4415
29,1,40,0.0,28,0.0,4415
30,1,40,0.0,29,0.0,4415
31,1,40,0.0,30,0.0,4415
32,1,40,0.0,31,0.0,4415
33,1,40,0.0,32,0.0,4415
34,1,40,0.0,33,0.0,4415
35,1,40,0.0,34,0.0,4415
36,1,40,0.0,35,0.0,4415
37,1,40,0.0,36,0.0,4415
38,1,40,0.0,37,0.0,4415
39,1,40,0.0,38,0.0,4415
40,1,40,0.0,39,0.0,4415
41,1,40,0.0,40,0.0,4415
42,1,40,0.0,41,0.0,4415
43,1,40,0.0,42,0.0,4415
44,1,40,0.0,43,0.0,4415
45,1,40,0.0,44,0.0,4415
46,1,40,0.0,45,0.0,4415
47,1,40,0.0,46,0.0,4415
48,1,40,0.0,47,0.9,4415
49,1,40,0.0,48,1.0,4415
50,1,40,0.0,49,0.55,4415
51,1,40,0.0,50,0.0,4415
52,1,40,0.0,51,0.0,4415
53,1,40,0.0,52,0.0,4415
54,1,40,0.0,53,0.0,4415
55,1,40,0.0,54,0.15,4415
56,1,40,0.0,55,0.0,4415
57,1,40,0.0,56,0.0,4415
58,1,40,0.0,57,0.0,4415
59,1,40,0.0,58,0.0,4415
60,1,40,0.0,59,0.0,4415
61,1,40,0.0,60,0.0,4415
62,1,40,0.0,61,0.0,4415
63,1,40,0.0,62,0.0,4415
64,1,40,0.7,63,0.0,4415
65,1,40,0.0,64,0.0,4415
66,1,40,0.0,65,0.0,4415
67,1,40,0.0,66,0.0,4415
68,1,40,0.41,67,0.0,4415
69,1,40,0.0,68,0.0,4415
70,1,40,0.0,69,0.0,4415
71,1,40,0.0,70,0.0,4415
72,1,40,0.0,71,0.0,4415
73,1,40,0.0,72,0.0,4415
74,1,40,0.0,73,0.0,4415
75,1,40,0.0,74,0.0,4415
76,1,40,0.75,75,0.0,4415
77,1,40,0.96,76,0.0,4415
78,1,40,0.0,77,0.0,4415
79,1,40,0.0,78,0.0,4415
80,1,40,0.0,79,0.0,4415
81,1,40,0.0,80,0.0,4415
82,1,40,0.0,81,0.0,4415
83,1,40,0.0,82,0.0,4415
84,1,40,0.0,83,0.0,4415
85,1,40,0.0,84,0.0,4415
86,1,40,0.0,85,0.35,4415
87,1,40,0.0,86,0.87,4415
88,1,40,0.0,87,0.0,4415
89,1,40,0.0,88,0.0,4415
90,1,40,0.0,89,0.0,4415
91,1,40,0.0,90,0.0,4415
92,1,40,0.0,91,0.0,4415
93,1,40,0.0,92,0.0,4415
94,1,40,0.0,93,0.0,4415
95,1,40,0.0,94,0.0,4415
96,1,40,0.0,95,0.0,4415
97,1,40,0.0,96,0.0,4415
98,1,40,0.0,97,0.0,4415
99,1,40,0.0,98,0.9,4415
100,1,40,0.0,99,0.2,4415
101,1,40,0.0,100,0.0,4415
102,1,40,0.0,101,0.0,4415
103,1,40,0.0,102,0.0,4415
104,1,40,0.0,103,0.0,4415
105,1,40,0.0,104,0.0,4415
106,1,40,0.0,105,0.0,4415
107,1,40,0.0,106,0.75,4415
108,1,40,0.0,107,0.15,4415
109,1,40,0.0,108,0.0,4415
110,1,40,0.0,109,0.0,4415
111,1,40,0.0,110,0.0,4415
112,1,40,0.0,111,0.0,4415
113,1,40,0.0,112,0.0,4415
114,1,40,0.0,113,0.0,4415
115,1,40,0.0,114,0.0,4415
116,1,40,0.0,115,0.0,4415
117,1,40,0.0,116,0.0,4415
118,1,40,0.0,117,0.0,4415
119,1,40,0.0,118,0.0,4415
120,1,40,0.0,119,0.0,4415
121,1,40,0.0,120,0.0,4415
122,1,40,0.0,121,0.0,4415
123,1,40,0.0,122,0.0,4415
124,1,40,0.0,123,0.0,4415
125,1,40,0.0,124,0.0,4415
126,1,40,0.0,125,0.0,4415
127,1,40,0.0,126,0.0,4415
128,1,40,0.0,127,0.0,4415
129,1,40,0.0,128,0.0,4415
130,1,40,0.0,129,0.0,4415
131,1,40,0.0,130,0.0,4415
132,1,40,0.0,131,0.0,4415
133,1,40,0.0,132,0.0,4415
134,1,40,0.0,133,0.0,4415
135,1,40,0.0,134,0.0,4415
136,1,40,0.0,135,0.75,4415
137,1,40,0.0,136,0.03,4415
138,1,40,0.0,137,0.0,4415
139,1,40,0.0,138,0.0,4415
140,1,40,0.0,139,0.06,4415
141,1,40,0.0,140,0.0,4415
142,1,40,0.0,141,0.0,4415
143,1,40,0.0,142,0.0,4415
144,1,40,0.0,143,0.0,4415
145,1,40,0.0,144,0.0,4415
146,1,40,0.0,145,0.0,4415
147,1,40,0.0,146,0.0,4415
148,1,40,0.0,147,0.0,4415
149,1,40,0.0,148,0.3,4415
150,1,40,0.0,149,0.8,4415
151,1,40,0.0,150,0.0,4415
152,1,40,0.0,151,0.0,4415
153,1,40,0.0,152,0.0,4415
154,1,40,0.0,153,0.0,4415
155,1,40,0.0,154,0.0,4415
156,1,40,0.0,155,0.0,4415
157,1,40,0.0,156,0.0,4415
158,1,40,0.0,157,0.5,4415
159,1,40,0.0,158,0.36,4415
160,1,40,0.0,159,0.0,4415
161,1,40,0.0,160,0.0,4415
162,1,40,0.0,161,0.1,4415
163,1,40,0.0,162,0.65,4415
1,1,41,0.0,0,0.0,4201
2,1,41,0.0,1,0.0,4201
3,1,41,0.0,2,0.0,4201
4,1,41,0.0,3,0.0,4201
5,1,41,0.0,4,0.0,4201
6,1,41,0.0,5,0.0,4201
7,1,41,0.0,6,0.0,4201
8,1,41,0.0,7,0.0,4201
9,1,41,0.0,8,0.0,4201
10,1,41,0.0,9,0.0,4201
11,1,41,0.0,10,0.0,4201
12,1,41,0.0,11,0.0,4201
13,1,41,0.0,12,0.0,4201
14,1,41,0.0,13,0.0,4201
15,1,41,0.0,14,0.0,4201
16,1,41,0.0,15,0.0,4201
17,1,41,0.0,16,0.0,4201
18,1,41,0.0,17,0.0,4201
19,1,41,0.0,18,0.0,4201
20,1,41,0.0,19,0.0,4201
21,1,41,0.0,20,0.0,4201
22,1,41,0.0,21,0.6,4201
23,1,41,0.0,22,0.45,4201
24,1,41,0.0,23,0.0,4201
25,1,41,0.0,24,0.0,4201
26,1,41,0.0,25,0.0,4201
27,1,41,0.0,26,0.0,4201
28,1,41,0.0,27,0.0,4201
29,1,41,0.0,28,0.0,4201
30,1,41,0.0,29,0.0,4201
31,1,41,0.0,30,0.0,4201
32,1,41,0.0,31,0.0,4201
33,1,41,0.0,32,0.0,4201
34,1,41,0.0,33,0.0,4201
35,1,41,0.0,34,0.0,4201
36,1,41,0.0,35,0.0,4201
37,1,41,0.0,36,0.0,4201
38,1,41,0.0,37,0.0,4201
39,1,41,0.0,38,0.0,4201
40,1,41,0.0,39,0.0,4201
41,1,41,0.0,40,0.0,4201
42,1,41,0.0,41,0.0,4201
43,1,41,0.0,42,0.0,4201
44,1,41,0.0,43,0.0,4201
45,1,41,0.0,44,0.0,4201
46,1,41,0.0,45,0.0,4201
47,1,41,0.0,46,0.3,4201
48,1,41,0.0,47,0.1,4201
49,1,41,0.0,48,0.0,4201
50,1,41,0.0,49,0.0,4201
51,1,41,0.0,50,0.0,4201
52,1,41,0.0,51,0.0,4201
53,1,41,0.0,52,0.0,4201
54,1,41,0.0,53,0.0,4201
55,1,41,0.0,54,0.0,4201
56,1,41,0.0,55,0.0,4201
57,1,41,0.0,56,0.0,4201
58,1,41,0.0,57,0.0,4201
59,1,41,0.0,58,0.0,4201
60,1,41,0.0,59,0.0,4201
61,1,41,0.0,60,0.0,4201
62,1,41,0.0,61,0.0,4201
63,1,41,0.0,62,0.0,4201
64,1,41,0.0,63,0.0,4201
65,1,41,0.0,64,0.0,4201
66,1,41,0.0,65,0.0,4201
67,1,41,0.0,66,0.0,4201
68,1,41,0.0,67,0.0,4201
69,1,41,0.0,68,0.0,4201
70,1,41,0.0,69,0.0,4201
71,1,41,0.0,70,0.0,4201
72,1,41,0.0,71,0.0,4201
73,1,41,0.0,72,0.0,4201
74,1,41,0.0,73,0.0,4201
75,1,41,0.0,74,0.0,4201
76,1,41,0.0,75,0.0,4201
77,1,41,0.0,76,0.0,4201
78,1,41,0.0,77,0.0,4201
79,1,41,0.0,78,0.0,4201
80,1,41,0.0,79,0.0,4201
81,1,41,0.0,80,0.0,4201
82,1,41,0.0,81,0.0,4201
83,1,41,0.0,82,0.0,4201
84,1,41,0.0,83,0.0,4201
85,1,41,0.0,84,0.0,4201
86,1,41,0.0,85,0.0,4201
87,1,41,0.0,86,0.0,4201
88,1,41,0.0,87,0.0,4201
89,1,41,0.0,88,0.0,4201
90,1,41,0.0,89,0.0,4201
91,1,41,0.0,90,0.0,4201
92,1,41,0.0,91,0.0,4201
93,1,41,0.0,92,0.0,4201
94,1,41,0.0,93,0.0,4201
95,1,41,0.0,94,0.0,4201
96,1,41,0.0,95,0.0,4201
97,1,41,0.0,96,0.0,4201
98,1,41,0.0,97,0.0,4201
99,1,41,0.0,98,0.0,4201
100,1,41,0.0,99,0.0,4201
101,1,41,0.0,100,0.0,4201
102,1,41,0.0,101,0.0,4201
103,1,41,0.0,102,0.0,4201
104,1,41,0.0,103,0.0,4201
105,1,41,0.0,104,0.0,4201
106,1,41,0.0,105,0.0,4201
107,1,41,0.0,106,0.0,4201
108,1,41,0.0,107,0.0,4201
109,1,41,0.0,108,0.0,4201
110,1,41,0.0,109,0.0,4201
111,1,41,0.0,110,0.0,4201
112,1,41,0.0,111,0.0,4201
113,1,41,0.0,112,0.0,4201
114,1,41,0.0,113,0.0,4201
115,1,41,0.0,114,0.0,4201
116,1,41,0.0,115,0.0,4201
117,1,41,0.0,116,0.0,4201
118,1,41,0.0,117,0.0,4201
119,1,41,0.0,118,0.0,4201
120,1,41,0.0,119,0.1,4201
121,1,41,0.0,120,1.0,4201
122,1,41,0.0,121,0.45,4201
123,1,41,0.0,122,0.0,4201
124,1,41,0.0,123,0.0,4201
125,1,41,0.0,124,0.0,4201
126,1,41,0.0,125,0.0,4201
127,1,41,0.0,126,0.0,4201
128,1,41,0.0,127,0.0,4201
129,1,41,0.0,128,0.0,4201
130,1,41,0.0,129,0.0,4201
131,1,41,0.0,130,0.0,4201
132,1,41,0.0,131,0.25,4201
133,1,41,0.0,132,0.52,4201
134,1,41,0.0,133,0.0,4201
135,1,41,0.0,134,0.0,4201
136,1,41,0.0,135,0.0,4201
137,1,41,0.0,136,0.0,4201
138,1,41,0.0,137,0.0,4201
139,1,41,0.0,138,0.0,4201
140,1,41,0.0,139,0.0,4201
141,1,41,0.0,140,0.0,4201
142,1,41,0.0,141,0.0,4201
143,1,41,0.0,142,0.0,4201
144,1,41,0.0,143,0.0,4201
145,1,41,0.0,144,0.0,4201
146,1,41,0.0,145,0.0,4201
147,1,41,0.0,146,0.0,4201
148,1,41,0.0,147,0.0,4201
149,1,41,0.0,148,0.0,4201
150,1,41,0.0,149,0.0,4201
151,1,41,0.0,150,0.0,4201
152,1,41,0.0,151,0.0,4201
153,1,41,0.0,152,0.0,4201
154,1,41,0.0,153,0.0,4201
155,1,41,0.0,154,0.0,4201
156,1,41,0.0,155,0.0,4201
157,1,41,0.0,156,0.0,4201
158,1,41,0.0,157,0.0,4201
159,1,41,0.0,158,0.0,4201
160,1,41,0.0,159,0.0,4201
161,1,41,0.0,160,0.0,4201
162,1,41,0.0,161,0.0,4201
163,1,41,0.0,162,0.0,4201
1,1,42,0.0,0,0.0,3476
2,1,42,0.0,1,0.0,3476
3,1,42,0.0,2,0.0,3476
4,1,42,0.0,3,0.0,3476
5,1,42,0.0,4,0.0,3476
6,1,42,0.0,5,0.0,3476
7,1,42,0.0,6,0.0,3476
8,1,42,0.0,7,0.0,3476
9,1,42,0.0,8,0.0,3476
10,1,42,0.0,9,0.0,3476
11,1,42,0.0,10,0.0,3476
12,1,42,0.0,11,0.0,3476
13,1,42,0.0,12,0.0,3476
14,1,42,0.0,13,0.0,3476
15,1,42,0.0,14,0.0,3476
16,1,42,0.0,15,0.0,3476
17,1,42,0.0,16,0.0,3476
18,1,42,0.0,17,0.0,3476
19,1,42,0.0,18,0.0,3476
20,1,42,0.0,19,0.0,3476
21,1,42,0.0,20,0.0,3476
22,1,42,0.0,21,0.0,3476
23,1,42,0.0,22,0.0,3476
24,1,42,0.0,23,0.0,3476
25,1,42,0.0,24,0.0,3476
26,1,42,0.0,25,0.0,3476
27,1,42,0.0,26,0.0,3476
28,1,42,0.0,27,0.0,3476
29,1,42,0.0,28,0.0,3476
30,1,42,0.0,29,0.0,3476
31,1,42,0.0,30,0.0,3476
32,1,42,0.0,31,0.0,3476
33,1,42,0.0,32,0.0,3476
34,1,42,0.0,33,0.0,3476
35,1,42,0.0,34,0.0,3476
36,1,42,0.0,35,0.0,3476
37,1,42,0.0,36,0.0,3476
38,1,42,0.0,37,0.0,3476
39,1,42,0.0,38,0.0,3476
40,1,42,0.0,39,0.0,3476
41,1,42,0.0,40,0.0,3476
42,1,42,0.0,41,0.0,3476
43,1,42,0.0,42,0.0,3476
44,1,42,0.0,43,0.0,3476
45,1,42,0.0,44,0.0,3476
46,1,42,0.0,45,0.0,3476
47,1,42,0.0,46,0.0,3476
48,1,42,0.0,47,0.0,3476
49,1,42,0.0,48,0.0,3476
50,1,42,0.0,49,0.0,3476
51,1,42,0.0,50,0.48,3476
52,1,42,0.0,51,1.0,3476
53,1,42,0.0,52,1.0,3476
54,1,42,0.0,53,0.17,3476
55,1,42,0.0,54,0.0,3476
56,1,42,0.0,55,0.0,3476
57,1,42,0.0,56,0.0,3476
58,1,42,0.0,57,0.0,3476
59,1,42,0.0,58,0.0,3476
60,1,42,0.0,59,0.58,3476
61,1,42,0.0,60,1.0,3476
62,1,42,0.0,61,1.0,3476
63,1,42,0.0,62,1.0,3476
64,1,42,0.0,63,1.0,3476
65,1,42,0.0,64,0.42,3476
66,1,42,0.0,65,0.0,3476
67,1,42,0.0,66,0.0,3476
68,1,42,0.0,67,0.0,3476
69,1,42,0.0,68,0.0,3476
70,1,42,0.0,69,0.0,3476
71,1,42,0.0,70,0.0,3476
72,1,42,0.0,71,0.0,3476
73,1,42,0.0,72,0.0,3476
74,1,42,0.0,73,0.0,3476
75,1,42,0.0,74,0.08,3476
76,1,42,0.0,75,0.62,3476
77,1,42,0.0,76,0.0,3476
78,1,42,0.0,77,0.0,3476
79,1,42,0.0,78,0.0,3476
80,1,42,0.0,79,0.0,3476
81,1,42,0.0,80,0.0,3476
82,1,42,0.0,81,0.0,3476
83,1,42,0.0,82,0.0,3476
84,1,42,0.0,83,0.0,3476
85,1,42,0.63,84,0.0,3476
86,1,42,1.0,85,0.0,3476
87,1,42,1.0,86,0.0,3476
88,1,42,0.67,87,0.0,3476
89,1,42,0.0,88,0.0,3476
90,1,42,0.0,89,0.0,3476
91,1,42,0.0,90,0.0,3476
92,1,42,0.0,91,0.0,3476
93,1,42,0.0,92,0.0,3476
94,1,42,0.0,93,0.0,3476
95,1,42,0.0,94,0.0,3476
96,1,42,0.0,95,0.0,3476
97,1,42,0.0,96,0.0,3476
98,1,42,0.0,97,0.0,3476
99,1,42,0.0,98,0.0,3476
100,1,42,0.0,99,0.18,3476
101,1,42,0.0,100,0.48,3476
102,1,42,0.0,101,0.0,3476
103,1,42,0.0,102,0.0,3476
104,1,42,0.0,103,0.13,3476
105,1,42,0.0,104,1.0,3476
106,1,42,0.0,105,1.0,3476
107,1,42,0.0,106,0.37,3476
108,1,42,0.0,107,0.0,3476
109,1,42,0.0,108,0.0,3476
110,1,42,0.0,109,0.0,3476
111,1,42,0.0,110,0.0,3476
112,1,42,0.0,111,0.0,3476
113,1,42,0.0,112,0.0,3476
114,1,42,0.0,113,0.0,3476
115,1,42,0.0,114,0.0,3476
116,1,42,0.0,115,0.0,3476
117,1,42,0.0,116,0.0,3476
118,1,42,0.0,117,0.0,3476
119,1,42,0.0,118,0.0,3476
120,1,42,0.0,119,0.65,3476
121,1,42,0.0,120,0.0,3476
122,1,42,0.0,121,0.73,3476
123,1,42,0.0,122,0.36,3476
124,1,42,0.0,123,1.0,3476
125,1,42,0.0,124,0.07,3476
126,1,42,0.0,125,0.0,3476
127,1,42,0.0,126,0.0,3476
128,1,42,0.0,127,0.0,3476
129,1,42,0.0,128,0.0,3476
130,1,42,0.0,129,0.0,3476
131,1,42,0.0,130,0.0,3476
132,1,42,0.0,131,0.0,3476
133,1,42,0.0,132,0.33,3476
134,1,42,0.0,133,0.02,3476
135,1,42,0.0,134,0.47,3476
136,1,42,0.0,135,0.0,3476
137,1,42,0.0,136,0.43,3476
138,1,42,0.0,137,0.05,3476
139,1,42,0.0,138,0.68,3476
140,1,42,0.0,139,0.57,3476
141,1,42,0.0,140,0.0,3476
142,1,42,0.0,141,0.0,3476
143,1,42,0.0,142,0.0,3476
144,1,42,0.0,143,0.0,3476
145,1,42,0.0,144,0.0,3476
146,1,42,0.0,145,0.0,3476
147,1,42,0.0,146,0.0,3476
148,1,42,0.0,147,0.0,3476
149,1,42,0.0,148,0.98,3476
150,1,42,0.0,149,1.0,3476
151,1,42,0.0,150,1.0,3476
152,1,42,0.0,151,0.32,3476
153,1,42,0.0,152,0.0,3476
154,1,42,0.0,153,0.1,3476
155,1,42,0.0,154,0.18,3476
156,1,42,0.0,155,1.0,3476
157,1,42,0.0,156,0.88,3476
158,1,42,0.0,157,0.0,3476
159,1,42,0.0,158,0.0,3476
160,1,42,0.0,159,0.0,3476
161,1,42,0.0,160,0.0,3476
162,1,42,0.0,161,0.0,3476
163,1,42,0.0,162,0.0,3476
1,1,39,0.0,0,0.6,7042
2,1,39,0.0,1,0.41,7042
3,1,39,0.0,2,0.0,7042
4,1,39,0.0,3,0.0,7042
5,1,39,0.0,4,0.0,7042
6,1,39,0.0,5,0.0,7042
7,1,39,0.0,6,0.0,7042
8,1,39,0.0,7,0.0,7042
9,1,39,0.0,8,0.0,7042
10,1,39,0.0,9,0.0,7042
11,1,39,0.0,10,0.0,7042
12,1,39,0.0,11,0.0,7042
13,1,39,0.0,12,0.0,7042
14,1,39,0.0,13,0.0,7042
15,1,39,0.0,14,0.0,7042
16,1,39,0.0,15,0.0,7042
17,1,39,0.0,16,0.0,7042
18,1,39,0.0,17,0.0,7042
19,1,39,0.0,18,0.0,7042
20,1,39,0.0,19,0.0,7042
21,1,39,0.0,20,0.0,7042
22,1,39,0.0,21,0.0,7042
23,1,39,0.0,22,0.0,7042
24,1,39,0.0,23,0.0,7042
25,1,39,0.0,24,0.0,7042
26,1,39,0.0,25,0.0,7042
27,1,39,0.0,26,0.0,7042
28,1,39,0.0,27,0.0,7042
29,1,39,0.0,28,0.0,7042
30,1,39,0.0,29,0.0,7042
31,1,39,0.0,30,0.0,7042
32,1,39,0.0,31,0.0,7042
33,1,39,0.0,32,0.0,7042
34,1,39,0.0,33,0.0,7042
35,1,39,0.0,34,0.0,7042
36,1,39,0.0,35,0.0,7042
37,1,39,0.0,36,0.0,7042
38,1,39,0.0,37,0.0,7042
39,1,39,0.0,38,0.0,7042
40,1,39,0.0,39,0.0,7042
41,1,39,0.0,40,0.0,7042
42,1,39,0.0,41,0.0,7042
43,1,39,0.0,42,0.0,7042
44,1,39,0.0,43,0.0,7042
45,1,39,0.0,44,0.0,7042
46,1,39,0.0,45,0.0,7042
47,1,39,0.0,46,0.0,7042
48,1,39,0.0,47,0.0,7042
49,1,39,0.0,48,0.0,7042
50,1,39,0.0,49,0.0,7042
51,1,39,0.0,50,0.0,7042
52,1,39,0.0,51,0.0,7042
53,1,39,0.0,52,0.0,7042
54,1,39,0.0,53,0.0,7042
55,1,39,0.0,54,0.0,7042
56,1,39,0.0,55,0.0,7042
57,1,39,0.0,56,0.0,7042
58,1,39,0.0,57,0.0,7042
59,1,39,0.0,58,0.0,7042
60,1,39,0.0,59,0.0,7042
61,1,39,0.0,60,0.0,7042
62,1,39,0.0,61,0.0,7042
63,1,39,0.0,62,0.0,7042
64,1,39,0.0,63,0.0,7042
65,1,39,0.0,64,0.0,7042
66,1,39,0.0,65,0.0,7042
67,1,39,0.0,66,0.0,7042
68,1,39,0.0,67,0.0,7042
69,1,39,0.0,68,0.0,7042
70,1,39,0.0,69,0.0,7042
71,1,39,0.0,70,0.0,7042
72,1,39,0.0,71,0.0,7042
73,1,39,0.0,72,0.0,7042
74,1,39,0.0,73,0.0,7042
75,1,39,0.0,74,0.0,7042
76,1,39,0.0,75,0.0,7042
77,1,39,0.0,76,0.0,7042
78,1,39,0.0,77,0.0,7042
79,1,39,0.0,78,0.0,7042
80,1,39,0.0,79,0.0,7042
81,1,39,0.0,80,0.0,7042
82,1,39,0.0,81,0.0,7042
83,1,39,0.0,82,0.0,7042
84,1,39,0.0,83,0.01,7042
85,1,39,0.0,84,0.71,7042
86,1,39,0.0,85,0.0,7042
87,1,39,0.0,86,0.0,7042
88,1,39,0.0,87,0.0,7042
89,1,39,0.0,88,0.0,7042
90,1,39,0.0,89,0.0,7042
91,1,39,0.0,90,0.0,7042
92,1,39,0.0,91,0.0,7042
93,1,39,0.0,92,0.0,7042
94,1,39,0.0,93,0.0,7042
95,1,39,0.0,94,0.0,7042
96,1,39,0.0,95,0.0,7042
97,1,39,0.0,96,0.0,7042
98,1,39,0.0,97,0.0,7042
99,1,39,0.0,98,0.0,7042
100,1,39,0.0,99,0.0,7042
101,1,39,0.0,100,0.0,7042
102,1,39,0.0,101,0.0,7042
103,1,39,0.0,102,0.0,7042
104,1,39,0.0,103,0.0,7042
105,1,39,0.0,104,0.0,7042
106,1,39,0.0,105,0.0,7042
107,1,39,0.0,106,0.0,7042
108,1,39,0.0,107,0.0,7042
109,1,39,0.0,108,0.0,7042
110,1,39,0.0,109,0.0,7042
111,1,39,0.0,110,0.0,7042
112,1,39,0.0,111,0.0,7042
113,1,39,0.0,112,0.0,7042
114,1,39,0.0,113,0.0,7042
115,1,39,0.0,114,0.0,7042
116,1,39,0.0,115,0.0,7042
117,1,39,0.0,116,0.0,7042
118,1,39,0.0,117,0.0,7042
119,1,39,0.0,118,0.0,7042
120,1,39,0.0,119,0.0,7042
121,1,39,0.0,120,0.0,7042
122,1,39,0.0,121,0.0,7042
123,1,39,0.0,122,0.0,7042
124,1,39,0.0,123,0.0,7042
125,1,39,0.0,124,0.0,7042
126,1,39,0.0,125,0.0,7042
127,1,39,0.0,126,0.0,7042
128,1,39,0.0,127,0.0,7042
129,1,39,0.0,128,0.0,7042
130,1,39,0.0,129,0.0,7042
131,1,39,0.0,130,0.0,7042
132,1,39,0.0,131,0.0,7042
133,1,39,0.0,132,0.0,7042
134,1,39,0.0,133,0.0,7042
135,1,39,0.0,134,0.0,7042
136,1,39,0.0,135,0.72,7042
137,1,39,0.0,136,0.24,7042
138,1,39,0.0,137,0.0,7042
139,1,39,0.0,138,0.0,7042
140,1,39,0.0,139,0.0,7042
141,1,39,0.0,140,0.0,7042
142,1,39,0.0,141,0.0,7042
143,1,39,0.0,142,0.0,7042
144,1,39,0.0,143,0.0,7042
145,1,39,0.0,144,0.0,7042
146,1,39,0.0,145,0.0,7042
147,1,39,0.0,146,0.0,7042
148,1,39,0.0,147,0.0,7042
149,1,39,0.0,148,0.0,7042
150,1,39,0.0,149,0.0,7042
151,1,39,0.0,150,0.0,7042
152,1,39,0.0,151,0.0,7042
153,1,39,0.0,152,0.0,7042
154,1,39,0.0,153,0.0,7042
155,1,39,0.0,154,0.0,7042
156,1,39,0.0,155,0.0,7042
157,1,39,0.0,156,0.0,7042
158,1,39,0.0,157,0.0,7042
159,1,39,0.0,158,0.0,7042
160,1,39,0.0,159,0.0,7042
161,1,39,0.0,160,0.0,7042
162,1,39,0.0,161,0.0,7042
163,1,39,0.0,162,0.0,7042
1,1,40,0.0,0,0.0,9696
2,1,40,0.0,1,0.0,9696
3,1,40,0.0,2,0.0,9696
4,1,40,0.0,3,0.0,9696
5,1,40,0.0,4,0.0,9696
6,1,40,0.0,5,0.0,9696
7,1,40,0.0,6,0.0,9696
8,1,40,0.0,7,0.0,9696
9,1,40,0.0,8,0.0,9696
10,1,40,0.0,9,0.0,9696
11,1,40,0.0,10,0.0,9696
12,1,40,0.0,11,0.0,9696
13,1,40,0.0,12,0.0,9696
14,1,40,0.0,13,0.0,9696
15,1,40,0.0,14,0.0,9696
16,1,40,0.0,15,0.0,9696
17,1,40,0.0,16,0.0,9696
18,1,40,0.0,17,0.0,9696
19,1,40,0.0,18,0.0,9696
20,1,40,0.0,19,0.0,9696
21,1,40,0.0,20,0.0,9696
22,1,40,0.0,21,0.0,9696
23,1,40,0.0,22,0.0,9696
24,1,40,0.0,23,0.0,9696
25,1,40,0.0,24,0.0,9696
26,1,40,0.0,25,0.0,9696
27,1,40,0.0,26,0.0,9696
28,1,40,0.0,27,0.0,9696
29,1,40,0.0,28,0.0,9696
30,1,40,0.0,29,0.0,9696
31,1,40,0.0,30,0.0,9696
32,1,40,0.0,31,0.0,9696
33,1,40,0.0,32,0.0,9696
34,1,40,0.0,33,0.0,9696
35,1,40,0.0,34,0.0,9696
36,1,40,0.0,35,0.0,9696
37,1,40,0.0,36,0.0,9696
38,1,40,0.0,37,0.0,9696
39,1,40,0.0,38,0.0,9696
40,1,40,0.0,39,0.0,9696
41,1,40,0.0,40,0.0,9696
42,1,40,0.0,41,0.0,9696
43,1,40,0.0,42,0.0,9696
44,1,40,0.0,43,0.0,9696
45,1,40,0.0,44,0.0,9696
46,1,40,0.0,45,0.0,9696
47,1,40,0.0,46,0.0,9696
48,1,40,0.0,47,0.0,9696
49,1,40,0.0,48,0.0,9696
50,1,40,0.0,49,0.0,9696
51,1,40,0.0,50,0.0,9696
52,1,40,0.0,51,0.0,9696
53,1,40,0.0,52,0.0,9696
54,1,40,0.0,53,0.0,9696
55,1,40,0.0,54,0.0,9696
56,1,40,0.0,55,0.0,9696
57,1,40,0.0,56,0.0,9696
58,1,40,0.0,57,0.0,9696
59,1,40,0.0,58,0.0,9696
60,1,40,0.0,59,0.0,9696
61,1,40,0.0,60,0.0,9696
62,1,40,0.0,61,0.0,9696
63,1,40,0.0,62,0.0,9696
64,1,40,0.0,63,0.0,9696
65,1,40,0.0,64,0.0,9696
66,1,40,0.0,65,0.0,9696
67,1,40,0.0,66,0.0,9696
68,1,40,0.0,67,0.0,9696
69,1,40,0.0,68,0.0,9696
70,1,40,0.0,69,0.0,9696
71,1,40,0.0,70,0.0,9696
72,1,40,0.0,71,0.0,9696
73,1,40,0.0,72,0.0,9696
74,1,40,0.0,73,0.0,9696
75,1,40,0.0,74,0.0,9696
76,1,40,0.0,75,0.0,9696
77,1,40,0.0,76,0.0,9696
78,1,40,0.0,77,0.0,9696
79,1,40,0.0,78,0.0,9696
80,1,40,0.0,79,0.0,9696
81,1,40,0.0,80,0.0,9696
82,1,40,0.0,81,0.0,9696
83,1,40,0.0,82,0.0,9696
84,1,40,0.0,83,0.0,9696
85,1,40,0.0,84,0.0,9696
86,1,40,0.0,85,0.0,9696
87,1,40,0.0,86,0.0,9696
88,1,40,0.0,87,0.0,9696
89,1,40,0.0,88,0.0,9696
90,1,40,0.0,89,0.0,9696
91,1,40,0.0,90,0.0,9696
92,1,40,0.0,91,0.0,9696
93,1,40,0.0,92,0.0,9696
94,1,40,0.0,93,0.0,9696
95,1,40,0.0,94,0.0,9696
96,1,40,0.0,95,0.0,9696
97,1,40,0.0,96,0.0,9696
98,1,40,0.0,97,0.0,9696
99,1,40,0.0,98,0.0,9696
100,1,40,0.0,99,0.0,9696
101,1,40,0.0,100,0.0,9696
102,1,40,0.0,101,0.0,9696
103,1,40,0.0,102,0.0,9696
104,1,40,0.0,103,0.0,9696
105,1,40,0.0,104,0.0,9696
106,1,40,0.0,105,0.0,9696
107,1,40,0.0,106,0.0,9696
108,1,40,0.0,107,0.0,9696
109,1,40,0.0,108,0.0,9696
110,1,40,0.0,109,0.0,9696
111,1,40,0.0,110,0.0,9696
112,1,40,0.0,111,0.0,9696
113,1,40,0.0,112,0.0,9696
114,1,40,0.0,113,0.0,9696
115,1,40,0.0,114,0.0,9696
116,1,40,0.0,115,0.0,9696
117,1,40,0.0,116,0.0,9696
118,1,40,0.0,117,0.0,9696
119,1,40,0.0,118,0.0,9696
120,1,40,0.0,119,0.0,9696
121,1,40,0.0,120,0.0,9696
122,1,40,0.0,121,0.0,9696
123,1,40,0.0,122,0.0,9696
124,1,40,0.0,123,0.0,9696
125,1,40,0.0,124,0.0,9696
126,1,40,0.0,125,0.0,9696
127,1,40,0.0,126,0.0,9696
128,1,40,0.0,127,0.0,9696
129,1,40,0.0,128,0.0,9696
130,1,40,0.0,129,0.0,9696
131,1,40,0.0,130,0.0,9696
132,1,40,0.0,131,0.0,9696
133,1,40,0.0,132,0.0,9696
134,1,40,0.0,133,0.0,9696
135,1,40,0.0,134,0.0,9696
136,1,40,0.0,135,0.0,9696
137,1,40,0.0,136,0.0,9696
138,1,40,0.0,137,0.0,9696
139,1,40,0.0,138,0.0,9696
140,1,40,0.0,139,0.0,9696
141,1,40,0.0,140,0.0,9696
142,1,40,0.0,141,0.0,9696
143,1,40,0.0,142,0.0,9696
144,1,40,0.0,143,0.0,9696
145,1,40,0.0,144,0.0,9696
146,1,40,0.0,145,0.0,9696
147,1,40,0.0,146,0.0,9696
148,1,40,0.0,147,0.0,9696
149,1,40,0.0,148,0.0,9696
150,1,40,0.0,149,0.0,9696
151,1,40,0.0,150,0.0,9696
152,1,40,0.0,151,0.0,9696
153,1,40,0.0,152,0.0,9696
154,1,40,0.0,153,0.0,9696
155,1,40,0.0,154,0.0,9696
156,1,40,0.0,155,0.0,9696
157,1,40,0.0,156,0.0,9696
158,1,40,0.0,157,0.0,9696
159,1,40,0.0,158,0.0,9696
160,1,40,0.0,159,0.0,9696
161,1,40,0.0,160,0.0,9696
162,1,40,0.0,161,0.0,9696
163,1,40,0.0,162,0.0,9696
1,1,41,0.0,0,0.0,1159
2,1,41,0.0,1,0.0,1159
3,1,41,0.0,2,0.0,1159
4,1,41,0.0,3,0.0,1159
5,1,41,0.0,4,0.0,1159
6,1,41,0.0,5,0.0,1159
7,1,41,0.0,6,0.0,1159
8,1,41,0.0,7,0.0,1159
9,1,41,0.0,8,0.0,1159
10,1,41,0.0,9,0.0,1159
11,1,41,0.0,10,0.0,1159
12,1,41,0.0,11,0.0,1159
13,1,41,0.0,12,0.0,1159
14,1,41,0.0,13,0.0,1159
15,1,41,0.0,14,0.0,1159
16,1,41,0.0,15,0.0,1159
17,1,41,0.0,16,0.0,1159
18,1,41,0.0,17,0.0,1159
19,1,41,0.0,18,0.0,1159
20,1,41,0.0,19,0.0,1159
21,1,41,0.0,20,0.0,1159
22,1,41,0.0,21,0.0,1159
23,1,41,0.0,22,0.0,1159
24,1,41,0.0,23,0.0,1159
25,1,41,0.0,24,0.0,1159
26,1,41,0.0,25,0.0,1159
27,1,41,0.0,26,0.0,1159
28,1,41,0.0,27,0.0,1159
29,1,41,0.0,28,0.0,1159
30,1,41,0.0,29,0.0,1159
31,1,41,0.0,30,0.0,1159
32,1,41,0.0,31,0.0,1159
33,1,41,0.75,32,0.0,1159
34,1,41,0.26,33,0.0,1159
35,1,41,0.0,34,0.0,1159
36,1,41,0.0,35,0.0,1159
37,1,41,0.0,36,0.0,1159
38,1,41,0.0,37,0.0,1159
39,1,41,0.0,38,0.0,1159
40,1,41,0.0,39,0.0,1159
41,1,41,0.0,40,0.0,1159
42,1,41,0.0,41,0.0,1159
43,1,41,0.0,42,0.0,1159
44,1,41,0.0,43,0.0,1159
45,1,41,0.0,44,0.0,1159
46,1,41,0.0,45,0.0,1159
47,1,41,0.0,46,0.0,1159
48,1,41,0.0,47,0.0,1159
49,1,41,0.0,48,0.0,1159
50,1,41,0.0,49,0.0,1159
51,1,41,0.0,50,0.0,1159
52,1,41,0.0,51,0.0,1159
53,1,41,0.0,52,0.0,1159
54,1,41,0.0,53,0.0,1159
55,1,41,0.0,54,0.0,1159
56,1,41,0.0,55,0.0,1159
57,1,41,0.0,56,0.0,1159
58,1,41,0.0,57,0.0,1159
59,1,41,0.0,58,0.0,1159
60,1,41,0.0,59,0.0,1159
61,1,41,0.0,60,0.0,1159
62,1,41,0.0,61,0.0,1159
63,1,41,0.0,62,0.0,1159
64,1,41,0.0,63,0.0,1159
65,1,41,0.0,64,0.0,1159
66,1,41,0.0,65,0.0,1159
67,1,41,0.0,66,0.0,1159
68,1,41,0.0,67,0.0,1159
69,1,41,0.0,68,0.0,1159
70,1,41,0.0,69,0.0,1159
71,1,41,0.0,70,0.0,1159
72,1,41,0.0,71,0.0,1159
73,1,41,0.0,72,0.0,1159
74,1,41,0.0,73,0.0,1159
75,1,41,0.0,74,0.0,1159
76,1,41,0.0,75,0.0,1159
77,1,41,0.0,76,0.0,1159
78,1,41,0.0,77,0.0,1159
79,1,41,0.0,78,0.0,1159
80,1,41,0.0,79,0.0,1159
81,1,41,0.0,80,0.0,1159
82,1,41,0.0,81,0.0,1159
83,1,41,0.0,82,0.0,1159
84,1,41,0.0,83,0.0,1159
85,1,41,0.0,84,0.0,1159
86,1,41,0.0,85,0.0,1159
87,1,41,0.0,86,0.0,1159
88,1,41,0.0,87,0.0,1159
89,1,41,0.0,88,0.0,1159
90,1,41,0.0,89,0.0,1159
91,1,41,0.0,90,0.0,1159
92,1,41,0.0,91,0.0,1159
93,1,41,0.0,92,0.0,1159
94,1,41,0.0,93,0.0,1159
95,1,41,0.0,94,0.0,1159
96,1,41,0.0,95,0.0,1159
97,1,41,0.0,96,0.0,1159
98,1,41,0.0,97,0.0,1159
99,1,41,0.0,98,0.0,1159
100,1,41,0.0,99,0.0,1159
101,1,41,0.0,100,0.0,1159
102,1,41,0.0,101,0.0,1159
103,1,41,0.0,102,0.0,1159
104,1,41,0.0,103,0.0,1159
105,1,41,0.0,104,0.0,1159
106,1,41,0.0,105,0.0,1159
107,1,41,0.0,106,0.0,1159
108,1,41,0.0,107,0.0,1159
109,1,41,0.0,108,0.0,1159
110,1,41,0.0,109,0.0,1159
111,1,41,0.0,110,0.0,1159
112,1,41,0.0,111,0.0,1159
113,1,41,0.0,112,0.0,1159
114,1,41,0.0,113,0.0,1159
115,1,41,0.0,114,0.0,1159
116,1,41,0.0,115,0.0,1159
117,1,41,0.0,116,0.0,1159
118,1,41,0.0,117,0.0,1159
119,1,41,0.0,118,0.0,1159
120,1,41,0.0,119,0.0,1159
121,1,41,0.0,120,0.0,1159
122,1,41,0.0,121,0.0,1159
123,1,41,0.0,122,0.0,1159
124,1,41,0.0,123,0.0,1159
125,1,41,0.0,124,0.0,1159
126,1,41,0.0,125,0.0,1159
127,1,41,0.0,126,0.0,1159
128,1,41,0.0,127,0.0,1159
129,1,41,0.0,128,0.0,1159
130,1,41,0.0,129,0.0,1159
131,1,41,0.0,130,0.0,1159
132,1,41,0.0,131,0.0,1159
133,1,41,0.0,132,0.0,1159
134,1,41,0.0,133,0.0,1159
135,1,41,0.0,134,0.0,1159
136,1,41,0.0,135,0.0,1159
137,1,41,0.0,136,0.0,1159
138,1,41,0.0,137,0.0,1159
139,1,41,0.0,138,0.0,1159
140,1,41,0.0,139,0.0,1159
141,1,41,0.0,140,0.0,1159
142,1,41,0.0,141,0.0,1159
143,1,41,0.0,142,0.0,1159
144,1,41,0.0,143,0.0,1159
145,1,41,0.0,144,0.0,1159
146,1,41,0.0,145,0.0,1159
147,1,41,0.0,146,0.0,1159
148,1,41,0.0,147,0.0,1159
149,1,41,0.0,148,0.0,1159
150,1,41,0.0,149,0.0,1159
151,1,41,0.0,150,0.0,1159
152,1,41,0.0,151,0.0,1159
153,1,41,0.0,152,0.0,1159
154,1,41,0.0,153,0.0,1159
155,1,41,0.0,154,0.0,1159
156,1,41,0.0,155,0.0,1159
157,1,41,0.0,156,0.0,1159
158,1,41,0.0,157,0.43,1159
159,1,41,0.0,158,0.0,1159
160,1,41,0.0,159,0.0,1159
161,1,41,0.0,160,0.0,1159
162,1,41,0.0,161,0.0,1159
163,1,41,0.0,162,0.0,1159
1,1,41,0.0,0,0.0,2710
2,1,41,0.0,1,0.0,2710
3,1,41,0.0,2,0.0,2710
4,1,41,0.0,3,0.0,2710
5,1,41,0.0,4,0.0,2710
6,1,41,0.0,5,0.0,2710
7,1,41,0.0,6,0.0,2710
8,1,41,0.0,7,0.0,2710
9,1,41,0.0,8,0.0,2710
10,1,41,0.0,9,0.0,2710
11,1,41,0.0,10,0.0,2710
12,1,41,0.0,11,0.0,2710
13,1,41,0.0,12,0.0,2710
14,1,41,0.0,13,0.0,2710
15,1,41,0.0,14,0.0,2710
16,1,41,0.0,15,0.0,2710
17,1,41,0.0,16,0.0,2710
18,1,41,0.0,17,0.0,2710
19,1,41,0.0,18,0.0,2710
20,1,41,0.0,19,0.47,2710
21,1,41,0.0,20,0.0,2710
22,1,41,0.0,21,0.0,2710
23,1,41,0.0,22,0.0,2710
24,1,41,0.0,23,0.65,2710
25,1,41,0.0,24,0.56,2710
26,1,41,0.0,25,0.01,2710
27,1,41,0.0,26,0.0,2710
28,1,41,0.0,27,0.0,2710
29,1,41,0.0,28,0.0,2710
30,1,41,0.0,29,0.0,2710
31,1,41,0.0,30,0.0,2710
32,1,41,0.0,31,0.0,2710
33,1,41,0.0,32,0.0,2710
34,1,41,0.0,33,0.0,2710
35,1,41,0.0,34,0.0,2710
36,1,41,0.0,35,0.0,2710
37,1,41,0.0,36,0.0,2710
38,1,41,0.0,37,0.0,2710
39,1,41,0.0,38,0.0,2710
40,1,41,0.0,39,0.0,2710
41,1,41,0.0,40,0.0,2710
42,1,41,0.0,41,0.0,2710
43,1,41,0.0,42,0.0,2710
44,1,41,0.0,43,0.0,2710
45,1,41,0.0,44,0.0,2710
46,1,41,0.0,45,0.0,2710
47,1,41,0.0,46,0.0,2710
48,1,41,0.0,47,0.0,2710
49,1,41,0.0,48,0.0,2710
50,1,41,0.0,49,0.0,2710
51,1,41,0.0,50,0.0,2710
52,1,41,0.0,51,0.0,2710
53,1,41,0.0,52,0.0,2710
54,1,41,0.0,53,0.0,2710
55,1,41,0.0,54,0.0,2710
56,1,41,0.0,55,0.0,2710
57,1,41,0.0,56,0.0,2710
58,1,41,0.0,57,0.0,2710
59,1,41,0.0,58,0.0,2710
60,1,41,0.0,59,0.0,2710
61,1,41,0.0,60,0.0,2710
62,1,41,0.0,61,0.0,2710
63,1,41,0.0,62,0.0,2710
64,1,41,0.0,63,0.0,2710
65,1,41,0.0,64,0.0,2710
66,1,41,0.0,65,0.0,2710
67,1,41,0.0,66,0.0,2710
68,1,41,0.0,67,0.0,2710
69,1,41,0.0,68,0.0,2710
70,1,41,0.0,69,0.0,2710
71,1,41,0.0,70,0.0,2710
72,1,41,0.0,71,0.0,2710
73,1,41,0.0,72,0.0,2710
74,1,41,0.0,73,0.0,2710
75,1,41,0.0,74,0.0,2710
76,1,41,0.0,75,0.0,2710
77,1,41,0.0,76,0.0,2710
78,1,41,0.0,77,0.0,2710
79,1,41,0.0,78,0.0,2710
80,1,41,0.0,79,0.0,2710
81,1,41,0.0,80,0.0,2710
82,1,41,0.0,81,0.0,2710
83,1,41,0.0,82,0.0,2710
84,1,41,0.0,83,0.0,2710
85,1,41,0.0,84,0.89,2710
86,1,41,0.0,85,1.0,2710
87,1,41,0.0,86,0.26,2710
88,1,41,0.0,87,0.0,2710
89,1,41,0.0,88,0.0,2710
90,1,41,0.0,89,0.0,2710
91,1,41,0.0,90,0.0,2710
92,1,41,0.0,91,0.0,2710
93,1,41,0.0,92,0.0,2710
94,1,41,0.0,93,0.0,2710
95,1,41,0.0,94,0.0,2710
96,1,41,0.0,95,0.0,2710
97,1,41,0.0,96,0.0,2710
98,1,41,0.0,97,0.0,2710
99,1,41,0.0,98,0.49,2710
100,1,41,0.0,99,1.0,2710
101,1,41,0.0,100,0.12,2710
102,1,41,0.0,101,0.0,2710
103,1,41,0.0,102,0.0,2710
104,1,41,0.0,103,0.0,2710
105,1,41,0.0,104,0.0,2710
106,1,41,0.0,105,0.0,2710
107,1,41,0.0,106,0.0,2710
108,1,41,0.0,107,0.0,2710
109,1,41,0.0,108,0.0,2710
110,1,41,0.0,109,0.0,2710
111,1,41,0.0,110,0.0,2710
112,1,41,0.0,111,0.0,2710
113,1,41,0.0,112,0.0,2710
114,1,41,0.0,113,0.0,2710
115,1,41,0.0,114,0.0,2710
116,1,41,0.0,115,0.0,2710
117,1,41,0.0,116,0.0,2710
118,1,41,0.0,117,0.0,2710
119,1,41,0.0,118,0.0,2710
120,1,41,0.0,119,0.0,2710
121,1,41,0.0,120,0.0,2710
122,1,41,0.0,121,0.0,2710
123,1,41,0.0,122,0.0,2710
124,1,41,0.0,123,0.0,2710
125,1,41,0.0,124,0.0,2710
126,1,41,0.0,125,0.0,2710
127,1,41,0.0,126,0.0,2710
128,1,41,0.0,127,0.0,2710
129,1,41,0.0,128,0.0,2710
130,1,41,0.0,129,0.0,2710
131,1,41,0.0,130,0.0,2710
132,1,41,0.0,131,0.0,2710
133,1,41,0.0,132,0.0,2710
134,1,41,0.0,133,0.0,2710
135,1,41,0.0,134,0.0,2710
136,1,41,0.0,135,0.0,2710
137,1,41,0.0,136,0.0,2710
138,1,41,0.0,137,0.0,2710
139,1,41,0.0,138,0.0,2710
140,1,41,0.0,139,0.0,2710
141,1,41,0.0,140,0.0,2710
142,1,41,0.0,141,0.0,2710
143,1,41,0.0,142,0.0,2710
144,1,41,0.0,143,0.0,2710
145,1,41,0.0,144,0.0,2710
146,1,41,0.0,145,0.0,2710
147,1,41,0.0,146,0.0,2710
148,1,41,0.0,147,0.0,2710
149,1,41,0.0,148,0.0,2710
150,1,41,0.0,149,0.0,2710
151,1,41,0.0,150,0.0,2710
152,1,41,0.0,151,0.0,2710
153,1,41,0.0,152,0.0,2710
154,1,41,0.0,153,0.0,2710
155,1,41,0.0,154,0.0,2710
156,1,41,0.0,155,0.0,2710
157,1,41,0.0,156,0.0,2710
158,1,41,0.0,157,0.0,2710
159,1,41,0.0,158,0.0,2710
160,1,41,0.0,159,0.0,2710
161,1,41,0.0,160,0.0,2710
162,1,41,0.0,161,0.0,2710
163,1,41,0.0,162,0.0,2710
1,1,42,0.0,0,0.0,1515
2,1,42,0.0,1,0.0,1515
3,1,42,0.0,2,0.0,1515
4,1,42,0.0,3,0.0,1515
5,1,42,0.0,4,0.0,1515
6,1,42,0.0,5,0.0,1515
7,1,42,0.0,6,0.0,1515
8,1,42,0.0,7,0.0,1515
9,1,42,0.0,8,0.0,1515
10,1,42,0.0,9,0.0,1515
11,1,42,0.0,10,0.0,1515
12,1,42,0.0,11,0.0,1515
13,1,42,0.0,12,0.0,1515
14,1,42,0.0,13,0.0,1515
15,1,42,0.0,14,0.0,1515
16,1,42,0.0,15,0.0,1515
17,1,42,0.0,16,0.0,1515
18,1,42,0.0,17,0.0,1515
19,1,42,0.0,18,0.0,1515
20,1,42,0.0,19,0.0,1515
21,1,42,0.0,20,0.0,1515
22,1,42,0.0,21,0.0,1515
23,1,42,0.0,22,0.0,1515
24,1,42,0.0,23,0.0,1515
25,1,42,0.0,24,0.0,1515
26,1,42,0.0,25,0.0,1515
27,1,42,0.0,26,0.0,1515
28,1,42,0.0,27,0.0,1515
29,1,42,0.0,28,0.0,1515
30,1,42,0.0,29,0.0,1515
31,1,42,0.0,30,0.0,1515
32,1,42,0.0,31,0.0,1515
33,1,42,0.0,32,0.0,1515
34,1,42,0.0,33,0.0,1515
35,1,42,0.0,34,0.0,1515
36,1,42,0.0,35,0.0,1515
37,1,42,0.0,36,0.0,1515
38,1,42,0.0,37,0.0,1515
39,1,42,0.0,38,0.0,1515
40,1,42,0.0,39,0.0,1515
41,1,42,0.0,40,0.0,1515
42,1,42,0.0,41,0.0,1515
43,1,42,0.0,42,0.0,1515
44,1,42,0.0,43,0.0,1515
45,1,42,0.0,44,0.0,1515
46,1,42,0.0,45,0.0,1515
47,1,42,0.0,46,0.0,1515
48,1,42,0.0,47,0.1,1515
49,1,42,0.0,48,0.0,1515
50,1,42,0.0,49,0.05,1515
51,1,42,0.0,50,1.0,1515
52,1,42,0.0,51,0.35,1515
53,1,42,0.0,52,0.0,1515
54,1,42,0.0,53,0.0,1515
55,1,42,0.0,54,0.0,1515
56,1,42,0.0,55,0.0,1515
57,1,42,0.0,56,0.0,1515
58,1,42,0.0,57,0.0,1515
59,1,42,0.0,58,0.0,1515
60,1,42,0.0,59,0.0,1515
61,1,42,0.0,60,0.0,1515
62,1,42,0.0,61,0.0,1515
63,1,42,0.0,62,0.0,1515
64,1,42,0.0,63,0.0,1515
65,1,42,0.0,64,0.0,1515
66,1,42,0.0,65,0.0,1515
67,1,42,0.0,66,0.0,1515
68,1,42,0.0,67,0.0,1515
69,1,42,0.0,68,0.0,1515
70,1,42,0.0,69,0.0,1515
71,1,42,0.0,70,0.0,1515
72,1,42,0.0,71,0.0,1515
73,1,42,0.0,72,0.0,1515
74,1,42,0.0,73,0.0,1515
75,1,42,0.0,74,0.0,1515
76,1,42,0.0,75,0.0,1515
77,1,42,0.0,76,0.0,1515
78,1,42,0.0,77,0.0,1515
79,1,42,0.0,78,0.0,1515
80,1,42,0.0,79,0.0,1515
81,1,42,0.0,80,0.0,1515
82,1,42,0.0,81,0.0,1515
83,1,42,0.0,82,0.0,1515
84,1,42,0.0,83,0.0,1515
85,1,42,0.0,84,0.0,1515
86,1,42,0.0,85,0.0,1515
87,1,42,0.0,86,0.0,1515
88,1,42,0.0,87,0.0,1515
89,1,42,0.0,88,0.0,1515
90,1,42,0.0,89,0.0,1515
91,1,42,0.0,90,0.0,1515
92,1,42,0.0,91,0.0,1515
93,1,42,0.0,92,0.0,1515
94,1,42,0.0,93,0.0,1515
95,1,42,0.0,94,0.0,1515
96,1,42,0.0,95,0.0,1515
97,1,42,0.0,96,0.0,1515
98,1,42,0.0,97,0.0,1515
99,1,42,0.0,98,0.0,1515
100,1,42,0.0,99,0.0,1515
101,1,42,0.0,100,0.0,1515
102,1,42,0.0,101,0.0,1515
103,1,42,0.0,102,0.0,1515
104,1,42,0.0,103,0.0,1515
105,1,42,0.0,104,0.0,1515
106,1,42,0.0,105,0.0,1515
107,1,42,0.0,106,0.0,1515
108,1,42,0.0,107,0.0,1515
109,1,42,0.0,108,0.0,1515
110,1,42,0.0,109,0.0,1515
111,1,42,0.0,110,0.0,1515
112,1,42,0.0,111,0.0,1515
113,1,42,0.0,112,0.0,1515
114,1,42,0.0,113,0.0,1515
115,1,42,0.0,114,0.0,1515
116,1,42,0.0,115,0.0,1515
117,1,42,0.0,116,0.0,1515
118,1,42,0.0,117,0.0,1515
119,1,42,0.0,118,0.0,1515
120,1,42,0.0,119,0.0,1515
121,1,42,0.0,120,0.0,1515
122,1,42,0.0,121,0.0,1515
123,1,42,0.0,122,0.0,1515
124,1,42,0.0,123,0.0,1515
125,1,42,0.0,124,0.0,1515
126,1,42,0.0,125,0.0,1515
127,1,42,0.0,126,0.0,1515
128,1,42,0.0,127,0.0,1515
129,1,42,0.0,128,0.0,1515
130,1,42,0.0,129,0.0,1515
131,1,42,0.0,130,0.0,1515
132,1,42,0.0,131,0.0,1515
133,1,42,0.0,132,0.0,1515
134,1,42,0.0,133,0.0,1515
135,1,42,0.0,134,0.0,1515
136,1,42,0.0,135,0.0,1515
137,1,42,0.0,136,0.0,1515
138,1,42,0.0,137,0.0,1515
139,1,42,0.0,138,0.0,1515
140,1,42,0.0,139,0.0,1515
141,1,42,0.0,140,0.0,1515
142,1,42,0.0,141,0.0,1515
143,1,42,0.0,142,0.0,1515
144,1,42,0.0,143,0.0,1515
145,1,42,0.0,144,0.0,1515
146,1,42,0.0,145,0.0,1515
147,1,42,0.0,146,0.0,1515
148,1,42,0.0,147,0.0,1515
149,1,42,0.0,148,0.0,1515
150,1,42,0.0,149,0.0,1515
151,1,42,0.0,150,0.0,1515
152,1,42,0.0,151,0.0,1515
153,1,42,0.0,152,0.0,1515
154,1,42,0.0,153,0.0,1515
155,1,42,0.0,154,0.0,1515
156,1,42,0.0,155,0.0,1515
157,1,42,0.0,156,0.0,1515
158,1,42,0.0,157,0.0,1515
159,1,42,0.0,158,0.0,1515
160,1,42,0.0,159,0.0,1515
161,1,42,0.0,160,0.0,1515
162,1,42,0.0,161,0.0,1515
163,1,42,0.0,162,0.0,1515
1,1,41,0.0,0,0.0,5089
2,1,41,0.0,1,0.0,5089
3,1,41,0.0,2,0.0,5089
4,1,41,0.0,3,0.0,5089
5,1,41,0.0,4,0.0,5089
6,1,41,0.0,5,0.0,5089
7,1,41,0.0,6,0.0,5089
8,1,41,0.0,7,0.0,5089
9,1,41,0.0,8,0.0,5089
10,1,41,0.0,9,0.0,5089
11,1,41,0.0,10,0.0,5089
12,1,41,0.0,11,0.0,5089
13,1,41,0.0,12,0.0,5089
14,1,41,0.0,13,0.0,5089
15,1,41,0.0,14,0.0,5089
16,1,41,0.0,15,0.0,5089
17,1,41,0.0,16,0.0,5089
18,1,41,0.0,17,0.0,5089
19,1,41,0.0,18,0.46,5089
20,1,41,0.0,19,0.25,5089
21,1,41,0.0,20,0.0,5089
22,1,41,0.0,21,0.0,5089
23,1,41,0.0,22,0.0,5089
24,1,41,0.0,23,0.0,5089
25,1,41,0.0,24,0.0,5089
26,1,41,0.0,25,0.0,5089
27,1,41,0.0,26,0.0,5089
28,1,41,0.0,27,0.0,5089
29,1,41,0.0,28,0.0,5089
30,1,41,0.0,29,0.0,5089
31,1,41,0.0,30,0.0,5089
32,1,41,0.0,31,0.0,5089
33,1,41,0.0,32,0.0,5089
34,1,41,0.0,33,0.0,5089
35,1,41,0.0,34,0.0,5089
36,1,41,0.0,35,0.0,5089
37,1,41,0.0,36,0.0,5089
38,1,41,0.0,37,0.0,5089
39,1,41,0.0,38,0.0,5089
40,1,41,0.0,39,0.0,5089
41,1,41,0.0,40,0.0,5089
42,1,41,0.0,41,0.0,5089
43,1,41,0.0,42,0.0,5089
44,1,41,0.0,43,0.0,5089
45,1,41,0.0,44,0.0,5089
46,1,41,0.0,45,0.0,5089
47,1,41,0.0,46,0.0,5089
48,1,41,0.0,47,0.0,5089
49,1,41,0.0,48,0.0,5089
50,1,41,0.0,49,0.0,5089
51,1,41,0.0,50,0.0,5089
52,1,41,0.0,51,0.0,5089
53,1,41,0.0,52,0.0,5089
54,1,41,0.0,53,0.0,5089
55,1,41,0.0,54,0.0,5089
56,1,41,0.0,55,0.0,5089
57,1,41,0.0,56,0.0,5089
58,1,41,0.0,57,0.0,5089
59,1,41,0.0,58,0.0,5089
60,1,41,0.0,59,0.0,5089
61,1,41,0.0,60,0.0,5089
62,1,41,0.0,61,0.0,5089
63,1,41,0.0,62,0.0,5089
64,1,41,0.0,63,0.0,5089
65,1,41,0.0,64,0.0,5089
66,1,41,0.0,65,0.0,5089
67,1,41,0.0,66,0.0,5089
68,1,41,0.0,67,0.0,5089
69,1,41,0.0,68,0.0,5089
70,1,41,0.0,69,0.0,5089
71,1,41,0.0,70,0.26,5089
72,1,41,0.0,71,1.0,5089
73,1,41,0.0,72,1.0,5089
74,1,41,0.0,73,0.01,5089
75,1,41,0.0,74,0.0,5089
76,1,41,0.0,75,0.0,5089
77,1,41,0.0,76,0.0,5089
78,1,41,0.0,77,0.0,5089
79,1,41,0.0,78,0.0,5089
80,1,41,0.0,79,0.0,5089
81,1,41,0.0,80,0.0,5089
82,1,41,0.0,81,0.0,5089
83,1,41,0.0,82,0.0,5089
84,1,41,0.0,83,0.0,5089
85,1,41,0.0,84,0.0,5089
86,1,41,0.0,85,0.0,5089
87,1,41,0.0,86,0.0,5089
88,1,41,0.0,87,0.0,5089
89,1,41,0.0,88,0.0,5089
90,1,41,0.0,89,0.0,5089
91,1,41,0.0,90,0.0,5089
92,1,41,0.0,91,0.0,5089
93,1,41,0.0,92,0.0,5089
94,1,41,0.0,93,0.0,5089
95,1,41,0.0,94,0.0,5089
96,1,41,0.0,95,0.0,5089
97,1,41,0.0,96,0.0,5089
98,1,41,0.0,97,0.0,5089
99,1,41,0.0,98,0.0,5089
100,1,41,0.0,99,0.0,5089
101,1,41,0.0,100,0.0,5089
102,1,41,0.0,101,0.0,5089
103,1,41,0.0,102,0.0,5089
104,1,41,0.0,103,0.0,5089
105,1,41,0.0,104,0.0,5089
106,1,41,0.0,105,0.0,5089
107,1,41,0.0,106,0.0,5089
108,1,41,0.0,107,0.0,5089
109,1,41,0.0,108,0.0,5089
110,1,41,0.0,109,0.0,5089
111,1,41,0.0,110,0.0,5089
112,1,41,0.0,111,0.0,5089
113,1,41,0.0,112,0.0,5089
114,1,41,0.0,113,0.0,5089
115,1,41,0.0,114,0.0,5089
116,1,41,0.0,115,0.0,5089
117,1,41,0.0,116,0.0,5089
118,1,41,0.0,117,0.0,5089
119,1,41,0.0,118,0.0,5089
120,1,41,0.0,119,0.0,5089
121,1,41,0.0,120,0.0,5089
122,1,41,0.0,121,0.0,5089
123,1,41,0.0,122,0.0,5089
124,1,41,0.0,123,0.0,5089
125,1,41,0.0,124,0.0,5089
126,1,41,0.0,125,0.0,5089
127,1,41,0.0,126,0.0,5089
128,1,41,0.0,127,0.0,5089
129,1,41,0.0,128,0.0,5089
130,1,41,0.0,129,0.0,5089
131,1,41,0.0,130,0.0,5089
132,1,41,0.0,131,0.0,5089
133,1,41,0.0,132,0.0,5089
134,1,41,0.0,133,0.0,5089
135,1,41,0.0,134,0.0,5089
136,1,41,0.0,135,0.0,5089
137,1,41,0.0,136,0.0,5089
138,1,41,0.0,137,0.0,5089
139,1,41,0.0,138,0.0,5089
140,1,41,0.0,139,0.0,5089
141,1,41,0.0,140,0.0,5089
142,1,41,0.0,141,0.0,5089
143,1,41,0.0,142,0.0,5089
144,1,41,0.0,143,0.0,5089
145,1,41,0.0,144,0.0,5089
146,1,41,0.0,145,0.0,5089
147,1,41,0.0,146,0.0,5089
148,1,41,0.0,147,0.0,5089
149,1,41,0.0,148,0.0,5089
150,1,41,0.0,149,0.0,5089
151,1,41,0.0,150,0.0,5089
152,1,41,0.0,151,0.0,5089
153,1,41,0.0,152,0.0,5089
154,1,41,0.0,153,0.0,5089
155,1,41,0.0,154,0.0,5089
156,1,41,0.0,155,0.0,5089
157,1,41,0.0,156,0.0,5089
158,1,41,0.0,157,0.0,5089
159,1,41,0.0,158,0.0,5089
160,1,41,0.0,159,0.0,5089
161,1,41,0.0,160,0.0,5089
162,1,41,0.0,161,0.0,5089
163,1,41,0.0,162,0.0,5089
1,1,39,0.0,0,0.0,9408
2,1,39,0.0,1,0.0,9408
3,1,39,0.0,2,0.0,9408
4,1,39,0.0,3,0.0,9408
5,1,39,0.0,4,0.07,9408
6,1,39,0.0,5,1.0,9408
7,1,39,0.0,6,1.0,9408
8,1,39,0.0,7,0.13,9408
9,1,39,0.0,8,0.0,9408
10,1,39,0.0,9,0.62,9408
11,1,39,0.0,10,1.0,9408
12,1,39,0.0,11,1.0,9408
13,1,39,0.0,12,0.07,9408
14,1,39,0.0,13,0.0,9408
15,1,39,0.0,14,0.0,9408
16,1,39,0.0,15,0.0,9408
17,1,39,0.0,16,0.0,9408
18,1,39,0.0,17,0.0,9408
19,1,39,0.0,18,0.0,9408
20,1,39,0.0,19,0.0,9408
21,1,39,0.0,20,0.0,9408
22,1,39,0.0,21,0.0,9408
23,1,39,0.0,22,0.0,9408
24,1,39,0.0,23,0.0,9408
25,1,39,0.0,24,0.0,9408
26,1,39,0.0,25,0.0,9408
27,1,39,0.0,26,0.0,9408
28,1,39,0.0,27,0.9,9408
29,1,39,0.0,28,1.0,9408
30,1,39,0.0,29,0.97,9408
31,1,39,0.0,30,0.0,9408
32,1,39,0.0,31,0.0,9408
33,1,39,0.0,32,0.05,9408
34,1,39,0.0,33,1.0,9408
35,1,39,0.0,34,1.0,9408
36,1,39,0.0,35,1.0,9408
37,1,39,0.0,36,0.77,9408
38,1,39,0.0,37,0.0,9408
39,1,39,0.0,38,0.0,9408
40,1,39,0.0,39,0.0,9408
41,1,39,0.0,40,0.0,9408
42,1,39,0.0,41,0.0,9408
43,1,39,0.0,42,0.0,9408
44,1,39,0.0,43,0.0,9408
45,1,39,0.0,44,0.0,9408
46,1,39,0.0,45,0.0,9408
47,1,39,0.0,46,0.0,9408
48,1,39,0.0,47,0.0,9408
49,1,39,0.0,48,0.0,9408
50,1,39,0.0,49,0.0,9408
51,1,39,0.0,50,0.0,9408
52,1,39,0.0,51,0.0,9408
53,1,39,0.0,52,0.0,9408
54,1,39,0.0,53,0.0,9408
55,1,39,0.0,54,0.0,9408
56,1,39,0.0,55,0.0,9408
57,1,39,0.0,56,0.0,9408
58,1,39,0.0,57,0.0,9408
59,1,39,0.0,58,0.0,9408
60,1,39,0.0,59,0.0,9408
61,1,39,0.0,60,0.0,9408
62,1,39,0.0,61,0.0,9408
63,1,39,0.0,62,0.0,9408
64,1,39,0.0,63,0.0,9408
65,1,39,0.0,64,0.0,9408
66,1,39,0.0,65,0.0,9408
67,1,39,0.0,66,0.0,9408
68,1,39,0.0,67,0.0,9408
69,1,39,0.0,68,0.0,9408
70,1,39,0.0,69,0.0,9408
71,1,39,0.0,70,0.0,9408
72,1,39,0.0,71,0.0,9408
73,1,39,0.0,72,0.0,9408
74,1,39,0.0,73,0.0,9408
75,1,39,0.0,74,0.0,9408
76,1,39,0.0,75,0.0,9408
77,1,39,0.0,76,0.0,9408
78,1,39,0.0,77,0.0,9408
79,1,39,0.0,78,0.0,9408
80,1,39,0.0,79,0.0,9408
81,1,39,0.0,80,0.0,9408
82,1,39,0.0,81,0.66,9408
83,1,39,0.0,82,1.0,9408
84,1,39,0.0,83,1.0,9408
85,1,39,0.0,84,0.65,9408
86,1,39,0.0,85,0.0,9408
87,1,39,0.0,86,0.0,9408
88,1,39,0.0,87,0.0,9408
89,1,39,0.0,88,0.0,9408
90,1,39,0.0,89,0.16,9408
91,1,39,0.0,90,1.0,9408
92,1,39,0.0,91,0.14,9408
93,1,39,0.0,92,0.0,9408
94,1,39,0.0,93,0.0,9408
95,1,39,0.0,94,0.0,9408
96,1,39,0.0,95,0.0,9408
97,1,39,0.0,96,0.0,9408
98,1,39,0.0,97,0.0,9408
99,1,39,0.0,98,0.0,9408
100,1,39,0.0,99,0.0,9408
101,1,39,0.0,100,0.0,9408
102,1,39,0.0,101,0.0,9408
103,1,39,0.0,102,0.0,9408
104,1,39,0.0,103,0.0,9408
105,1,39,0.0,104,0.0,9408
106,1,39,0.0,105,0.0,9408
107,1,39,0.0,106,0.0,9408
108,1,39,0.0,107,0.0,9408
109,1,39,0.0,108,0.25,9408
110,1,39,0.0,109,1.0,9408
111,1,39,0.0,110,1.0,9408
112,1,39,0.0,111,1.0,9408
113,1,39,0.0,112,1.0,9408
114,1,39,0.0,113,0.35,9408
115,1,39,0.0,114,0.0,9408
116,1,39,0.0,115,0.0,9408
117,1,39,0.0,116,0.0,9408
118,1,39,0.0,117,0.0,9408
119,1,39,0.0,118,0.0,9408
120,1,39,0.0,119,0.0,9408
121,1,39,0.0,120,0.0,9408
122,1,39,0.0,121,0.0,9408
123,1,39,0.0,122,0.0,9408
124,1,39,0.0,123,0.0,9408
125,1,39,0.0,124,0.0,9408
126,1,39,0.0,125,0.0,9408
127,1,39,0.0,126,0.2,9408
128,1,39,0.0,127,1.0,9408
129,1,39,0.0,128,0.21,9408
130,1,39,0.0,129,0.6,9408
131,1,39,0.0,130,1.0,9408
132,1,39,0.0,131,0.55,9408
133,1,39,0.0,132,0.0,9408
134,1,39,0.0,133,0.0,9408
135,1,39,0.0,134,0.0,9408
136,1,39,0.0,135,0.0,9408
137,1,39,0.0,136,0.0,9408
138,1,39,0.0,137,0.0,9408
139,1,39,0.0,138,0.0,9408
140,1,39,0.0,139,0.0,9408
141,1,39,0.0,140,0.0,9408
142,1,39,0.0,141,0.0,9408
143,1,39,0.0,142,0.0,9408
144,1,39,0.0,143,0.0,9408
145,1,39,0.0,144,0.0,9408
146,1,39,0.0,145,0.0,9408
147,1,39,0.0,146,0.0,9408
148,1,39,0.0,147,0.0,9408
149,1,39,0.0,148,0.4,9408
150,1,39,0.0,149,1.0,9408
151,1,39,0.0,150,1.0,9408
152,1,39,0.0,151,1.0,9408
153,1,39,0.0,152,0.35,9408
154,1,39,0.0,153,0.0,9408
155,1,39,0.0,154,0.0,9408
156,1,39,0.0,155,0.0,9408
157,1,39,0.0,156,0.0,9408
158,1,39,0.0,157,0.0,9408
159,1,39,0.0,158,0.0,9408
160,1,39,0.0,159,0.0,9408
161,1,39,0.0,160,0.0,9408
162,1,39,0.0,161,0.0,9408
163,1,39,0.0,162,0.0,9408
1,1,40,0.0,0,0.0,4964
2,1,40,0.0,1,0.0,4964
3,1,40,0.0,2,0.0,4964
4,1,40,0.0,3,0.0,4964
5,1,40,0.0,4,0.0,4964
6,1,40,0.0,5,0.0,4964
7,1,40,0.0,6,0.0,4964
8,1,40,0.0,7,0.02,4964
9,1,40,0.0,8,0.45,4964
10,1,40,0.0,9,0.39,4964
11,1,40,0.07,10,0.13,4964
12,1,40,1.0,11,0.0,4964
13,1,40,1.0,12,0.0,4964
14,1,40,0.7,13,0.0,4964
15,1,40,0.0,14,0.0,4964
16,1,40,0.0,15,0.07,4964
17,1,40,0.0,16,0.63,4964
18,1,40,0.0,17,0.0,4964
19,1,40,0.0,18,0.0,4964
20,1,40,0.0,19,0.0,4964
21,1,40,0.0,20,0.0,4964
22,1,40,0.0,21,0.0,4964
23,1,40,0.0,22,0.0,4964
24,1,40,0.0,23,0.0,4964
25,1,40,0.0,24,0.77,4964
26,1,40,0.0,25,1.0,4964
27,1,40,0.0,26,1.0,4964
28,1,40,0.0,27,1.0,4964
29,1,40,0.17,28,0.38,4964
30,1,40,1.0,29,0.0,4964
31,1,40,0.24,30,0.0,4964
32,1,40,0.0,31,0.0,4964
33,1,40,0.0,32,0.0,4964
34,1,40,0.0,33,0.45,4964
35,1,40,0.0,34,0.2,4964
36,1,40,0.0,35,0.37,4964
37,1,40,0.0,36,0.15,4964
38,1,40,0.0,37,0.0,4964
39,1,40,0.0,38,0.0,4964
40,1,40,0.0,39,0.0,4964
41,1,40,0.0,40,0.0,4964
42,1,40,0.0,41,0.0,4964
43,1,40,0.0,42,0.0,4964
44,1,40,0.0,43,0.0,4964
45,1,40,0.0,44,0.0,4964
46,1,40,0.0,45,0.0,4964
47,1,40,0.0,46,0.0,4964
48,1,40,0.0,47,0.0,4964
49,1,40,0.0,48,0.0,4964
50,1,40,0.0,49,0.0,4964
51,1,40,0.0,50,0.0,4964
52,1,40,0.0,51,0.0,4964
53,1,40,0.0,52,0.0,4964
54,1,40,0.0,53,0.0,4964
55,1,40,0.0,54,0.0,4964
56,1,40,0.0,55,0.0,4964
57,1,40,0.0,56,0.0,4964
58,1,40,0.0,57,0.0,4964
59,1,40,0.0,58,0.0,4964
60,1,40,0.0,59,0.0,4964
61,1,40,0.0,60,0.0,4964
62,1,40,0.0,61,0.0,4964
63,1,40,0.0,62,0.0,4964
64,1,40,0.0,63,0.7,4964
65,1,40,0.0,64,0.0,4964
66,1,40,0.0,65,0.65,4964
67,1,40,0.0,66,0.0,4964
68,1,40,0.0,67,0.0,4964
69,1,40,0.0,68,0.0,4964
70,1,40,0.0,69,0.0,4964
71,1,40,0.0,70,0.0,4964
72,1,40,0.0,71,0.0,4964
73,1,40,0.0,72,0.0,4964
74,1,40,0.0,73,0.0,4964
75,1,40,0.0,74,0.0,4964
76,1,40,0.0,75,0.0,4964
77,1,40,0.0,76,0.0,4964
78,1,40,0.0,77,0.0,4964
79,1,40,0.0,78,0.0,4964
80,1,40,0.0,79,0.0,4964
81,1,40,0.0,80,0.0,4964
82,1,40,0.0,81,0.0,4964
83,1,40,0.0,82,0.0,4964
84,1,40,0.0,83,0.0,4964
85,1,40,0.0,84,0.0,4964
86,1,40,0.0,85,0.0,4964
87,1,40,0.0,86,0.0,4964
88,1,40,0.0,87,0.0,4964
89,1,40,0.0,88,0.0,4964
90,1,40,0.0,89,0.0,4964
91,1,40,0.0,90,0.0,4964
92,1,40,0.0,91,0.0,4964
93,1,40,0.0,92,0.0,4964
94,1,40,0.0,93,0.0,4964
95,1,40,0.0,94,0.0,4964
96,1,40,0.0,95,0.0,4964
97,1,40,0.0,96,0.0,4964
98,1,40,0.0,97,0.0,4964
99,1,40,0.0,98,0.0,4964
100,1,40,0.0,99,0.0,4964
101,1,40,0.0,100,0.0,4964
102,1,40,0.0,101,0.0,4964
103,1,40,0.0,102,0.0,4964
104,1,40,0.0,103,0.0,4964
105,1,40,0.0,104,0.0,4964
106,1,40,0.0,105,0.0,4964
107,1,40,0.0,106,0.0,4964
108,1,40,0.0,107,0.0,4964
109,1,40,0.0,108,0.0,4964
110,1,40,0.0,109,0.0,4964
111,1,40,0.0,110,0.0,4964
112,1,40,0.0,111,0.0,4964
113,1,40,0.0,112,0.0,4964
114,1,40,0.0,113,0.0,4964
115,1,40,0.0,114,0.0,4964
116,1,40,0.0,115,0.0,4964
117,1,40,0.0,116,0.0,4964
118,1,40,0.0,117,0.0,4964
119,1,40,0.0,118,0.0,4964
120,1,40,0.0,119,0.0,4964
121,1,40,0.0,120,0.0,4964
122,1,40,0.0,121,0.0,4964
123,1,40,0.0,122,0.0,4964
124,1,40,0.0,123,0.0,4964
125,1,40,0.0,124,0.0,4964
126,1,40,0.0,125,0.0,4964
127,1,40,0.0,126,0.0,4964
128,1,40,0.0,127,0.0,4964
129,1,40,0.0,128,0.0,4964
130,1,40,0.0,129,0.0,4964
131,1,40,0.0,130,0.0,4964
132,1,40,0.0,131,0.0,4964
133,1,40,0.0,132,0.0,4964
134,1,40,0.0,133,0.0,4964
135,1,40,0.0,134,0.0,4964
136,1,40,0.0,135,0.0,4964
137,1,40,0.0,136,0.0,4964
138,1,40,0.0,137,0.0,4964
139,1,40,0.0,138,0.0,4964
140,1,40,0.0,139,0.0,4964
141,1,40,0.0,140,0.0,4964
142,1,40,0.0,141,0.0,4964
143,1,40,0.0,142,0.0,4964
144,1,40,0.0,143,0.0,4964
145,1,40,0.0,144,0.0,4964
146,1,40,0.0,145,0.0,4964
147,1,40,0.0,146,0.0,4964
148,1,40,0.0,147,0.0,4964
149,1,40,0.0,148,0.0,4964
150,1,40,0.0,149,0.0,4964
151,1,40,0.0,150,0.0,4964
152,1,40,0.0,151,0.0,4964
153,1,40,0.0,152,0.0,4964
154,1,40,0.0,153,0.0,4964
155,1,40,0.0,154,0.0,4964
156,1,40,0.0,155,0.0,4964
157,1,40,0.0,156,0.0,4964
158,1,40,0.0,157,0.0,4964
159,1,40,0.0,158,0.0,4964
160,1,40,0.0,159,0.0,4964
161,1,40,0.0,160,0.0,4964
162,1,40,0.0,161,0.0,4964
163,1,40,0.0,162,0.0,4964
1,1,42,0.0,0,0.0,3408
2,1,42,0.0,1,0.0,3408
3,1,42,0.0,2,0.0,3408
4,1,42,0.0,3,0.0,3408
5,1,42,0.0,4,0.0,3408
6,1,42,0.0,5,0.0,3408
7,1,42,0.0,6,0.0,3408
8,1,42,0.0,7,0.0,3408
9,1,42,0.0,8,0.0,3408
10,1,42,0.0,9,0.0,3408
11,1,42,0.0,10,0.0,3408
12,1,42,0.0,11,0.0,3408
13,1,42,0.0,12,0.0,3408
14,1,42,0.0,13,0.0,3408
15,1,42,0.0,14,0.0,3408
16,1,42,0.0,15,0.0,3408
17,1,42,0.0,16,0.0,3408
18,1,42,0.0,17,0.0,3408
19,1,42,0.0,18,0.0,3408
20,1,42,0.0,19,0.0,3408
21,1,42,0.0,20,0.0,3408
22,1,42,0.0,21,0.0,3408
23,1,42,0.0,22,0.0,3408
24,1,42,0.0,23,0.0,3408
25,1,42,0.0,24,0.0,3408
26,1,42,0.0,25,0.0,3408
27,1,42,0.0,26,0.0,3408
28,1,42,0.0,27,0.0,3408
29,1,42,0.0,28,0.0,3408
30,1,42,0.0,29,0.0,3408
31,1,42,0.0,30,0.0,3408
32,1,42,0.0,31,0.0,3408
33,1,42,0.0,32,0.0,3408
34,1,42,0.0,33,0.0,3408
35,1,42,0.0,34,0.0,3408
36,1,42,0.0,35,0.0,3408
37,1,42,0.0,36,0.0,3408
38,1,42,0.0,37,0.0,3408
39,1,42,0.0,38,0.0,3408
40,1,42,0.0,39,0.0,3408
41,1,42,0.0,40,0.0,3408
42,1,42,0.0,41,0.0,3408
43,1,42,0.0,42,0.0,3408
44,1,42,0.0,43,0.0,3408
45,1,42,0.0,44,0.0,3408
46,1,42,0.0,45,0.0,3408
47,1,42,0.0,46,0.0,3408
48,1,42,0.0,47,0.0,3408
49,1,42,0.0,48,0.0,3408
50,1,42,0.0,49,0.0,3408
51,1,42,0.0,50,0.0,3408
52,1,42,0.0,51,0.0,3408
53,1,42,0.0,52,0.0,3408
54,1,42,0.0,53,0.0,3408
55,1,42,0.0,54,0.0,3408
56,1,42,0.0,55,0.0,3408
57,1,42,0.0,56,0.0,3408
58,1,42,0.0,57,0.0,3408
59,1,42,0.0,58,0.0,3408
60,1,42,0.0,59,0.0,3408
61,1,42,0.0,60,0.0,3408
62,1,42,0.0,61,0.0,3408
63,1,42,0.0,62,0.0,3408
64,1,42,0.0,63,0.0,3408
65,1,42,0.0,64,0.0,3408
66,1,42,0.0,65,0.0,3408
67,1,42,0.0,66,0.0,3408
68,1,42,0.0,67,0.0,3408
69,1,42,0.0,68,0.0,3408
70,1,42,0.0,69,0.0,3408
71,1,42,0.0,70,0.0,3408
72,1,42,0.0,71,0.0,3408
73,1,42,0.0,72,0.0,3408
74,1,42,0.0,73,0.0,3408
75,1,42,0.0,74,0.0,3408
76,1,42,0.0,75,0.0,3408
77,1,42,0.0,76,0.0,3408
78,1,42,0.0,77,0.0,3408
79,1,42,0.0,78,0.0,3408
80,1,42,0.0,79,0.0,3408
81,1,42,0.0,80,0.0,3408
82,1,42,0.0,81,0.0,3408
83,1,42,0.0,82,0.0,3408
84,1,42,0.0,83,0.0,3408
85,1,42,0.0,84,0.0,3408
86,1,42,0.0,85,0.0,3408
87,1,42,0.0,86,0.0,3408
88,1,42,0.0,87,0.0,3408
89,1,42,0.0,88,0.0,3408
90,1,42,0.0,89,0.0,3408
91,1,42,0.0,90,0.0,3408
92,1,42,0.0,91,0.0,3408
93,1,42,0.0,92,0.0,3408
94,1,42,0.0,93,0.0,3408
95,1,42,0.0,94,0.0,3408
96,1,42,0.0,95,0.0,3408
97,1,42,0.0,96,0.0,3408
98,1,42,0.0,97,0.0,3408
99,1,42,0.0,98,0.0,3408
100,1,42,0.0,99,0.0,3408
101,1,42,0.0,100,0.0,3408
102,1,42,0.0,101,0.0,3408
103,1,42,0.0,102,0.0,3408
104,1,42,0.0,103,0.0,3408
105,1,42,0.0,104,0.0,3408
106,1,42,0.0,105,0.0,3408
107,1,42,0.0,106,0.0,3408
108,1,42,0.0,107,0.0,3408
109,1,42,0.0,108,0.0,3408
110,1,42,0.0,109,0.0,3408
111,1,42,0.0,110,0.0,3408
112,1,42,0.0,111,0.0,3408
113,1,42,0.0,112,0.0,3408
114,1,42,0.0,113,0.0,3408
115,1,42,0.0,114,0.0,3408
116,1,42,0.0,115,0.0,3408
117,1,42,0.0,116,0.0,3408
118,1,42,0.0,117,0.0,3408
119,1,42,0.0,118,0.0,3408
120,1,42,0.0,119,0.0,3408
121,1,42,0.0,120,0.0,3408
122,1,42,0.0,121,0.0,3408
123,1,42,0.0,122,0.0,3408
124,1,42,0.0,123,0.0,3408
125,1,42,0.0,124,0.0,3408
126,1,42,0.0,125,0.0,3408
127,1,42,0.0,126,0.0,3408
128,1,42,0.0,127,0.0,3408
129,1,42,0.0,128,0.0,3408
130,1,42,0.0,129,0.0,3408
131,1,42,0.0,130,0.0,3408
132,1,42,0.0,131,0.0,3408
133,1,42,0.0,132,0.0,3408
134,1,42,0.0,133,0.0,3408
135,1,42,0.0,134,0.0,3408
136,1,42,0.0,135,0.0,3408
137,1,42,0.0,136,0.0,3408
138,1,42,0.0,137,0.0,3408
139,1,42,0.0,138,0.0,3408
140,1,42,0.0,139,0.0,3408
141,1,42,0.0,140,0.0,3408
142,1,42,0.0,141,0.0,3408
143,1,42,0.0,142,0.0,3408
144,1,42,0.0,143,0.0,3408
145,1,42,0.0,144,0.0,3408
146,1,42,0.0,145,0.0,3408
147,1,42,0.0,146,0.0,3408
148,1,42,0.0,147,0.0,3408
149,1,42,0.0,148,0.0,3408
150,1,42,0.0,149,0.0,3408
151,1,42,0.0,150,0.0,3408
152,1,42,0.0,151,0.0,3408
153,1,42,0.0,152,0.0,3408
154,1,42,0.0,153,0.0,3408
155,1,42,0.0,154,0.0,3408
156,1,42,0.0,155,0.0,3408
157,1,42,0.0,156,0.0,3408
158,1,42,0.0,157,0.0,3408
159,1,42,0.0,158,0.0,3408
160,1,42,0.0,159,0.0,3408
161,1,42,0.0,160,0.0,3408
162,1,42,0.0,161,0.0,3408
163,1,42,0.0,162,0.0,3408
1,1,43,0.0,0,0.0,6072
2,1,43,0.0,1,0.0,6072
3,1,43,0.0,2,0.0,6072
4,1,43,0.0,3,0.0,6072
5,1,43,0.0,4,0.0,6072
6,1,43,0.0,5,0.0,6072
7,1,43,0.0,6,0.0,6072
8,1,43,0.0,7,0.0,6072
9,1,43,0.0,8,0.0,6072
10,1,43,0.0,9,0.0,6072
11,1,43,0.0,10,0.0,6072
12,1,43,0.0,11,0.0,6072
13,1,43,0.0,12,0.0,6072
14,1,43,0.0,13,0.0,6072
15,1,43,0.0,14,0.0,6072
16,1,43,0.0,15,0.0,6072
17,1,43,0.0,16,0.0,6072
18,1,43,0.0,17,0.0,6072
19,1,43,0.0,18,0.0,6072
20,1,43,0.0,19,0.0,6072
21,1,43,0.0,20,0.0,6072
22,1,43,0.0,21,0.0,6072
23,1,43,0.0,22,0.0,6072
24,1,43,0.0,23,0.0,6072
25,1,43,0.0,24,0.0,6072
26,1,43,0.0,25,0.0,6072
27,1,43,0.0,26,0.0,6072
28,1,43,0.0,27,0.0,6072
29,1,43,0.0,28,0.0,6072
30,1,43,0.0,29,0.0,6072
31,1,43,0.0,30,0.0,6072
32,1,43,0.0,31,0.0,6072
33,1,43,0.0,32,0.0,6072
34,1,43,0.0,33,0.0,6072
35,1,43,0.0,34,0.0,6072
36,1,43,0.0,35,0.0,6072
37,1,43,0.0,36,0.0,6072
38,1,43,0.0,37,0.0,6072
39,1,43,0.0,38,0.0,6072
40,1,43,0.0,39,0.0,6072
41,1,43,0.0,40,0.0,6072
42,1,43,0.0,41,0.0,6072
43,1,43,0.0,42,0.0,6072
44,1,43,0.0,43,0.0,6072
45,1,43,0.0,44,0.0,6072
46,1,43,0.0,45,0.0,6072
47,1,43,0.0,46,0.0,6072
48,1,43,0.0,47,0.0,6072
49,1,43,0.0,48,0.0,6072
50,1,43,0.0,49,0.0,6072
51,1,43,0.0,50,0.0,6072
52,1,43,0.0,51,0.0,6072
53,1,43,0.0,52,0.0,6072
54,1,43,0.0,53,0.0,6072
55,1,43,0.0,54,0.0,6072
56,1,43,0.0,55,0.0,6072
57,1,43,0.0,56,0.0,6072
58,1,43,0.0,57,0.0,6072
59,1,43,0.0,58,0.0,6072
60,1,43,0.0,59,0.0,6072
61,1,43,0.0,60,0.0,6072
62,1,43,0.0,61,0.0,6072
63,1,43,0.0,62,0.0,6072
64,1,43,0.0,63,0.0,6072
65,1,43,0.0,64,0.0,6072
66,1,43,0.0,65,0.0,6072
67,1,43,0.0,66,0.0,6072
68,1,43,0.0,67,0.0,6072
69,1,43,0.0,68,0.0,6072
70,1,43,0.0,69,0.0,6072
71,1,43,0.0,70,0.0,6072
72,1,43,0.0,71,0.0,6072
73,1,43,0.0,72,0.0,6072
74,1,43,0.0,73,0.0,6072
75,1,43,0.0,74,0.0,6072
76,1,43,0.0,75,0.0,6072
77,1,43,0.0,76,0.0,6072
78,1,43,0.0,77,0.0,6072
79,1,43,0.0,78,0.0,6072
80,1,43,0.0,79,0.0,6072
81,1,43,0.0,80,0.0,6072
82,1,43,0.0,81,0.0,6072
83,1,43,0.0,82,0.0,6072
84,1,43,0.0,83,0.0,6072
85,1,43,0.0,84,0.0,6072
86,1,43,0.0,85,0.0,6072
87,1,43,0.0,86,0.0,6072
88,1,43,0.0,87,0.0,6072
89,1,43,0.0,88,0.0,6072
90,1,43,0.0,89,0.0,6072
91,1,43,0.0,90,0.0,6072
92,1,43,0.0,91,0.0,6072
93,1,43,0.0,92,0.0,6072
94,1,43,0.0,93,0.0,6072
95,1,43,0.0,94,0.0,6072
96,1,43,0.0,95,0.0,6072
97,1,43,0.0,96,0.0,6072
98,1,43,0.0,97,0.0,6072
99,1,43,0.0,98,0.0,6072
100,1,43,0.0,99,0.0,6072
101,1,43,0.0,100,0.0,6072
102,1,43,0.0,101,0.0,6072
103,1,43,0.0,102,0.0,6072
104,1,43,0.0,103,0.0,6072
105,1,43,0.0,104,0.0,6072
106,1,43,0.0,105,0.0,6072
107,1,43,0.0,106,0.0,6072
108,1,43,0.0,107,0.0,6072
109,1,43,0.0,108,0.0,6072
110,1,43,0.0,109,0.0,6072
111,1,43,0.0,110,0.0,6072
112,1,43,0.0,111,0.0,6072
113,1,43,0.0,112,0.0,6072
114,1,43,0.0,113,0.0,6072
115,1,43,0.0,114,0.0,6072
116,1,43,0.0,115,0.0,6072
117,1,43,0.0,116,0.0,6072
118,1,43,0.0,117,0.0,6072
119,1,43,0.0,118,0.0,6072
120,1,43,0.0,119,0.0,6072
121,1,43,0.0,120,0.0,6072
122,1,43,0.0,121,0.0,6072
123,1,43,0.0,122,0.0,6072
124,1,43,0.0,123,0.0,6072
125,1,43,0.0,124,0.0,6072
126,1,43,0.0,125,0.0,6072
127,1,43,0.0,126,0.0,6072
128,1,43,0.0,127,0.0,6072
129,1,43,0.0,128,0.0,6072
130,1,43,0.0,129,0.0,6072
131,1,43,0.0,130,0.0,6072
132,1,43,0.0,131,0.0,6072
133,1,43,0.0,132,0.0,6072
134,1,43,0.0,133,0.0,6072
135,1,43,0.0,134,0.0,6072
136,1,43,0.0,135,0.0,6072
137,1,43,0.0,136,0.0,6072
138,1,43,0.0,137,0.0,6072
139,1,43,0.0,138,0.0,6072
140,1,43,0.0,139,0.0,6072
141,1,43,0.0,140,0.0,6072
142,1,43,0.0,141,0.0,6072
143,1,43,0.0,142,0.0,6072
144,1,43,0.0,143,0.0,6072
145,1,43,0.0,144,0.0,6072
146,1,43,0.0,145,0.0,6072
147,1,43,0.0,146,0.0,6072
148,1,43,0.0,147,0.0,6072
149,1,43,0.0,148,0.0,6072
150,1,43,0.0,149,0.0,6072
151,1,43,0.0,150,0.0,6072
152,1,43,0.0,151,0.0,6072
153,1,43,0.0,152,0.0,6072
154,1,43,0.0,153,0.0,6072
155,1,43,0.0,154,0.0,6072
156,1,43,0.0,155,0.0,6072
157,1,43,0.0,156,0.0,6072
158,1,43,0.0,157,0.0,6072
159,1,43,0.0,158,0.0,6072
160,1,43,0.0,159,0.0,6072
161,1,43,0.0,160,0.0,6072
162,1,43,0.0,161,0.0,6072
163,1,43,0.0,162,0.0,6072
1,1,43,0.0,0,0.0,867
2,1,43,0.0,1,0.0,867
3,1,43,0.0,2,0.0,867
4,1,43,0.0,3,0.0,867
5,1,43,0.0,4,0.0,867
6,1,43,0.0,5,0.0,867
7,1,43,0.0,6,0.0,867
8,1,43,0.0,7,0.0,867
9,1,43,0.0,8,0.0,867
10,1,43,0.0,9,0.0,867
11,1,43,0.0,10,0.0,867
12,1,43,0.0,11,0.0,867
13,1,43,0.0,12,0.0,867
14,1,43,0.0,13,0.0,867
15,1,43,0.0,14,0.0,867
16,1,43,0.0,15,0.0,867
17,1,43,0.0,16,0.0,867
18,1,43,0.0,17,0.0,867
19,1,43,0.0,18,0.0,867
20,1,43,0.0,19,0.0,867
21,1,43,0.0,20,0.0,867
22,1,43,0.0,21,0.0,867
23,1,43,0.0,22,0.0,867
24,1,43,0.0,23,0.0,867
25,1,43,0.0,24,0.0,867
26,1,43,0.0,25,0.0,867
27,1,43,0.0,26,0.0,867
28,1,43,0.0,27,0.0,867
29,1,43,0.0,28,0.0,867
30,1,43,0.0,29,0.0,867
31,1,43,0.0,30,0.0,867
32,1,43,0.0,31,0.0,867
33,1,43,0.0,32,0.0,867
34,1,43,0.0,33,0.0,867
35,1,43,0.0,34,0.0,867
36,1,43,0.0,35,0.0,867
37,1,43,0.0,36,0.0,867
38,1,43,0.0,37,0.0,867
39,1,43,0.0,38,0.0,867
40,1,43,0.0,39,0.0,867
41,1,43,0.0,40,0.0,867
42,1,43,0.0,41,0.0,867
43,1,43,0.0,42,0.0,867
44,1,43,0.0,43,0.0,867
45,1,43,0.0,44,0.0,867
46,1,43,0.0,45,0.0,867
47,1,43,0.0,46,0.0,867
48,1,43,0.0,47,0.0,867
49,1,43,0.0,48,0.0,867
50,1,43,0.0,49,0.0,867
51,1,43,0.0,50,0.0,867
52,1,43,0.0,51,0.0,867
53,1,43,0.0,52,0.0,867
54,1,43,0.0,53,0.0,867
55,1,43,0.0,54,0.0,867
56,1,43,0.0,55,0.0,867
57,1,43,0.0,56,0.0,867
58,1,43,0.0,57,0.0,867
59,1,43,0.0,58,0.0,867
60,1,43,0.0,59,0.0,867
61,1,43,0.0,60,0.0,867
62,1,43,0.0,61,0.0,867
63,1,43,0.0,62,0.0,867
64,1,43,0.0,63,0.0,867
65,1,43,0.0,64,0.0,867
66,1,43,0.0,65,0.0,867
67,1,43,0.0,66,0.0,867
68,1,43,0.0,67,0.0,867
69,1,43,0.0,68,0.0,867
70,1,43,0.0,69,0.0,867
71,1,43,0.0,70,0.0,867
72,1,43,0.0,71,0.0,867
73,1,43,0.0,72,0.0,867
74,1,43,0.0,73,0.0,867
75,1,43,0.0,74,0.0,867
76,1,43,0.0,75,0.0,867
77,1,43,0.0,76,0.0,867
78,1,43,0.0,77,0.0,867
79,1,43,0.0,78,0.0,867
80,1,43,0.0,79,0.0,867
81,1,43,0.0,80,0.0,867
82,1,43,0.0,81,0.0,867
83,1,43,0.0,82,0.0,867
84,1,43,0.0,83,0.0,867
85,1,43,0.0,84,0.0,867
86,1,43,0.0,85,0.0,867
87,1,43,0.0,86,0.0,867
88,1,43,0.0,87,0.0,867
89,1,43,0.0,88,0.0,867
90,1,43,0.0,89,0.0,867
91,1,43,0.0,90,0.0,867
92,1,43,0.0,91,0.0,867
93,1,43,0.0,92,0.0,867
94,1,43,0.0,93,0.0,867
95,1,43,0.0,94,0.0,867
96,1,43,0.0,95,0.0,867
97,1,43,0.0,96,0.0,867
98,1,43,0.0,97,0.0,867
99,1,43,0.0,98,0.0,867
100,1,43,0.0,99,0.0,867
101,1,43,0.0,100,0.0,867
102,1,43,0.0,101,0.0,867
103,1,43,0.0,102,0.0,867
104,1,43,0.0,103,0.0,867
105,1,43,0.0,104,0.0,867
106,1,43,0.0,105,0.0,867
107,1,43,0.0,106,0.0,867
108,1,43,0.0,107,0.0,867
109,1,43,0.0,108,0.0,867
110,1,43,0.0,109,0.0,867
111,1,43,0.0,110,0.0,867
112,1,43,0.0,111,0.0,867
113,1,43,0.0,112,0.0,867
114,1,43,0.0,113,0.0,867
115,1,43,0.0,114,0.0,867
116,1,43,0.0,115,0.0,867
117,1,43,0.0,116,0.0,867
118,1,43,0.0,117,0.0,867
119,1,43,0.0,118,0.0,867
120,1,43,0.0,119,0.0,867
121,1,43,0.0,120,0.0,867
122,1,43,0.0,121,0.0,867
123,1,43,0.0,122,0.0,867
124,1,43,0.0,123,0.0,867
125,1,43,0.0,124,0.0,867
126,1,43,0.0,125,0.0,867
127,1,43,0.0,126,0.0,867
128,1,43,0.0,127,0.0,867
129,1,43,0.0,128,0.0,867
130,1,43,0.0,129,0.0,867
131,1,43,0.0,130,0.0,867
132,1,43,0.0,131,0.0,867
133,1,43,0.0,132,0.0,867
134,1,43,0.0,133,0.0,867
135,1,43,0.0,134,0.0,867
136,1,43,0.0,135,0.0,867
137,1,43,0.0,136,0.0,867
138,1,43,0.0,137,0.0,867
139,1,43,0.0,138,0.0,867
140,1,43,0.0,139,0.0,867
141,1,43,0.0,140,0.0,867
142,1,43,0.0,141,0.0,867
143,1,43,0.0,142,0.0,867
144,1,43,0.0,143,0.0,867
145,1,43,0.0,144,0.0,867
146,1,43,0.0,145,0.0,867
147,1,43,0.0,146,0.0,867
148,1,43,0.0,147,0.0,867
149,1,43,0.0,148,0.0,867
150,1,43,0.0,149,0.0,867
151,1,43,0.0,150,0.0,867
152,1,43,0.0,151,0.0,867
153,1,43,0.0,152,0.0,867
154,1,43,0.0,153,0.0,867
155,1,43,0.0,154,0.0,867
156,1,43,0.0,155,0.0,867
157,1,43,0.0,156,0.0,867
158,1,43,0.0,157,0.0,867
159,1,43,0.0,158,0.0,867
160,1,43,0.0,159,0.0,867
161,1,43,0.0,160,0.0,867
162,1,43,0.0,161,0.0,867
163,1,43,0.0,162,0.0,867
1,1,43,0.0,0,0.0,4999
2,1,43,0.0,1,0.0,4999
3,1,43,0.0,2,0.0,4999
4,1,43,0.0,3,0.0,4999
5,1,43,0.0,4,0.0,4999
6,1,43,0.0,5,0.0,4999
7,1,43,0.0,6,0.0,4999
8,1,43,0.0,7,0.0,4999
9,1,43,0.0,8,0.0,4999
10,1,43,0.0,9,0.0,4999
11,1,43,0.0,10,0.0,4999
12,1,43,0.0,11,0.0,4999
13,1,43,0.0,12,0.0,4999
14,1,43,0.0,13,0.0,4999
15,1,43,0.0,14,0.0,4999
16,1,43,0.0,15,0.0,4999
17,1,43,0.0,16,0.0,4999
18,1,43,0.0,17,0.0,4999
19,1,43,0.0,18,0.0,4999
20,1,43,0.0,19,0.0,4999
21,1,43,0.0,20,0.0,4999
22,1,43,0.0,21,0.0,4999
23,1,43,0.0,22,0.0,4999
24,1,43,0.0,23,0.0,4999
25,1,43,0.0,24,0.0,4999
26,1,43,0.0,25,0.0,4999
27,1,43,0.0,26,0.0,4999
28,1,43,0.0,27,0.0,4999
29,1,43,0.0,28,0.0,4999
30,1,43,0.0,29,0.0,4999
31,1,43,0.0,30,0.0,4999
32,1,43,0.0,31,0.0,4999
33,1,43,0.0,32,0.0,4999
34,1,43,0.0,33,0.0,4999
35,1,43,0.0,34,0.0,4999
36,1,43,0.0,35,0.0,4999
37,1,43,0.0,36,0.0,4999
38,1,43,0.0,37,0.0,4999
39,1,43,0.0,38,0.0,4999
40,1,43,0.0,39,0.0,4999
41,1,43,0.0,40,0.0,4999
42,1,43,0.0,41,0.0,4999
43,1,43,0.0,42,0.35,4999
44,1,43,0.0,43,0.35,4999
45,1,43,0.0,44,0.0,4999
46,1,43,0.0,45,0.0,4999
47,1,43,0.0,46,0.0,4999
48,1,43,0.0,47,0.0,4999
49,1,43,0.0,48,0.0,4999
50,1,43,0.0,49,0.0,4999
51,1,43,0.0,50,0.0,4999
52,1,43,0.0,51,0.0,4999
53,1,43,0.0,52,0.0,4999
54,1,43,0.0,53,0.0,4999
55,1,43,0.0,54,0.0,4999
56,1,43,0.0,55,0.0,4999
57,1,43,0.0,56,0.0,4999
58,1,43,0.0,57,0.0,4999
59,1,43,0.0,58,0.0,4999
60,1,43,0.0,59,0.0,4999
61,1,43,0.0,60,0.0,4999
62,1,43,0.0,61,0.0,4999
63,1,43,0.0,62,0.0,4999
64,1,43,0.0,63,0.0,4999
65,1,43,0.0,64,0.0,4999
66,1,43,0.0,65,0.0,4999
67,1,43,0.0,66,0.0,4999
68,1,43,0.0,67,0.0,4999
69,1,43,0.0,68,0.0,4999
70,1,43,0.0,69,0.0,4999
71,1,43,0.0,70,0.0,4999
72,1,43,0.0,71,0.0,4999
73,1,43,0.0,72,0.0,4999
74,1,43,0.0,73,0.0,4999
75,1,43,0.0,74,0.0,4999
76,1,43,0.0,75,0.0,4999
77,1,43,0.0,76,0.0,4999
78,1,43,0.0,77,0.0,4999
79,1,43,0.0,78,0.0,4999
80,1,43,0.0,79,0.0,4999
81,1,43,0.0,80,0.0,4999
82,1,43,0.0,81,0.0,4999
83,1,43,0.0,82,0.0,4999
84,1,43,0.0,83,0.0,4999
85,1,43,0.0,84,0.0,4999
86,1,43,0.0,85,0.0,4999
87,1,43,0.0,86,0.0,4999
88,1,43,0.0,87,0.0,4999
89,1,43,0.0,88,0.0,4999
90,1,43,0.0,89,0.0,4999
91,1,43,0.0,90,0.0,4999
92,1,43,0.0,91,0.0,4999
93,1,43,0.0,92,0.0,4999
94,1,43,0.0,93,0.0,4999
95,1,43,0.0,94,0.0,4999
96,1,43,0.0,95,0.0,4999
97,1,43,0.0,96,0.0,4999
98,1,43,0.0,97,0.0,4999
99,1,43,0.0,98,0.0,4999
100,1,43,0.0,99,0.0,4999
101,1,43,0.0,100,0.0,4999
102,1,43,0.0,101,0.0,4999
103,1,43,0.0,102,0.0,4999
104,1,43,0.0,103,0.0,4999
105,1,43,0.0,104,0.0,4999
106,1,43,0.0,105,0.0,4999
107,1,43,0.0,106,0.0,4999
108,1,43,0.0,107,0.0,4999
109,1,43,0.0,108,0.0,4999
110,1,43,0.0,109,0.0,4999
111,1,43,0.0,110,0.0,4999
112,1,43,0.0,111,0.0,4999
113,1,43,0.0,112,0.0,4999
114,1,43,0.0,113,0.0,4999
115,1,43,0.0,114,0.0,4999
116,1,43,0.0,115,0.0,4999
117,1,43,0.0,116,0.0,4999
118,1,43,0.0,117,0.0,4999
119,1,43,0.0,118,0.0,4999
120,1,43,0.0,119,0.0,4999
121,1,43,0.0,120,0.0,4999
122,1,43,0.0,121,0.0,4999
123,1,43,0.0,122,0.0,4999
124,1,43,0.0,123,0.0,4999
125,1,43,0.0,124,0.0,4999
126,1,43,0.0,125,0.0,4999
127,1,43,0.0,126,0.0,4999
128,1,43,0.0,127,0.0,4999
129,1,43,0.0,128,0.0,4999
130,1,43,0.0,129,0.0,4999
131,1,43,0.0,130,0.0,4999
132,1,43,0.0,131,0.0,4999
133,1,43,0.0,132,0.0,4999
134,1,43,0.0,133,0.0,4999
135,1,43,0.0,134,0.0,4999
136,1,43,0.0,135,0.0,4999
137,1,43,0.0,136,0.0,4999
138,1,43,0.0,137,0.0,4999
139,1,43,0.0,138,0.0,4999
140,1,43,0.0,139,0.0,4999
141,1,43,0.0,140,0.0,4999
142,1,43,0.0,141,0.0,4999
143,1,43,0.0,142,0.0,4999
144,1,43,0.0,143,0.0,4999
145,1,43,0.0,144,0.0,4999
146,1,43,0.0,145,0.0,4999
147,1,43,0.0,146,0.0,4999
148,1,43,0.0,147,0.0,4999
149,1,43,0.0,148,0.0,4999
150,1,43,0.0,149,0.0,4999
151,1,43,0.0,150,0.0,4999
152,1,43,0.0,151,0.0,4999
153,1,43,0.0,152,0.0,4999
154,1,43,0.0,153,0.0,4999
155,1,43,0.0,154,0.0,4999
156,1,43,0.0,155,0.0,4999
157,1,43,0.0,156,0.0,4999
158,1,43,0.0,157,0.0,4999
159,1,43,0.0,158,0.0,4999
160,1,43,0.0,159,0.0,4999
161,1,43,0.0,160,0.54,4999
162,1,43,0.0,161,0.87,4999
163,1,43,0.0,162,0.79,4999
1,1,43,0.0,0,0.0,7230
2,1,43,0.0,1,0.0,7230
3,1,43,0.0,2,0.0,7230
4,1,43,0.0,3,0.0,7230
5,1,43,0.0,4,0.0,7230
6,1,43,0.0,5,0.0,7230
7,1,43,0.0,6,0.0,7230
8,1,43,0.0,7,0.0,7230
9,1,43,0.0,8,0.0,7230
10,1,43,0.0,9,0.0,7230
11,1,43,0.0,10,0.0,7230
12,1,43,0.0,11,0.0,7230
13,1,43,0.0,12,0.0,7230
14,1,43,0.0,13,0.0,7230
15,1,43,0.0,14,0.0,7230
16,1,43,0.0,15,0.0,7230
17,1,43,0.0,16,0.0,7230
18,1,43,0.0,17,0.0,7230
19,1,43,0.0,18,0.0,7230
20,1,43,0.0,19,0.0,7230
21,1,43,0.0,20,0.0,7230
22,1,43,0.0,21,0.0,7230
23,1,43,0.0,22,0.0,7230
24,1,43,0.0,23,0.0,7230
25,1,43,0.0,24,0.0,7230
26,1,43,0.0,25,0.0,7230
27,1,43,0.0,26,0.0,7230
28,1,43,0.0,27,0.0,7230
29,1,43,0.0,28,0.0,7230
30,1,43,0.0,29,0.0,7230
31,1,43,0.0,30,0.0,7230
32,1,43,0.0,31,0.0,7230
33,1,43,0.0,32,0.0,7230
34,1,43,0.0,33,0.0,7230
35,1,43,0.0,34,0.0,7230
36,1,43,0.0,35,0.0,7230
37,1,43,0.0,36,0.0,7230
38,1,43,0.0,37,0.0,7230
39,1,43,0.0,38,0.0,7230
40,1,43,0.0,39,0.0,7230
41,1,43,0.0,40,0.0,7230
42,1,43,0.0,41,0.0,7230
43,1,43,0.0,42,0.0,7230
44,1,43,0.0,43,0.0,7230
45,1,43,0.0,44,0.8,7230
46,1,43,0.0,45,0.1,7230
47,1,43,0.0,46,0.0,7230
48,1,43,0.0,47,0.0,7230
49,1,43,0.0,48,0.0,7230
50,1,43,0.0,49,0.0,7230
51,1,43,0.0,50,0.0,7230
52,1,43,0.0,51,0.0,7230
53,1,43,0.0,52,0.0,7230
54,1,43,0.0,53,0.0,7230
55,1,43,0.0,54,0.0,7230
56,1,43,0.0,55,0.0,7230
57,1,43,0.0,56,0.0,7230
58,1,43,0.0,57,0.0,7230
59,1,43,0.0,58,0.0,7230
60,1,43,0.0,59,0.0,7230
61,1,43,0.0,60,0.0,7230
62,1,43,0.0,61,0.0,7230
63,1,43,0.0,62,0.0,7230
64,1,43,0.0,63,0.0,7230
65,1,43,0.0,64,0.0,7230
66,1,43,0.0,65,0.0,7230
67,1,43,0.0,66,0.0,7230
68,1,43,0.0,67,0.0,7230
69,1,43,0.0,68,0.0,7230
70,1,43,0.0,69,0.0,7230
71,1,43,0.0,70,0.0,7230
72,1,43,0.0,71,0.0,7230
73,1,43,0.0,72,0.0,7230
74,1,43,0.0,73,0.0,7230
75,1,43,0.0,74,0.0,7230
76,1,43,0.0,75,0.0,7230
77,1,43,0.0,76,0.0,7230
78,1,43,0.0,77,0.0,7230
79,1,43,0.0,78,0.0,7230
80,1,43,0.0,79,0.0,7230
81,1,43,0.0,80,0.0,7230
82,1,43,0.0,81,0.0,7230
83,1,43,0.0,82,0.0,7230
84,1,43,0.0,83,0.0,7230
85,1,43,0.0,84,0.0,7230
86,1,43,0.0,85,0.0,7230
87,1,43,0.0,86,0.0,7230
88,1,43,0.0,87,0.0,7230
89,1,43,0.0,88,0.0,7230
90,1,43,0.0,89,0.0,7230
91,1,43,0.0,90,0.0,7230
92,1,43,0.0,91,0.0,7230
93,1,43,0.0,92,0.0,7230
94,1,43,0.0,93,0.0,7230
95,1,43,0.0,94,0.0,7230
96,1,43,0.0,95,0.0,7230
97,1,43,0.0,96,0.0,7230
98,1,43,0.0,97,0.0,7230
99,1,43,0.0,98,0.0,7230
100,1,43,0.0,99,0.0,7230
101,1,43,0.0,100,0.0,7230
102,1,43,0.0,101,0.0,7230
103,1,43,0.0,102,0.0,7230
104,1,43,0.0,103,0.0,7230
105,1,43,0.0,104,0.0,7230
106,1,43,0.0,105,0.0,7230
107,1,43,0.0,106,0.0,7230
108,1,43,0.0,107,0.0,7230
109,1,43,0.0,108,0.0,7230
110,1,43,0.0,109,0.0,7230
111,1,43,0.0,110,0.0,7230
112,1,43,0.0,111,0.0,7230
113,1,43,0.0,112,0.0,7230
114,1,43,0.0,113,0.0,7230
115,1,43,0.0,114,0.0,7230
116,1,43,0.0,115,0.0,7230
117,1,43,0.0,116,0.0,7230
118,1,43,0.0,117,0.0,7230
119,1,43,0.0,118,0.0,7230
120,1,43,0.0,119,0.0,7230
121,1,43,0.0,120,0.0,7230
122,1,43,0.0,121,0.0,7230
123,1,43,0.0,122,0.0,7230
124,1,43,0.0,123,0.0,7230
125,1,43,0.0,124,0.0,7230
126,1,43,0.0,125,0.0,7230
127,1,43,0.0,126,0.0,7230
128,1,43,0.0,127,0.0,7230
129,1,43,0.0,128,0.0,7230
130,1,43,0.0,129,0.0,7230
131,1,43,0.0,130,0.0,7230
132,1,43,0.0,131,0.0,7230
133,1,43,0.0,132,0.0,7230
134,1,43,0.0,133,0.0,7230
135,1,43,0.0,134,0.0,7230
136,1,43,0.0,135,0.0,7230
137,1,43,0.0,136,0.0,7230
138,1,43,0.0,137,0.0,7230
139,1,43,0.0,138,0.0,7230
140,1,43,0.0,139,0.0,7230
141,1,43,0.0,140,0.0,7230
142,1,43,0.0,141,0.0,7230
143,1,43,0.0,142,0.0,7230
144,1,43,0.0,143,0.0,7230
145,1,43,0.0,144,0.0,7230
146,1,43,0.0,145,0.0,7230
147,1,43,0.0,146,0.0,7230
148,1,43,0.0,147,0.0,7230
149,1,43,0.0,148,0.0,7230
150,1,43,0.0,149,0.0,7230
151,1,43,0.0,150,0.0,7230
152,1,43,0.0,151,0.0,7230
153,1,43,0.0,152,0.0,7230
154,1,43,0.0,153,0.0,7230
155,1,43,0.0,154,0.0,7230
156,1,43,0.0,155,0.0,7230
157,1,43,0.0,156,0.0,7230
158,1,43,0.0,157,0.0,7230
159,1,43,0.0,158,0.0,7230
160,1,43,0.0,159,0.0,7230
161,1,43,0.0,160,0.0,7230
162,1,43,0.0,161,0.0,7230
163,1,43,0.0,162,0.0,7230
1,1,44,0.0,0,0.0,294
2,1,44,0.0,1,0.0,294
3,1,44,0.0,2,0.0,294
4,1,44,0.0,3,0.0,294
5,1,44,0.0,4,0.0,294
6,1,44,0.0,5,0.0,294
7,1,44,0.0,6,0.0,294
8,1,44,0.0,7,0.0,294
9,1,44,0.0,8,0.0,294
10,1,44,0.0,9,0.0,294
11,1,44,0.0,10,0.0,294
12,1,44,0.0,11,0.0,294
13,1,44,0.0,12,0.0,294
14,1,44,0.0,13,0.0,294
15,1,44,0.0,14,0.0,294
16,1,44,0.0,15,0.0,294
17,1,44,0.0,16,0.0,294
18,1,44,0.0,17,0.0,294
19,1,44,0.0,18,0.0,294
20,1,44,0.0,19,0.0,294
21,1,44,0.0,20,0.0,294
22,1,44,0.0,21,0.0,294
23,1,44,0.0,22,0.0,294
24,1,44,0.0,23,0.0,294
25,1,44,0.0,24,0.0,294
26,1,44,0.0,25,0.0,294
27,1,44,0.0,26,0.0,294
28,1,44,0.0,27,0.0,294
29,1,44,0.0,28,0.0,294
30,1,44,0.0,29,0.0,294
31,1,44,0.0,30,0.0,294
32,1,44,0.0,31,0.0,294
33,1,44,0.0,32,0.0,294
34,1,44,0.0,33,0.0,294
35,1,44,0.0,34,0.0,294
36,1,44,0.0,35,0.0,294
37,1,44,0.0,36,0.0,294
38,1,44,0.0,37,0.0,294
39,1,44,0.0,38,0.0,294
40,1,44,0.0,39,0.0,294
41,1,44,0.0,40,0.0,294
42,1,44,0.0,41,0.0,294
43,1,44,0.0,42,0.0,294
44,1,44,0.0,43,0.0,294
45,1,44,0.0,44,0.0,294
46,1,44,0.0,45,0.0,294
47,1,44,0.0,46,0.0,294
48,1,44,0.0,47,0.0,294
49,1,44,0.0,48,0.0,294
50,1,44,0.0,49,0.0,294
51,1,44,0.0,50,0.0,294
52,1,44,0.0,51,0.0,294
53,1,44,0.0,52,0.0,294
54,1,44,0.0,53,0.0,294
55,1,44,0.0,54,0.0,294
56,1,44,0.0,55,0.0,294
57,1,44,0.0,56,0.0,294
58,1,44,0.0,57,0.15,294
59,1,44,0.0,58,0.0,294
60,1,44,0.0,59,0.0,294
61,1,44,0.0,60,0.0,294
62,1,44,0.0,61,0.0,294
63,1,44,0.0,62,0.0,294
64,1,44,0.0,63,0.0,294
65,1,44,0.0,64,0.0,294
66,1,44,0.0,65,0.0,294
67,1,44,0.0,66,0.0,294
68,1,44,0.0,67,0.0,294
69,1,44,0.0,68,0.0,294
70,1,44,0.0,69,0.0,294
71,1,44,0.0,70,0.0,294
72,1,44,0.0,71,0.0,294
73,1,44,0.0,72,0.0,294
74,1,44,0.0,73,0.0,294
75,1,44,0.0,74,0.0,294
76,1,44,0.0,75,0.0,294
77,1,44,0.0,76,0.0,294
78,1,44,0.0,77,0.0,294
79,1,44,0.0,78,0.0,294
80,1,44,0.0,79,0.0,294
81,1,44,0.0,80,0.0,294
82,1,44,0.0,81,0.0,294
83,1,44,0.0,82,0.0,294
84,1,44,0.0,83,0.0,294
85,1,44,0.0,84,0.0,294
86,1,44,0.0,85,0.0,294
87,1,44,0.0,86,0.0,294
88,1,44,0.0,87,0.0,294
89,1,44,0.0,88,0.0,294
90,1,44,0.0,89,0.0,294
91,1,44,0.0,90,0.0,294
92,1,44,0.0,91,0.0,294
93,1,44,0.0,92,0.3,294
94,1,44,0.0,93,0.06,294
95,1,44,0.0,94,0.0,294
96,1,44,0.0,95,0.55,294
97,1,44,0.0,96,0.7,294
98,1,44,0.0,97,0.0,294
99,1,44,0.0,98,0.0,294
100,1,44,0.0,99,0.0,294
101,1,44,0.0,100,0.0,294
102,1,44,0.0,101,0.0,294
103,1,44,0.0,102,0.0,294
104,1,44,0.0,103,0.0,294
105,1,44,0.0,104,0.0,294
106,1,44,0.0,105,0.0,294
107,1,44,0.0,106,0.0,294
108,1,44,0.0,107,0.0,294
109,1,44,0.0,108,0.0,294
110,1,44,0.0,109,0.0,294
111,1,44,0.0,110,0.0,294
112,1,44,0.0,111,0.15,294
113,1,44,0.0,112,0.6,294
114,1,44,0.0,113,0.0,294
115,1,44,0.0,114,0.0,294
116,1,44,0.0,115,0.3,294
117,1,44,0.0,116,0.0,294
118,1,44,0.0,117,0.38,294
119,1,44,0.0,118,0.0,294
120,1,44,0.0,119,0.0,294
121,1,44,0.0,120,0.0,294
122,1,44,0.0,121,0.0,294
123,1,44,0.0,122,0.0,294
124,1,44,0.0,123,0.0,294
125,1,44,0.0,124,0.0,294
126,1,44,0.0,125,0.0,294
127,1,44,0.0,126,0.0,294
128,1,44,0.0,127,0.0,294
129,1,44,0.0,128,0.0,294
130,1,44,0.0,129,0.0,294
131,1,44,0.0,130,0.0,294
132,1,44,0.0,131,0.0,294
133,1,44,0.0,132,0.0,294
134,1,44,0.0,133,0.0,294
135,1,44,0.0,134,0.0,294
136,1,44,0.0,135,0.0,294
137,1,44,0.0,136,0.0,294
138,1,44,0.0,137,0.0,294
139,1,44,0.0,138,0.0,294
140,1,44,0.0,139,0.0,294
141,1,44,0.0,140,0.0,294
142,1,44,0.0,141,0.0,294
143,1,44,0.0,142,0.0,294
144,1,44,0.0,143,0.0,294
145,1,44,0.0,144,0.0,294
146,1,44,0.0,145,0.0,294
147,1,44,0.0,146,0.0,294
148,1,44,0.0,147,0.0,294
149,1,44,0.0,148,0.0,294
150,1,44,0.0,149,0.0,294
151,1,44,0.0,150,0.0,294
152,1,44,0.0,151,0.0,294
153,1,44,0.0,152,0.0,294
154,1,44,0.0,153,0.0,294
155,1,44,0.0,154,0.0,294
156,1,44,0.0,155,0.0,294
157,1,44,0.0,156,0.0,294
158,1,44,0.0,157,0.12,294
159,1,44,0.0,158,0.0,294
160,1,44,0.0,159,0.0,294
161,1,44,0.0,160,0.1,294
162,1,44,0.0,161,0.8,294
163,1,44,0.0,162,0.0,294
1,1,44,0.0,0,0.0,4123
2,1,44,0.0,1,0.0,4123
3,1,44,0.0,2,0.0,4123
4,1,44,0.0,3,0.0,4123
5,1,44,0.0,4,0.0,4123
6,1,44,0.0,5,0.0,4123
7,1,44,0.0,6,0.0,4123
8,1,44,0.0,7,0.0,4123
9,1,44,0.0,8,0.0,4123
10,1,44,0.0,9,0.0,4123
11,1,44,0.0,10,0.0,4123
12,1,44,0.0,11,0.0,4123
13,1,44,0.0,12,0.0,4123
14,1,44,0.0,13,0.0,4123
15,1,44,0.0,14,0.0,4123
16,1,44,0.0,15,0.0,4123
17,1,44,0.0,16,0.0,4123
18,1,44,0.0,17,0.0,4123
19,1,44,0.0,18,0.0,4123
20,1,44,0.0,19,0.0,4123
21,1,44,0.0,20,0.0,4123
22,1,44,0.0,21,0.0,4123
23,1,44,0.0,22,0.0,4123
24,1,44,0.0,23,0.0,4123
25,1,44,0.0,24,0.0,4123
26,1,44,0.0,25,0.0,4123
27,1,44,0.0,26,0.0,4123
28,1,44,0.0,27,0.0,4123
29,1,44,0.0,28,0.0,4123
30,1,44,0.0,29,0.0,4123
31,1,44,0.0,30,0.0,4123
32,1,44,0.0,31,0.0,4123
33,1,44,0.0,32,0.0,4123
34,1,44,0.0,33,0.0,4123
35,1,44,0.0,34,0.0,4123
36,1,44,0.0,35,0.0,4123
37,1,44,0.0,36,0.0,4123
38,1,44,0.0,37,0.0,4123
39,1,44,0.0,38,0.0,4123
40,1,44,0.0,39,0.0,4123
41,1,44,0.0,40,0.0,4123
42,1,44,0.0,41,0.0,4123
43,1,44,0.0,42,0.0,4123
44,1,44,0.0,43,0.0,4123
45,1,44,0.0,44,0.0,4123
46,1,44,0.0,45,0.0,4123
47,1,44,0.0,46,0.0,4123
48,1,44,0.0,47,0.0,4123
49,1,44,0.0,48,0.0,4123
50,1,44,0.0,49,0.0,4123
51,1,44,0.0,50,0.0,4123
52,1,44,0.0,51,0.0,4123
53,1,44,0.0,52,0.0,4123
54,1,44,0.0,53,0.0,4123
55,1,44,0.0,54,0.0,4123
56,1,44,0.0,55,0.0,4123
57,1,44,0.0,56,0.0,4123
58,1,44,0.0,57,0.0,4123
59,1,44,0.0,58,0.0,4123
60,1,44,0.0,59,0.0,4123
61,1,44,0.0,60,0.0,4123
62,1,44,0.0,61,0.0,4123
63,1,44,0.0,62,0.0,4123
64,1,44,0.0,63,0.0,4123
65,1,44,0.0,64,0.0,4123
66,1,44,0.0,65,0.0,4123
67,1,44,0.0,66,0.0,4123
68,1,44,0.0,67,0.0,4123
69,1,44,0.0,68,0.0,4123
70,1,44,0.0,69,0.0,4123
71,1,44,0.0,70,0.0,4123
72,1,44,0.0,71,0.0,4123
73,1,44,0.0,72,0.0,4123
74,1,44,0.0,73,0.0,4123
75,1,44,0.0,74,0.0,4123
76,1,44,0.0,75,0.0,4123
77,1,44,0.0,76,0.0,4123
78,1,44,0.0,77,0.0,4123
79,1,44,0.0,78,0.0,4123
80,1,44,0.0,79,0.0,4123
81,1,44,0.0,80,0.0,4123
82,1,44,0.0,81,0.0,4123
83,1,44,0.0,82,0.0,4123
84,1,44,0.0,83,0.0,4123
85,1,44,0.0,84,0.0,4123
86,1,44,0.0,85,0.0,4123
87,1,44,0.0,86,0.0,4123
88,1,44,0.0,87,0.0,4123
89,1,44,0.0,88,0.0,4123
90,1,44,0.0,89,0.0,4123
91,1,44,0.0,90,0.0,4123
92,1,44,0.0,91,0.0,4123
93,1,44,0.0,92,0.0,4123
94,1,44,0.0,93,0.0,4123
95,1,44,0.0,94,0.0,4123
96,1,44,0.0,95,0.0,4123
97,1,44,0.0,96,0.0,4123
98,1,44,0.0,97,0.0,4123
99,1,44,0.0,98,0.0,4123
100,1,44,0.0,99,0.0,4123
101,1,44,0.0,100,0.0,4123
102,1,44,0.0,101,0.0,4123
103,1,44,0.0,102,0.0,4123
104,1,44,0.0,103,0.0,4123
105,1,44,0.0,104,0.0,4123
106,1,44,0.0,105,0.0,4123
107,1,44,0.0,106,0.0,4123
108,1,44,0.0,107,0.0,4123
109,1,44,0.0,108,0.0,4123
110,1,44,0.0,109,0.0,4123
111,1,44,0.0,110,0.0,4123
112,1,44,0.0,111,0.0,4123
113,1,44,0.0,112,0.0,4123
114,1,44,0.0,113,0.0,4123
115,1,44,0.0,114,0.0,4123
116,1,44,0.0,115,0.0,4123
117,1,44,0.0,116,0.0,4123
118,1,44,0.0,117,0.0,4123
119,1,44,0.0,118,0.0,4123
120,1,44,0.0,119,0.0,4123
121,1,44,0.0,120,0.0,4123
122,1,44,0.0,121,0.0,4123
123,1,44,0.0,122,0.0,4123
124,1,44,0.0,123,0.0,4123
125,1,44,0.0,124,0.0,4123
126,1,44,0.0,125,0.0,4123
127,1,44,0.0,126,0.0,4123
128,1,44,0.0,127,0.0,4123
129,1,44,0.0,128,0.0,4123
130,1,44,0.0,129,0.0,4123
131,1,44,0.0,130,0.0,4123
132,1,44,0.0,131,0.0,4123
133,1,44,0.0,132,0.0,4123
134,1,44,0.0,133,0.0,4123
135,1,44,0.0,134,0.0,4123
136,1,44,0.0,135,0.0,4123
137,1,44,0.0,136,0.0,4123
138,1,44,0.0,137,0.0,4123
139,1,44,0.0,138,0.0,4123
140,1,44,0.0,139,0.0,4123
141,1,44,0.0,140,0.0,4123
142,1,44,0.0,141,0.0,4123
143,1,44,0.0,142,0.0,4123
144,1,44,0.0,143,0.0,4123
145,1,44,0.0,144,0.0,4123
146,1,44,0.0,145,0.0,4123
147,1,44,0.0,146,0.0,4123
148,1,44,0.0,147,0.0,4123
149,1,44,0.0,148,0.0,4123
150,1,44,0.0,149,0.0,4123
151,1,44,0.0,150,0.0,4123
152,1,44,0.0,151,0.0,4123
153,1,44,0.0,152,0.0,4123
154,1,44,0.0,153,0.0,4123
155,1,44,0.0,154,0.0,4123
156,1,44,0.0,155,0.0,4123
157,1,44,0.0,156,0.0,4123
158,1,44,0.0,157,0.0,4123
159,1,44,0.0,158,0.0,4123
160,1,44,0.0,159,0.0,4123
161,1,44,0.0,160,0.0,4123
162,1,44,0.0,161,0.0,4123
163,1,44,0.0,162,0.0,4123
1,1,44,0.0,0,0.0,11096
2,1,44,0.0,1,0.0,11096
3,1,44,0.0,2,0.0,11096
4,1,44,0.0,3,0.0,11096
5,1,44,0.0,4,0.0,11096
6,1,44,0.0,5,0.0,11096
7,1,44,0.0,6,0.0,11096
8,1,44,0.0,7,0.0,11096
9,1,44,0.0,8,0.0,11096
10,1,44,0.0,9,0.0,11096
11,1,44,0.0,10,0.0,11096
12,1,44,0.0,11,0.0,11096
13,1,44,0.0,12,0.0,11096
14,1,44,0.0,13,0.0,11096
15,1,44,0.0,14,0.0,11096
16,1,44,0.0,15,0.0,11096
17,1,44,0.0,16,0.0,11096
18,1,44,0.0,17,0.0,11096
19,1,44,0.0,18,0.0,11096
20,1,44,0.0,19,0.0,11096
21,1,44,0.0,20,0.0,11096
22,1,44,0.0,21,0.0,11096
23,1,44,0.0,22,0.0,11096
24,1,44,0.0,23,0.0,11096
25,1,44,0.0,24,0.0,11096
26,1,44,0.0,25,0.0,11096
27,1,44,0.0,26,0.0,11096
28,1,44,0.0,27,0.0,11096
29,1,44,0.0,28,0.0,11096
30,1,44,0.0,29,0.0,11096
31,1,44,0.0,30,0.0,11096
32,1,44,0.0,31,0.0,11096
33,1,44,0.0,32,0.0,11096
34,1,44,0.0,33,0.0,11096
35,1,44,0.0,34,0.0,11096
36,1,44,0.0,35,0.0,11096
37,1,44,0.0,36,0.0,11096
38,1,44,0.0,37,0.0,11096
39,1,44,0.0,38,0.0,11096
40,1,44,0.0,39,0.0,11096
41,1,44,0.0,40,0.0,11096
42,1,44,0.0,41,0.0,11096
43,1,44,0.0,42,0.0,11096
44,1,44,0.0,43,0.0,11096
45,1,44,0.0,44,0.0,11096
46,1,44,0.0,45,0.0,11096
47,1,44,0.0,46,0.0,11096
48,1,44,0.0,47,0.0,11096
49,1,44,0.0,48,0.0,11096
50,1,44,0.0,49,0.0,11096
51,1,44,0.0,50,0.0,11096
52,1,44,0.0,51,0.0,11096
53,1,44,0.0,52,0.0,11096
54,1,44,0.0,53,0.0,11096
55,1,44,0.0,54,0.0,11096
56,1,44,0.0,55,0.0,11096
57,1,44,0.0,56,0.0,11096
58,1,44,0.0,57,0.0,11096
59,1,44,0.0,58,0.0,11096
60,1,44,0.0,59,0.0,11096
61,1,44,0.0,60,0.0,11096
62,1,44,0.0,61,0.0,11096
63,1,44,0.0,62,0.0,11096
64,1,44,0.0,63,0.0,11096
65,1,44,0.0,64,0.0,11096
66,1,44,0.0,65,0.0,11096
67,1,44,0.0,66,0.0,11096
68,1,44,0.0,67,0.0,11096
69,1,44,0.0,68,0.0,11096
70,1,44,0.0,69,0.0,11096
71,1,44,0.0,70,0.0,11096
72,1,44,0.0,71,0.0,11096
73,1,44,0.0,72,0.0,11096
74,1,44,0.0,73,0.0,11096
75,1,44,0.0,74,0.0,11096
76,1,44,0.0,75,0.0,11096
77,1,44,0.0,76,0.0,11096
78,1,44,0.0,77,0.0,11096
79,1,44,0.0,78,0.0,11096
80,1,44,0.0,79,0.0,11096
81,1,44,0.0,80,0.0,11096
82,1,44,0.0,81,0.0,11096
83,1,44,0.0,82,0.0,11096
84,1,44,0.0,83,0.0,11096
85,1,44,0.0,84,0.0,11096
86,1,44,0.0,85,0.0,11096
87,1,44,0.0,86,0.0,11096
88,1,44,0.0,87,0.0,11096
89,1,44,0.0,88,0.0,11096
90,1,44,0.0,89,0.0,11096
91,1,44,0.0,90,0.0,11096
92,1,44,0.0,91,0.0,11096
93,1,44,0.0,92,0.0,11096
94,1,44,0.0,93,0.0,11096
95,1,44,0.0,94,0.0,11096
96,1,44,0.0,95,0.0,11096
97,1,44,0.0,96,0.0,11096
98,1,44,0.0,97,0.0,11096
99,1,44,0.0,98,0.0,11096
100,1,44,0.0,99,0.0,11096
101,1,44,0.0,100,0.0,11096
102,1,44,0.0,101,0.0,11096
103,1,44,0.0,102,0.0,11096
104,1,44,0.0,103,0.0,11096
105,1,44,0.0,104,0.0,11096
106,1,44,0.0,105,0.0,11096
107,1,44,0.0,106,0.0,11096
108,1,44,0.0,107,0.0,11096
109,1,44,0.0,108,0.0,11096
110,1,44,0.0,109,0.0,11096
111,1,44,0.0,110,0.0,11096
112,1,44,0.0,111,0.0,11096
113,1,44,0.0,112,0.0,11096
114,1,44,0.0,113,0.0,11096
115,1,44,0.0,114,0.0,11096
116,1,44,0.0,115,0.0,11096
117,1,44,0.0,116,0.0,11096
118,1,44,0.0,117,0.0,11096
119,1,44,0.0,118,0.0,11096
120,1,44,0.0,119,0.0,11096
121,1,44,0.0,120,0.0,11096
122,1,44,0.0,121,0.0,11096
123,1,44,0.0,122,0.0,11096
124,1,44,0.0,123,0.0,11096
125,1,44,0.0,124,0.0,11096
126,1,44,0.0,125,0.0,11096
127,1,44,0.0,126,0.0,11096
128,1,44,0.0,127,0.0,11096
129,1,44,0.0,128,0.0,11096
130,1,44,0.0,129,0.0,11096
131,1,44,0.0,130,0.0,11096
132,1,44,0.0,131,0.0,11096
133,1,44,0.0,132,0.0,11096
134,1,44,0.0,133,0.0,11096
135,1,44,0.0,134,0.0,11096
136,1,44,0.0,135,0.0,11096
137,1,44,0.0,136,0.0,11096
138,1,44,0.0,137,0.0,11096
139,1,44,0.0,138,0.0,11096
140,1,44,0.0,139,0.0,11096
141,1,44,0.0,140,0.0,11096
142,1,44,0.0,141,0.0,11096
143,1,44,0.0,142,0.0,11096
144,1,44,0.0,143,0.0,11096
145,1,44,0.0,144,0.0,11096
146,1,44,0.0,145,0.0,11096
147,1,44,0.0,146,0.0,11096
148,1,44,0.0,147,0.0,11096
149,1,44,0.0,148,0.0,11096
150,1,44,0.0,149,0.0,11096
151,1,44,0.0,150,0.0,11096
152,1,44,0.0,151,0.0,11096
153,1,44,0.0,152,0.0,11096
154,1,44,0.0,153,0.0,11096
155,1,44,0.0,154,0.0,11096
156,1,44,0.0,155,0.0,11096
157,1,44,0.0,156,0.0,11096
158,1,44,0.0,157,0.0,11096
159,1,44,0.0,158,0.0,11096
160,1,44,0.0,159,0.0,11096
161,1,44,0.0,160,0.0,11096
162,1,44,0.0,161,0.0,11096
163,1,44,0.0,162,0.0,11096
1,1,44,0.0,0,0.0,8898
2,1,44,0.0,1,0.0,8898
3,1,44,0.0,2,0.8,8898
4,1,44,0.0,3,0.0,8898
5,1,44,0.0,4,0.0,8898
6,1,44,0.0,5,0.0,8898
7,1,44,0.0,6,0.65,8898
8,1,44,0.0,7,0.11,8898
9,1,44,0.0,8,0.0,8898
10,1,44,0.0,9,0.0,8898
11,1,44,0.0,10,0.0,8898
12,1,44,0.0,11,0.0,8898
13,1,44,0.0,12,0.0,8898
14,1,44,0.0,13,0.0,8898
15,1,44,0.0,14,0.0,8898
16,1,44,0.0,15,0.0,8898
17,1,44,0.0,16,0.0,8898
18,1,44,0.0,17,0.0,8898
19,1,44,0.0,18,0.0,8898
20,1,44,0.0,19,0.0,8898
21,1,44,0.0,20,0.0,8898
22,1,44,0.0,21,0.0,8898
23,1,44,0.0,22,0.0,8898
24,1,44,0.0,23,0.0,8898
25,1,44,0.0,24,0.0,8898
26,1,44,0.0,25,0.0,8898
27,1,44,0.0,26,0.0,8898
28,1,44,0.0,27,0.0,8898
29,1,44,0.0,28,0.0,8898
30,1,44,0.0,29,0.0,8898
31,1,44,0.0,30,0.0,8898
32,1,44,0.0,31,0.0,8898
33,1,44,0.0,32,0.0,8898
34,1,44,0.0,33,0.0,8898
35,1,44,0.0,34,0.0,8898
36,1,44,0.0,35,0.0,8898
37,1,44,0.0,36,0.0,8898
38,1,44,0.0,37,0.0,8898
39,1,44,0.0,38,0.0,8898
40,1,44,0.0,39,0.0,8898
41,1,44,0.0,40,0.0,8898
42,1,44,0.0,41,0.0,8898
43,1,44,0.0,42,0.0,8898
44,1,44,0.0,43,0.0,8898
45,1,44,0.0,44,0.0,8898
46,1,44,0.0,45,0.0,8898
47,1,44,0.0,46,0.0,8898
48,1,44,0.0,47,0.0,8898
49,1,44,0.0,48,0.0,8898
50,1,44,0.0,49,0.0,8898
51,1,44,0.0,50,0.0,8898
52,1,44,0.0,51,0.0,8898
53,1,44,0.0,52,0.0,8898
54,1,44,0.0,53,0.0,8898
55,1,44,0.0,54,0.0,8898
56,1,44,0.0,55,0.0,8898
57,1,44,0.0,56,0.0,8898
58,1,44,0.0,57,0.0,8898
59,1,44,0.0,58,0.0,8898
60,1,44,0.0,59,0.0,8898
61,1,44,0.0,60,0.0,8898
62,1,44,0.0,61,0.0,8898
63,1,44,0.0,62,0.0,8898
64,1,44,0.0,63,0.0,8898
65,1,44,0.0,64,0.0,8898
66,1,44,0.0,65,0.0,8898
67,1,44,0.0,66,0.0,8898
68,1,44,0.0,67,0.0,8898
69,1,44,0.0,68,0.0,8898
70,1,44,0.0,69,0.0,8898
71,1,44,0.0,70,0.0,8898
72,1,44,0.0,71,0.0,8898
73,1,44,0.0,72,0.0,8898
74,1,44,0.0,73,0.0,8898
75,1,44,0.0,74,0.0,8898
76,1,44,0.0,75,0.0,8898
77,1,44,0.0,76,0.0,8898
78,1,44,0.0,77,0.0,8898
79,1,44,0.0,78,0.0,8898
80,1,44,0.0,79,0.0,8898
81,1,44,0.0,80,0.0,8898
82,1,44,0.0,81,0.0,8898
83,1,44,0.0,82,0.0,8898
84,1,44,0.0,83,0.0,8898
85,1,44,0.0,84,0.0,8898
86,1,44,0.0,85,0.0,8898
87,1,44,0.0,86,0.0,8898
88,1,44,0.0,87,0.0,8898
89,1,44,0.0,88,0.0,8898
90,1,44,0.0,89,0.0,8898
91,1,44,0.0,90,0.0,8898
92,1,44,0.0,91,0.0,8898
93,1,44,0.0,92,0.0,8898
94,1,44,0.0,93,0.0,8898
95,1,44,0.0,94,0.0,8898
96,1,44,0.0,95,0.0,8898
97,1,44,0.0,96,0.0,8898
98,1,44,0.0,97,0.0,8898
99,1,44,0.0,98,0.0,8898
100,1,44,0.0,99,0.0,8898
101,1,44,0.0,100,0.0,8898
102,1,44,0.0,101,0.0,8898
103,1,44,0.0,102,0.0,8898
104,1,44,0.0,103,0.0,8898
105,1,44,0.0,104,0.0,8898
106,1,44,0.0,105,0.0,8898
107,1,44,0.0,106,0.0,8898
108,1,44,0.0,107,0.0,8898
109,1,44,0.0,108,0.0,8898
110,1,44,0.0,109,0.0,8898
111,1,44,0.0,110,0.0,8898
112,1,44,0.0,111,0.0,8898
113,1,44,0.0,112,0.0,8898
114,1,44,0.0,113,0.0,8898
115,1,44,0.0,114,0.0,8898
116,1,44,0.0,115,0.0,8898
117,1,44,0.0,116,0.0,8898
118,1,44,0.0,117,0.0,8898
119,1,44,0.0,118,0.0,8898
120,1,44,0.0,119,0.0,8898
121,1,44,0.0,120,0.0,8898
122,1,44,0.0,121,0.0,8898
123,1,44,0.0,122,0.0,8898
124,1,44,0.0,123,0.0,8898
125,1,44,0.0,124,0.0,8898
126,1,44,0.0,125,0.0,8898
127,1,44,0.0,126,0.0,8898
128,1,44,0.0,127,0.0,8898
129,1,44,0.0,128,0.0,8898
130,1,44,0.0,129,0.0,8898
131,1,44,0.0,130,0.0,8898
132,1,44,0.0,131,0.0,8898
133,1,44,0.0,132,0.0,8898
134,1,44,0.0,133,0.0,8898
135,1,44,0.0,134,0.0,8898
136,1,44,0.0,135,0.0,8898
137,1,44,0.0,136,0.0,8898
138,1,44,0.0,137,0.0,8898
139,1,44,0.0,138,0.0,8898
140,1,44,0.0,139,0.0,8898
141,1,44,0.0,140,0.0,8898
142,1,44,0.0,141,0.0,8898
143,1,44,0.0,142,0.0,8898
144,1,44,0.0,143,0.0,8898
145,1,44,0.0,144,0.0,8898
146,1,44,0.0,145,0.0,8898
147,1,44,0.0,146,0.0,8898
148,1,44,0.0,147,0.0,8898
149,1,44,0.0,148,0.0,8898
150,1,44,0.0,149,0.0,8898
151,1,44,0.0,150,0.0,8898
152,1,44,0.0,151,0.0,8898
153,1,44,0.0,152,0.0,8898
154,1,44,0.0,153,0.0,8898
155,1,44,0.0,154,0.0,8898
156,1,44,0.0,155,0.0,8898
157,1,44,0.0,156,0.0,8898
158,1,44,0.0,157,0.0,8898
159,1,44,0.0,158,0.0,8898
160,1,44,0.0,159,0.0,8898
161,1,44,0.0,160,0.0,8898
162,1,44,0.0,161,0.0,8898
163,1,44,0.0,162,0.0,8898
1,1,44,0.0,0,0.0,4470
2,1,44,0.0,1,0.0,4470
3,1,44,0.0,2,0.0,4470
4,1,44,0.0,3,0.0,4470
5,1,44,0.0,4,0.0,4470
6,1,44,0.0,5,0.0,4470
7,1,44,0.0,6,0.0,4470
8,1,44,0.0,7,0.0,4470
9,1,44,0.0,8,0.0,4470
10,1,44,0.0,9,0.0,4470
11,1,44,0.0,10,0.0,4470
12,1,44,0.0,11,0.0,4470
13,1,44,0.0,12,0.0,4470
14,1,44,0.0,13,0.0,4470
15,1,44,0.0,14,0.0,4470
16,1,44,0.0,15,0.0,4470
17,1,44,0.0,16,0.0,4470
18,1,44,0.0,17,0.0,4470
19,1,44,0.0,18,0.0,4470
20,1,44,0.0,19,0.0,4470
21,1,44,0.0,20,0.0,4470
22,1,44,0.0,21,0.0,4470
23,1,44,0.0,22,0.0,4470
24,1,44,0.0,23,0.0,4470
25,1,44,0.0,24,0.0,4470
26,1,44,0.0,25,0.0,4470
27,1,44,0.0,26,0.0,4470
28,1,44,0.0,27,0.0,4470
29,1,44,0.0,28,0.0,4470
30,1,44,0.0,29,0.0,4470
31,1,44,0.0,30,0.0,4470
32,1,44,0.0,31,0.0,4470
33,1,44,0.0,32,0.0,4470
34,1,44,0.0,33,0.0,4470
35,1,44,0.0,34,0.0,4470
36,1,44,0.0,35,0.0,4470
37,1,44,0.0,36,0.0,4470
38,1,44,0.0,37,0.0,4470
39,1,44,0.0,38,0.0,4470
40,1,44,0.0,39,0.0,4470
41,1,44,0.0,40,0.0,4470
42,1,44,0.0,41,0.0,4470
43,1,44,0.0,42,0.0,4470
44,1,44,0.0,43,0.0,4470
45,1,44,0.0,44,0.0,4470
46,1,44,0.0,45,0.0,4470
47,1,44,0.0,46,0.0,4470
48,1,44,0.0,47,0.0,4470
49,1,44,0.0,48,0.0,4470
50,1,44,0.0,49,0.0,4470
51,1,44,0.0,50,0.0,4470
52,1,44,0.0,51,0.0,4470
53,1,44,0.0,52,0.0,4470
54,1,44,0.0,53,0.0,4470
55,1,44,0.0,54,0.5,4470
56,1,44,0.0,55,0.0,4470
57,1,44,0.0,56,0.0,4470
58,1,44,0.0,57,0.0,4470
59,1,44,0.0,58,0.0,4470
60,1,44,0.0,59,0.0,4470
61,1,44,0.0,60,0.0,4470
62,1,44,0.0,61,0.0,4470
63,1,44,0.0,62,0.0,4470
64,1,44,0.0,63,0.0,4470
65,1,44,0.0,64,0.0,4470
66,1,44,0.0,65,0.0,4470
67,1,44,0.0,66,0.0,4470
68,1,44,0.0,67,0.0,4470
69,1,44,0.0,68,0.0,4470
70,1,44,0.0,69,0.0,4470
71,1,44,0.0,70,0.0,4470
72,1,44,0.0,71,0.0,4470
73,1,44,0.0,72,0.0,4470
74,1,44,0.0,73,0.0,4470
75,1,44,0.0,74,0.0,4470
76,1,44,0.0,75,0.0,4470
77,1,44,0.0,76,0.0,4470
78,1,44,0.0,77,0.0,4470
79,1,44,0.0,78,0.0,4470
80,1,44,0.0,79,0.0,4470
81,1,44,0.0,80,0.0,4470
82,1,44,0.0,81,0.0,4470
83,1,44,0.0,82,0.0,4470
84,1,44,0.0,83,0.0,4470
85,1,44,0.0,84,0.0,4470
86,1,44,0.0,85,0.0,4470
87,1,44,0.0,86,0.0,4470
88,1,44,0.0,87,0.0,4470
89,1,44,0.0,88,0.0,4470
90,1,44,0.0,89,0.0,4470
91,1,44,0.0,90,0.0,4470
92,1,44,0.0,91,0.0,4470
93,1,44,0.0,92,0.0,4470
94,1,44,0.0,93,0.0,4470
95,1,44,0.0,94,0.0,4470
96,1,44,0.0,95,0.0,4470
97,1,44,0.0,96,0.0,4470
98,1,44,0.0,97,0.0,4470
99,1,44,0.0,98,0.0,4470
100,1,44,0.0,99,0.0,4470
101,1,44,0.0,100,0.0,4470
102,1,44,0.0,101,0.0,4470
103,1,44,0.0,102,0.0,4470
104,1,44,0.0,103,0.0,4470
105,1,44,0.0,104,0.0,4470
106,1,44,0.0,105,0.0,4470
107,1,44,0.0,106,0.0,4470
108,1,44,0.0,107,0.0,4470
109,1,44,0.0,108,0.0,4470
110,1,44,0.0,109,0.0,4470
111,1,44,0.0,110,0.0,4470
112,1,44,0.0,111,0.0,4470
113,1,44,0.0,112,0.0,4470
114,1,44,0.0,113,0.0,4470
115,1,44,0.0,114,0.0,4470
116,1,44,0.0,115,0.0,4470
117,1,44,0.0,116,0.0,4470
118,1,44,0.0,117,0.0,4470
119,1,44,0.0,118,0.0,4470
120,1,44,0.0,119,0.0,4470
121,1,44,0.0,120,0.0,4470
122,1,44,0.0,121,0.0,4470
123,1,44,0.0,122,0.0,4470
124,1,44,0.0,123,0.0,4470
125,1,44,0.0,124,0.0,4470
126,1,44,0.0,125,0.0,4470
127,1,44,0.0,126,0.0,4470
128,1,44,0.0,127,0.0,4470
129,1,44,0.0,128,0.0,4470
130,1,44,0.0,129,0.0,4470
131,1,44,0.0,130,0.0,4470
132,1,44,0.0,131,0.0,4470
133,1,44,0.0,132,0.0,4470
134,1,44,0.0,133,0.0,4470
135,1,44,0.0,134,0.0,4470
136,1,44,0.0,135,0.0,4470
137,1,44,0.0,136,0.0,4470
138,1,44,0.0,137,0.0,4470
139,1,44,0.0,138,0.0,4470
140,1,44,0.0,139,0.0,4470
141,1,44,0.0,140,0.0,4470
142,1,44,0.0,141,0.0,4470
143,1,44,0.0,142,0.0,4470
144,1,44,0.0,143,0.0,4470
145,1,44,0.0,144,0.0,4470
146,1,44,0.0,145,0.0,4470
147,1,44,0.0,146,0.0,4470
148,1,44,0.0,147,0.0,4470
149,1,44,0.0,148,0.0,4470
150,1,44,0.0,149,0.0,4470
151,1,44,0.0,150,0.0,4470
152,1,44,0.0,151,0.0,4470
153,1,44,0.0,152,0.0,4470
154,1,44,0.0,153,0.0,4470
155,1,44,0.0,154,0.0,4470
156,1,44,0.0,155,0.0,4470
157,1,44,0.0,156,0.0,4470
158,1,44,0.0,157,0.0,4470
159,1,44,0.0,158,0.0,4470
160,1,44,0.0,159,0.0,4470
161,1,44,0.0,160,0.0,4470
162,1,44,0.0,161,0.0,4470
163,1,44,0.0,162,0.0,4470
1,1,45,0.0,0,0.0,5124
2,1,45,0.0,1,0.0,5124
3,1,45,0.0,2,0.0,5124
4,1,45,0.0,3,0.0,5124
5,1,45,0.0,4,0.0,5124
6,1,45,0.0,5,0.0,5124
7,1,45,0.0,6,0.0,5124
8,1,45,0.0,7,0.0,5124
9,1,45,0.0,8,0.0,5124
10,1,45,0.0,9,0.0,5124
11,1,45,0.0,10,0.0,5124
12,1,45,0.0,11,0.0,5124
13,1,45,0.0,12,0.0,5124
14,1,45,0.0,13,0.0,5124
15,1,45,0.0,14,0.0,5124
16,1,45,0.0,15,0.0,5124
17,1,45,0.0,16,0.0,5124
18,1,45,0.0,17,0.0,5124
19,1,45,0.0,18,0.0,5124
20,1,45,0.0,19,0.0,5124
21,1,45,0.0,20,0.0,5124
22,1,45,0.0,21,0.0,5124
23,1,45,0.0,22,0.0,5124
24,1,45,0.0,23,0.0,5124
25,1,45,0.0,24,0.0,5124
26,1,45,0.0,25,0.0,5124
27,1,45,0.0,26,0.0,5124
28,1,45,0.0,27,0.0,5124
29,1,45,0.0,28,0.0,5124
30,1,45,0.0,29,0.0,5124
31,1,45,0.0,30,0.0,5124
32,1,45,0.0,31,0.0,5124
33,1,45,0.0,32,0.0,5124
34,1,45,0.0,33,0.0,5124
35,1,45,0.0,34,0.0,5124
36,1,45,0.0,35,0.0,5124
37,1,45,0.0,36,0.0,5124
38,1,45,0.0,37,0.0,5124
39,1,45,0.0,38,0.0,5124
40,1,45,0.0,39,0.0,5124
41,1,45,0.0,40,0.0,5124
42,1,45,0.0,41,0.0,5124
43,1,45,0.0,42,0.0,5124
44,1,45,0.0,43,0.0,5124
45,1,45,0.0,44,0.0,5124
46,1,45,0.0,45,0.0,5124
47,1,45,0.0,46,0.0,5124
48,1,45,0.0,47,0.0,5124
49,1,45,0.0,48,0.0,5124
50,1,45,0.0,49,0.0,5124
51,1,45,0.0,50,0.0,5124
52,1,45,0.0,51,0.0,5124
53,1,45,0.0,52,0.0,5124
54,1,45,0.0,53,0.0,5124
55,1,45,0.0,54,0.0,5124
56,1,45,0.0,55,0.0,5124
57,1,45,0.0,56,0.0,5124
58,1,45,0.0,57,0.0,5124
59,1,45,0.0,58,0.0,5124
60,1,45,0.0,59,0.0,5124
61,1,45,0.0,60,0.0,5124
62,1,45,0.0,61,0.0,5124
63,1,45,0.0,62,0.0,5124
64,1,45,0.0,63,0.0,5124
65,1,45,0.0,64,0.84,5124
66,1,45,0.0,65,1.0,5124
67,1,45,0.0,66,0.76,5124
68,1,45,0.0,67,0.0,5124
69,1,45,0.0,68,0.24,5124
70,1,45,0.0,69,1.0,5124
71,1,45,0.0,70,1.0,5124
72,1,45,0.0,71,0.66,5124
73,1,45,0.0,72,0.0,5124
74,1,45,0.0,73,0.0,5124
75,1,45,0.0,74,0.0,5124
76,1,45,0.0,75,0.0,5124
77,1,45,0.0,76,0.19,5124
78,1,45,0.0,77,0.57,5124
79,1,45,0.0,78,0.89,5124
80,1,45,0.0,79,0.66,5124
81,1,45,0.0,80,0.0,5124
82,1,45,0.0,81,0.0,5124
83,1,45,0.0,82,0.0,5124
84,1,45,0.0,83,0.0,5124
85,1,45,0.0,84,0.0,5124
86,1,45,0.0,85,0.0,5124
87,1,45,0.0,86,0.0,5124
88,1,45,0.0,87,0.0,5124
89,1,45,0.0,88,0.0,5124
90,1,45,0.0,89,0.0,5124
91,1,45,0.0,90,0.0,5124
92,1,45,0.0,91,0.0,5124
93,1,45,0.0,92,0.0,5124
94,1,45,0.0,93,0.0,5124
95,1,45,0.0,94,0.0,5124
96,1,45,0.0,95,0.0,5124
97,1,45,0.0,96,0.0,5124
98,1,45,0.0,97,0.0,5124
99,1,45,0.0,98,0.0,5124
100,1,45,0.0,99,0.0,5124
101,1,45,0.0,100,0.0,5124
102,1,45,0.0,101,0.0,5124
103,1,45,0.0,102,0.0,5124
104,1,45,0.0,103,0.0,5124
105,1,45,0.0,104,0.0,5124
106,1,45,0.0,105,0.0,5124
107,1,45,0.0,106,0.0,5124
108,1,45,0.0,107,0.0,5124
109,1,45,0.0,108,0.0,5124
110,1,45,0.0,109,0.0,5124
111,1,45,0.0,110,0.0,5124
112,1,45,0.0,111,0.0,5124
113,1,45,0.0,112,0.0,5124
114,1,45,0.0,113,0.0,5124
115,1,45,0.0,114,0.0,5124
116,1,45,0.0,115,0.0,5124
117,1,45,0.0,116,0.0,5124
118,1,45,0.0,117,0.0,5124
119,1,45,0.0,118,0.0,5124
120,1,45,0.0,119,0.0,5124
121,1,45,0.0,120,0.0,5124
122,1,45,0.0,121,0.0,5124
123,1,45,0.0,122,0.0,5124
124,1,45,0.0,123,0.0,5124
125,1,45,0.0,124,0.0,5124
126,1,45,0.0,125,0.0,5124
127,1,45,0.0,126,0.0,5124
128,1,45,0.0,127,0.0,5124
129,1,45,0.0,128,0.0,5124
130,1,45,0.0,129,0.0,5124
131,1,45,0.0,130,0.0,5124
132,1,45,0.0,131,0.0,5124
133,1,45,0.0,132,0.0,5124
134,1,45,0.0,133,0.0,5124
135,1,45,0.0,134,0.0,5124
136,1,45,0.0,135,0.0,5124
137,1,45,0.0,136,0.0,5124
138,1,45,0.0,137,0.0,5124
139,1,45,0.0,138,0.0,5124
140,1,45,0.0,139,0.0,5124
141,1,45,0.0,140,0.0,5124
142,1,45,0.0,141,0.0,5124
143,1,45,0.0,142,0.0,5124
144,1,45,0.0,143,0.0,5124
145,1,45,0.0,144,0.0,5124
146,1,45,0.0,145,0.0,5124
147,1,45,0.0,146,0.0,5124
148,1,45,0.0,147,0.0,5124
149,1,45,0.0,148,0.94,5124
150,1,45,0.0,149,0.46,5124
151,1,45,0.0,150,0.0,5124
152,1,45,0.0,151,0.0,5124
153,1,45,0.0,152,0.0,5124
154,1,45,0.0,153,0.0,5124
155,1,45,0.0,154,0.0,5124
156,1,45,0.0,155,0.0,5124
157,1,45,0.0,156,0.0,5124
158,1,45,0.0,157,0.0,5124
159,1,45,0.0,158,0.0,5124
160,1,45,0.0,159,0.0,5124
161,1,45,0.0,160,0.0,5124
162,1,45,0.0,161,0.0,5124
163,1,45,0.0,162,0.0,5124
1,1,45,0.0,0,0.0,5835
2,1,45,0.0,1,0.0,5835
3,1,45,0.0,2,0.0,5835
4,1,45,0.0,3,0.0,5835
5,1,45,0.0,4,0.0,5835
6,1,45,0.0,5,0.0,5835
7,1,45,0.0,6,0.0,5835
8,1,45,0.0,7,0.0,5835
9,1,45,0.0,8,0.0,5835
10,1,45,0.0,9,0.0,5835
11,1,45,0.0,10,0.0,5835
12,1,45,0.0,11,0.0,5835
13,1,45,0.0,12,0.0,5835
14,1,45,0.0,13,0.0,5835
15,1,45,0.0,14,0.0,5835
16,1,45,0.0,15,0.0,5835
17,1,45,0.0,16,0.0,5835
18,1,45,0.0,17,0.0,5835
19,1,45,0.0,18,0.0,5835
20,1,45,0.0,19,0.0,5835
21,1,45,0.0,20,0.0,5835
22,1,45,0.0,21,0.0,5835
23,1,45,0.0,22,0.0,5835
24,1,45,0.0,23,0.0,5835
25,1,45,0.0,24,0.0,5835
26,1,45,0.0,25,0.0,5835
27,1,45,0.0,26,0.0,5835
28,1,45,0.0,27,0.0,5835
29,1,45,0.0,28,0.0,5835
30,1,45,0.0,29,0.0,5835
31,1,45,0.0,30,0.0,5835
32,1,45,0.0,31,0.0,5835
33,1,45,0.0,32,0.0,5835
34,1,45,0.0,33,0.0,5835
35,1,45,0.0,34,0.0,5835
36,1,45,0.0,35,0.0,5835
37,1,45,0.0,36,0.0,5835
38,1,45,0.0,37,0.0,5835
39,1,45,0.0,38,0.0,5835
40,1,45,0.0,39,0.0,5835
41,1,45,0.0,40,0.0,5835
42,1,45,0.0,41,0.0,5835
43,1,45,0.0,42,0.0,5835
44,1,45,0.0,43,0.0,5835
45,1,45,0.0,44,0.0,5835
46,1,45,0.0,45,0.0,5835
47,1,45,0.0,46,0.7,5835
48,1,45,0.0,47,1.0,5835
49,1,45,0.0,48,0.07,5835
50,1,45,0.0,49,0.0,5835
51,1,45,0.0,50,0.0,5835
52,1,45,0.0,51,0.0,5835
53,1,45,0.0,52,0.0,5835
54,1,45,0.0,53,0.0,5835
55,1,45,0.0,54,0.0,5835
56,1,45,0.0,55,0.0,5835
57,1,45,0.0,56,0.0,5835
58,1,45,0.0,57,0.0,5835
59,1,45,0.0,58,0.0,5835
60,1,45,0.0,59,0.0,5835
61,1,45,0.0,60,0.0,5835
62,1,45,0.0,61,0.0,5835
63,1,45,0.0,62,0.0,5835
64,1,45,0.0,63,0.0,5835
65,1,45,0.0,64,0.0,5835
66,1,45,0.0,65,0.0,5835
67,1,45,0.0,66,0.0,5835
68,1,45,0.0,67,0.0,5835
69,1,45,0.0,68,0.0,5835
70,1,45,0.0,69,0.0,5835
71,1,45,0.0,70,0.0,5835
72,1,45,0.0,71,0.0,5835
73,1,45,0.0,72,0.0,5835
74,1,45,0.0,73,0.0,5835
75,1,45,0.0,74,0.0,5835
76,1,45,0.0,75,0.0,5835
77,1,45,0.0,76,0.0,5835
78,1,45,0.0,77,0.0,5835
79,1,45,0.0,78,0.0,5835
80,1,45,0.0,79,0.0,5835
81,1,45,0.0,80,0.0,5835
82,1,45,0.0,81,0.0,5835
83,1,45,0.0,82,0.0,5835
84,1,45,0.0,83,0.0,5835
85,1,45,0.0,84,0.0,5835
86,1,45,0.0,85,0.0,5835
87,1,45,0.0,86,0.0,5835
88,1,45,0.0,87,0.0,5835
89,1,45,0.0,88,0.0,5835
90,1,45,0.0,89,0.0,5835
91,1,45,0.0,90,0.0,5835
92,1,45,0.0,91,0.0,5835
93,1,45,0.0,92,0.0,5835
94,1,45,0.0,93,0.0,5835
95,1,45,0.0,94,0.0,5835
96,1,45,0.0,95,0.0,5835
97,1,45,0.0,96,0.0,5835
98,1,45,0.0,97,0.0,5835
99,1,45,0.0,98,0.0,5835
100,1,45,0.0,99,0.0,5835
101,1,45,0.0,100,0.0,5835
102,1,45,0.0,101,0.0,5835
103,1,45,0.0,102,0.0,5835
104,1,45,0.0,103,0.0,5835
105,1,45,0.0,104,0.0,5835
106,1,45,0.0,105,0.0,5835
107,1,45,0.0,106,0.0,5835
108,1,45,0.0,107,0.0,5835
109,1,45,0.0,108,0.0,5835
110,1,45,0.0,109,0.0,5835
111,1,45,0.0,110,0.0,5835
112,1,45,0.0,111,0.0,5835
113,1,45,0.0,112,0.0,5835
114,1,45,0.0,113,0.0,5835
115,1,45,0.0,114,0.0,5835
116,1,45,0.0,115,0.0,5835
117,1,45,0.0,116,0.0,5835
118,1,45,0.0,117,0.0,5835
119,1,45,0.0,118,0.0,5835
120,1,45,0.0,119,0.0,5835
121,1,45,0.0,120,0.0,5835
122,1,45,0.0,121,0.0,5835
123,1,45,0.0,122,0.0,5835
124,1,45,0.0,123,0.0,5835
125,1,45,0.0,124,0.0,5835
126,1,45,0.0,125,0.0,5835
127,1,45,0.0,126,0.0,5835
128,1,45,0.0,127,0.0,5835
129,1,45,0.0,128,0.0,5835
130,1,45,0.0,129,0.0,5835
131,1,45,0.0,130,0.0,5835
132,1,45,0.0,131,0.0,5835
133,1,45,0.0,132,0.0,5835
134,1,45,0.0,133,0.0,5835
135,1,45,0.0,134,0.0,5835
136,1,45,0.0,135,0.0,5835
137,1,45,0.0,136,0.0,5835
138,1,45,0.0,137,0.0,5835
139,1,45,0.0,138,0.0,5835
140,1,45,0.0,139,0.0,5835
141,1,45,0.0,140,0.0,5835
142,1,45,0.0,141,0.0,5835
143,1,45,0.0,142,0.0,5835
144,1,45,0.0,143,0.0,5835
145,1,45,0.0,144,0.0,5835
146,1,45,0.0,145,0.0,5835
147,1,45,0.0,146,0.0,5835
148,1,45,0.0,147,0.0,5835
149,1,45,0.0,148,0.0,5835
150,1,45,0.0,149,0.0,5835
151,1,45,0.0,150,0.0,5835
152,1,45,0.0,151,0.0,5835
153,1,45,0.0,152,0.0,5835
154,1,45,0.0,153,0.0,5835
155,1,45,0.0,154,0.0,5835
156,1,45,0.0,155,0.0,5835
157,1,45,0.0,156,0.0,5835
158,1,45,0.0,157,0.0,5835
159,1,45,0.0,158,0.0,5835
160,1,45,0.0,159,0.0,5835
161,1,45,0.0,160,0.0,5835
162,1,45,0.0,161,0.0,5835
163,1,45,0.0,162,0.0,5835
1,1,45,0.0,0,0.0,2584
2,1,45,0.0,1,0.0,2584
3,1,45,0.0,2,0.0,2584
4,1,45,0.0,3,0.1,2584
5,1,45,0.0,4,0.56,2584
6,1,45,0.0,5,0.0,2584
7,1,45,0.0,6,0.0,2584
8,1,45,0.0,7,0.0,2584
9,1,45,0.0,8,0.1,2584
10,1,45,0.0,9,0.16,2584
11,1,45,0.0,10,0.35,2584
12,1,45,0.0,11,1.0,2584
13,1,45,0.0,12,0.03,2584
14,1,45,0.0,13,0.0,2584
15,1,45,0.0,14,0.0,2584
16,1,45,0.0,15,0.65,2584
17,1,45,0.0,16,0.0,2584
18,1,45,0.0,17,0.0,2584
19,1,45,0.0,18,0.0,2584
20,1,45,0.0,19,0.0,2584
21,1,45,0.0,20,0.0,2584
22,1,45,0.0,21,0.0,2584
23,1,45,0.0,22,0.0,2584
24,1,45,0.0,23,0.0,2584
25,1,45,0.0,24,0.0,2584
26,1,45,0.0,25,0.0,2584
27,1,45,0.0,26,0.0,2584
28,1,45,0.0,27,0.15,2584
29,1,45,0.0,28,0.05,2584
30,1,45,0.0,29,0.0,2584
31,1,45,0.0,30,0.2,2584
32,1,45,0.0,31,0.46,2584
33,1,45,0.0,32,0.1,2584
34,1,45,0.0,33,0.21,2584
35,1,45,0.0,34,0.05,2584
36,1,45,0.0,35,0.95,2584
37,1,45,0.0,36,0.82,2584
38,1,45,0.0,37,0.0,2584
39,1,45,0.0,38,0.0,2584
40,1,45,0.0,39,0.0,2584
41,1,45,0.45,40,0.0,2584
42,1,45,1.0,41,0.0,2584
43,1,45,1.0,42,0.0,2584
44,1,45,1.0,43,0.0,2584
45,1,45,0.3,44,0.0,2584
46,1,45,0.0,45,0.0,2584
47,1,45,0.0,46,0.0,2584
48,1,45,0.0,47,0.0,2584
49,1,45,0.0,48,0.0,2584
50,1,45,0.0,49,0.0,2584
51,1,45,0.0,50,0.0,2584
52,1,45,0.0,51,0.0,2584
53,1,45,0.0,52,0.05,2584
54,1,45,0.0,53,1.0,2584
55,1,45,0.0,54,1.0,2584
56,1,45,0.0,55,1.0,2584
57,1,45,0.0,56,0.77,2584
58,1,45,0.0,57,0.0,2584
59,1,45,0.0,58,0.0,2584
60,1,45,0.0,59,0.0,2584
61,1,45,0.0,60,0.0,2584
62,1,45,0.0,61,0.0,2584
63,1,45,0.0,62,0.0,2584
64,1,45,0.0,63,0.0,2584
65,1,45,0.0,64,0.0,2584
66,1,45,0.0,65,0.35,2584
67,1,45,0.0,66,1.0,2584
68,1,45,0.0,67,0.4,2584
69,1,45,0.0,68,0.0,2584
70,1,45,0.0,69,0.0,2584
71,1,45,0.0,70,0.0,2584
72,1,45,0.0,71,0.0,2584
73,1,45,0.0,72,0.0,2584
74,1,45,0.0,73,0.0,2584
75,1,45,0.0,74,0.0,2584
76,1,45,0.0,75,0.0,2584
77,1,45,0.0,76,0.0,2584
78,1,45,0.0,77,0.0,2584
79,1,45,0.0,78,0.26,2584
80,1,45,0.0,79,0.0,2584
81,1,45,0.0,80,0.0,2584
82,1,45,0.0,81,0.0,2584
83,1,45,0.0,82,0.0,2584
84,1,45,0.0,83,0.0,2584
85,1,45,0.21,84,0.0,2584
86,1,45,0.0,85,0.0,2584
87,1,45,0.7,86,0.0,2584
88,1,45,1.0,87,0.0,2584
89,1,45,0.06,88,0.0,2584
90,1,45,0.0,89,0.0,2584
91,1,45,0.0,90,0.0,2584
92,1,45,0.0,91,0.0,2584
93,1,45,0.0,92,0.0,2584
94,1,45,0.0,93,0.0,2584
95,1,45,0.0,94,0.0,2584
96,1,45,0.0,95,0.0,2584
97,1,45,0.0,96,0.0,2584
98,1,45,0.0,97,0.0,2584
99,1,45,0.0,98,0.05,2584
100,1,45,0.0,99,0.36,2584
101,1,45,0.0,100,0.0,2584
102,1,45,0.0,101,0.0,2584
103,1,45,0.0,102,0.15,2584
104,1,45,0.0,103,1.0,2584
105,1,45,0.0,104,1.0,2584
106,1,45,0.0,105,1.0,2584
107,1,45,0.0,106,0.0,2584
108,1,45,0.0,107,0.0,2584
109,1,45,0.0,108,0.0,2584
110,1,45,0.0,109,0.0,2584
111,1,45,0.0,110,0.0,2584
112,1,45,0.0,111,0.0,2584
113,1,45,0.0,112,0.0,2584
114,1,45,0.0,113,0.0,2584
115,1,45,0.0,114,0.0,2584
116,1,45,0.0,115,0.18,2584
117,1,45,0.0,116,0.15,2584
118,1,45,0.0,117,0.0,2584
119,1,45,0.0,118,0.35,2584
120,1,45,0.0,119,1.0,2584
121,1,45,0.0,120,1.0,2584
122,1,45,0.0,121,0.2,2584
123,1,45,0.0,122,0.0,2584
124,1,45,0.0,123,0.0,2584
125,1,45,0.0,124,0.0,2584
126,1,45,0.0,125,0.0,2584
127,1,45,0.0,126,0.0,2584
128,1,45,0.0,127,0.0,2584
129,1,45,0.0,128,0.35,2584
130,1,45,0.0,129,0.4,2584
131,1,45,0.0,130,0.0,2584
132,1,45,0.0,131,0.0,2584
133,1,45,0.0,132,0.0,2584
134,1,45,0.0,133,0.0,2584
135,1,45,0.0,134,0.0,2584
136,1,45,0.0,135,0.0,2584
137,1,45,0.0,136,0.0,2584
138,1,45,0.0,137,0.0,2584
139,1,45,0.0,138,0.5,2584
140,1,45,0.0,139,0.16,2584
141,1,45,0.0,140,0.0,2584
142,1,45,0.0,141,0.07,2584
143,1,45,0.0,142,0.3,2584
144,1,45,0.0,143,1.0,2584
145,1,45,0.0,144,0.7,2584
146,1,45,0.0,145,0.0,2584
147,1,45,0.0,146,0.0,2584
148,1,45,0.0,147,0.0,2584
149,1,45,0.0,148,0.15,2584
150,1,45,0.0,149,1.0,2584
151,1,45,0.0,150,1.0,2584
152,1,45,0.0,151,0.2,2584
153,1,45,0.0,152,0.0,2584
154,1,45,0.0,153,0.0,2584
155,1,45,0.0,154,0.0,2584
156,1,45,0.0,155,0.0,2584
157,1,45,0.0,156,0.0,2584
158,1,45,0.0,157,0.0,2584
159,1,45,0.0,158,1.0,2584
160,1,45,0.0,159,1.0,2584
161,1,45,0.0,160,0.25,2584
162,1,45,0.0,161,0.0,2584
163,1,45,0.0,162,0.0,2584
1,1,45,0.0,0,0.0,1661
2,1,45,0.0,1,0.0,1661
3,1,45,0.0,2,0.0,1661
4,1,45,0.0,3,0.0,1661
5,1,45,0.0,4,0.0,1661
6,1,45,0.0,5,0.0,1661
7,1,45,0.0,6,0.0,1661
8,1,45,0.0,7,0.0,1661
9,1,45,0.0,8,0.0,1661
10,1,45,0.0,9,0.0,1661
11,1,45,0.0,10,0.0,1661
12,1,45,0.0,11,0.0,1661
13,1,45,0.0,12,0.0,1661
14,1,45,0.0,13,0.0,1661
15,1,45,0.0,14,0.0,1661
16,1,45,0.0,15,0.0,1661
17,1,45,0.0,16,0.0,1661
18,1,45,0.0,17,0.0,1661
19,1,45,0.0,18,0.0,1661
20,1,45,0.0,19,0.0,1661
21,1,45,0.0,20,0.0,1661
22,1,45,0.0,21,0.0,1661
23,1,45,0.0,22,0.0,1661
24,1,45,0.0,23,0.0,1661
25,1,45,0.0,24,0.0,1661
26,1,45,0.0,25,0.0,1661
27,1,45,0.0,26,0.0,1661
28,1,45,0.0,27,0.0,1661
29,1,45,0.0,28,0.0,1661
30,1,45,0.0,29,0.0,1661
31,1,45,0.0,30,0.0,1661
32,1,45,0.0,31,0.0,1661
33,1,45,0.0,32,0.0,1661
34,1,45,0.0,33,0.0,1661
35,1,45,0.0,34,0.0,1661
36,1,45,0.0,35,0.0,1661
37,1,45,0.0,36,0.0,1661
38,1,45,0.0,37,0.0,1661
39,1,45,0.0,38,0.0,1661
40,1,45,0.0,39,0.0,1661
41,1,45,0.0,40,0.0,1661
42,1,45,0.0,41,0.0,1661
43,1,45,0.0,42,0.0,1661
44,1,45,0.0,43,0.0,1661
45,1,45,0.0,44,0.0,1661
46,1,45,0.0,45,0.0,1661
47,1,45,0.0,46,0.0,1661
48,1,45,0.0,47,0.0,1661
49,1,45,0.0,48,0.0,1661
50,1,45,0.0,49,0.0,1661
51,1,45,0.0,50,0.4,1661
52,1,45,0.0,51,1.0,1661
53,1,45,0.0,52,1.0,1661
54,1,45,0.0,53,1.0,1661
55,1,45,0.0,54,0.1,1661
56,1,45,0.0,55,0.0,1661
57,1,45,0.0,56,0.0,1661
58,1,45,0.0,57,0.0,1661
59,1,45,0.0,58,0.0,1661
60,1,45,0.0,59,0.0,1661
61,1,45,0.0,60,0.0,1661
62,1,45,0.0,61,0.0,1661
63,1,45,0.0,62,0.0,1661
64,1,45,0.0,63,0.0,1661
65,1,45,0.0,64,0.0,1661
66,1,45,0.0,65,0.0,1661
67,1,45,0.0,66,0.0,1661
68,1,45,0.0,67,0.0,1661
69,1,45,0.0,68,0.0,1661
70,1,45,0.0,69,0.0,1661
71,1,45,0.0,70,0.0,1661
72,1,45,0.0,71,0.0,1661
73,1,45,0.0,72,0.0,1661
74,1,45,0.0,73,0.0,1661
75,1,45,0.0,74,0.0,1661
76,1,45,0.0,75,0.0,1661
77,1,45,0.0,76,0.0,1661
78,1,45,0.0,77,0.0,1661
79,1,45,0.0,78,0.0,1661
80,1,45,0.0,79,0.0,1661
81,1,45,0.0,80,0.0,1661
82,1,45,0.0,81,0.0,1661
83,1,45,0.0,82,0.0,1661
84,1,45,0.0,83,0.0,1661
85,1,45,0.0,84,0.0,1661
86,1,45,0.0,85,0.0,1661
87,1,45,0.0,86,0.0,1661
88,1,45,0.0,87,0.35,1661
89,1,45,0.0,88,1.0,1661
90,1,45,0.0,89,0.1,1661
91,1,45,0.0,90,0.85,1661
92,1,45,0.0,91,0.35,1661
93,1,45,0.0,92,0.0,1661
94,1,45,0.0,93,0.95,1661
95,1,45,0.0,94,1.0,1661
96,1,45,0.0,95,1.0,1661
97,1,45,0.0,96,1.0,1661
98,1,45,0.0,97,1.0,1661
99,1,45,0.0,98,0.0,1661
100,1,45,0.0,99,0.0,1661
101,1,45,0.0,100,0.4,1661
102,1,45,0.0,101,0.42,1661
103,1,45,0.0,102,0.0,1661
104,1,45,0.0,103,0.9,1661
105,1,45,0.0,104,0.02,1661
106,1,45,0.0,105,0.0,1661
107,1,45,0.0,106,0.0,1661
108,1,45,0.0,107,0.0,1661
109,1,45,0.0,108,0.0,1661
110,1,45,0.0,109,0.0,1661
111,1,45,0.0,110,0.0,1661
112,1,45,0.0,111,0.0,1661
113,1,45,0.0,112,0.0,1661
114,1,45,0.0,113,0.0,1661
115,1,45,0.0,114,0.0,1661
116,1,45,0.0,115,0.0,1661
117,1,45,0.0,116,0.0,1661
118,1,45,0.0,117,0.0,1661
119,1,45,0.0,118,0.0,1661
120,1,45,0.0,119,0.0,1661
121,1,45,0.0,120,0.0,1661
122,1,45,0.0,121,0.0,1661
123,1,45,0.0,122,0.0,1661
124,1,45,0.0,123,0.0,1661
125,1,45,0.0,124,0.0,1661
126,1,45,0.0,125,0.0,1661
127,1,45,0.0,126,0.0,1661
128,1,45,0.0,127,0.0,1661
129,1,45,0.0,128,0.0,1661
130,1,45,0.0,129,0.0,1661
131,1,45,0.0,130,0.0,1661
132,1,45,0.0,131,0.0,1661
133,1,45,0.0,132,0.0,1661
134,1,45,0.0,133,0.0,1661
135,1,45,0.0,134,0.0,1661
136,1,45,0.0,135,0.2,1661
137,1,45,0.0,136,1.0,1661
138,1,45,0.0,137,1.0,1661
139,1,45,0.0,138,1.0,1661
140,1,45,0.0,139,0.95,1661
141,1,45,0.0,140,0.15,1661
142,1,45,0.0,141,1.0,1661
143,1,45,0.0,142,1.0,1661
144,1,45,0.0,143,1.0,1661
145,1,45,0.0,144,1.0,1661
146,1,45,0.0,145,1.0,1661
147,1,45,0.0,146,1.0,1661
148,1,45,0.0,147,0.35,1661
149,1,45,0.0,148,0.0,1661
150,1,45,0.0,149,0.0,1661
151,1,45,0.0,150,0.0,1661
152,1,45,0.0,151,0.0,1661
153,1,45,0.0,152,0.0,1661
154,1,45,0.0,153,0.0,1661
155,1,45,0.0,154,0.0,1661
156,1,45,0.0,155,0.0,1661
157,1,45,0.0,156,0.0,1661
158,1,45,0.0,157,0.0,1661
159,1,45,0.0,158,0.0,1661
160,1,45,0.0,159,0.0,1661
161,1,45,0.0,160,0.0,1661
162,1,45,0.0,161,0.0,1661
163,1,45,0.0,162,0.0,1661
1,1,45,0.0,0,0.0,4964
2,1,45,0.0,1,0.0,4964
3,1,45,0.0,2,0.0,4964
4,1,45,0.0,3,0.0,4964
5,1,45,0.0,4,0.0,4964
6,1,45,0.0,5,0.0,4964
7,1,45,0.0,6,0.0,4964
8,1,45,0.0,7,0.0,4964
9,1,45,0.0,8,0.0,4964
10,1,45,0.0,9,0.0,4964
11,1,45,0.0,10,0.0,4964
12,1,45,0.0,11,0.0,4964
13,1,45,0.0,12,0.0,4964
14,1,45,0.0,13,0.0,4964
15,1,45,0.0,14,0.0,4964
16,1,45,0.0,15,0.0,4964
17,1,45,0.0,16,0.0,4964
18,1,45,0.0,17,0.0,4964
19,1,45,0.0,18,0.0,4964
20,1,45,0.0,19,0.0,4964
21,1,45,0.0,20,0.0,4964
22,1,45,0.0,21,0.0,4964
23,1,45,0.0,22,0.0,4964
24,1,45,0.0,23,0.0,4964
25,1,45,0.0,24,0.0,4964
26,1,45,0.0,25,0.0,4964
27,1,45,0.0,26,0.0,4964
28,1,45,0.0,27,0.0,4964
29,1,45,0.0,28,0.0,4964
30,1,45,0.0,29,0.0,4964
31,1,45,0.0,30,0.0,4964
32,1,45,0.0,31,0.0,4964
33,1,45,0.0,32,0.0,4964
34,1,45,0.0,33,0.0,4964
35,1,45,0.0,34,0.0,4964
36,1,45,0.0,35,0.0,4964
37,1,45,0.0,36,0.0,4964
38,1,45,0.0,37,0.0,4964
39,1,45,0.0,38,0.0,4964
40,1,45,0.0,39,0.0,4964
41,1,45,0.0,40,0.0,4964
42,1,45,0.0,41,0.0,4964
43,1,45,0.0,42,0.0,4964
44,1,45,0.0,43,0.0,4964
45,1,45,0.0,44,0.0,4964
46,1,45,0.0,45,0.0,4964
47,1,45,0.0,46,0.0,4964
48,1,45,0.0,47,0.0,4964
49,1,45,0.0,48,0.0,4964
50,1,45,0.0,49,0.0,4964
51,1,45,0.0,50,0.0,4964
52,1,45,0.0,51,0.0,4964
53,1,45,0.0,52,0.0,4964
54,1,45,0.0,53,0.0,4964
55,1,45,0.0,54,0.0,4964
56,1,45,0.0,55,0.0,4964
57,1,45,0.0,56,0.0,4964
58,1,45,0.0,57,0.0,4964
59,1,45,0.0,58,0.0,4964
60,1,45,0.0,59,0.0,4964
61,1,45,0.0,60,0.0,4964
62,1,45,0.0,61,0.0,4964
63,1,45,0.0,62,0.0,4964
64,1,45,0.0,63,0.0,4964
65,1,45,0.0,64,0.0,4964
66,1,45,0.0,65,0.0,4964
67,1,45,0.0,66,0.0,4964
68,1,45,0.0,67,0.0,4964
69,1,45,0.0,68,0.0,4964
70,1,45,0.0,69,0.0,4964
71,1,45,0.0,70,0.0,4964
72,1,45,0.0,71,0.0,4964
73,1,45,0.0,72,0.0,4964
74,1,45,0.0,73,0.0,4964
75,1,45,0.0,74,0.0,4964
76,1,45,0.0,75,0.0,4964
77,1,45,0.0,76,0.0,4964
78,1,45,0.0,77,0.0,4964
79,1,45,0.0,78,0.0,4964
80,1,45,0.0,79,0.0,4964
81,1,45,0.0,80,0.0,4964
82,1,45,0.0,81,0.0,4964
83,1,45,0.0,82,0.0,4964
84,1,45,0.0,83,0.0,4964
85,1,45,0.0,84,0.0,4964
86,1,45,0.0,85,0.0,4964
87,1,45,0.0,86,0.0,4964
88,1,45,0.0,87,0.0,4964
89,1,45,0.0,88,0.0,4964
90,1,45,0.0,89,0.0,4964
91,1,45,0.0,90,0.0,4964
92,1,45,0.0,91,0.0,4964
93,1,45,0.0,92,0.0,4964
94,1,45,0.0,93,0.0,4964
95,1,45,0.0,94,0.0,4964
96,1,45,0.0,95,0.0,4964
97,1,45,0.0,96,0.0,4964
98,1,45,0.0,97,0.0,4964
99,1,45,0.0,98,0.0,4964
100,1,45,0.0,99,0.0,4964
101,1,45,0.0,100,0.0,4964
102,1,45,0.0,101,0.0,4964
103,1,45,0.0,102,0.0,4964
104,1,45,0.0,103,0.0,4964
105,1,45,0.0,104,0.0,4964
106,1,45,0.0,105,0.0,4964
107,1,45,0.0,106,0.0,4964
108,1,45,0.0,107,0.0,4964
109,1,45,0.0,108,0.0,4964
110,1,45,0.0,109,0.0,4964
111,1,45,0.0,110,0.0,4964
112,1,45,0.0,111,0.0,4964
113,1,45,0.0,112,0.0,4964
114,1,45,0.0,113,0.05,4964
115,1,45,0.0,114,0.05,4964
116,1,45,0.0,115,0.0,4964
117,1,45,0.0,116,0.1,4964
118,1,45,0.0,117,0.0,4964
119,1,45,0.0,118,0.0,4964
120,1,45,0.0,119,0.0,4964
121,1,45,0.0,120,0.0,4964
122,1,45,0.0,121,0.0,4964
123,1,45,0.0,122,0.0,4964
124,1,45,0.0,123,0.0,4964
125,1,45,0.0,124,0.54,4964
126,1,45,0.0,125,0.21,4964
127,1,45,0.0,126,0.1,4964
128,1,45,0.0,127,0.0,4964
129,1,45,0.0,128,0.0,4964
130,1,45,0.0,129,0.0,4964
131,1,45,0.0,130,0.0,4964
132,1,45,0.0,131,0.0,4964
133,1,45,0.0,132,0.0,4964
134,1,45,0.0,133,0.0,4964
135,1,45,0.0,134,0.0,4964
136,1,45,0.0,135,0.0,4964
137,1,45,0.0,136,0.0,4964
138,1,45,0.0,137,0.0,4964
139,1,45,0.0,138,0.0,4964
140,1,45,0.0,139,0.0,4964
141,1,45,0.0,140,0.0,4964
142,1,45,0.0,141,0.0,4964
143,1,45,0.0,142,0.2,4964
144,1,45,0.0,143,0.21,4964
145,1,45,0.0,144,0.0,4964
146,1,45,0.0,145,0.0,4964
147,1,45,0.0,146,0.0,4964
148,1,45,0.0,147,0.0,4964
149,1,45,0.0,148,0.0,4964
150,1,45,0.0,149,0.0,4964
151,1,45,0.0,150,0.0,4964
152,1,45,0.0,151,0.0,4964
153,1,45,0.0,152,0.0,4964
154,1,45,0.0,153,0.79,4964
155,1,45,0.0,154,0.56,4964
156,1,45,0.0,155,0.0,4964
157,1,45,0.0,156,0.0,4964
158,1,45,0.0,157,0.0,4964
159,1,45,0.0,158,0.0,4964
160,1,45,0.0,159,0.0,4964
161,1,45,0.0,160,0.0,4964
162,1,45,0.0,161,0.0,4964
163,1,45,0.0,162,0.0,4964
1,1,46,0.0,0,0.0,4415
2,1,46,0.0,1,0.0,4415
3,1,46,0.0,2,0.0,4415
4,1,46,0.0,3,0.0,4415
5,1,46,0.0,4,0.0,4415
6,1,46,0.0,5,0.0,4415
7,1,46,0.0,6,0.0,4415
8,1,46,0.0,7,0.0,4415
9,1,46,0.0,8,0.0,4415
10,1,46,0.0,9,0.0,4415
11,1,46,0.0,10,0.0,4415
12,1,46,0.0,11,0.0,4415
13,1,46,0.0,12,0.0,4415
14,1,46,0.0,13,0.0,4415
15,1,46,0.0,14,0.0,4415
16,1,46,0.0,15,0.0,4415
17,1,46,0.0,16,0.0,4415
18,1,46,0.0,17,0.0,4415
19,1,46,0.0,18,0.0,4415
20,1,46,0.0,19,0.0,4415
21,1,46,0.0,20,0.0,4415
22,1,46,0.0,21,0.0,4415
23,1,46,0.0,22,0.0,4415
24,1,46,0.0,23,0.0,4415
25,1,46,0.0,24,0.0,4415
26,1,46,0.0,25,0.0,4415
27,1,46,0.0,26,0.0,4415
28,1,46,0.0,27,0.0,4415
29,1,46,0.0,28,0.0,4415
30,1,46,0.0,29,0.0,4415
31,1,46,0.0,30,0.0,4415
32,1,46,0.0,31,0.0,4415
33,1,46,0.0,32,0.0,4415
34,1,46,0.0,33,0.0,4415
35,1,46,0.0,34,0.0,4415
36,1,46,0.0,35,0.0,4415
37,1,46,0.0,36,0.0,4415
38,1,46,0.0,37,0.0,4415
39,1,46,0.0,38,0.5,4415
40,1,46,0.0,39,0.07,4415
41,1,46,0.0,40,0.0,4415
42,1,46,0.0,41,0.0,4415
43,1,46,0.0,42,0.0,4415
44,1,46,0.0,43,0.0,4415
45,1,46,0.0,44,0.0,4415
46,1,46,0.0,45,0.0,4415
47,1,46,0.0,46,0.0,4415
48,1,46,0.0,47,0.0,4415
49,1,46,0.0,48,0.0,4415
50,1,46,0.0,49,0.0,4415
51,1,46,0.0,50,0.0,4415
52,1,46,0.0,51,0.0,4415
53,1,46,0.0,52,0.0,4415
54,1,46,0.0,53,0.0,4415
55,1,46,0.0,54,0.0,4415
56,1,46,0.0,55,0.0,4415
57,1,46,0.0,56,0.0,4415
58,1,46,0.0,57,0.0,4415
59,1,46,0.0,58,0.0,4415
60,1,46,0.0,59,0.0,4415
61,1,46,0.0,60,0.0,4415
62,1,46,0.0,61,0.0,4415
63,1,46,0.0,62,0.0,4415
64,1,46,0.0,63,0.0,4415
65,1,46,0.0,64,0.0,4415
66,1,46,0.0,65,0.0,4415
67,1,46,0.0,66,0.0,4415
68,1,46,0.0,67,0.0,4415
69,1,46,0.0,68,0.0,4415
70,1,46,0.0,69,0.0,4415
71,1,46,0.0,70,0.0,4415
72,1,46,0.0,71,0.0,4415
73,1,46,0.0,72,0.0,4415
74,1,46,0.0,73,0.0,4415
75,1,46,0.0,74,0.0,4415
76,1,46,0.0,75,0.0,4415
77,1,46,0.0,76,0.0,4415
78,1,46,0.0,77,0.0,4415
79,1,46,0.0,78,0.0,4415
80,1,46,0.0,79,0.0,4415
81,1,46,0.0,80,0.0,4415
82,1,46,0.0,81,0.0,4415
83,1,46,0.0,82,0.0,4415
84,1,46,0.0,83,0.0,4415
85,1,46,0.0,84,0.0,4415
86,1,46,0.0,85,0.0,4415
87,1,46,0.0,86,0.0,4415
88,1,46,0.0,87,0.0,4415
89,1,46,0.0,88,0.0,4415
90,1,46,0.0,89,0.0,4415
91,1,46,0.0,90,0.0,4415
92,1,46,0.0,91,0.0,4415
93,1,46,0.0,92,0.0,4415
94,1,46,0.0,93,0.0,4415
95,1,46,0.0,94,0.0,4415
96,1,46,0.0,95,0.0,4415
97,1,46,0.0,96,0.0,4415
98,1,46,0.0,97,0.0,4415
99,1,46,0.0,98,0.0,4415
100,1,46,0.0,99,0.0,4415
101,1,46,0.0,100,0.0,4415
102,1,46,0.0,101,0.0,4415
103,1,46,0.0,102,0.0,4415
104,1,46,0.0,103,0.0,4415
105,1,46,0.0,104,0.0,4415
106,1,46,0.0,105,0.0,4415
107,1,46,0.0,106,0.0,4415
108,1,46,0.0,107,0.0,4415
109,1,46,0.0,108,0.0,4415
110,1,46,0.0,109,0.0,4415
111,1,46,0.0,110,0.0,4415
112,1,46,0.51,111,0.0,4415
113,1,46,1.0,112,0.0,4415
114,1,46,1.0,113,0.0,4415
115,1,46,1.0,114,0.0,4415
116,1,46,1.0,115,0.0,4415
117,1,46,0.99,116,0.0,4415
118,1,46,0.0,117,0.0,4415
119,1,46,0.0,118,0.0,4415
120,1,46,0.0,119,0.0,4415
121,1,46,0.0,120,0.0,4415
122,1,46,0.0,121,0.0,4415
123,1,46,0.0,122,0.0,4415
124,1,46,0.0,123,0.0,4415
125,1,46,0.0,124,0.0,4415
126,1,46,0.0,125,0.0,4415
127,1,46,0.0,126,0.0,4415
128,1,46,0.0,127,0.0,4415
129,1,46,0.0,128,0.0,4415
130,1,46,0.0,129,0.0,4415
131,1,46,0.0,130,0.0,4415
132,1,46,0.0,131,0.0,4415
133,1,46,0.0,132,0.0,4415
134,1,46,0.0,133,0.0,4415
135,1,46,0.0,134,0.0,4415
136,1,46,0.0,135,0.0,4415
137,1,46,0.0,136,0.0,4415
138,1,46,0.0,137,0.0,4415
139,1,46,0.0,138,0.0,4415
140,1,46,0.0,139,0.0,4415
141,1,46,0.0,140,0.0,4415
142,1,46,0.0,141,0.0,4415
143,1,46,0.0,142,0.0,4415
144,1,46,0.0,143,0.0,4415
145,1,46,0.0,144,0.0,4415
146,1,46,0.0,145,0.0,4415
147,1,46,0.0,146,0.0,4415
148,1,46,0.0,147,0.0,4415
149,1,46,0.0,148,0.0,4415
150,1,46,0.0,149,0.0,4415
151,1,46,0.0,150,0.0,4415
152,1,46,0.0,151,0.0,4415
153,1,46,0.0,152,0.0,4415
154,1,46,0.0,153,0.0,4415
155,1,46,0.0,154,0.0,4415
156,1,46,0.0,155,0.0,4415
157,1,46,0.0,156,0.0,4415
158,1,46,0.0,157,0.0,4415
159,1,46,0.0,158,0.0,4415
160,1,46,0.0,159,0.0,4415
161,1,46,0.0,160,0.0,4415
162,1,46,0.0,161,0.0,4415
163,1,46,0.0,162,0.0,4415
1,1,46,0.0,0,0.0,687
2,1,46,0.0,1,0.0,687
3,1,46,0.0,2,0.0,687
4,1,46,0.0,3,0.0,687
5,1,46,0.0,4,0.0,687
6,1,46,0.0,5,0.0,687
7,1,46,0.0,6,0.0,687
8,1,46,0.0,7,0.0,687
9,1,46,0.0,8,0.0,687
10,1,46,0.0,9,0.0,687
11,1,46,0.0,10,0.0,687
12,1,46,0.0,11,0.0,687
13,1,46,0.0,12,0.45,687
14,1,46,0.0,13,0.0,687
15,1,46,0.0,14,0.35,687
16,1,46,0.0,15,1.0,687
17,1,46,0.0,16,0.95,687
18,1,46,0.0,17,0.5,687
19,1,46,0.0,18,1.0,687
20,1,46,0.0,19,1.0,687
21,1,46,0.0,20,0.63,687
22,1,46,0.0,21,0.0,687
23,1,46,0.0,22,0.0,687
24,1,46,0.0,23,0.0,687
25,1,46,0.0,24,0.0,687
26,1,46,0.0,25,0.0,687
27,1,46,0.0,26,0.0,687
28,1,46,0.0,27,0.0,687
29,1,46,0.0,28,0.0,687
30,1,46,0.0,29,0.0,687
31,1,46,0.0,30,0.0,687
32,1,46,0.0,31,0.0,687
33,1,46,0.0,32,0.0,687
34,1,46,0.0,33,0.0,687
35,1,46,0.0,34,0.0,687
36,1,46,0.0,35,0.0,687
37,1,46,0.0,36,0.4,687
38,1,46,0.0,37,1.0,687
39,1,46,0.0,38,1.0,687
40,1,46,0.0,39,0.0,687
41,1,46,0.0,40,0.0,687
42,1,46,0.0,41,0.0,687
43,1,46,0.45,42,0.0,687
44,1,46,0.0,43,0.0,687
45,1,46,0.3,44,0.0,687
46,1,46,1.0,45,0.0,687
47,1,46,0.25,46,0.0,687
48,1,46,0.0,47,0.0,687
49,1,46,0.0,48,0.0,687
50,1,46,0.0,49,0.0,687
51,1,46,0.0,50,0.0,687
52,1,46,0.0,51,0.0,687
53,1,46,0.0,52,0.0,687
54,1,46,0.0,53,0.0,687
55,1,46,0.0,54,0.0,687
56,1,46,0.0,55,0.0,687
57,1,46,0.0,56,0.0,687
58,1,46,0.0,57,0.0,687
59,1,46,0.0,58,0.0,687
60,1,46,0.0,59,0.0,687
61,1,46,0.0,60,0.0,687
62,1,46,0.0,61,0.0,687
63,1,46,0.0,62,0.15,687
64,1,46,0.0,63,0.3,687
65,1,46,0.0,64,1.0,687
66,1,46,0.0,65,0.85,687
67,1,46,0.0,66,0.0,687
68,1,46,0.0,67,0.0,687
69,1,46,0.0,68,0.0,687
70,1,46,0.0,69,0.0,687
71,1,46,0.0,70,0.0,687
72,1,46,0.0,71,0.0,687
73,1,46,0.0,72,0.0,687
74,1,46,0.0,73,0.0,687
75,1,46,0.0,74,0.0,687
76,1,46,0.0,75,0.0,687
77,1,46,0.0,76,0.0,687
78,1,46,0.0,77,0.0,687
79,1,46,0.0,78,0.0,687
80,1,46,0.0,79,0.18,687
81,1,46,0.0,80,0.0,687
82,1,46,0.0,81,0.12,687
83,1,46,0.0,82,0.0,687
84,1,46,0.0,83,0.0,687
85,1,46,0.0,84,0.66,687
86,1,46,0.0,85,0.0,687
87,1,46,0.0,86,0.0,687
88,1,46,0.0,87,0.0,687
89,1,46,0.0,88,0.0,687
90,1,46,0.0,89,0.0,687
91,1,46,0.0,90,0.0,687
92,1,46,0.5,91,0.0,687
93,1,46,1.0,92,0.0,687
94,1,46,0.11,93,0.0,687
95,1,46,0.0,94,0.0,687
96,1,46,0.0,95,0.0,687
97,1,46,0.0,96,0.0,687
98,1,46,0.0,97,0.0,687
99,1,46,0.0,98,0.0,687
100,1,46,0.0,99,0.0,687
101,1,46,0.0,100,0.0,687
102,1,46,0.0,101,0.0,687
103,1,46,0.0,102,0.0,687
104,1,46,0.0,103,0.0,687
105,1,46,0.0,104,0.0,687
106,1,46,0.0,105,0.0,687
107,1,46,0.0,106,0.0,687
108,1,46,0.0,107,0.0,687
109,1,46,0.0,108,0.0,687
110,1,46,0.0,109,0.0,687
111,1,46,0.0,110,0.0,687
112,1,46,0.0,111,0.0,687
113,1,46,0.0,112,0.0,687
114,1,46,0.0,113,0.0,687
115,1,46,0.0,114,0.0,687
116,1,46,0.0,115,0.4,687
117,1,46,0.0,116,1.0,687
118,1,46,0.0,117,1.0,687
119,1,46,0.0,118,1.0,687
120,1,46,0.0,119,1.0,687
121,1,46,0.0,120,0.07,687
122,1,46,0.0,121,0.0,687
123,1,46,0.0,122,0.0,687
124,1,46,0.0,123,0.0,687
125,1,46,0.0,124,0.0,687
126,1,46,0.0,125,0.0,687
127,1,46,0.0,126,0.0,687
128,1,46,0.6,127,0.0,687
129,1,46,0.65,128,0.0,687
130,1,46,0.0,129,0.0,687
131,1,46,0.0,130,0.0,687
132,1,46,0.0,131,0.0,687
133,1,46,0.0,132,0.0,687
134,1,46,0.0,133,0.0,687
135,1,46,0.0,134,0.0,687
136,1,46,0.0,135,0.0,687
137,1,46,0.0,136,0.7,687
138,1,46,0.0,137,0.3,687
139,1,46,0.0,138,0.0,687
140,1,46,0.0,139,0.0,687
141,1,46,0.0,140,0.0,687
142,1,46,0.0,141,0.0,687
143,1,46,0.0,142,0.0,687
144,1,46,0.0,143,0.0,687
145,1,46,0.0,144,0.0,687
146,1,46,0.0,145,0.0,687
147,1,46,0.0,146,0.0,687
148,1,46,0.0,147,0.0,687
149,1,46,0.0,148,0.0,687
150,1,46,0.0,149,0.0,687
151,1,46,0.0,150,0.0,687
152,1,46,0.0,151,0.0,687
153,1,46,0.0,152,0.15,687
154,1,46,0.0,153,0.0,687
155,1,46,0.0,154,0.1,687
156,1,46,0.0,155,1.0,687
157,1,46,0.0,156,1.0,687
158,1,46,0.0,157,0.13,687
159,1,46,0.0,158,0.0,687
160,1,46,0.0,159,0.0,687
161,1,46,0.0,160,0.8,687
162,1,46,0.0,161,0.8,687
163,1,46,0.0,162,0.0,687
1,1,46,0.0,0,0.0,980
2,1,46,0.0,1,0.0,980
3,1,46,0.0,2,0.0,980
4,1,46,0.0,3,0.0,980
5,1,46,0.0,4,0.0,980
6,1,46,0.0,5,0.0,980
7,1,46,0.0,6,0.0,980
8,1,46,0.0,7,0.0,980
9,1,46,0.0,8,0.0,980
10,1,46,0.0,9,0.0,980
11,1,46,0.0,10,0.0,980
12,1,46,0.0,11,0.0,980
13,1,46,0.0,12,0.0,980
14,1,46,0.0,13,0.0,980
15,1,46,0.0,14,0.0,980
16,1,46,0.0,15,0.0,980
17,1,46,0.0,16,0.0,980
18,1,46,0.0,17,0.0,980
19,1,46,0.0,18,0.0,980
20,1,46,0.0,19,0.0,980
21,1,46,0.0,20,0.0,980
22,1,46,0.0,21,0.0,980
23,1,46,0.0,22,0.0,980
24,1,46,0.0,23,0.0,980
25,1,46,0.0,24,0.0,980
26,1,46,0.0,25,0.0,980
27,1,46,0.0,26,0.0,980
28,1,46,0.0,27,0.0,980
29,1,46,0.0,28,0.0,980
30,1,46,0.0,29,0.0,980
31,1,46,0.0,30,0.0,980
32,1,46,0.0,31,0.0,980
33,1,46,0.0,32,0.0,980
34,1,46,0.0,33,0.0,980
35,1,46,0.0,34,0.0,980
36,1,46,0.0,35,0.0,980
37,1,46,0.0,36,0.0,980
38,1,46,0.0,37,0.0,980
39,1,46,0.0,38,0.0,980
40,1,46,0.0,39,0.0,980
41,1,46,0.0,40,0.0,980
42,1,46,0.0,41,0.0,980
43,1,46,0.0,42,0.0,980
44,1,46,0.0,43,0.0,980
45,1,46,0.0,44,0.0,980
46,1,46,0.0,45,0.0,980
47,1,46,0.0,46,0.0,980
48,1,46,0.0,47,0.0,980
49,1,46,0.0,48,0.0,980
50,1,46,0.0,49,0.0,980
51,1,46,0.0,50,0.0,980
52,1,46,0.0,51,0.0,980
53,1,46,0.0,52,0.0,980
54,1,46,0.0,53,0.0,980
55,1,46,0.0,54,0.0,980
56,1,46,0.0,55,0.0,980
57,1,46,0.0,56,0.0,980
58,1,46,0.0,57,0.0,980
59,1,46,0.0,58,0.0,980
60,1,46,0.0,59,0.0,980
61,1,46,0.0,60,0.0,980
62,1,46,0.0,61,0.0,980
63,1,46,0.0,62,0.0,980
64,1,46,0.0,63,0.0,980
65,1,46,0.0,64,0.0,980
66,1,46,0.0,65,0.0,980
67,1,46,0.0,66,0.0,980
68,1,46,0.0,67,0.0,980
69,1,46,0.0,68,0.0,980
70,1,46,0.0,69,0.0,980
71,1,46,0.0,70,0.0,980
72,1,46,0.0,71,0.0,980
73,1,46,0.0,72,0.0,980
74,1,46,0.0,73,0.0,980
75,1,46,0.0,74,0.0,980
76,1,46,0.0,75,0.0,980
77,1,46,0.0,76,0.0,980
78,1,46,0.0,77,0.0,980
79,1,46,0.0,78,0.0,980
80,1,46,0.0,79,0.0,980
81,1,46,0.0,80,0.0,980
82,1,46,0.0,81,0.0,980
83,1,46,0.0,82,0.0,980
84,1,46,0.0,83,0.0,980
85,1,46,0.0,84,0.0,980
86,1,46,0.0,85,0.0,980
87,1,46,0.0,86,0.0,980
88,1,46,0.0,87,0.0,980
89,1,46,0.0,88,0.0,980
90,1,46,0.0,89,0.0,980
91,1,46,0.0,90,0.0,980
92,1,46,0.0,91,0.0,980
93,1,46,0.0,92,0.0,980
94,1,46,0.0,93,0.0,980
95,1,46,0.0,94,0.0,980
96,1,46,0.0,95,0.0,980
97,1,46,0.0,96,0.0,980
98,1,46,0.0,97,0.0,980
99,1,46,0.0,98,0.0,980
100,1,46,0.0,99,0.0,980
101,1,46,0.0,100,0.0,980
102,1,46,0.0,101,0.0,980
103,1,46,0.0,102,0.0,980
104,1,46,0.0,103,0.0,980
105,1,46,0.0,104,0.0,980
106,1,46,0.0,105,0.0,980
107,1,46,0.0,106,0.0,980
108,1,46,0.0,107,0.0,980
109,1,46,0.0,108,0.0,980
110,1,46,0.0,109,0.0,980
111,1,46,0.0,110,0.0,980
112,1,46,0.0,111,0.0,980
113,1,46,0.0,112,0.0,980
114,1,46,0.0,113,0.0,980
115,1,46,0.0,114,0.0,980
116,1,46,0.0,115,0.0,980
117,1,46,0.0,116,0.0,980
118,1,46,0.0,117,0.0,980
119,1,46,0.0,118,0.0,980
120,1,46,0.0,119,0.0,980
121,1,46,0.0,120,0.0,980
122,1,46,0.0,121,0.0,980
123,1,46,0.0,122,0.0,980
124,1,46,0.0,123,0.0,980
125,1,46,0.0,124,0.0,980
126,1,46,0.0,125,0.0,980
127,1,46,0.0,126,0.0,980
128,1,46,0.0,127,0.0,980
129,1,46,0.0,128,0.0,980
130,1,46,0.0,129,0.0,980
131,1,46,0.0,130,0.0,980
132,1,46,0.0,131,0.0,980
133,1,46,0.0,132,0.0,980
134,1,46,0.0,133,0.0,980
135,1,46,0.0,134,0.0,980
136,1,46,0.0,135,0.0,980
137,1,46,0.0,136,0.0,980
138,1,46,0.0,137,0.0,980
139,1,46,0.0,138,0.0,980
140,1,46,0.0,139,0.0,980
141,1,46,0.0,140,0.0,980
142,1,46,0.0,141,0.0,980
143,1,46,0.0,142,0.0,980
144,1,46,0.0,143,0.0,980
145,1,46,0.0,144,0.0,980
146,1,46,0.0,145,0.0,980
147,1,46,0.0,146,0.0,980
148,1,46,0.0,147,0.0,980
149,1,46,0.0,148,0.0,980
150,1,46,0.0,149,0.0,980
151,1,46,0.0,150,0.0,980
152,1,46,0.0,151,0.0,980
153,1,46,0.0,152,0.0,980
154,1,46,0.0,153,0.0,980
155,1,46,0.0,154,0.0,980
156,1,46,0.0,155,0.0,980
157,1,46,0.0,156,0.0,980
158,1,46,0.0,157,0.0,980
159,1,46,0.0,158,0.0,980
160,1,46,0.0,159,0.0,980
161,1,46,0.0,160,0.0,980
162,1,46,0.0,161,0.0,980
163,1,46,0.0,162,0.0,980
1,1,46,0.0,0,0.0,1159
2,1,46,0.0,1,0.0,1159
3,1,46,0.0,2,0.0,1159
4,1,46,0.0,3,0.0,1159
5,1,46,0.0,4,0.0,1159
6,1,46,0.0,5,0.0,1159
7,1,46,0.0,6,0.0,1159
8,1,46,0.0,7,0.0,1159
9,1,46,0.0,8,0.0,1159
10,1,46,0.0,9,0.0,1159
11,1,46,0.0,10,0.0,1159
12,1,46,0.0,11,0.0,1159
13,1,46,0.0,12,0.0,1159
14,1,46,0.0,13,0.0,1159
15,1,46,0.0,14,0.0,1159
16,1,46,0.0,15,0.0,1159
17,1,46,0.0,16,0.0,1159
18,1,46,0.0,17,0.0,1159
19,1,46,0.0,18,0.0,1159
20,1,46,0.0,19,0.0,1159
21,1,46,0.0,20,0.0,1159
22,1,46,0.0,21,0.0,1159
23,1,46,0.0,22,0.0,1159
24,1,46,0.0,23,0.0,1159
25,1,46,0.0,24,0.0,1159
26,1,46,0.0,25,0.0,1159
27,1,46,0.0,26,0.0,1159
28,1,46,0.0,27,0.0,1159
29,1,46,0.0,28,0.0,1159
30,1,46,0.0,29,0.0,1159
31,1,46,0.0,30,0.0,1159
32,1,46,0.0,31,0.0,1159
33,1,46,0.0,32,0.0,1159
34,1,46,0.0,33,0.0,1159
35,1,46,0.0,34,0.0,1159
36,1,46,0.0,35,0.0,1159
37,1,46,0.0,36,0.0,1159
38,1,46,0.0,37,0.0,1159
39,1,46,0.0,38,0.0,1159
40,1,46,0.0,39,0.0,1159
41,1,46,0.0,40,0.0,1159
42,1,46,0.0,41,0.0,1159
43,1,46,0.0,42,0.0,1159
44,1,46,0.0,43,0.0,1159
45,1,46,0.0,44,0.0,1159
46,1,46,0.0,45,0.0,1159
47,1,46,0.0,46,0.0,1159
48,1,46,0.0,47,0.0,1159
49,1,46,0.0,48,0.0,1159
50,1,46,0.0,49,0.0,1159
51,1,46,0.0,50,0.0,1159
52,1,46,0.0,51,0.0,1159
53,1,46,0.0,52,0.0,1159
54,1,46,0.0,53,0.0,1159
55,1,46,0.0,54,0.0,1159
56,1,46,0.0,55,0.0,1159
57,1,46,0.0,56,0.0,1159
58,1,46,0.0,57,0.0,1159
59,1,46,0.0,58,0.0,1159
60,1,46,0.0,59,0.0,1159
61,1,46,0.0,60,0.0,1159
62,1,46,0.0,61,0.0,1159
63,1,46,0.0,62,0.0,1159
64,1,46,0.0,63,0.0,1159
65,1,46,0.0,64,0.0,1159
66,1,46,0.0,65,0.0,1159
67,1,46,0.0,66,0.0,1159
68,1,46,0.0,67,0.0,1159
69,1,46,0.0,68,0.0,1159
70,1,46,0.0,69,0.0,1159
71,1,46,0.0,70,0.0,1159
72,1,46,0.0,71,0.0,1159
73,1,46,0.0,72,0.0,1159
74,1,46,0.0,73,0.0,1159
75,1,46,0.0,74,0.0,1159
76,1,46,0.0,75,0.0,1159
77,1,46,0.0,76,0.0,1159
78,1,46,0.0,77,0.0,1159
79,1,46,0.0,78,0.0,1159
80,1,46,0.0,79,0.0,1159
81,1,46,0.0,80,0.0,1159
82,1,46,0.0,81,0.0,1159
83,1,46,0.0,82,0.0,1159
84,1,46,0.0,83,0.0,1159
85,1,46,0.0,84,0.0,1159
86,1,46,0.0,85,0.0,1159
87,1,46,0.0,86,0.0,1159
88,1,46,0.0,87,0.0,1159
89,1,46,0.0,88,0.0,1159
90,1,46,0.0,89,0.0,1159
91,1,46,0.0,90,0.0,1159
92,1,46,0.0,91,0.0,1159
93,1,46,0.0,92,0.0,1159
94,1,46,0.0,93,0.0,1159
95,1,46,0.0,94,0.0,1159
96,1,46,0.0,95,0.0,1159
97,1,46,0.0,96,0.0,1159
98,1,46,0.0,97,0.0,1159
99,1,46,0.0,98,0.0,1159
100,1,46,0.0,99,0.0,1159
101,1,46,0.0,100,0.0,1159
102,1,46,0.0,101,0.0,1159
103,1,46,0.0,102,0.0,1159
104,1,46,0.0,103,0.0,1159
105,1,46,0.0,104,0.0,1159
106,1,46,0.0,105,0.0,1159
107,1,46,0.0,106,0.0,1159
108,1,46,0.0,107,0.0,1159
109,1,46,0.0,108,0.0,1159
110,1,46,0.0,109,0.0,1159
111,1,46,0.0,110,0.0,1159
112,1,46,0.0,111,0.0,1159
113,1,46,0.0,112,0.0,1159
114,1,46,0.0,113,0.0,1159
115,1,46,0.0,114,0.0,1159
116,1,46,0.0,115,0.0,1159
117,1,46,0.0,116,0.0,1159
118,1,46,0.0,117,0.0,1159
119,1,46,0.0,118,0.0,1159
120,1,46,0.0,119,0.0,1159
121,1,46,0.0,120,0.0,1159
122,1,46,0.0,121,0.0,1159
123,1,46,0.0,122,0.0,1159
124,1,46,0.0,123,0.0,1159
125,1,46,0.0,124,0.0,1159
126,1,46,0.0,125,0.0,1159
127,1,46,0.0,126,0.0,1159
128,1,46,0.0,127,0.0,1159
129,1,46,0.0,128,0.0,1159
130,1,46,0.0,129,0.0,1159
131,1,46,0.0,130,0.0,1159
132,1,46,0.0,131,0.0,1159
133,1,46,0.0,132,0.0,1159
134,1,46,0.0,133,0.0,1159
135,1,46,0.0,134,0.0,1159
136,1,46,0.0,135,0.0,1159
137,1,46,0.0,136,0.0,1159
138,1,46,0.0,137,0.0,1159
139,1,46,0.0,138,0.0,1159
140,1,46,0.0,139,0.0,1159
141,1,46,0.0,140,0.0,1159
142,1,46,0.0,141,0.0,1159
143,1,46,0.0,142,0.0,1159
144,1,46,0.0,143,0.0,1159
145,1,46,0.0,144,0.0,1159
146,1,46,0.0,145,0.0,1159
147,1,46,0.0,146,0.0,1159
148,1,46,0.0,147,0.0,1159
149,1,46,0.0,148,0.0,1159
150,1,46,0.0,149,0.0,1159
151,1,46,0.0,150,0.0,1159
152,1,46,0.0,151,0.0,1159
153,1,46,0.0,152,0.0,1159
154,1,46,0.0,153,0.0,1159
155,1,46,0.0,154,0.0,1159
156,1,46,0.0,155,0.0,1159
157,1,46,0.0,156,0.0,1159
158,1,46,0.0,157,0.0,1159
159,1,46,0.0,158,0.0,1159
160,1,46,0.0,159,0.0,1159
161,1,46,0.0,160,0.0,1159
162,1,46,0.0,161,0.0,1159
163,1,46,0.0,162,0.0,1159
1,1,46,0.0,0,0.0,5089
2,1,46,0.0,1,0.0,5089
3,1,46,0.0,2,0.0,5089
4,1,46,0.0,3,0.0,5089
5,1,46,0.0,4,0.0,5089
6,1,46,0.0,5,0.0,5089
7,1,46,0.0,6,0.0,5089
8,1,46,0.0,7,0.0,5089
9,1,46,0.0,8,0.0,5089
10,1,46,0.0,9,0.0,5089
11,1,46,0.0,10,0.0,5089
12,1,46,0.0,11,0.0,5089
13,1,46,0.0,12,0.0,5089
14,1,46,0.0,13,0.0,5089
15,1,46,0.0,14,0.0,5089
16,1,46,0.0,15,0.0,5089
17,1,46,0.0,16,0.0,5089
18,1,46,0.0,17,0.0,5089
19,1,46,0.0,18,0.0,5089
20,1,46,0.0,19,0.0,5089
21,1,46,0.0,20,0.0,5089
22,1,46,0.0,21,0.0,5089
23,1,46,0.0,22,0.0,5089
24,1,46,0.0,23,0.0,5089
25,1,46,0.0,24,0.0,5089
26,1,46,0.0,25,0.0,5089
27,1,46,0.0,26,0.0,5089
28,1,46,0.0,27,0.0,5089
29,1,46,0.0,28,0.0,5089
30,1,46,0.0,29,0.0,5089
31,1,46,0.0,30,0.0,5089
32,1,46,0.0,31,0.0,5089
33,1,46,0.0,32,0.0,5089
34,1,46,0.0,33,0.0,5089
35,1,46,0.0,34,0.0,5089
36,1,46,0.0,35,0.0,5089
37,1,46,0.0,36,0.0,5089
38,1,46,0.0,37,0.0,5089
39,1,46,0.0,38,0.0,5089
40,1,46,0.0,39,0.0,5089
41,1,46,0.0,40,0.0,5089
42,1,46,0.0,41,0.0,5089
43,1,46,0.0,42,0.0,5089
44,1,46,0.0,43,0.0,5089
45,1,46,0.0,44,0.0,5089
46,1,46,0.0,45,0.0,5089
47,1,46,0.0,46,0.0,5089
48,1,46,0.0,47,0.0,5089
49,1,46,0.0,48,0.0,5089
50,1,46,0.0,49,0.0,5089
51,1,46,0.0,50,0.0,5089
52,1,46,0.0,51,0.0,5089
53,1,46,0.0,52,0.0,5089
54,1,46,0.0,53,0.0,5089
55,1,46,0.0,54,0.0,5089
56,1,46,0.0,55,0.0,5089
57,1,46,0.0,56,0.0,5089
58,1,46,0.0,57,0.0,5089
59,1,46,0.0,58,0.0,5089
60,1,46,0.0,59,0.0,5089
61,1,46,0.0,60,0.0,5089
62,1,46,0.0,61,0.0,5089
63,1,46,0.0,62,0.0,5089
64,1,46,0.0,63,0.0,5089
65,1,46,0.0,64,0.0,5089
66,1,46,0.0,65,0.0,5089
67,1,46,0.0,66,0.0,5089
68,1,46,0.0,67,0.0,5089
69,1,46,0.0,68,0.0,5089
70,1,46,0.0,69,0.0,5089
71,1,46,0.0,70,0.0,5089
72,1,46,0.0,71,0.0,5089
73,1,46,0.0,72,0.0,5089
74,1,46,0.0,73,0.0,5089
75,1,46,0.0,74,0.0,5089
76,1,46,0.0,75,0.0,5089
77,1,46,0.0,76,0.0,5089
78,1,46,0.0,77,0.0,5089
79,1,46,0.0,78,0.0,5089
80,1,46,0.0,79,0.0,5089
81,1,46,0.0,80,0.0,5089
82,1,46,0.0,81,0.0,5089
83,1,46,0.0,82,0.0,5089
84,1,46,0.0,83,0.0,5089
85,1,46,0.0,84,0.0,5089
86,1,46,0.0,85,0.0,5089
87,1,46,0.0,86,0.0,5089
88,1,46,0.0,87,0.0,5089
89,1,46,0.0,88,0.0,5089
90,1,46,0.0,89,0.0,5089
91,1,46,0.0,90,0.0,5089
92,1,46,0.0,91,0.0,5089
93,1,46,0.0,92,0.0,5089
94,1,46,0.0,93,0.0,5089
95,1,46,0.0,94,0.0,5089
96,1,46,0.0,95,0.0,5089
97,1,46,0.0,96,0.0,5089
98,1,46,0.0,97,0.0,5089
99,1,46,0.0,98,0.0,5089
100,1,46,0.0,99,0.0,5089
101,1,46,0.0,100,0.0,5089
102,1,46,0.0,101,0.0,5089
103,1,46,0.0,102,0.0,5089
104,1,46,0.0,103,0.0,5089
105,1,46,0.0,104,0.0,5089
106,1,46,0.0,105,0.0,5089
107,1,46,0.0,106,0.0,5089
108,1,46,0.0,107,0.0,5089
109,1,46,0.0,108,0.0,5089
110,1,46,0.0,109,0.0,5089
111,1,46,0.0,110,0.0,5089
112,1,46,0.0,111,0.0,5089
113,1,46,0.0,112,0.0,5089
114,1,46,0.0,113,0.0,5089
115,1,46,0.0,114,0.0,5089
116,1,46,0.0,115,0.0,5089
117,1,46,0.0,116,0.0,5089
118,1,46,0.0,117,0.0,5089
119,1,46,0.0,118,0.0,5089
120,1,46,0.0,119,0.0,5089
121,1,46,0.0,120,0.0,5089
122,1,46,0.0,121,0.0,5089
123,1,46,0.0,122,0.0,5089
124,1,46,0.0,123,0.0,5089
125,1,46,0.0,124,0.0,5089
126,1,46,0.0,125,0.0,5089
127,1,46,0.0,126,0.0,5089
128,1,46,0.0,127,0.0,5089
129,1,46,0.0,128,0.0,5089
130,1,46,0.0,129,0.0,5089
131,1,46,0.0,130,0.0,5089
132,1,46,0.0,131,0.0,5089
133,1,46,0.0,132,0.0,5089
134,1,46,0.0,133,0.0,5089
135,1,46,0.0,134,0.0,5089
136,1,46,0.0,135,0.0,5089
137,1,46,0.0,136,0.0,5089
138,1,46,0.0,137,0.0,5089
139,1,46,0.0,138,0.0,5089
140,1,46,0.0,139,0.0,5089
141,1,46,0.0,140,0.0,5089
142,1,46,0.0,141,0.0,5089
143,1,46,0.0,142,0.0,5089
144,1,46,0.0,143,0.0,5089
145,1,46,0.0,144,0.0,5089
146,1,46,0.0,145,0.0,5089
147,1,46,0.0,146,0.0,5089
148,1,46,0.0,147,0.0,5089
149,1,46,0.0,148,0.0,5089
150,1,46,0.0,149,0.0,5089
151,1,46,0.0,150,0.0,5089
152,1,46,0.0,151,0.0,5089
153,1,46,0.0,152,0.0,5089
154,1,46,0.0,153,0.0,5089
155,1,46,0.0,154,0.0,5089
156,1,46,0.0,155,0.0,5089
157,1,46,0.0,156,0.0,5089
158,1,46,0.0,157,0.0,5089
159,1,46,0.0,158,0.0,5089
160,1,46,0.0,159,0.0,5089
161,1,46,0.0,160,0.0,5089
162,1,46,0.0,161,0.0,5089
163,1,46,0.0,162,0.0,5089
1,1,47,0.0,0,0.0,4201
2,1,47,0.0,1,0.0,4201
3,1,47,0.0,2,0.0,4201
4,1,47,0.0,3,0.0,4201
5,1,47,0.0,4,0.0,4201
6,1,47,0.0,5,0.0,4201
7,1,47,0.0,6,0.0,4201
8,1,47,0.0,7,0.0,4201
9,1,47,0.0,8,0.0,4201
10,1,47,0.0,9,0.0,4201
11,1,47,0.0,10,0.0,4201
12,1,47,0.0,11,0.0,4201
13,1,47,0.0,12,0.0,4201
14,1,47,0.0,13,0.0,4201
15,1,47,0.0,14,0.0,4201
16,1,47,0.0,15,0.0,4201
17,1,47,0.0,16,0.0,4201
18,1,47,0.0,17,0.0,4201
19,1,47,0.0,18,0.0,4201
20,1,47,0.0,19,0.0,4201
21,1,47,0.0,20,0.0,4201
22,1,47,0.0,21,0.0,4201
23,1,47,0.0,22,0.0,4201
24,1,47,0.0,23,0.0,4201
25,1,47,0.0,24,0.0,4201
26,1,47,0.0,25,0.0,4201
27,1,47,0.0,26,0.0,4201
28,1,47,0.0,27,0.0,4201
29,1,47,0.0,28,0.0,4201
30,1,47,0.0,29,0.0,4201
31,1,47,0.0,30,0.0,4201
32,1,47,0.0,31,0.9,4201
33,1,47,0.0,32,1.0,4201
34,1,47,0.0,33,1.0,4201
35,1,47,0.0,34,0.0,4201
36,1,47,0.0,35,0.0,4201
37,1,47,0.0,36,0.0,4201
38,1,47,0.0,37,0.0,4201
39,1,47,0.0,38,0.0,4201
40,1,47,0.0,39,0.0,4201
41,1,47,0.0,40,0.0,4201
42,1,47,0.0,41,0.0,4201
43,1,47,0.51,42,0.0,4201
44,1,47,0.0,43,0.0,4201
45,1,47,0.0,44,0.0,4201
46,1,47,0.0,45,0.0,4201
47,1,47,0.45,46,0.0,4201
48,1,47,1.0,47,0.0,4201
49,1,47,0.36,48,0.0,4201
50,1,47,0.0,49,0.0,4201
51,1,47,0.0,50,0.0,4201
52,1,47,0.0,51,0.0,4201
53,1,47,0.0,52,0.0,4201
54,1,47,0.0,53,0.0,4201
55,1,47,0.0,54,0.0,4201
56,1,47,0.0,55,0.0,4201
57,1,47,0.0,56,0.0,4201
58,1,47,0.0,57,0.0,4201
59,1,47,0.0,58,0.0,4201
60,1,47,0.0,59,0.0,4201
61,1,47,0.0,60,0.0,4201
62,1,47,0.0,61,0.0,4201
63,1,47,0.0,62,0.0,4201
64,1,47,0.0,63,0.5,4201
65,1,47,0.0,64,1.0,4201
66,1,47,0.0,65,0.25,4201
67,1,47,0.0,66,0.0,4201
68,1,47,0.0,67,0.0,4201
69,1,47,0.0,68,0.0,4201
70,1,47,0.0,69,0.0,4201
71,1,47,0.0,70,0.0,4201
72,1,47,0.0,71,0.0,4201
73,1,47,0.0,72,0.0,4201
74,1,47,0.0,73,0.0,4201
75,1,47,0.0,74,0.0,4201
76,1,47,0.0,75,0.0,4201
77,1,47,0.0,76,0.0,4201
78,1,47,0.0,77,0.0,4201
79,1,47,0.0,78,0.7,4201
80,1,47,0.0,79,1.0,4201
81,1,47,0.0,80,0.97,4201
82,1,47,0.0,81,0.0,4201
83,1,47,0.0,82,0.0,4201
84,1,47,0.0,83,0.0,4201
85,1,47,0.0,84,0.0,4201
86,1,47,0.0,85,0.0,4201
87,1,47,0.0,86,0.0,4201
88,1,47,0.0,87,0.0,4201
89,1,47,0.0,88,0.0,4201
90,1,47,0.0,89,0.0,4201
91,1,47,0.5,90,0.0,4201
92,1,47,1.0,91,0.0,4201
93,1,47,0.2,92,0.0,4201
94,1,47,0.0,93,0.0,4201
95,1,47,0.0,94,0.0,4201
96,1,47,0.0,95,0.0,4201
97,1,47,0.0,96,0.0,4201
98,1,47,0.0,97,0.0,4201
99,1,47,0.0,98,0.0,4201
100,1,47,0.0,99,0.0,4201
101,1,47,0.0,100,0.0,4201
102,1,47,0.0,101,0.0,4201
103,1,47,0.0,102,0.0,4201
104,1,47,0.0,103,0.0,4201
105,1,47,0.0,104,0.0,4201
106,1,47,0.0,105,0.0,4201
107,1,47,0.0,106,0.0,4201
108,1,47,0.0,107,0.0,4201
109,1,47,0.0,108,0.0,4201
110,1,47,0.0,109,0.0,4201
111,1,47,0.0,110,0.45,4201
112,1,47,0.0,111,1.0,4201
113,1,47,0.0,112,0.4,4201
114,1,47,0.0,113,0.0,4201
115,1,47,0.0,114,0.0,4201
116,1,47,0.0,115,0.0,4201
117,1,47,0.0,116,0.0,4201
118,1,47,0.0,117,0.0,4201
119,1,47,0.0,118,0.0,4201
120,1,47,0.0,119,0.0,4201
121,1,47,0.0,120,0.0,4201
122,1,47,0.0,121,0.0,4201
123,1,47,0.0,122,0.0,4201
124,1,47,0.0,123,0.0,4201
125,1,47,0.0,124,0.0,4201
126,1,47,0.0,125,0.0,4201
127,1,47,0.0,126,0.0,4201
128,1,47,0.0,127,0.0,4201
129,1,47,0.0,128,0.0,4201
130,1,47,0.0,129,0.0,4201
131,1,47,0.0,130,0.0,4201
132,1,47,0.0,131,0.0,4201
133,1,47,0.0,132,0.0,4201
134,1,47,0.0,133,0.0,4201
135,1,47,0.0,134,0.0,4201
136,1,47,0.0,135,0.0,4201
137,1,47,0.0,136,0.0,4201
138,1,47,0.0,137,0.0,4201
139,1,47,0.0,138,0.0,4201
140,1,47,0.0,139,0.0,4201
141,1,47,0.0,140,0.0,4201
142,1,47,0.0,141,0.0,4201
143,1,47,0.0,142,0.0,4201
144,1,47,0.0,143,0.0,4201
145,1,47,0.0,144,0.0,4201
146,1,47,0.0,145,0.0,4201
147,1,47,0.0,146,0.0,4201
148,1,47,0.0,147,0.1,4201
149,1,47,0.0,148,1.0,4201
150,1,47,0.0,149,0.65,4201
151,1,47,0.0,150,0.0,4201
152,1,47,0.0,151,0.0,4201
153,1,47,0.0,152,0.35,4201
154,1,47,0.0,153,0.0,4201
155,1,47,0.0,154,0.0,4201
156,1,47,0.0,155,0.0,4201
157,1,47,0.0,156,0.0,4201
158,1,47,0.0,157,0.5,4201
159,1,47,0.0,158,1.0,4201
160,1,47,0.0,159,1.0,4201
161,1,47,0.0,160,0.71,4201
162,1,47,0.0,161,0.0,4201
163,1,47,0.0,162,0.0,4201
1,1,47,0.0,0,0.0,6000
2,1,47,0.0,1,0.0,6000
3,1,47,0.0,2,0.0,6000
4,1,47,0.0,3,0.0,6000
5,1,47,0.0,4,0.0,6000
6,1,47,0.0,5,0.0,6000
7,1,47,0.0,6,0.0,6000
8,1,47,0.0,7,0.0,6000
9,1,47,0.0,8,0.0,6000
10,1,47,0.0,9,0.0,6000
11,1,47,0.0,10,0.0,6000
12,1,47,0.0,11,0.0,6000
13,1,47,0.0,12,0.0,6000
14,1,47,0.0,13,0.0,6000
15,1,47,0.0,14,0.0,6000
16,1,47,0.0,15,0.0,6000
17,1,47,0.0,16,0.0,6000
18,1,47,0.0,17,0.0,6000
19,1,47,0.0,18,0.0,6000
20,1,47,0.0,19,0.0,6000
21,1,47,0.0,20,0.0,6000
22,1,47,0.0,21,0.0,6000
23,1,47,0.0,22,0.0,6000
24,1,47,0.0,23,0.0,6000
25,1,47,0.0,24,0.0,6000
26,1,47,0.0,25,0.0,6000
27,1,47,0.0,26,0.0,6000
28,1,47,0.0,27,0.0,6000
29,1,47,0.0,28,0.0,6000
30,1,47,0.0,29,0.0,6000
31,1,47,0.0,30,0.0,6000
32,1,47,0.0,31,0.0,6000
33,1,47,0.0,32,0.0,6000
34,1,47,0.0,33,0.0,6000
35,1,47,0.0,34,0.0,6000
36,1,47,0.0,35,0.0,6000
37,1,47,0.0,36,0.0,6000
38,1,47,0.0,37,0.0,6000
39,1,47,0.0,38,0.0,6000
40,1,47,0.0,39,0.0,6000
41,1,47,0.0,40,0.0,6000
42,1,47,0.0,41,0.0,6000
43,1,47,0.0,42,0.0,6000
44,1,47,0.0,43,0.0,6000
45,1,47,0.0,44,0.0,6000
46,1,47,0.0,45,0.0,6000
47,1,47,0.0,46,0.0,6000
48,1,47,0.0,47,0.0,6000
49,1,47,0.0,48,0.0,6000
50,1,47,0.0,49,0.0,6000
51,1,47,0.0,50,0.0,6000
52,1,47,0.0,51,0.0,6000
53,1,47,0.0,52,0.0,6000
54,1,47,0.0,53,0.0,6000
55,1,47,0.0,54,0.0,6000
56,1,47,0.0,55,0.0,6000
57,1,47,0.0,56,0.0,6000
58,1,47,0.0,57,0.0,6000
59,1,47,0.0,58,0.0,6000
60,1,47,0.0,59,0.0,6000
61,1,47,0.0,60,0.0,6000
62,1,47,0.0,61,0.0,6000
63,1,47,0.0,62,0.0,6000
64,1,47,0.0,63,0.0,6000
65,1,47,0.0,64,0.0,6000
66,1,47,0.0,65,0.0,6000
67,1,47,0.0,66,0.0,6000
68,1,47,0.0,67,0.0,6000
69,1,47,0.0,68,0.0,6000
70,1,47,0.0,69,0.0,6000
71,1,47,0.0,70,0.0,6000
72,1,47,0.0,71,0.0,6000
73,1,47,0.0,72,0.0,6000
74,1,47,0.0,73,0.0,6000
75,1,47,0.0,74,0.0,6000
76,1,47,0.0,75,0.0,6000
77,1,47,0.0,76,0.0,6000
78,1,47,0.0,77,0.0,6000
79,1,47,0.0,78,0.0,6000
80,1,47,0.0,79,0.0,6000
81,1,47,0.0,80,0.0,6000
82,1,47,0.0,81,0.0,6000
83,1,47,0.0,82,0.0,6000
84,1,47,0.0,83,0.0,6000
85,1,47,0.0,84,0.0,6000
86,1,47,0.0,85,0.0,6000
87,1,47,0.0,86,0.0,6000
88,1,47,0.0,87,0.0,6000
89,1,47,0.0,88,0.0,6000
90,1,47,0.0,89,0.0,6000
91,1,47,0.0,90,0.0,6000
92,1,47,0.0,91,0.0,6000
93,1,47,0.0,92,0.0,6000
94,1,47,0.0,93,0.0,6000
95,1,47,0.0,94,0.0,6000
96,1,47,0.0,95,0.0,6000
97,1,47,0.0,96,0.0,6000
98,1,47,0.0,97,0.0,6000
99,1,47,0.0,98,0.0,6000
100,1,47,0.0,99,0.0,6000
101,1,47,0.0,100,0.0,6000
102,1,47,0.0,101,0.0,6000
103,1,47,0.0,102,0.0,6000
104,1,47,0.0,103,0.0,6000
105,1,47,0.0,104,0.0,6000
106,1,47,0.0,105,0.0,6000
107,1,47,0.0,106,0.0,6000
108,1,47,0.0,107,0.0,6000
109,1,47,0.0,108,0.0,6000
110,1,47,0.0,109,0.0,6000
111,1,47,0.0,110,0.0,6000
112,1,47,0.0,111,0.0,6000
113,1,47,0.0,112,0.0,6000
114,1,47,0.0,113,0.0,6000
115,1,47,0.0,114,0.0,6000
116,1,47,0.0,115,0.0,6000
117,1,47,0.0,116,0.0,6000
118,1,47,0.0,117,0.0,6000
119,1,47,0.0,118,0.0,6000
120,1,47,0.0,119,0.0,6000
121,1,47,0.0,120,0.0,6000
122,1,47,0.0,121,0.0,6000
123,1,47,0.0,122,0.0,6000
124,1,47,0.0,123,0.0,6000
125,1,47,0.0,124,0.0,6000
126,1,47,0.0,125,0.0,6000
127,1,47,0.0,126,0.0,6000
128,1,47,0.0,127,0.0,6000
129,1,47,0.0,128,0.0,6000
130,1,47,0.0,129,0.0,6000
131,1,47,0.0,130,0.0,6000
132,1,47,0.0,131,0.0,6000
133,1,47,0.0,132,0.0,6000
134,1,47,0.0,133,0.0,6000
135,1,47,0.0,134,0.0,6000
136,1,47,0.0,135,0.0,6000
137,1,47,0.0,136,0.0,6000
138,1,47,0.0,137,0.0,6000
139,1,47,0.0,138,0.0,6000
140,1,47,0.0,139,0.0,6000
141,1,47,0.0,140,0.0,6000
142,1,47,0.0,141,0.0,6000
143,1,47,0.0,142,0.0,6000
144,1,47,0.0,143,0.0,6000
145,1,47,0.0,144,0.0,6000
146,1,47,0.0,145,0.0,6000
147,1,47,0.0,146,0.0,6000
148,1,47,0.0,147,0.0,6000
149,1,47,0.0,148,0.0,6000
150,1,47,0.0,149,0.0,6000
151,1,47,0.0,150,0.0,6000
152,1,47,0.0,151,0.0,6000
153,1,47,0.0,152,0.0,6000
154,1,47,0.0,153,0.0,6000
155,1,47,0.0,154,0.0,6000
156,1,47,0.0,155,0.0,6000
157,1,47,0.0,156,0.0,6000
158,1,47,0.0,157,0.0,6000
159,1,47,0.0,158,0.0,6000
160,1,47,0.0,159,0.0,6000
161,1,47,0.0,160,0.0,6000
162,1,47,0.0,161,0.0,6000
163,1,47,0.0,162,0.0,6000
1,1,47,0.0,0,0.0,6904
2,1,47,0.0,1,0.0,6904
3,1,47,0.0,2,0.0,6904
4,1,47,0.0,3,0.0,6904
5,1,47,0.0,4,0.0,6904
6,1,47,0.0,5,0.0,6904
7,1,47,0.0,6,0.0,6904
8,1,47,0.0,7,0.0,6904
9,1,47,0.0,8,0.0,6904
10,1,47,0.0,9,0.0,6904
11,1,47,0.0,10,0.0,6904
12,1,47,0.0,11,0.0,6904
13,1,47,0.0,12,0.0,6904
14,1,47,0.0,13,0.0,6904
15,1,47,0.0,14,0.0,6904
16,1,47,0.0,15,0.0,6904
17,1,47,0.0,16,0.0,6904
18,1,47,0.0,17,0.0,6904
19,1,47,0.0,18,0.0,6904
20,1,47,0.0,19,0.0,6904
21,1,47,0.0,20,0.0,6904
22,1,47,0.0,21,0.0,6904
23,1,47,0.0,22,0.0,6904
24,1,47,0.0,23,0.0,6904
25,1,47,0.0,24,0.0,6904
26,1,47,0.0,25,0.0,6904
27,1,47,0.0,26,0.0,6904
28,1,47,0.0,27,0.0,6904
29,1,47,0.0,28,0.0,6904
30,1,47,0.0,29,0.0,6904
31,1,47,0.0,30,0.0,6904
32,1,47,0.0,31,0.0,6904
33,1,47,0.0,32,0.0,6904
34,1,47,0.0,33,0.7,6904
35,1,47,0.0,34,0.0,6904
36,1,47,0.0,35,0.0,6904
37,1,47,0.0,36,0.0,6904
38,1,47,0.0,37,0.0,6904
39,1,47,0.0,38,0.0,6904
40,1,47,0.0,39,0.0,6904
41,1,47,0.0,40,0.0,6904
42,1,47,0.0,41,0.0,6904
43,1,47,0.0,42,0.0,6904
44,1,47,0.0,43,0.0,6904
45,1,47,0.0,44,0.0,6904
46,1,47,0.0,45,0.0,6904
47,1,47,0.0,46,0.0,6904
48,1,47,0.0,47,0.0,6904
49,1,47,0.0,48,0.0,6904
50,1,47,0.0,49,0.0,6904
51,1,47,0.0,50,0.0,6904
52,1,47,0.0,51,0.0,6904
53,1,47,0.0,52,0.0,6904
54,1,47,0.0,53,0.0,6904
55,1,47,0.0,54,0.0,6904
56,1,47,0.0,55,0.0,6904
57,1,47,0.0,56,0.0,6904
58,1,47,0.0,57,0.0,6904
59,1,47,0.0,58,0.0,6904
60,1,47,0.0,59,0.0,6904
61,1,47,0.0,60,0.0,6904
62,1,47,0.0,61,0.0,6904
63,1,47,0.0,62,0.0,6904
64,1,47,0.0,63,0.0,6904
65,1,47,0.0,64,0.0,6904
66,1,47,0.0,65,0.0,6904
67,1,47,0.0,66,0.0,6904
68,1,47,0.0,67,0.0,6904
69,1,47,0.0,68,0.0,6904
70,1,47,0.0,69,0.0,6904
71,1,47,0.0,70,0.0,6904
72,1,47,0.0,71,0.0,6904
73,1,47,0.0,72,0.0,6904
74,1,47,0.0,73,0.0,6904
75,1,47,0.0,74,0.0,6904
76,1,47,0.0,75,0.0,6904
77,1,47,0.0,76,0.0,6904
78,1,47,0.0,77,0.0,6904
79,1,47,0.0,78,0.0,6904
80,1,47,0.0,79,0.0,6904
81,1,47,0.0,80,0.0,6904
82,1,47,0.0,81,0.0,6904
83,1,47,0.0,82,0.0,6904
84,1,47,0.0,83,0.0,6904
85,1,47,0.0,84,0.0,6904
86,1,47,0.0,85,0.0,6904
87,1,47,0.0,86,0.0,6904
88,1,47,0.0,87,0.0,6904
89,1,47,0.0,88,0.0,6904
90,1,47,0.0,89,0.0,6904
91,1,47,0.0,90,0.0,6904
92,1,47,0.0,91,0.0,6904
93,1,47,0.0,92,0.0,6904
94,1,47,0.0,93,0.0,6904
95,1,47,0.0,94,0.0,6904
96,1,47,0.0,95,0.0,6904
97,1,47,0.0,96,0.0,6904
98,1,47,0.0,97,0.0,6904
99,1,47,0.0,98,0.0,6904
100,1,47,0.0,99,0.0,6904
101,1,47,0.0,100,0.0,6904
102,1,47,0.0,101,0.0,6904
103,1,47,0.0,102,0.0,6904
104,1,47,0.0,103,0.0,6904
105,1,47,0.0,104,0.0,6904
106,1,47,0.0,105,0.0,6904
107,1,47,0.0,106,0.0,6904
108,1,47,0.0,107,0.0,6904
109,1,47,0.0,108,0.0,6904
110,1,47,0.0,109,0.0,6904
111,1,47,0.0,110,0.0,6904
112,1,47,0.0,111,0.0,6904
113,1,47,0.0,112,0.0,6904
114,1,47,0.0,113,0.0,6904
115,1,47,0.0,114,0.0,6904
116,1,47,0.0,115,0.0,6904
117,1,47,0.0,116,0.0,6904
118,1,47,0.0,117,0.0,6904
119,1,47,0.0,118,0.0,6904
120,1,47,0.0,119,0.0,6904
121,1,47,0.0,120,0.0,6904
122,1,47,0.0,121,0.0,6904
123,1,47,0.0,122,0.0,6904
124,1,47,0.0,123,0.0,6904
125,1,47,0.0,124,0.0,6904
126,1,47,0.0,125,0.0,6904
127,1,47,0.0,126,0.0,6904
128,1,47,0.0,127,0.0,6904
129,1,47,0.0,128,0.0,6904
130,1,47,0.0,129,0.0,6904
131,1,47,0.0,130,0.0,6904
132,1,47,0.0,131,0.0,6904
133,1,47,0.0,132,0.0,6904
134,1,47,0.0,133,0.0,6904
135,1,47,0.0,134,0.0,6904
136,1,47,0.0,135,0.0,6904
137,1,47,0.0,136,0.0,6904
138,1,47,0.0,137,0.0,6904
139,1,47,0.0,138,0.0,6904
140,1,47,0.0,139,0.0,6904
141,1,47,0.0,140,0.0,6904
142,1,47,0.0,141,0.0,6904
143,1,47,0.0,142,0.0,6904
144,1,47,0.0,143,0.0,6904
145,1,47,0.0,144,0.0,6904
146,1,47,0.0,145,0.0,6904
147,1,47,0.0,146,0.0,6904
148,1,47,0.0,147,0.0,6904
149,1,47,0.0,148,0.0,6904
150,1,47,0.0,149,0.0,6904
151,1,47,0.0,150,0.0,6904
152,1,47,0.0,151,0.0,6904
153,1,47,0.0,152,0.0,6904
154,1,47,0.0,153,0.0,6904
155,1,47,0.0,154,0.0,6904
156,1,47,0.0,155,0.0,6904
157,1,47,0.0,156,0.0,6904
158,1,47,0.0,157,0.0,6904
159,1,47,0.0,158,0.0,6904
160,1,47,0.0,159,0.0,6904
161,1,47,0.0,160,0.0,6904
162,1,47,0.0,161,0.0,6904
163,1,47,0.0,162,0.0,6904
1,1,47,0.0,0,0.0,9696
2,1,47,0.0,1,0.0,9696
3,1,47,0.0,2,0.0,9696
4,1,47,0.0,3,0.0,9696
5,1,47,0.0,4,0.0,9696
6,1,47,0.0,5,0.0,9696
7,1,47,0.0,6,0.0,9696
8,1,47,0.0,7,0.0,9696
9,1,47,0.0,8,0.0,9696
10,1,47,0.0,9,0.0,9696
11,1,47,0.0,10,0.0,9696
12,1,47,0.0,11,0.0,9696
13,1,47,0.0,12,0.0,9696
14,1,47,0.0,13,0.0,9696
15,1,47,0.0,14,0.0,9696
16,1,47,0.0,15,0.0,9696
17,1,47,0.0,16,0.0,9696
18,1,47,0.0,17,0.0,9696
19,1,47,0.0,18,0.0,9696
20,1,47,0.0,19,0.0,9696
21,1,47,0.0,20,0.0,9696
22,1,47,0.0,21,0.0,9696
23,1,47,0.0,22,0.0,9696
24,1,47,0.0,23,0.0,9696
25,1,47,0.0,24,0.0,9696
26,1,47,0.0,25,0.0,9696
27,1,47,0.0,26,0.0,9696
28,1,47,0.0,27,0.0,9696
29,1,47,0.0,28,0.0,9696
30,1,47,0.0,29,0.0,9696
31,1,47,0.0,30,0.0,9696
32,1,47,0.0,31,0.0,9696
33,1,47,0.0,32,0.0,9696
34,1,47,0.0,33,0.0,9696
35,1,47,0.0,34,0.0,9696
36,1,47,0.0,35,0.0,9696
37,1,47,0.0,36,0.0,9696
38,1,47,0.0,37,0.0,9696
39,1,47,0.0,38,0.0,9696
40,1,47,0.0,39,0.0,9696
41,1,47,0.0,40,0.0,9696
42,1,47,0.0,41,0.0,9696
43,1,47,0.0,42,0.0,9696
44,1,47,0.0,43,0.0,9696
45,1,47,0.0,44,0.0,9696
46,1,47,0.0,45,0.0,9696
47,1,47,0.0,46,0.0,9696
48,1,47,0.0,47,0.0,9696
49,1,47,0.0,48,0.0,9696
50,1,47,0.0,49,0.0,9696
51,1,47,0.0,50,0.0,9696
52,1,47,0.0,51,0.0,9696
53,1,47,0.0,52,0.0,9696
54,1,47,0.0,53,0.0,9696
55,1,47,0.0,54,0.0,9696
56,1,47,0.0,55,0.0,9696
57,1,47,0.0,56,0.0,9696
58,1,47,0.0,57,0.0,9696
59,1,47,0.0,58,0.0,9696
60,1,47,0.0,59,0.0,9696
61,1,47,0.0,60,0.0,9696
62,1,47,0.0,61,0.0,9696
63,1,47,0.0,62,0.0,9696
64,1,47,0.0,63,0.0,9696
65,1,47,0.0,64,0.0,9696
66,1,47,0.0,65,0.0,9696
67,1,47,0.0,66,0.0,9696
68,1,47,0.0,67,0.0,9696
69,1,47,0.0,68,0.0,9696
70,1,47,0.0,69,0.0,9696
71,1,47,0.0,70,0.0,9696
72,1,47,0.0,71,0.0,9696
73,1,47,0.0,72,0.0,9696
74,1,47,0.0,73,0.0,9696
75,1,47,0.0,74,0.0,9696
76,1,47,0.0,75,0.0,9696
77,1,47,0.0,76,0.0,9696
78,1,47,0.0,77,0.0,9696
79,1,47,0.0,78,0.0,9696
80,1,47,0.0,79,0.0,9696
81,1,47,0.0,80,0.0,9696
82,1,47,0.0,81,0.0,9696
83,1,47,0.0,82,0.0,9696
84,1,47,0.0,83,0.0,9696
85,1,47,0.0,84,0.0,9696
86,1,47,0.0,85,0.0,9696
87,1,47,0.0,86,0.0,9696
88,1,47,0.0,87,0.0,9696
89,1,47,0.0,88,0.0,9696
90,1,47,0.0,89,0.0,9696
91,1,47,0.0,90,0.0,9696
92,1,47,0.0,91,0.0,9696
93,1,47,0.0,92,0.0,9696
94,1,47,0.0,93,0.0,9696
95,1,47,0.0,94,0.0,9696
96,1,47,0.0,95,0.0,9696
97,1,47,0.0,96,0.0,9696
98,1,47,0.0,97,0.0,9696
99,1,47,0.0,98,0.0,9696
100,1,47,0.0,99,0.0,9696
101,1,47,0.0,100,0.0,9696
102,1,47,0.0,101,0.0,9696
103,1,47,0.0,102,0.0,9696
104,1,47,0.0,103,0.0,9696
105,1,47,0.0,104,0.0,9696
106,1,47,0.0,105,0.0,9696
107,1,47,0.0,106,0.0,9696
108,1,47,0.0,107,0.0,9696
109,1,47,0.0,108,0.0,9696
110,1,47,0.0,109,0.0,9696
111,1,47,0.0,110,0.0,9696
112,1,47,0.0,111,0.0,9696
113,1,47,0.0,112,0.0,9696
114,1,47,0.0,113,0.0,9696
115,1,47,0.0,114,0.0,9696
116,1,47,0.0,115,0.0,9696
117,1,47,0.0,116,0.0,9696
118,1,47,0.0,117,0.0,9696
119,1,47,0.0,118,0.0,9696
120,1,47,0.0,119,0.0,9696
121,1,47,0.0,120,0.0,9696
122,1,47,0.0,121,0.0,9696
123,1,47,0.0,122,0.0,9696
124,1,47,0.0,123,0.0,9696
125,1,47,0.0,124,0.0,9696
126,1,47,0.0,125,0.0,9696
127,1,47,0.0,126,0.0,9696
128,1,47,0.0,127,0.0,9696
129,1,47,0.0,128,0.0,9696
130,1,47,0.0,129,0.0,9696
131,1,47,0.0,130,0.0,9696
132,1,47,0.0,131,0.0,9696
133,1,47,0.0,132,0.0,9696
134,1,47,0.0,133,0.0,9696
135,1,47,0.0,134,0.0,9696
136,1,47,0.0,135,0.0,9696
137,1,47,0.0,136,0.0,9696
138,1,47,0.0,137,0.0,9696
139,1,47,0.0,138,0.0,9696
140,1,47,0.0,139,0.0,9696
141,1,47,0.0,140,0.0,9696
142,1,47,0.0,141,0.0,9696
143,1,47,0.0,142,0.0,9696
144,1,47,0.0,143,0.0,9696
145,1,47,0.0,144,0.0,9696
146,1,47,0.0,145,0.0,9696
147,1,47,0.0,146,0.0,9696
148,1,47,0.0,147,0.0,9696
149,1,47,0.0,148,0.0,9696
150,1,47,0.0,149,0.0,9696
151,1,47,0.0,150,0.0,9696
152,1,47,0.0,151,0.0,9696
153,1,47,0.0,152,0.0,9696
154,1,47,0.0,153,0.0,9696
155,1,47,0.0,154,0.0,9696
156,1,47,0.0,155,0.0,9696
157,1,47,0.0,156,0.71,9696
158,1,47,0.0,157,0.0,9696
159,1,47,0.0,158,0.0,9696
160,1,47,0.0,159,0.0,9696
161,1,47,0.0,160,0.0,9696
162,1,47,0.0,161,0.0,9696
163,1,47,0.0,162,0.0,9696
1,1,47,0.0,0,0.0,597
2,1,47,0.0,1,0.0,597
3,1,47,0.0,2,0.0,597
4,1,47,0.0,3,0.0,597
5,1,47,0.0,4,0.0,597
6,1,47,0.0,5,0.0,597
7,1,47,0.0,6,0.0,597
8,1,47,0.0,7,0.0,597
9,1,47,0.0,8,0.0,597
10,1,47,0.0,9,0.0,597
11,1,47,0.0,10,0.0,597
12,1,47,0.0,11,0.0,597
13,1,47,0.0,12,0.0,597
14,1,47,0.0,13,0.0,597
15,1,47,0.0,14,0.0,597
16,1,47,0.0,15,0.0,597
17,1,47,0.0,16,0.0,597
18,1,47,0.0,17,0.0,597
19,1,47,0.0,18,0.0,597
20,1,47,0.0,19,0.0,597
21,1,47,0.0,20,0.0,597
22,1,47,0.0,21,0.0,597
23,1,47,0.0,22,0.0,597
24,1,47,0.0,23,0.0,597
25,1,47,0.0,24,0.0,597
26,1,47,0.0,25,0.0,597
27,1,47,0.0,26,0.0,597
28,1,47,0.0,27,0.2,597
29,1,47,0.0,28,0.08,597
30,1,47,0.0,29,0.0,597
31,1,47,0.0,30,0.0,597
32,1,47,0.0,31,0.0,597
33,1,47,0.0,32,0.0,597
34,1,47,0.0,33,0.0,597
35,1,47,0.0,34,0.0,597
36,1,47,0.0,35,0.0,597
37,1,47,0.0,36,0.0,597
38,1,47,0.0,37,0.0,597
39,1,47,0.0,38,0.0,597
40,1,47,0.0,39,0.0,597
41,1,47,0.0,40,0.0,597
42,1,47,0.0,41,0.0,597
43,1,47,0.0,42,0.0,597
44,1,47,0.0,43,0.0,597
45,1,47,0.0,44,0.0,597
46,1,47,0.0,45,0.45,597
47,1,47,0.0,46,0.3,597
48,1,47,0.0,47,0.0,597
49,1,47,0.0,48,0.0,597
50,1,47,0.0,49,0.0,597
51,1,47,0.0,50,0.7,597
52,1,47,0.0,51,1.0,597
53,1,47,0.0,52,0.45,597
54,1,47,0.0,53,0.0,597
55,1,47,0.0,54,0.0,597
56,1,47,0.0,55,0.0,597
57,1,47,0.0,56,0.0,597
58,1,47,0.0,57,0.0,597
59,1,47,0.0,58,0.0,597
60,1,47,0.0,59,0.0,597
61,1,47,0.0,60,0.0,597
62,1,47,0.0,61,0.0,597
63,1,47,0.0,62,0.0,597
64,1,47,0.0,63,0.0,597
65,1,47,0.0,64,0.0,597
66,1,47,0.0,65,0.0,597
67,1,47,0.0,66,0.0,597
68,1,47,0.0,67,0.0,597
69,1,47,0.0,68,0.0,597
70,1,47,0.0,69,0.0,597
71,1,47,0.0,70,0.0,597
72,1,47,0.0,71,0.0,597
73,1,47,0.0,72,0.0,597
74,1,47,0.0,73,0.0,597
75,1,47,0.0,74,0.0,597
76,1,47,0.0,75,0.0,597
77,1,47,0.0,76,0.35,597
78,1,47,0.0,77,0.0,597
79,1,47,0.0,78,0.0,597
80,1,47,0.0,79,0.0,597
81,1,47,0.0,80,0.0,597
82,1,47,0.0,81,0.0,597
83,1,47,0.0,82,0.0,597
84,1,47,0.0,83,0.0,597
85,1,47,0.0,84,0.0,597
86,1,47,0.0,85,0.0,597
87,1,47,0.0,86,0.0,597
88,1,47,0.0,87,0.0,597
89,1,47,0.0,88,0.25,597
90,1,47,0.0,89,0.0,597
91,1,47,0.0,90,0.0,597
92,1,47,0.0,91,0.0,597
93,1,47,0.0,92,0.0,597
94,1,47,0.0,93,0.0,597
95,1,47,0.0,94,0.0,597
96,1,47,0.0,95,0.0,597
97,1,47,0.0,96,0.0,597
98,1,47,0.0,97,0.0,597
99,1,47,0.0,98,0.0,597
100,1,47,0.0,99,0.0,597
101,1,47,0.0,100,0.0,597
102,1,47,0.0,101,0.0,597
103,1,47,0.0,102,0.0,597
104,1,47,0.0,103,0.0,597
105,1,47,0.0,104,0.0,597
106,1,47,0.0,105,0.0,597
107,1,47,0.0,106,0.0,597
108,1,47,0.0,107,0.0,597
109,1,47,0.0,108,0.0,597
110,1,47,0.0,109,0.0,597
111,1,47,0.0,110,0.0,597
112,1,47,0.0,111,0.0,597
113,1,47,0.0,112,0.0,597
114,1,47,0.0,113,0.0,597
115,1,47,0.0,114,0.0,597
116,1,47,0.0,115,0.0,597
117,1,47,0.0,116,0.0,597
118,1,47,0.0,117,0.0,597
119,1,47,0.0,118,0.0,597
120,1,47,0.0,119,0.0,597
121,1,47,0.0,120,0.0,597
122,1,47,0.0,121,0.0,597
123,1,47,0.0,122,0.47,597
124,1,47,0.0,123,0.0,597
125,1,47,0.0,124,0.0,597
126,1,47,0.0,125,0.0,597
127,1,47,0.0,126,0.0,597
128,1,47,0.0,127,0.1,597
129,1,47,0.0,128,0.7,597
130,1,47,0.0,129,0.0,597
131,1,47,0.0,130,0.0,597
132,1,47,0.0,131,0.0,597
133,1,47,0.0,132,0.25,597
134,1,47,0.0,133,0.0,597
135,1,47,0.0,134,0.0,597
136,1,47,0.0,135,0.0,597
137,1,47,0.0,136,0.0,597
138,1,47,0.0,137,0.0,597
139,1,47,0.0,138,0.0,597
140,1,47,0.0,139,0.0,597
141,1,47,0.0,140,0.0,597
142,1,47,0.0,141,0.0,597
143,1,47,0.0,142,0.0,597
144,1,47,0.0,143,0.0,597
145,1,47,0.0,144,0.0,597
146,1,47,0.0,145,0.0,597
147,1,47,0.0,146,0.0,597
148,1,47,0.0,147,0.0,597
149,1,47,0.0,148,0.0,597
150,1,47,0.0,149,0.0,597
151,1,47,0.0,150,0.0,597
152,1,47,0.0,151,0.0,597
153,1,47,0.0,152,0.0,597
154,1,47,0.0,153,0.0,597
155,1,47,0.0,154,0.0,597
156,1,47,0.0,155,0.0,597
157,1,47,0.0,156,0.0,597
158,1,47,0.0,157,0.0,597
159,1,47,0.0,158,0.0,597
160,1,47,0.0,159,0.0,597
161,1,47,0.0,160,0.0,597
162,1,47,0.0,161,0.0,597
163,1,47,0.0,162,0.0,597
1,1,48,0.0,0,0.0,3759
2,1,48,0.0,1,0.0,3759
3,1,48,0.0,2,0.0,3759
4,1,48,0.0,3,0.0,3759
5,1,48,0.0,4,0.0,3759
6,1,48,0.0,5,0.0,3759
7,1,48,0.0,6,0.05,3759
8,1,48,0.0,7,1.0,3759
9,1,48,0.0,8,0.55,3759
10,1,48,0.0,9,0.0,3759
11,1,48,0.0,10,0.0,3759
12,1,48,0.0,11,0.0,3759
13,1,48,0.0,12,0.0,3759
14,1,48,0.0,13,0.0,3759
15,1,48,0.0,14,0.0,3759
16,1,48,0.0,15,0.0,3759
17,1,48,0.0,16,0.0,3759
18,1,48,0.0,17,0.0,3759
19,1,48,0.0,18,0.0,3759
20,1,48,0.0,19,0.0,3759
21,1,48,0.0,20,0.0,3759
22,1,48,0.0,21,0.0,3759
23,1,48,0.0,22,0.0,3759
24,1,48,0.0,23,0.0,3759
25,1,48,0.0,24,0.0,3759
26,1,48,0.0,25,0.0,3759
27,1,48,0.0,26,0.0,3759
28,1,48,0.0,27,0.0,3759
29,1,48,0.0,28,0.0,3759
30,1,48,0.0,29,0.0,3759
31,1,48,0.0,30,0.0,3759
32,1,48,0.0,31,0.0,3759
33,1,48,0.0,32,0.0,3759
34,1,48,0.0,33,0.0,3759
35,1,48,0.0,34,0.0,3759
36,1,48,0.0,35,0.0,3759
37,1,48,0.0,36,0.0,3759
38,1,48,0.0,37,0.0,3759
39,1,48,0.0,38,0.0,3759
40,1,48,0.0,39,0.0,3759
41,1,48,0.0,40,0.0,3759
42,1,48,0.0,41,0.0,3759
43,1,48,0.0,42,0.0,3759
44,1,48,0.0,43,0.0,3759
45,1,48,0.0,44,0.0,3759
46,1,48,0.0,45,0.0,3759
47,1,48,0.0,46,0.0,3759
48,1,48,0.0,47,0.0,3759
49,1,48,0.0,48,0.0,3759
50,1,48,0.0,49,0.0,3759
51,1,48,0.0,50,0.0,3759
52,1,48,0.0,51,0.0,3759
53,1,48,0.0,52,0.0,3759
54,1,48,0.0,53,0.0,3759
55,1,48,0.0,54,0.0,3759
56,1,48,0.0,55,0.0,3759
57,1,48,0.0,56,0.0,3759
58,1,48,0.0,57,0.0,3759
59,1,48,0.0,58,0.0,3759
60,1,48,0.0,59,0.0,3759
61,1,48,0.0,60,0.0,3759
62,1,48,0.0,61,0.0,3759
63,1,48,0.0,62,0.0,3759
64,1,48,0.0,63,0.0,3759
65,1,48,0.0,64,0.0,3759
66,1,48,0.0,65,0.0,3759
67,1,48,0.0,66,0.0,3759
68,1,48,0.0,67,0.0,3759
69,1,48,0.0,68,0.0,3759
70,1,48,0.0,69,0.0,3759
71,1,48,0.0,70,0.0,3759
72,1,48,0.0,71,0.0,3759
73,1,48,0.0,72,0.0,3759
74,1,48,0.0,73,0.0,3759
75,1,48,0.0,74,0.0,3759
76,1,48,0.0,75,0.0,3759
77,1,48,0.0,76,0.0,3759
78,1,48,0.0,77,0.0,3759
79,1,48,0.0,78,0.0,3759
80,1,48,0.0,79,0.0,3759
81,1,48,0.0,80,0.0,3759
82,1,48,0.0,81,0.0,3759
83,1,48,0.0,82,0.0,3759
84,1,48,0.0,83,0.0,3759
85,1,48,0.0,84,0.0,3759
86,1,48,0.0,85,0.0,3759
87,1,48,0.0,86,0.0,3759
88,1,48,0.0,87,0.0,3759
89,1,48,0.0,88,0.0,3759
90,1,48,0.0,89,0.0,3759
91,1,48,0.0,90,0.0,3759
92,1,48,0.0,91,0.0,3759
93,1,48,0.0,92,0.0,3759
94,1,48,0.0,93,0.0,3759
95,1,48,0.0,94,0.0,3759
96,1,48,0.0,95,0.0,3759
97,1,48,0.0,96,0.0,3759
98,1,48,0.0,97,0.0,3759
99,1,48,0.0,98,0.0,3759
100,1,48,0.0,99,0.0,3759
101,1,48,0.0,100,0.0,3759
102,1,48,0.0,101,0.0,3759
103,1,48,0.0,102,0.0,3759
104,1,48,0.0,103,0.0,3759
105,1,48,0.0,104,0.0,3759
106,1,48,0.0,105,0.0,3759
107,1,48,0.0,106,0.0,3759
108,1,48,0.0,107,0.0,3759
109,1,48,0.0,108,0.0,3759
110,1,48,0.0,109,0.0,3759
111,1,48,0.0,110,0.0,3759
112,1,48,0.0,111,0.0,3759
113,1,48,0.0,112,0.0,3759
114,1,48,0.0,113,0.0,3759
115,1,48,0.0,114,0.0,3759
116,1,48,0.0,115,0.0,3759
117,1,48,0.0,116,0.0,3759
118,1,48,0.0,117,0.0,3759
119,1,48,0.0,118,0.0,3759
120,1,48,0.0,119,0.0,3759
121,1,48,0.0,120,0.0,3759
122,1,48,0.0,121,0.0,3759
123,1,48,0.0,122,0.0,3759
124,1,48,0.0,123,0.0,3759
125,1,48,0.0,124,0.0,3759
126,1,48,0.0,125,0.0,3759
127,1,48,0.0,126,0.0,3759
128,1,48,0.0,127,0.0,3759
129,1,48,0.0,128,0.0,3759
130,1,48,0.0,129,0.0,3759
131,1,48,0.0,130,0.0,3759
132,1,48,0.0,131,0.0,3759
133,1,48,0.0,132,0.0,3759
134,1,48,0.0,133,0.0,3759
135,1,48,0.0,134,0.0,3759
136,1,48,0.0,135,0.0,3759
137,1,48,0.0,136,0.0,3759
138,1,48,0.0,137,0.0,3759
139,1,48,0.0,138,0.0,3759
140,1,48,0.0,139,0.0,3759
141,1,48,0.0,140,0.0,3759
142,1,48,0.0,141,0.0,3759
143,1,48,0.0,142,0.0,3759
144,1,48,0.0,143,0.0,3759
145,1,48,0.0,144,0.0,3759
146,1,48,0.0,145,0.0,3759
147,1,48,0.0,146,0.95,3759
148,1,48,0.0,147,1.0,3759
149,1,48,0.0,148,0.11,3759
150,1,48,0.0,149,0.0,3759
151,1,48,0.0,150,0.0,3759
152,1,48,0.0,151,0.0,3759
153,1,48,0.0,152,0.0,3759
154,1,48,0.0,153,0.0,3759
155,1,48,0.0,154,0.0,3759
156,1,48,0.0,155,0.0,3759
157,1,48,0.0,156,0.15,3759
158,1,48,0.0,157,1.0,3759
159,1,48,0.0,158,0.25,3759
160,1,48,0.0,159,0.0,3759
161,1,48,0.0,160,0.0,3759
162,1,48,0.0,161,0.0,3759
163,1,48,0.0,162,0.0,3759
1,1,48,0.0,0,0.0,1515
2,1,48,0.0,1,0.0,1515
3,1,48,0.0,2,0.0,1515
4,1,48,0.0,3,0.0,1515
5,1,48,0.0,4,0.0,1515
6,1,48,0.0,5,0.0,1515
7,1,48,0.0,6,0.0,1515
8,1,48,0.0,7,0.0,1515
9,1,48,0.0,8,0.0,1515
10,1,48,0.0,9,0.0,1515
11,1,48,0.0,10,0.0,1515
12,1,48,0.0,11,0.0,1515
13,1,48,0.0,12,0.0,1515
14,1,48,0.0,13,0.0,1515
15,1,48,0.0,14,0.0,1515
16,1,48,0.0,15,0.0,1515
17,1,48,0.0,16,0.0,1515
18,1,48,0.0,17,0.0,1515
19,1,48,0.0,18,0.0,1515
20,1,48,0.0,19,0.0,1515
21,1,48,0.03,20,0.0,1515
22,1,48,0.0,21,0.0,1515
23,1,48,0.0,22,0.0,1515
24,1,48,0.0,23,0.0,1515
25,1,48,0.0,24,0.0,1515
26,1,48,0.0,25,0.0,1515
27,1,48,0.0,26,0.95,1515
28,1,48,0.0,27,1.0,1515
29,1,48,0.0,28,0.4,1515
30,1,48,0.0,29,0.0,1515
31,1,48,0.0,30,0.0,1515
32,1,48,0.0,31,0.0,1515
33,1,48,0.3,32,0.0,1515
34,1,48,1.0,33,0.0,1515
35,1,48,1.0,34,0.0,1515
36,1,48,1.0,35,0.0,1515
37,1,48,1.0,36,0.0,1515
38,1,48,1.0,37,0.0,1515
39,1,48,1.0,38,0.0,1515
40,1,48,1.0,39,0.0,1515
41,1,48,1.0,40,0.0,1515
42,1,48,0.5,41,0.0,1515
43,1,48,0.0,42,0.0,1515
44,1,48,0.0,43,0.0,1515
45,1,48,0.0,44,0.0,1515
46,1,48,0.0,45,0.0,1515
47,1,48,0.0,46,0.0,1515
48,1,48,0.0,47,0.0,1515
49,1,48,0.3,48,0.0,1515
50,1,48,1.0,49,0.0,1515
51,1,48,1.0,50,0.0,1515
52,1,48,1.0,51,0.0,1515
53,1,48,0.25,52,0.0,1515
54,1,48,0.0,53,0.0,1515
55,1,48,0.0,54,0.0,1515
56,1,48,0.9,55,0.0,1515
57,1,48,1.0,56,0.0,1515
58,1,48,1.0,57,0.0,1515
59,1,48,0.2,58,0.0,1515
60,1,48,0.0,59,0.0,1515
61,1,48,0.0,60,0.0,1515
62,1,48,0.0,61,0.65,1515
63,1,48,0.0,62,1.0,1515
64,1,48,0.0,63,1.0,1515
65,1,48,0.0,64,0.55,1515
66,1,48,0.0,65,0.0,1515
67,1,48,0.0,66,0.0,1515
68,1,48,0.95,67,0.0,1515
69,1,48,1.0,68,0.0,1515
70,1,48,1.0,69,0.0,1515
71,1,48,1.0,70,0.0,1515
72,1,48,1.0,71,0.0,1515
73,1,48,0.35,72,0.0,1515
74,1,48,0.0,73,0.25,1515
75,1,48,0.0,74,1.0,1515
76,1,48,0.0,75,1.0,1515
77,1,48,0.0,76,1.0,1515
78,1,48,0.0,77,0.6,1515
79,1,48,0.0,78,0.0,1515
80,1,48,0.0,79,0.0,1515
81,1,48,0.9,80,0.0,1515
82,1,48,1.0,81,0.0,1515
83,1,48,1.0,82,0.0,1515
84,1,48,1.0,83,0.0,1515
85,1,48,1.0,84,0.0,1515
86,1,48,1.0,85,0.0,1515
87,1,48,1.0,86,0.0,1515
88,1,48,1.0,87,0.0,1515
89,1,48,0.26,88,0.0,1515
90,1,48,0.0,89,0.0,1515
91,1,48,0.35,90,0.0,1515
92,1,48,1.0,91,0.0,1515
93,1,48,1.0,92,0.0,1515
94,1,48,0.57,93,0.0,1515
95,1,48,0.0,94,0.0,1515
96,1,48,0.0,95,0.15,1515
97,1,48,0.0,96,0.77,1515
98,1,48,0.0,97,0.0,1515
99,1,48,0.0,98,0.0,1515
100,1,48,0.0,99,0.0,1515
101,1,48,0.4,100,0.0,1515
102,1,48,1.0,101,0.0,1515
103,1,48,1.0,102,0.0,1515
104,1,48,1.0,103,0.0,1515
105,1,48,1.0,104,0.0,1515
106,1,48,1.0,105,0.0,1515
107,1,48,0.75,106,0.0,1515
108,1,48,0.0,107,0.0,1515
109,1,48,0.0,108,0.0,1515
110,1,48,0.0,109,0.0,1515
111,1,48,0.1,110,0.0,1515
112,1,48,1.0,111,0.0,1515
113,1,48,1.0,112,0.0,1515
114,1,48,1.0,113,0.0,1515
115,1,48,1.0,114,0.0,1515
116,1,48,0.11,115,0.0,1515
117,1,48,0.0,116,0.0,1515
118,1,48,0.0,117,0.0,1515
119,1,48,0.0,118,0.0,1515
120,1,48,0.1,119,0.0,1515
121,1,48,1.0,120,0.0,1515
122,1,48,0.81,121,0.0,1515
123,1,48,0.4,122,0.0,1515
124,1,48,1.0,123,0.0,1515
125,1,48,0.47,124,0.0,1515
126,1,48,0.0,125,0.6,1515
127,1,48,0.0,126,0.8,1515
128,1,48,0.0,127,0.0,1515
129,1,48,0.0,128,0.0,1515
130,1,48,0.75,129,0.0,1515
131,1,48,1.0,130,0.0,1515
132,1,48,1.0,131,0.0,1515
133,1,48,0.73,132,0.0,1515
134,1,48,0.0,133,0.0,1515
135,1,48,0.0,134,0.0,1515
136,1,48,0.0,135,0.0,1515
137,1,48,0.6,136,0.0,1515
138,1,48,1.0,137,0.0,1515
139,1,48,0.26,138,0.0,1515
140,1,48,1.0,139,0.0,1515
141,1,48,1.0,140,0.0,1515
142,1,48,0.1,141,0.0,1515
143,1,48,0.55,142,0.0,1515
144,1,48,1.0,143,0.0,1515
145,1,48,1.0,144,0.0,1515
146,1,48,1.0,145,0.0,1515
147,1,48,1.0,146,0.0,1515
148,1,48,1.0,147,0.0,1515
149,1,48,1.0,148,0.0,1515
150,1,48,0.2,149,0.1,1515
151,1,48,0.0,150,1.0,1515
152,1,48,0.0,151,1.0,1515
153,1,48,0.0,152,0.1,1515
154,1,48,0.0,153,0.0,1515
155,1,48,0.0,154,0.0,1515
156,1,48,0.0,155,0.0,1515
157,1,48,0.2,156,0.0,1515
158,1,48,0.31,157,0.0,1515
159,1,48,0.0,158,0.0,1515
160,1,48,0.0,159,0.0,1515
161,1,48,0.0,160,0.0,1515
162,1,48,0.0,161,0.0,1515
163,1,48,0.0,162,0.0,1515
1,1,48,0.0,0,0.0,1759
2,1,48,0.0,1,0.0,1759
3,1,48,0.0,2,0.0,1759
4,1,48,0.0,3,0.0,1759
5,1,48,0.0,4,0.0,1759
6,1,48,0.0,5,0.0,1759
7,1,48,0.0,6,0.0,1759
8,1,48,0.0,7,0.0,1759
9,1,48,0.0,8,0.0,1759
10,1,48,0.0,9,0.0,1759
11,1,48,0.0,10,0.0,1759
12,1,48,0.0,11,0.0,1759
13,1,48,0.0,12,0.0,1759
14,1,48,0.0,13,0.0,1759
15,1,48,0.0,14,0.0,1759
16,1,48,0.0,15,0.0,1759
17,1,48,0.0,16,0.0,1759
18,1,48,0.0,17,0.0,1759
19,1,48,0.0,18,0.0,1759
20,1,48,0.0,19,0.0,1759
21,1,48,0.0,20,0.0,1759
22,1,48,0.0,21,0.0,1759
23,1,48,0.0,22,0.0,1759
24,1,48,0.0,23,0.0,1759
25,1,48,0.0,24,0.0,1759
26,1,48,0.0,25,0.0,1759
27,1,48,0.0,26,0.0,1759
28,1,48,0.0,27,0.0,1759
29,1,48,0.0,28,0.0,1759
30,1,48,0.0,29,0.0,1759
31,1,48,0.0,30,0.0,1759
32,1,48,0.0,31,0.0,1759
33,1,48,0.0,32,0.0,1759
34,1,48,0.0,33,0.0,1759
35,1,48,0.0,34,0.0,1759
36,1,48,0.0,35,0.0,1759
37,1,48,0.0,36,0.1,1759
38,1,48,0.0,37,0.17,1759
39,1,48,0.0,38,0.0,1759
40,1,48,0.0,39,0.0,1759
41,1,48,0.0,40,0.0,1759
42,1,48,0.0,41,0.0,1759
43,1,48,0.0,42,0.0,1759
44,1,48,0.0,43,0.0,1759
45,1,48,0.0,44,0.0,1759
46,1,48,0.0,45,0.0,1759
47,1,48,0.0,46,0.0,1759
48,1,48,0.0,47,0.0,1759
49,1,48,0.0,48,0.0,1759
50,1,48,0.0,49,0.0,1759
51,1,48,0.0,50,0.0,1759
52,1,48,0.0,51,0.0,1759
53,1,48,0.0,52,0.0,1759
54,1,48,0.0,53,0.0,1759
55,1,48,0.0,54,0.0,1759
56,1,48,0.0,55,0.0,1759
57,1,48,0.0,56,0.0,1759
58,1,48,0.0,57,0.0,1759
59,1,48,0.0,58,0.0,1759
60,1,48,0.0,59,0.0,1759
61,1,48,0.0,60,0.0,1759
62,1,48,0.0,61,0.0,1759
63,1,48,0.0,62,0.0,1759
64,1,48,0.0,63,0.0,1759
65,1,48,0.0,64,0.0,1759
66,1,48,0.0,65,0.0,1759
67,1,48,0.0,66,0.0,1759
68,1,48,0.0,67,0.0,1759
69,1,48,0.0,68,0.0,1759
70,1,48,0.0,69,0.0,1759
71,1,48,0.0,70,0.0,1759
72,1,48,0.0,71,0.0,1759
73,1,48,0.0,72,0.0,1759
74,1,48,0.0,73,0.0,1759
75,1,48,0.0,74,0.0,1759
76,1,48,0.0,75,0.0,1759
77,1,48,0.0,76,0.0,1759
78,1,48,0.0,77,0.0,1759
79,1,48,0.0,78,0.0,1759
80,1,48,0.0,79,0.0,1759
81,1,48,0.0,80,0.0,1759
82,1,48,0.0,81,0.0,1759
83,1,48,0.0,82,0.0,1759
84,1,48,0.0,83,0.0,1759
85,1,48,0.0,84,0.0,1759
86,1,48,0.0,85,0.0,1759
87,1,48,0.0,86,0.0,1759
88,1,48,0.0,87,0.0,1759
89,1,48,0.0,88,0.0,1759
90,1,48,0.0,89,0.0,1759
91,1,48,0.0,90,0.0,1759
92,1,48,0.0,91,0.0,1759
93,1,48,0.0,92,0.0,1759
94,1,48,0.43,93,0.0,1759
95,1,48,0.07,94,0.0,1759
96,1,48,0.0,95,0.0,1759
97,1,48,0.0,96,0.0,1759
98,1,48,0.0,97,0.0,1759
99,1,48,0.0,98,0.0,1759
100,1,48,0.0,99,0.0,1759
101,1,48,0.0,100,0.0,1759
102,1,48,0.0,101,0.0,1759
103,1,48,0.0,102,0.0,1759
104,1,48,0.0,103,0.0,1759
105,1,48,0.0,104,0.0,1759
106,1,48,0.0,105,0.0,1759
107,1,48,0.0,106,0.0,1759
108,1,48,0.0,107,0.0,1759
109,1,48,0.0,108,0.0,1759
110,1,48,0.0,109,0.0,1759
111,1,48,0.0,110,0.0,1759
112,1,48,0.0,111,0.0,1759
113,1,48,0.0,112,0.0,1759
114,1,48,0.0,113,0.0,1759
115,1,48,0.0,114,0.0,1759
116,1,48,0.0,115,0.0,1759
117,1,48,0.0,116,0.0,1759
118,1,48,0.0,117,0.0,1759
119,1,48,0.0,118,0.0,1759
120,1,48,0.0,119,0.0,1759
121,1,48,0.0,120,0.0,1759
122,1,48,0.0,121,0.0,1759
123,1,48,0.0,122,0.0,1759
124,1,48,0.0,123,0.0,1759
125,1,48,0.0,124,0.0,1759
126,1,48,0.0,125,0.0,1759
127,1,48,0.0,126,0.0,1759
128,1,48,0.0,127,0.0,1759
129,1,48,0.0,128,0.0,1759
130,1,48,0.0,129,0.0,1759
131,1,48,0.0,130,0.0,1759
132,1,48,0.0,131,0.0,1759
133,1,48,0.0,132,0.0,1759
134,1,48,0.0,133,0.0,1759
135,1,48,0.0,134,0.0,1759
136,1,48,0.0,135,0.0,1759
137,1,48,0.0,136,0.0,1759
138,1,48,0.0,137,0.0,1759
139,1,48,0.0,138,0.0,1759
140,1,48,0.0,139,0.0,1759
141,1,48,0.0,140,0.0,1759
142,1,48,0.0,141,0.0,1759
143,1,48,0.0,142,0.0,1759
144,1,48,0.0,143,0.0,1759
145,1,48,0.0,144,0.0,1759
146,1,48,0.0,145,0.0,1759
147,1,48,0.0,146,0.0,1759
148,1,48,0.0,147,0.0,1759
149,1,48,0.0,148,0.0,1759
150,1,48,0.0,149,0.0,1759
151,1,48,0.0,150,0.0,1759
152,1,48,0.0,151,0.0,1759
153,1,48,0.0,152,0.0,1759
154,1,48,0.0,153,0.0,1759
155,1,48,0.0,154,0.0,1759
156,1,48,0.0,155,0.0,1759
157,1,48,0.0,156,0.0,1759
158,1,48,0.0,157,0.0,1759
159,1,48,0.0,158,0.0,1759
160,1,48,0.0,159,0.0,1759
161,1,48,0.0,160,0.0,1759
162,1,48,0.0,161,0.0,1759
163,1,48,0.0,162,0.0,1759
1,1,48,0.0,0,0.0,5857
2,1,48,0.0,1,0.0,5857
3,1,48,0.0,2,0.0,5857
4,1,48,0.0,3,0.0,5857
5,1,48,0.0,4,0.0,5857
6,1,48,0.0,5,0.0,5857
7,1,48,0.0,6,0.0,5857
8,1,48,0.0,7,0.0,5857
9,1,48,0.0,8,0.0,5857
10,1,48,0.0,9,0.0,5857
11,1,48,0.0,10,0.0,5857
12,1,48,0.0,11,0.0,5857
13,1,48,0.0,12,0.0,5857
14,1,48,0.0,13,0.0,5857
15,1,48,0.0,14,0.0,5857
16,1,48,0.0,15,0.0,5857
17,1,48,0.0,16,0.0,5857
18,1,48,0.0,17,0.0,5857
19,1,48,0.0,18,0.0,5857
20,1,48,0.0,19,0.0,5857
21,1,48,0.0,20,0.0,5857
22,1,48,0.0,21,0.0,5857
23,1,48,0.0,22,0.0,5857
24,1,48,0.0,23,0.0,5857
25,1,48,0.0,24,0.0,5857
26,1,48,0.0,25,0.0,5857
27,1,48,0.0,26,0.0,5857
28,1,48,0.0,27,0.0,5857
29,1,48,0.0,28,0.0,5857
30,1,48,0.0,29,0.0,5857
31,1,48,0.0,30,0.0,5857
32,1,48,0.0,31,0.0,5857
33,1,48,0.0,32,0.0,5857
34,1,48,0.0,33,0.0,5857
35,1,48,0.0,34,0.0,5857
36,1,48,0.0,35,0.0,5857
37,1,48,0.0,36,0.0,5857
38,1,48,0.0,37,0.0,5857
39,1,48,0.0,38,0.0,5857
40,1,48,0.0,39,0.0,5857
41,1,48,0.0,40,0.0,5857
42,1,48,0.0,41,0.0,5857
43,1,48,0.0,42,0.0,5857
44,1,48,0.0,43,0.0,5857
45,1,48,0.0,44,0.0,5857
46,1,48,0.0,45,0.0,5857
47,1,48,0.0,46,0.0,5857
48,1,48,0.0,47,0.0,5857
49,1,48,0.0,48,0.0,5857
50,1,48,0.0,49,0.0,5857
51,1,48,0.0,50,0.0,5857
52,1,48,0.0,51,0.0,5857
53,1,48,0.0,52,0.0,5857
54,1,48,0.0,53,0.0,5857
55,1,48,0.0,54,0.0,5857
56,1,48,0.0,55,0.0,5857
57,1,48,0.0,56,0.0,5857
58,1,48,0.0,57,0.0,5857
59,1,48,0.0,58,0.0,5857
60,1,48,0.0,59,0.0,5857
61,1,48,0.0,60,0.0,5857
62,1,48,0.0,61,0.0,5857
63,1,48,0.0,62,0.0,5857
64,1,48,0.0,63,0.0,5857
65,1,48,0.0,64,0.0,5857
66,1,48,0.0,65,0.0,5857
67,1,48,0.0,66,0.0,5857
68,1,48,0.0,67,0.0,5857
69,1,48,0.0,68,0.0,5857
70,1,48,0.0,69,0.0,5857
71,1,48,0.0,70,0.0,5857
72,1,48,0.0,71,0.0,5857
73,1,48,0.0,72,0.0,5857
74,1,48,0.0,73,0.0,5857
75,1,48,0.0,74,0.0,5857
76,1,48,0.0,75,0.0,5857
77,1,48,0.0,76,0.0,5857
78,1,48,0.0,77,0.0,5857
79,1,48,0.0,78,0.0,5857
80,1,48,0.0,79,0.0,5857
81,1,48,0.0,80,0.0,5857
82,1,48,0.0,81,0.0,5857
83,1,48,0.0,82,0.0,5857
84,1,48,0.0,83,0.0,5857
85,1,48,0.0,84,0.15,5857
86,1,48,0.0,85,0.25,5857
87,1,48,0.0,86,0.0,5857
88,1,48,0.0,87,0.0,5857
89,1,48,0.0,88,0.0,5857
90,1,48,0.0,89,0.0,5857
91,1,48,0.0,90,0.0,5857
92,1,48,0.0,91,0.0,5857
93,1,48,0.0,92,0.05,5857
94,1,48,0.0,93,1.0,5857
95,1,48,0.0,94,1.0,5857
96,1,48,0.0,95,0.05,5857
97,1,48,0.0,96,0.0,5857
98,1,48,0.0,97,0.0,5857
99,1,48,0.0,98,0.0,5857
100,1,48,0.0,99,0.0,5857
101,1,48,0.0,100,0.0,5857
102,1,48,0.0,101,0.0,5857
103,1,48,0.0,102,0.0,5857
104,1,48,0.0,103,0.0,5857
105,1,48,0.0,104,0.0,5857
106,1,48,0.0,105,0.0,5857
107,1,48,0.0,106,0.0,5857
108,1,48,0.0,107,0.0,5857
109,1,48,0.0,108,0.0,5857
110,1,48,0.0,109,0.0,5857
111,1,48,0.0,110,0.0,5857
112,1,48,0.0,111,0.0,5857
113,1,48,0.0,112,0.0,5857
114,1,48,0.0,113,0.0,5857
115,1,48,0.0,114,0.0,5857
116,1,48,0.0,115,0.0,5857
117,1,48,0.0,116,0.0,5857
118,1,48,0.0,117,0.0,5857
119,1,48,0.0,118,0.0,5857
120,1,48,0.0,119,0.0,5857
121,1,48,0.0,120,0.0,5857
122,1,48,0.0,121,0.0,5857
123,1,48,0.0,122,0.0,5857
124,1,48,0.0,123,0.0,5857
125,1,48,0.0,124,0.0,5857
126,1,48,0.0,125,0.0,5857
127,1,48,0.0,126,0.0,5857
128,1,48,0.0,127,0.0,5857
129,1,48,0.0,128,0.5,5857
130,1,48,0.0,129,0.75,5857
131,1,48,0.0,130,0.0,5857
132,1,48,0.0,131,0.0,5857
133,1,48,0.0,132,0.3,5857
134,1,48,0.0,133,1.0,5857
135,1,48,0.0,134,0.6,5857
136,1,48,0.0,135,0.0,5857
137,1,48,0.0,136,0.0,5857
138,1,48,0.0,137,0.0,5857
139,1,48,0.0,138,0.0,5857
140,1,48,0.0,139,0.0,5857
141,1,48,0.0,140,0.0,5857
142,1,48,0.0,141,0.0,5857
143,1,48,0.0,142,0.0,5857
144,1,48,0.0,143,0.0,5857
145,1,48,0.0,144,0.0,5857
146,1,48,0.0,145,0.0,5857
147,1,48,0.0,146,0.0,5857
148,1,48,0.0,147,0.0,5857
149,1,48,0.0,148,0.0,5857
150,1,48,0.0,149,0.0,5857
151,1,48,0.0,150,0.0,5857
152,1,48,0.0,151,0.0,5857
153,1,48,0.0,152,0.0,5857
154,1,48,0.0,153,0.0,5857
155,1,48,0.0,154,0.0,5857
156,1,48,0.0,155,0.0,5857
157,1,48,0.0,156,0.0,5857
158,1,48,0.0,157,0.0,5857
159,1,48,0.0,158,0.0,5857
160,1,48,0.0,159,0.0,5857
161,1,48,0.0,160,0.0,5857
162,1,48,0.0,161,0.0,5857
163,1,48,0.0,162,0.0,5857
1,1,48,0.0,0,0.0,3408
2,1,48,0.0,1,0.0,3408
3,1,48,0.0,2,0.0,3408
4,1,48,0.0,3,0.0,3408
5,1,48,0.0,4,0.0,3408
6,1,48,0.0,5,0.0,3408
7,1,48,0.0,6,0.0,3408
8,1,48,0.0,7,0.0,3408
9,1,48,0.0,8,0.0,3408
10,1,48,0.0,9,0.0,3408
11,1,48,0.0,10,0.0,3408
12,1,48,0.0,11,0.0,3408
13,1,48,0.0,12,0.0,3408
14,1,48,0.0,13,0.0,3408
15,1,48,0.0,14,0.0,3408
16,1,48,0.0,15,0.0,3408
17,1,48,0.0,16,0.0,3408
18,1,48,0.0,17,0.0,3408
19,1,48,0.0,18,0.0,3408
20,1,48,0.0,19,0.0,3408
21,1,48,0.0,20,0.0,3408
22,1,48,0.0,21,0.0,3408
23,1,48,0.0,22,0.0,3408
24,1,48,0.0,23,0.0,3408
25,1,48,0.0,24,0.0,3408
26,1,48,0.0,25,0.0,3408
27,1,48,0.0,26,0.0,3408
28,1,48,0.0,27,0.0,3408
29,1,48,0.0,28,0.0,3408
30,1,48,0.0,29,0.0,3408
31,1,48,0.0,30,0.0,3408
32,1,48,0.0,31,0.0,3408
33,1,48,0.0,32,0.0,3408
34,1,48,0.0,33,0.0,3408
35,1,48,0.0,34,0.0,3408
36,1,48,0.0,35,0.0,3408
37,1,48,0.0,36,0.0,3408
38,1,48,0.0,37,0.0,3408
39,1,48,0.0,38,0.52,3408
40,1,48,0.0,39,1.0,3408
41,1,48,0.0,40,0.78,3408
42,1,48,0.0,41,0.0,3408
43,1,48,0.0,42,0.0,3408
44,1,48,0.0,43,0.0,3408
45,1,48,0.0,44,0.0,3408
46,1,48,0.0,45,0.0,3408
47,1,48,0.0,46,0.0,3408
48,1,48,0.0,47,0.0,3408
49,1,48,0.0,48,0.0,3408
50,1,48,0.0,49,0.0,3408
51,1,48,0.0,50,0.0,3408
52,1,48,0.0,51,0.0,3408
53,1,48,0.0,52,0.0,3408
54,1,48,0.0,53,0.0,3408
55,1,48,0.0,54,0.0,3408
56,1,48,0.0,55,0.0,3408
57,1,48,0.0,56,0.0,3408
58,1,48,0.0,57,0.0,3408
59,1,48,0.0,58,0.4,3408
60,1,48,0.0,59,0.0,3408
61,1,48,0.0,60,0.0,3408
62,1,48,0.0,61,0.0,3408
63,1,48,0.0,62,0.0,3408
64,1,48,0.0,63,0.0,3408
65,1,48,0.0,64,0.0,3408
66,1,48,0.0,65,0.09,3408
67,1,48,0.0,66,0.0,3408
68,1,48,0.0,67,0.0,3408
69,1,48,0.0,68,0.0,3408
70,1,48,0.0,69,0.0,3408
71,1,48,0.0,70,0.0,3408
72,1,48,0.0,71,0.0,3408
73,1,48,0.0,72,0.0,3408
74,1,48,0.0,73,0.0,3408
75,1,48,0.0,74,0.0,3408
76,1,48,0.0,75,0.0,3408
77,1,48,0.0,76,0.0,3408
78,1,48,0.0,77,0.0,3408
79,1,48,0.0,78,0.0,3408
80,1,48,0.0,79,0.0,3408
81,1,48,0.0,80,0.0,3408
82,1,48,0.0,81,0.8,3408
83,1,48,0.0,82,1.0,3408
84,1,48,0.0,83,1.0,3408
85,1,48,0.0,84,1.0,3408
86,1,48,0.0,85,1.0,3408
87,1,48,0.0,86,1.0,3408
88,1,48,0.0,87,1.0,3408
89,1,48,0.0,88,0.65,3408
90,1,48,0.0,89,0.35,3408
91,1,48,0.0,90,1.0,3408
92,1,48,0.0,91,1.0,3408
93,1,48,0.0,92,1.0,3408
94,1,48,0.0,93,0.05,3408
95,1,48,0.0,94,0.0,3408
96,1,48,0.0,95,0.0,3408
97,1,48,0.0,96,0.0,3408
98,1,48,0.0,97,0.0,3408
99,1,48,0.0,98,0.0,3408
100,1,48,0.0,99,0.0,3408
101,1,48,0.0,100,0.0,3408
102,1,48,0.0,101,0.0,3408
103,1,48,0.0,102,0.0,3408
104,1,48,0.0,103,0.0,3408
105,1,48,0.0,104,0.0,3408
106,1,48,0.0,105,0.0,3408
107,1,48,0.0,106,0.0,3408
108,1,48,0.0,107,0.0,3408
109,1,48,0.0,108,0.0,3408
110,1,48,0.0,109,0.0,3408
111,1,48,0.0,110,0.0,3408
112,1,48,0.0,111,0.0,3408
113,1,48,0.0,112,0.0,3408
114,1,48,0.0,113,0.0,3408
115,1,48,0.0,114,0.0,3408
116,1,48,0.0,115,0.0,3408
117,1,48,0.0,116,0.0,3408
118,1,48,0.0,117,0.0,3408
119,1,48,0.0,118,0.0,3408
120,1,48,0.0,119,0.0,3408
121,1,48,0.0,120,0.0,3408
122,1,48,0.0,121,0.0,3408
123,1,48,0.0,122,0.0,3408
124,1,48,0.0,123,0.0,3408
125,1,48,0.0,124,0.0,3408
126,1,48,0.0,125,0.0,3408
127,1,48,0.0,126,0.0,3408
128,1,48,0.0,127,0.0,3408
129,1,48,0.0,128,0.0,3408
130,1,48,0.0,129,0.0,3408
131,1,48,0.0,130,0.0,3408
132,1,48,0.0,131,0.0,3408
133,1,48,0.0,132,0.0,3408
134,1,48,0.0,133,0.0,3408
135,1,48,0.0,134,0.0,3408
136,1,48,0.0,135,0.0,3408
137,1,48,0.0,136,0.0,3408
138,1,48,0.0,137,0.0,3408
139,1,48,0.0,138,0.15,3408
140,1,48,0.0,139,1.0,3408
141,1,48,0.0,140,1.0,3408
142,1,48,0.0,141,1.0,3408
143,1,48,0.0,142,0.55,3408
144,1,48,0.0,143,0.0,3408
145,1,48,0.0,144,0.0,3408
146,1,48,0.0,145,0.0,3408
147,1,48,0.0,146,0.0,3408
148,1,48,0.0,147,0.0,3408
149,1,48,0.0,148,0.0,3408
150,1,48,0.0,149,0.0,3408
151,1,48,0.0,150,0.0,3408
152,1,48,0.0,151,0.0,3408
153,1,48,0.0,152,0.0,3408
154,1,48,0.0,153,0.0,3408
155,1,48,0.0,154,0.0,3408
156,1,48,0.0,155,0.0,3408
157,1,48,0.0,156,0.0,3408
158,1,48,0.0,157,0.3,3408
159,1,48,0.0,158,1.0,3408
160,1,48,0.0,159,1.0,3408
161,1,48,0.0,160,0.0,3408
162,1,48,0.0,161,0.0,3408
163,1,48,0.0,162,0.0,3408
1,1,49,0.0,0,0.0,3476
2,1,49,0.0,1,0.0,3476
3,1,49,0.0,2,0.0,3476
4,1,49,0.0,3,0.0,3476
5,1,49,0.0,4,0.0,3476
6,1,49,0.0,5,0.0,3476
7,1,49,0.0,6,0.0,3476
8,1,49,0.0,7,0.0,3476
9,1,49,0.0,8,0.0,3476
10,1,49,0.0,9,0.0,3476
11,1,49,0.0,10,0.0,3476
12,1,49,0.0,11,0.0,3476
13,1,49,0.0,12,0.0,3476
14,1,49,0.0,13,0.0,3476
15,1,49,0.0,14,0.0,3476
16,1,49,0.0,15,0.0,3476
17,1,49,0.0,16,0.0,3476
18,1,49,0.0,17,0.0,3476
19,1,49,0.0,18,0.0,3476
20,1,49,0.0,19,0.0,3476
21,1,49,0.0,20,0.0,3476
22,1,49,0.0,21,0.0,3476
23,1,49,0.0,22,0.0,3476
24,1,49,0.0,23,0.0,3476
25,1,49,0.0,24,0.0,3476
26,1,49,0.0,25,0.0,3476
27,1,49,0.0,26,0.0,3476
28,1,49,0.0,27,0.0,3476
29,1,49,0.0,28,0.0,3476
30,1,49,0.0,29,0.0,3476
31,1,49,0.0,30,0.0,3476
32,1,49,0.0,31,0.0,3476
33,1,49,0.0,32,0.58,3476
34,1,49,0.0,33,0.0,3476
35,1,49,0.0,34,0.0,3476
36,1,49,0.0,35,0.0,3476
37,1,49,0.0,36,0.0,3476
38,1,49,0.0,37,0.0,3476
39,1,49,0.0,38,0.0,3476
40,1,49,0.0,39,0.0,3476
41,1,49,0.0,40,0.0,3476
42,1,49,0.0,41,0.0,3476
43,1,49,0.0,42,0.0,3476
44,1,49,0.0,43,0.0,3476
45,1,49,0.0,44,0.0,3476
46,1,49,0.0,45,0.0,3476
47,1,49,0.0,46,0.0,3476
48,1,49,0.0,47,0.0,3476
49,1,49,0.0,48,0.0,3476
50,1,49,0.0,49,0.0,3476
51,1,49,0.0,50,0.0,3476
52,1,49,0.0,51,0.0,3476
53,1,49,0.0,52,0.0,3476
54,1,49,0.0,53,0.0,3476
55,1,49,0.0,54,0.0,3476
56,1,49,0.0,55,0.0,3476
57,1,49,0.0,56,0.0,3476
58,1,49,0.0,57,0.0,3476
59,1,49,0.0,58,0.0,3476
60,1,49,0.0,59,0.0,3476
61,1,49,0.0,60,0.0,3476
62,1,49,0.0,61,0.7,3476
63,1,49,0.0,62,1.0,3476
64,1,49,0.0,63,0.72,3476
65,1,49,0.0,64,0.0,3476
66,1,49,0.0,65,0.0,3476
67,1,49,0.0,66,0.0,3476
68,1,49,0.0,67,0.0,3476
69,1,49,0.0,68,0.0,3476
70,1,49,0.0,69,0.0,3476
71,1,49,0.0,70,0.0,3476
72,1,49,0.0,71,0.0,3476
73,1,49,0.0,72,0.0,3476
74,1,49,0.0,73,0.0,3476
75,1,49,0.0,74,0.0,3476
76,1,49,0.0,75,0.0,3476
77,1,49,0.0,76,0.85,3476
78,1,49,0.0,77,1.0,3476
79,1,49,0.0,78,0.11,3476
80,1,49,0.0,79,0.0,3476
81,1,49,0.0,80,0.0,3476
82,1,49,0.0,81,0.0,3476
83,1,49,0.0,82,0.0,3476
84,1,49,0.0,83,0.0,3476
85,1,49,0.0,84,0.0,3476
86,1,49,0.0,85,0.0,3476
87,1,49,0.0,86,0.0,3476
88,1,49,0.0,87,0.0,3476
89,1,49,0.0,88,0.0,3476
90,1,49,0.0,89,0.0,3476
91,1,49,0.0,90,0.0,3476
92,1,49,0.0,91,0.0,3476
93,1,49,0.0,92,0.0,3476
94,1,49,0.0,93,0.0,3476
95,1,49,0.0,94,0.0,3476
96,1,49,0.0,95,0.0,3476
97,1,49,0.0,96,0.0,3476
98,1,49,0.0,97,0.0,3476
99,1,49,0.0,98,0.0,3476
100,1,49,0.0,99,0.0,3476
101,1,49,0.0,100,0.0,3476
102,1,49,0.0,101,0.0,3476
103,1,49,0.0,102,0.0,3476
104,1,49,0.0,103,0.0,3476
105,1,49,0.0,104,0.0,3476
106,1,49,0.0,105,0.0,3476
107,1,49,0.0,106,0.0,3476
108,1,49,0.0,107,0.0,3476
109,1,49,0.0,108,0.0,3476
110,1,49,0.0,109,0.0,3476
111,1,49,0.0,110,0.0,3476
112,1,49,0.0,111,0.0,3476
113,1,49,0.0,112,0.0,3476
114,1,49,0.0,113,0.0,3476
115,1,49,0.0,114,0.0,3476
116,1,49,0.0,115,0.0,3476
117,1,49,0.0,116,0.0,3476
118,1,49,0.0,117,0.0,3476
119,1,49,0.0,118,0.0,3476
120,1,49,0.0,119,0.0,3476
121,1,49,0.0,120,0.0,3476
122,1,49,0.0,121,0.0,3476
123,1,49,0.0,122,0.0,3476
124,1,49,0.0,123,0.0,3476
125,1,49,0.0,124,0.0,3476
126,1,49,0.0,125,0.0,3476
127,1,49,0.0,126,0.0,3476
128,1,49,0.0,127,0.0,3476
129,1,49,0.0,128,0.95,3476
130,1,49,0.0,129,1.0,3476
131,1,49,0.0,130,0.82,3476
132,1,49,0.0,131,0.0,3476
133,1,49,0.0,132,0.0,3476
134,1,49,0.0,133,0.0,3476
135,1,49,0.0,134,0.0,3476
136,1,49,0.0,135,0.4,3476
137,1,49,0.0,136,1.0,3476
138,1,49,0.0,137,1.0,3476
139,1,49,0.0,138,0.11,3476
140,1,49,0.0,139,0.0,3476
141,1,49,0.0,140,0.0,3476
142,1,49,0.0,141,0.0,3476
143,1,49,0.0,142,0.0,3476
144,1,49,0.0,143,0.0,3476
145,1,49,0.0,144,0.0,3476
146,1,49,0.0,145,0.0,3476
147,1,49,0.0,146,0.3,3476
148,1,49,0.0,147,1.0,3476
149,1,49,0.0,148,0.55,3476
150,1,49,0.0,149,0.0,3476
151,1,49,0.0,150,0.0,3476
152,1,49,0.0,151,0.0,3476
153,1,49,0.0,152,0.0,3476
154,1,49,0.0,153,0.0,3476
155,1,49,0.0,154,0.0,3476
156,1,49,0.0,155,0.0,3476
157,1,49,0.0,156,0.0,3476
158,1,49,0.0,157,0.45,3476
159,1,49,0.0,158,1.0,3476
160,1,49,0.0,159,1.0,3476
161,1,49,0.0,160,0.9,3476
162,1,49,0.0,161,0.0,3476
163,1,49,0.0,162,0.0,3476
1,1,49,0.0,0,0.0,5137
2,1,49,0.0,1,0.0,5137
3,1,49,0.0,2,0.0,5137
4,1,49,0.0,3,0.0,5137
5,1,49,0.0,4,0.0,5137
6,1,49,0.0,5,0.0,5137
7,1,49,0.0,6,0.0,5137
8,1,49,0.0,7,0.0,5137
9,1,49,0.0,8,0.0,5137
10,1,49,0.0,9,0.0,5137
11,1,49,0.0,10,0.0,5137
12,1,49,0.0,11,0.0,5137
13,1,49,0.0,12,0.0,5137
14,1,49,0.0,13,0.0,5137
15,1,49,0.0,14,0.0,5137
16,1,49,0.0,15,0.0,5137
17,1,49,0.0,16,0.0,5137
18,1,49,0.0,17,0.0,5137
19,1,49,0.0,18,0.0,5137
20,1,49,0.0,19,0.0,5137
21,1,49,0.0,20,0.0,5137
22,1,49,0.0,21,0.0,5137
23,1,49,0.0,22,0.0,5137
24,1,49,0.0,23,0.0,5137
25,1,49,0.0,24,0.0,5137
26,1,49,0.0,25,0.0,5137
27,1,49,0.0,26,0.0,5137
28,1,49,0.0,27,0.0,5137
29,1,49,0.0,28,0.0,5137
30,1,49,0.0,29,0.4,5137
31,1,49,0.0,30,1.0,5137
32,1,49,0.0,31,1.0,5137
33,1,49,0.0,32,1.0,5137
34,1,49,0.0,33,0.7,5137
35,1,49,0.0,34,0.0,5137
36,1,49,0.0,35,0.0,5137
37,1,49,0.0,36,0.0,5137
38,1,49,0.0,37,0.0,5137
39,1,49,0.0,38,0.0,5137
40,1,49,0.0,39,0.0,5137
41,1,49,0.0,40,0.0,5137
42,1,49,0.0,41,0.0,5137
43,1,49,0.0,42,0.0,5137
44,1,49,0.0,43,0.0,5137
45,1,49,0.0,44,0.0,5137
46,1,49,0.0,45,0.0,5137
47,1,49,0.0,46,0.0,5137
48,1,49,0.0,47,0.0,5137
49,1,49,0.0,48,0.0,5137
50,1,49,0.0,49,0.0,5137
51,1,49,0.0,50,0.0,5137
52,1,49,0.0,51,0.0,5137
53,1,49,0.0,52,0.0,5137
54,1,49,0.0,53,0.0,5137
55,1,49,0.0,54,0.0,5137
56,1,49,0.0,55,0.0,5137
57,1,49,0.0,56,0.0,5137
58,1,49,0.0,57,0.0,5137
59,1,49,0.0,58,0.0,5137
60,1,49,0.0,59,0.0,5137
61,1,49,0.0,60,0.0,5137
62,1,49,0.0,61,0.0,5137
63,1,49,0.0,62,0.0,5137
64,1,49,0.0,63,0.0,5137
65,1,49,0.0,64,0.0,5137
66,1,49,0.0,65,0.0,5137
67,1,49,0.0,66,0.0,5137
68,1,49,0.0,67,0.0,5137
69,1,49,0.0,68,0.0,5137
70,1,49,0.0,69,0.0,5137
71,1,49,0.0,70,0.0,5137
72,1,49,0.0,71,0.0,5137
73,1,49,0.0,72,0.0,5137
74,1,49,0.0,73,0.0,5137
75,1,49,0.0,74,0.0,5137
76,1,49,0.0,75,0.0,5137
77,1,49,0.0,76,0.0,5137
78,1,49,0.0,77,0.0,5137
79,1,49,0.0,78,0.0,5137
80,1,49,0.0,79,0.0,5137
81,1,49,0.0,80,0.0,5137
82,1,49,0.0,81,0.0,5137
83,1,49,0.0,82,0.0,5137
84,1,49,0.0,83,0.0,5137
85,1,49,0.0,84,0.0,5137
86,1,49,0.0,85,0.0,5137
87,1,49,0.0,86,0.0,5137
88,1,49,0.0,87,0.0,5137
89,1,49,0.0,88,0.0,5137
90,1,49,0.0,89,0.0,5137
91,1,49,0.0,90,0.0,5137
92,1,49,0.0,91,0.0,5137
93,1,49,0.0,92,0.0,5137
94,1,49,0.0,93,0.0,5137
95,1,49,0.0,94,0.0,5137
96,1,49,0.0,95,0.0,5137
97,1,49,0.0,96,0.0,5137
98,1,49,0.0,97,0.0,5137
99,1,49,0.0,98,0.0,5137
100,1,49,0.0,99,0.0,5137
101,1,49,0.0,100,0.0,5137
102,1,49,0.0,101,0.0,5137
103,1,49,0.0,102,0.0,5137
104,1,49,0.0,103,0.0,5137
105,1,49,0.0,104,0.0,5137
106,1,49,0.0,105,0.0,5137
107,1,49,0.0,106,0.0,5137
108,1,49,0.0,107,0.0,5137
109,1,49,0.0,108,0.0,5137
110,1,49,0.0,109,0.0,5137
111,1,49,0.0,110,0.0,5137
112,1,49,0.0,111,0.0,5137
113,1,49,0.0,112,0.0,5137
114,1,49,0.0,113,0.0,5137
115,1,49,0.0,114,0.0,5137
116,1,49,0.0,115,0.0,5137
117,1,49,0.0,116,0.0,5137
118,1,49,0.0,117,0.0,5137
119,1,49,0.0,118,0.0,5137
120,1,49,0.0,119,0.0,5137
121,1,49,0.0,120,0.0,5137
122,1,49,0.0,121,0.0,5137
123,1,49,0.0,122,0.0,5137
124,1,49,0.0,123,0.0,5137
125,1,49,0.0,124,0.0,5137
126,1,49,0.0,125,0.0,5137
127,1,49,0.0,126,0.0,5137
128,1,49,0.0,127,0.0,5137
129,1,49,0.0,128,0.0,5137
130,1,49,0.0,129,0.0,5137
131,1,49,0.0,130,0.0,5137
132,1,49,0.0,131,0.0,5137
133,1,49,0.0,132,0.0,5137
134,1,49,0.0,133,0.0,5137
135,1,49,0.0,134,0.0,5137
136,1,49,0.0,135,0.0,5137
137,1,49,0.0,136,0.0,5137
138,1,49,0.0,137,0.0,5137
139,1,49,0.0,138,0.0,5137
140,1,49,0.0,139,0.0,5137
141,1,49,0.0,140,0.0,5137
142,1,49,0.0,141,0.0,5137
143,1,49,0.0,142,0.0,5137
144,1,49,0.0,143,0.0,5137
145,1,49,0.0,144,0.0,5137
146,1,49,0.0,145,0.0,5137
147,1,49,0.0,146,0.0,5137
148,1,49,0.0,147,0.0,5137
149,1,49,0.0,148,0.0,5137
150,1,49,0.0,149,0.0,5137
151,1,49,0.0,150,0.0,5137
152,1,49,0.0,151,0.0,5137
153,1,49,0.0,152,0.0,5137
154,1,49,0.0,153,0.0,5137
155,1,49,0.0,154,0.0,5137
156,1,49,0.0,155,0.0,5137
157,1,49,0.0,156,0.0,5137
158,1,49,0.0,157,0.0,5137
159,1,49,0.0,158,0.0,5137
160,1,49,0.0,159,0.0,5137
161,1,49,0.0,160,0.0,5137
162,1,49,0.0,161,0.0,5137
163,1,49,0.0,162,0.0,5137
1,1,49,0.0,0,0.0,9505
2,1,49,0.0,1,0.0,9505
3,1,49,0.0,2,0.0,9505
4,1,49,0.0,3,0.0,9505
5,1,49,0.0,4,0.0,9505
6,1,49,0.0,5,0.0,9505
7,1,49,0.0,6,0.0,9505
8,1,49,0.0,7,0.0,9505
9,1,49,0.0,8,0.0,9505
10,1,49,0.0,9,0.0,9505
11,1,49,0.0,10,0.0,9505
12,1,49,0.0,11,0.0,9505
13,1,49,0.0,12,0.0,9505
14,1,49,0.0,13,0.0,9505
15,1,49,0.0,14,0.0,9505
16,1,49,0.0,15,0.0,9505
17,1,49,0.0,16,0.0,9505
18,1,49,0.0,17,0.0,9505
19,1,49,0.0,18,0.0,9505
20,1,49,0.0,19,0.0,9505
21,1,49,0.0,20,0.0,9505
22,1,49,0.0,21,0.0,9505
23,1,49,0.0,22,0.0,9505
24,1,49,0.0,23,0.0,9505
25,1,49,0.0,24,0.0,9505
26,1,49,0.0,25,0.0,9505
27,1,49,0.0,26,0.0,9505
28,1,49,0.0,27,0.0,9505
29,1,49,0.0,28,0.0,9505
30,1,49,0.0,29,0.0,9505
31,1,49,0.0,30,0.0,9505
32,1,49,0.0,31,0.0,9505
33,1,49,0.0,32,0.0,9505
34,1,49,0.0,33,0.0,9505
35,1,49,0.0,34,0.0,9505
36,1,49,0.0,35,0.0,9505
37,1,49,0.0,36,0.0,9505
38,1,49,0.0,37,0.0,9505
39,1,49,0.0,38,0.0,9505
40,1,49,0.0,39,0.0,9505
41,1,49,0.0,40,0.0,9505
42,1,49,0.0,41,0.0,9505
43,1,49,0.0,42,0.0,9505
44,1,49,0.0,43,0.0,9505
45,1,49,0.0,44,0.0,9505
46,1,49,0.0,45,0.0,9505
47,1,49,0.0,46,0.0,9505
48,1,49,0.0,47,0.0,9505
49,1,49,0.0,48,0.0,9505
50,1,49,0.0,49,0.0,9505
51,1,49,0.0,50,0.0,9505
52,1,49,0.0,51,0.0,9505
53,1,49,0.0,52,0.0,9505
54,1,49,0.0,53,0.0,9505
55,1,49,0.0,54,0.0,9505
56,1,49,0.0,55,0.0,9505
57,1,49,0.0,56,0.0,9505
58,1,49,0.0,57,0.0,9505
59,1,49,0.0,58,0.0,9505
60,1,49,0.0,59,0.0,9505
61,1,49,0.0,60,0.0,9505
62,1,49,0.0,61,0.0,9505
63,1,49,0.0,62,0.0,9505
64,1,49,0.0,63,0.0,9505
65,1,49,0.0,64,0.0,9505
66,1,49,0.0,65,0.0,9505
67,1,49,0.0,66,0.0,9505
68,1,49,0.0,67,0.0,9505
69,1,49,0.0,68,0.0,9505
70,1,49,0.0,69,0.0,9505
71,1,49,0.0,70,0.0,9505
72,1,49,0.0,71,0.0,9505
73,1,49,0.0,72,0.0,9505
74,1,49,0.0,73,0.0,9505
75,1,49,0.0,74,0.0,9505
76,1,49,0.0,75,0.0,9505
77,1,49,0.0,76,0.0,9505
78,1,49,0.0,77,0.0,9505
79,1,49,0.0,78,0.0,9505
80,1,49,0.0,79,0.0,9505
81,1,49,0.0,80,0.0,9505
82,1,49,0.0,81,0.0,9505
83,1,49,0.0,82,0.0,9505
84,1,49,0.0,83,0.0,9505
85,1,49,0.0,84,0.0,9505
86,1,49,0.0,85,0.0,9505
87,1,49,0.0,86,0.0,9505
88,1,49,0.0,87,0.0,9505
89,1,49,0.0,88,0.0,9505
90,1,49,0.0,89,0.0,9505
91,1,49,0.0,90,0.0,9505
92,1,49,0.0,91,0.0,9505
93,1,49,0.0,92,0.0,9505
94,1,49,0.0,93,0.0,9505
95,1,49,0.0,94,0.0,9505
96,1,49,0.0,95,0.0,9505
97,1,49,0.0,96,0.0,9505
98,1,49,0.0,97,0.0,9505
99,1,49,0.0,98,0.0,9505
100,1,49,0.0,99,0.0,9505
101,1,49,0.0,100,0.0,9505
102,1,49,0.0,101,0.0,9505
103,1,49,0.0,102,0.0,9505
104,1,49,0.0,103,0.0,9505
105,1,49,0.0,104,0.0,9505
106,1,49,0.0,105,0.0,9505
107,1,49,0.0,106,0.0,9505
108,1,49,0.0,107,0.0,9505
109,1,49,0.0,108,0.0,9505
110,1,49,0.0,109,0.0,9505
111,1,49,0.0,110,0.0,9505
112,1,49,0.0,111,0.0,9505
113,1,49,0.0,112,0.0,9505
114,1,49,0.0,113,0.0,9505
115,1,49,0.0,114,0.0,9505
116,1,49,0.0,115,0.0,9505
117,1,49,0.0,116,0.0,9505
118,1,49,0.0,117,0.0,9505
119,1,49,0.0,118,0.0,9505
120,1,49,0.0,119,0.0,9505
121,1,49,0.0,120,0.0,9505
122,1,49,0.0,121,0.0,9505
123,1,49,0.0,122,0.0,9505
124,1,49,0.0,123,0.0,9505
125,1,49,0.0,124,0.0,9505
126,1,49,0.0,125,0.0,9505
127,1,49,0.0,126,0.0,9505
128,1,49,0.0,127,0.0,9505
129,1,49,0.0,128,0.0,9505
130,1,49,0.0,129,0.0,9505
131,1,49,0.0,130,0.0,9505
132,1,49,0.0,131,0.0,9505
133,1,49,0.0,132,0.0,9505
134,1,49,0.0,133,0.0,9505
135,1,49,0.0,134,0.0,9505
136,1,49,0.0,135,0.0,9505
137,1,49,0.0,136,0.0,9505
138,1,49,0.0,137,0.0,9505
139,1,49,0.0,138,0.0,9505
140,1,49,0.0,139,0.0,9505
141,1,49,0.0,140,0.0,9505
142,1,49,0.0,141,0.0,9505
143,1,49,0.0,142,0.0,9505
144,1,49,0.0,143,0.0,9505
145,1,49,0.0,144,0.0,9505
146,1,49,0.0,145,0.0,9505
147,1,49,0.0,146,0.0,9505
148,1,49,0.0,147,0.0,9505
149,1,49,0.0,148,0.0,9505
150,1,49,0.0,149,0.0,9505
151,1,49,0.0,150,0.0,9505
152,1,49,0.0,151,0.0,9505
153,1,49,0.0,152,0.0,9505
154,1,49,0.0,153,0.0,9505
155,1,49,0.0,154,0.0,9505
156,1,49,0.0,155,0.0,9505
157,1,49,0.0,156,0.0,9505
158,1,49,0.0,157,0.0,9505
159,1,49,0.0,158,0.0,9505
160,1,49,0.0,159,0.0,9505
161,1,49,0.0,160,0.0,9505
162,1,49,0.0,161,0.0,9505
163,1,49,0.0,162,0.0,9505
1,1,49,0.0,0,0.0,6220
2,1,49,0.0,1,0.0,6220
3,1,49,0.0,2,0.0,6220
4,1,49,0.0,3,0.0,6220
5,1,49,0.0,4,0.0,6220
6,1,49,0.0,5,0.0,6220
7,1,49,0.0,6,0.0,6220
8,1,49,0.0,7,0.0,6220
9,1,49,0.0,8,0.0,6220
10,1,49,0.0,9,0.0,6220
11,1,49,0.0,10,0.0,6220
12,1,49,0.0,11,0.0,6220
13,1,49,0.0,12,0.0,6220
14,1,49,0.0,13,0.0,6220
15,1,49,0.0,14,0.0,6220
16,1,49,0.0,15,0.0,6220
17,1,49,0.0,16,0.0,6220
18,1,49,0.0,17,0.0,6220
19,1,49,0.0,18,0.0,6220
20,1,49,0.0,19,0.0,6220
21,1,49,0.0,20,0.0,6220
22,1,49,0.0,21,0.0,6220
23,1,49,0.0,22,0.0,6220
24,1,49,0.0,23,0.0,6220
25,1,49,0.0,24,0.0,6220
26,1,49,0.0,25,0.0,6220
27,1,49,0.0,26,0.0,6220
28,1,49,0.0,27,0.0,6220
29,1,49,0.0,28,0.0,6220
30,1,49,0.0,29,0.0,6220
31,1,49,0.0,30,0.0,6220
32,1,49,0.0,31,0.7,6220
33,1,49,0.0,32,0.25,6220
34,1,49,0.0,33,0.55,6220
35,1,49,0.0,34,0.0,6220
36,1,49,0.0,35,0.0,6220
37,1,49,0.0,36,0.0,6220
38,1,49,0.0,37,0.0,6220
39,1,49,0.0,38,0.0,6220
40,1,49,0.0,39,0.0,6220
41,1,49,0.0,40,0.0,6220
42,1,49,0.0,41,0.0,6220
43,1,49,0.0,42,0.0,6220
44,1,49,0.0,43,0.0,6220
45,1,49,0.0,44,0.0,6220
46,1,49,0.0,45,0.0,6220
47,1,49,0.0,46,0.0,6220
48,1,49,0.0,47,0.0,6220
49,1,49,0.0,48,0.0,6220
50,1,49,0.0,49,0.0,6220
51,1,49,0.0,50,0.0,6220
52,1,49,0.0,51,0.0,6220
53,1,49,0.0,52,0.15,6220
54,1,49,0.0,53,1.0,6220
55,1,49,0.0,54,1.0,6220
56,1,49,0.0,55,0.1,6220
57,1,49,0.0,56,0.0,6220
58,1,49,0.0,57,0.0,6220
59,1,49,0.0,58,0.0,6220
60,1,49,0.0,59,0.0,6220
61,1,49,0.0,60,0.0,6220
62,1,49,0.0,61,0.0,6220
63,1,49,0.0,62,0.0,6220
64,1,49,0.0,63,0.0,6220
65,1,49,0.0,64,0.0,6220
66,1,49,0.0,65,0.0,6220
67,1,49,0.0,66,0.0,6220
68,1,49,0.0,67,0.0,6220
69,1,49,0.0,68,0.0,6220
70,1,49,0.0,69,0.0,6220
71,1,49,0.0,70,0.0,6220
72,1,49,0.0,71,0.0,6220
73,1,49,0.0,72,0.0,6220
74,1,49,0.0,73,0.0,6220
75,1,49,0.0,74,0.0,6220
76,1,49,0.0,75,0.0,6220
77,1,49,0.0,76,0.0,6220
78,1,49,0.0,77,0.0,6220
79,1,49,0.0,78,0.0,6220
80,1,49,0.0,79,0.0,6220
81,1,49,0.0,80,0.0,6220
82,1,49,0.0,81,0.0,6220
83,1,49,0.0,82,0.0,6220
84,1,49,0.0,83,0.0,6220
85,1,49,0.0,84,0.0,6220
86,1,49,0.0,85,0.0,6220
87,1,49,0.0,86,0.0,6220
88,1,49,0.0,87,0.35,6220
89,1,49,0.0,88,1.0,6220
90,1,49,0.0,89,1.0,6220
91,1,49,0.0,90,1.0,6220
92,1,49,0.0,91,1.0,6220
93,1,49,0.0,92,1.0,6220
94,1,49,0.0,93,1.0,6220
95,1,49,0.0,94,0.05,6220
96,1,49,0.0,95,0.0,6220
97,1,49,0.0,96,0.0,6220
98,1,49,0.0,97,0.0,6220
99,1,49,0.0,98,0.0,6220
100,1,49,0.0,99,0.0,6220
101,1,49,0.0,100,0.0,6220
102,1,49,0.0,101,0.0,6220
103,1,49,0.0,102,0.0,6220
104,1,49,0.0,103,0.0,6220
105,1,49,0.0,104,0.0,6220
106,1,49,0.0,105,0.0,6220
107,1,49,0.0,106,0.0,6220
108,1,49,0.0,107,0.0,6220
109,1,49,0.0,108,0.0,6220
110,1,49,0.0,109,0.0,6220
111,1,49,0.0,110,0.0,6220
112,1,49,0.0,111,0.0,6220
113,1,49,0.0,112,0.0,6220
114,1,49,0.0,113,0.0,6220
115,1,49,0.0,114,0.0,6220
116,1,49,0.0,115,0.0,6220
117,1,49,0.0,116,0.0,6220
118,1,49,0.0,117,0.0,6220
119,1,49,0.0,118,0.0,6220
120,1,49,0.0,119,0.0,6220
121,1,49,0.0,120,0.0,6220
122,1,49,0.0,121,0.0,6220
123,1,49,0.0,122,0.0,6220
124,1,49,0.0,123,0.0,6220
125,1,49,0.0,124,0.0,6220
126,1,49,0.0,125,0.0,6220
127,1,49,0.0,126,0.0,6220
128,1,49,0.0,127,0.0,6220
129,1,49,0.0,128,0.0,6220
130,1,49,0.0,129,0.0,6220
131,1,49,0.0,130,0.0,6220
132,1,49,0.0,131,0.0,6220
133,1,49,0.0,132,0.0,6220
134,1,49,0.0,133,0.0,6220
135,1,49,0.0,134,0.0,6220
136,1,49,0.0,135,0.0,6220
137,1,49,0.0,136,0.0,6220
138,1,49,0.0,137,0.0,6220
139,1,49,0.0,138,0.0,6220
140,1,49,0.0,139,0.0,6220
141,1,49,0.0,140,0.0,6220
142,1,49,0.0,141,0.0,6220
143,1,49,0.0,142,0.0,6220
144,1,49,0.0,143,0.0,6220
145,1,49,0.0,144,0.1,6220
146,1,49,0.0,145,1.0,6220
147,1,49,0.0,146,0.05,6220
148,1,49,0.0,147,0.0,6220
149,1,49,0.0,148,0.0,6220
150,1,49,0.0,149,0.0,6220
151,1,49,0.0,150,0.0,6220
152,1,49,0.0,151,0.0,6220
153,1,49,0.0,152,0.0,6220
154,1,49,0.0,153,0.0,6220
155,1,49,0.0,154,0.0,6220
156,1,49,0.0,155,0.0,6220
157,1,49,0.0,156,0.0,6220
158,1,49,0.0,157,0.0,6220
159,1,49,0.0,158,0.0,6220
160,1,49,0.0,159,0.0,6220
161,1,49,0.0,160,0.0,6220
162,1,49,0.0,161,0.0,6220
163,1,49,0.0,162,0.0,6220
1,1,49,0.0,0,0.0,1197
2,1,49,0.0,1,0.0,1197
3,1,49,0.0,2,0.0,1197
4,1,49,0.0,3,0.0,1197
5,1,49,0.0,4,0.0,1197
6,1,49,0.0,5,0.0,1197
7,1,49,0.0,6,0.0,1197
8,1,49,0.0,7,0.0,1197
9,1,49,0.0,8,0.0,1197
10,1,49,0.0,9,0.0,1197
11,1,49,0.0,10,0.0,1197
12,1,49,0.0,11,0.0,1197
13,1,49,0.0,12,0.0,1197
14,1,49,0.0,13,0.0,1197
15,1,49,0.0,14,0.0,1197
16,1,49,0.0,15,0.0,1197
17,1,49,0.0,16,0.0,1197
18,1,49,0.0,17,0.0,1197
19,1,49,0.0,18,0.0,1197
20,1,49,0.0,19,0.0,1197
21,1,49,0.0,20,0.0,1197
22,1,49,0.0,21,0.0,1197
23,1,49,0.0,22,0.0,1197
24,1,49,0.0,23,0.0,1197
25,1,49,0.0,24,0.0,1197
26,1,49,0.0,25,0.0,1197
27,1,49,0.0,26,0.0,1197
28,1,49,0.0,27,0.0,1197
29,1,49,0.0,28,0.0,1197
30,1,49,0.0,29,0.0,1197
31,1,49,0.0,30,0.0,1197
32,1,49,0.0,31,0.0,1197
33,1,49,0.0,32,0.0,1197
34,1,49,0.0,33,0.0,1197
35,1,49,0.0,34,0.0,1197
36,1,49,0.0,35,0.35,1197
37,1,49,0.0,36,1.0,1197
38,1,49,0.0,37,1.0,1197
39,1,49,0.0,38,0.51,1197
40,1,49,0.0,39,0.15,1197
41,1,49,0.0,40,1.0,1197
42,1,49,0.0,41,1.0,1197
43,1,49,0.0,42,1.0,1197
44,1,49,0.0,43,0.1,1197
45,1,49,0.0,44,0.0,1197
46,1,49,0.0,45,0.0,1197
47,1,49,0.0,46,0.0,1197
48,1,49,0.0,47,0.0,1197
49,1,49,0.0,48,0.0,1197
50,1,49,0.0,49,0.0,1197
51,1,49,0.0,50,0.0,1197
52,1,49,0.0,51,0.0,1197
53,1,49,0.0,52,0.0,1197
54,1,49,0.0,53,0.0,1197
55,1,49,0.0,54,0.0,1197
56,1,49,0.0,55,0.0,1197
57,1,49,0.0,56,0.0,1197
58,1,49,0.0,57,0.0,1197
59,1,49,0.0,58,0.0,1197
60,1,49,0.0,59,0.0,1197
61,1,49,0.0,60,0.0,1197
62,1,49,0.0,61,0.0,1197
63,1,49,0.0,62,0.0,1197
64,1,49,0.0,63,0.0,1197
65,1,49,0.0,64,0.0,1197
66,1,49,0.0,65,0.0,1197
67,1,49,0.0,66,0.0,1197
68,1,49,0.0,67,0.0,1197
69,1,49,0.0,68,0.0,1197
70,1,49,0.0,69,0.0,1197
71,1,49,0.0,70,0.0,1197
72,1,49,0.0,71,0.0,1197
73,1,49,0.0,72,0.0,1197
74,1,49,0.0,73,0.0,1197
75,1,49,0.0,74,0.0,1197
76,1,49,0.0,75,0.0,1197
77,1,49,0.0,76,0.0,1197
78,1,49,0.0,77,0.0,1197
79,1,49,0.0,78,0.0,1197
80,1,49,0.0,79,0.0,1197
81,1,49,0.0,80,0.0,1197
82,1,49,0.0,81,0.0,1197
83,1,49,0.0,82,0.0,1197
84,1,49,0.0,83,0.0,1197
85,1,49,0.0,84,0.0,1197
86,1,49,0.0,85,0.0,1197
87,1,49,0.0,86,0.0,1197
88,1,49,0.0,87,0.0,1197
89,1,49,0.0,88,0.0,1197
90,1,49,0.0,89,0.0,1197
91,1,49,0.0,90,0.0,1197
92,1,49,0.0,91,0.0,1197
93,1,49,0.0,92,0.0,1197
94,1,49,0.0,93,0.0,1197
95,1,49,0.0,94,0.0,1197
96,1,49,0.0,95,0.0,1197
97,1,49,0.0,96,0.0,1197
98,1,49,0.0,97,0.0,1197
99,1,49,0.0,98,0.0,1197
100,1,49,0.0,99,0.0,1197
101,1,49,0.0,100,0.0,1197
102,1,49,0.0,101,0.0,1197
103,1,49,0.0,102,0.0,1197
104,1,49,0.0,103,0.0,1197
105,1,49,0.0,104,0.0,1197
106,1,49,0.0,105,0.0,1197
107,1,49,0.0,106,0.0,1197
108,1,49,0.0,107,0.0,1197
109,1,49,0.0,108,0.0,1197
110,1,49,0.0,109,0.0,1197
111,1,49,0.0,110,0.0,1197
112,1,49,0.0,111,0.0,1197
113,1,49,0.0,112,0.0,1197
114,1,49,0.0,113,0.0,1197
115,1,49,0.0,114,0.0,1197
116,1,49,0.0,115,0.0,1197
117,1,49,0.0,116,0.0,1197
118,1,49,0.0,117,0.0,1197
119,1,49,0.0,118,0.0,1197
120,1,49,0.0,119,0.0,1197
121,1,49,0.0,120,0.0,1197
122,1,49,0.0,121,0.0,1197
123,1,49,0.0,122,0.0,1197
124,1,49,0.0,123,0.0,1197
125,1,49,0.0,124,0.0,1197
126,1,49,0.0,125,0.0,1197
127,1,49,0.0,126,0.0,1197
128,1,49,0.0,127,0.0,1197
129,1,49,0.0,128,0.0,1197
130,1,49,0.0,129,0.0,1197
131,1,49,0.0,130,0.0,1197
132,1,49,0.0,131,0.0,1197
133,1,49,0.0,132,0.0,1197
134,1,49,0.0,133,0.0,1197
135,1,49,0.0,134,0.0,1197
136,1,49,0.0,135,0.0,1197
137,1,49,0.0,136,0.0,1197
138,1,49,0.0,137,0.0,1197
139,1,49,0.0,138,0.0,1197
140,1,49,0.0,139,0.0,1197
141,1,49,0.0,140,0.0,1197
142,1,49,0.0,141,0.0,1197
143,1,49,0.0,142,0.0,1197
144,1,49,0.0,143,0.0,1197
145,1,49,0.0,144,0.0,1197
146,1,49,0.0,145,0.0,1197
147,1,49,0.0,146,0.0,1197
148,1,49,0.0,147,0.0,1197
149,1,49,0.0,148,0.0,1197
150,1,49,0.0,149,0.0,1197
151,1,49,0.0,150,0.0,1197
152,1,49,0.0,151,0.0,1197
153,1,49,0.0,152,0.0,1197
154,1,49,0.0,153,0.0,1197
155,1,49,0.0,154,0.0,1197
156,1,49,0.0,155,0.0,1197
157,1,49,0.0,156,0.0,1197
158,1,49,0.0,157,0.0,1197
159,1,49,0.0,158,0.0,1197
160,1,49,0.0,159,0.0,1197
161,1,49,0.0,160,0.0,1197
162,1,49,0.0,161,0.0,1197
163,1,49,0.0,162,0.0,1197
1,1,49,0.0,0,0.0,2710
2,1,49,0.0,1,0.0,2710
3,1,49,0.0,2,0.0,2710
4,1,49,0.0,3,0.0,2710
5,1,49,0.0,4,0.0,2710
6,1,49,0.0,5,0.0,2710
7,1,49,0.0,6,0.0,2710
8,1,49,0.0,7,0.0,2710
9,1,49,0.0,8,0.0,2710
10,1,49,0.0,9,0.0,2710
11,1,49,0.0,10,0.0,2710
12,1,49,0.0,11,0.0,2710
13,1,49,0.0,12,0.0,2710
14,1,49,0.0,13,0.0,2710
15,1,49,0.0,14,0.0,2710
16,1,49,0.0,15,0.0,2710
17,1,49,0.0,16,0.0,2710
18,1,49,0.0,17,0.0,2710
19,1,49,0.0,18,0.0,2710
20,1,49,0.0,19,0.0,2710
21,1,49,0.0,20,0.0,2710
22,1,49,0.0,21,0.0,2710
23,1,49,0.0,22,0.0,2710
24,1,49,0.0,23,0.0,2710
25,1,49,0.0,24,0.0,2710
26,1,49,0.0,25,0.0,2710
27,1,49,0.0,26,0.0,2710
28,1,49,0.0,27,0.0,2710
29,1,49,0.0,28,0.0,2710
30,1,49,0.0,29,0.0,2710
31,1,49,0.0,30,0.0,2710
32,1,49,0.0,31,0.0,2710
33,1,49,0.0,32,0.0,2710
34,1,49,0.0,33,0.0,2710
35,1,49,0.0,34,0.0,2710
36,1,49,0.0,35,0.0,2710
37,1,49,0.0,36,0.0,2710
38,1,49,0.0,37,0.0,2710
39,1,49,0.0,38,0.0,2710
40,1,49,0.0,39,0.0,2710
41,1,49,0.0,40,0.0,2710
42,1,49,0.0,41,0.0,2710
43,1,49,0.0,42,0.0,2710
44,1,49,0.0,43,0.0,2710
45,1,49,0.0,44,0.0,2710
46,1,49,0.0,45,0.0,2710
47,1,49,0.0,46,0.0,2710
48,1,49,0.0,47,0.0,2710
49,1,49,0.0,48,0.0,2710
50,1,49,0.0,49,0.0,2710
51,1,49,0.0,50,0.0,2710
52,1,49,0.0,51,0.0,2710
53,1,49,0.0,52,0.0,2710
54,1,49,0.0,53,0.0,2710
55,1,49,0.0,54,0.0,2710
56,1,49,0.0,55,0.0,2710
57,1,49,0.0,56,0.0,2710
58,1,49,0.0,57,0.7,2710
59,1,49,0.0,58,1.0,2710
60,1,49,0.0,59,1.0,2710
61,1,49,0.0,60,0.75,2710
62,1,49,0.0,61,0.0,2710
63,1,49,0.0,62,0.0,2710
64,1,49,0.0,63,0.0,2710
65,1,49,0.0,64,0.0,2710
66,1,49,0.0,65,0.0,2710
67,1,49,0.0,66,0.0,2710
68,1,49,0.0,67,0.0,2710
69,1,49,0.0,68,0.0,2710
70,1,49,0.0,69,0.0,2710
71,1,49,0.0,70,0.0,2710
72,1,49,0.0,71,0.0,2710
73,1,49,0.0,72,0.0,2710
74,1,49,0.0,73,0.0,2710
75,1,49,0.0,74,0.0,2710
76,1,49,0.0,75,0.0,2710
77,1,49,0.0,76,0.0,2710
78,1,49,0.0,77,0.0,2710
79,1,49,0.0,78,0.0,2710
80,1,49,0.0,79,0.0,2710
81,1,49,0.0,80,0.0,2710
82,1,49,0.0,81,0.0,2710
83,1,49,0.0,82,0.0,2710
84,1,49,0.0,83,0.0,2710
85,1,49,0.0,84,0.0,2710
86,1,49,0.0,85,0.0,2710
87,1,49,0.0,86,0.0,2710
88,1,49,0.0,87,0.0,2710
89,1,49,0.0,88,0.0,2710
90,1,49,0.0,89,0.0,2710
91,1,49,0.0,90,0.0,2710
92,1,49,0.0,91,0.0,2710
93,1,49,0.0,92,0.0,2710
94,1,49,0.0,93,0.0,2710
95,1,49,0.0,94,0.0,2710
96,1,49,0.78,95,0.0,2710
97,1,49,0.89,96,0.0,2710
98,1,49,0.0,97,0.0,2710
99,1,49,0.0,98,0.0,2710
100,1,49,0.0,99,0.0,2710
101,1,49,0.0,100,0.0,2710
102,1,49,0.0,101,0.0,2710
103,1,49,0.0,102,0.0,2710
104,1,49,0.0,103,0.0,2710
105,1,49,0.0,104,0.0,2710
106,1,49,0.0,105,0.0,2710
107,1,49,0.0,106,0.0,2710
108,1,49,0.0,107,0.0,2710
109,1,49,0.0,108,0.0,2710
110,1,49,0.0,109,0.08,2710
111,1,49,0.0,110,1.0,2710
112,1,49,0.0,111,1.0,2710
113,1,49,0.0,112,0.87,2710
114,1,49,0.0,113,0.0,2710
115,1,49,0.0,114,0.0,2710
116,1,49,0.0,115,0.0,2710
117,1,49,0.0,116,0.0,2710
118,1,49,0.0,117,0.0,2710
119,1,49,0.0,118,0.0,2710
120,1,49,0.0,119,0.0,2710
121,1,49,0.0,120,0.0,2710
122,1,49,0.0,121,0.09,2710
123,1,49,0.0,122,1.0,2710
124,1,49,0.0,123,0.41,2710
125,1,49,0.0,124,0.0,2710
126,1,49,0.0,125,0.0,2710
127,1,49,0.0,126,0.0,2710
128,1,49,0.0,127,0.0,2710
129,1,49,0.0,128,0.0,2710
130,1,49,0.0,129,0.0,2710
131,1,49,0.0,130,0.0,2710
132,1,49,0.0,131,0.0,2710
133,1,49,0.0,132,0.0,2710
134,1,49,0.0,133,0.0,2710
135,1,49,0.0,134,0.15,2710
136,1,49,0.0,135,0.89,2710
137,1,49,0.0,136,0.71,2710
138,1,49,0.0,137,0.0,2710
139,1,49,0.0,138,0.0,2710
140,1,49,0.0,139,0.0,2710
141,1,49,0.0,140,0.0,2710
142,1,49,0.0,141,0.0,2710
143,1,49,0.0,142,0.0,2710
144,1,49,0.0,143,0.0,2710
145,1,49,0.0,144,0.0,2710
146,1,49,0.0,145,0.0,2710
147,1,49,0.0,146,0.0,2710
148,1,49,0.0,147,0.0,2710
149,1,49,0.0,148,0.0,2710
150,1,49,0.0,149,0.0,2710
151,1,49,0.0,150,0.0,2710
152,1,49,0.0,151,0.0,2710
153,1,49,0.0,152,0.0,2710
154,1,49,0.0,153,0.0,2710
155,1,49,0.0,154,0.0,2710
156,1,49,0.0,155,0.0,2710
157,1,49,0.0,156,0.0,2710
158,1,49,0.0,157,0.0,2710
159,1,49,0.0,158,0.0,2710
160,1,49,0.0,159,0.0,2710
161,1,49,0.0,160,0.0,2710
162,1,49,0.0,161,0.0,2710
163,1,49,0.0,162,0.0,2710
1,1,50,0.0,0,0.0,5835
2,1,50,0.0,1,0.0,5835
3,1,50,0.0,2,0.0,5835
4,1,50,0.0,3,0.0,5835
5,1,50,0.0,4,0.0,5835
6,1,50,0.0,5,0.0,5835
7,1,50,0.0,6,0.0,5835
8,1,50,0.0,7,0.0,5835
9,1,50,0.0,8,0.0,5835
10,1,50,0.0,9,0.0,5835
11,1,50,0.0,10,0.0,5835
12,1,50,0.0,11,0.0,5835
13,1,50,0.0,12,0.0,5835
14,1,50,0.0,13,0.0,5835
15,1,50,0.0,14,0.0,5835
16,1,50,0.0,15,0.0,5835
17,1,50,0.0,16,0.0,5835
18,1,50,0.0,17,0.0,5835
19,1,50,0.0,18,0.0,5835
20,1,50,0.0,19,0.0,5835
21,1,50,0.0,20,0.0,5835
22,1,50,0.0,21,0.0,5835
23,1,50,0.0,22,0.0,5835
24,1,50,0.0,23,0.0,5835
25,1,50,0.0,24,0.0,5835
26,1,50,0.0,25,0.0,5835
27,1,50,0.0,26,0.0,5835
28,1,50,0.0,27,0.0,5835
29,1,50,0.0,28,0.0,5835
30,1,50,0.0,29,0.0,5835
31,1,50,0.0,30,0.0,5835
32,1,50,0.0,31,0.0,5835
33,1,50,0.0,32,0.0,5835
34,1,50,0.0,33,0.0,5835
35,1,50,0.0,34,0.0,5835
36,1,50,0.0,35,0.0,5835
37,1,50,0.0,36,0.0,5835
38,1,50,0.0,37,0.0,5835
39,1,50,0.0,38,0.0,5835
40,1,50,0.0,39,0.0,5835
41,1,50,0.0,40,0.0,5835
42,1,50,0.0,41,0.0,5835
43,1,50,0.0,42,0.0,5835
44,1,50,0.0,43,0.0,5835
45,1,50,0.0,44,0.0,5835
46,1,50,0.0,45,0.0,5835
47,1,50,0.0,46,0.0,5835
48,1,50,0.0,47,0.0,5835
49,1,50,0.0,48,0.0,5835
50,1,50,0.0,49,0.0,5835
51,1,50,0.0,50,0.0,5835
52,1,50,0.0,51,0.0,5835
53,1,50,0.0,52,0.0,5835
54,1,50,0.0,53,0.0,5835
55,1,50,0.0,54,0.0,5835
56,1,50,0.0,55,0.0,5835
57,1,50,0.0,56,0.0,5835
58,1,50,0.0,57,0.0,5835
59,1,50,0.0,58,0.0,5835
60,1,50,0.0,59,0.0,5835
61,1,50,0.0,60,0.0,5835
62,1,50,0.0,61,0.0,5835
63,1,50,0.0,62,0.0,5835
64,1,50,0.0,63,0.0,5835
65,1,50,0.0,64,0.0,5835
66,1,50,0.0,65,0.0,5835
67,1,50,0.0,66,0.0,5835
68,1,50,0.0,67,0.0,5835
69,1,50,0.0,68,0.0,5835
70,1,50,0.0,69,0.0,5835
71,1,50,0.0,70,0.0,5835
72,1,50,0.0,71,0.0,5835
73,1,50,0.0,72,0.0,5835
74,1,50,0.0,73,0.0,5835
75,1,50,0.0,74,0.0,5835
76,1,50,0.0,75,0.0,5835
77,1,50,0.0,76,0.0,5835
78,1,50,0.0,77,0.0,5835
79,1,50,0.0,78,0.0,5835
80,1,50,0.0,79,0.0,5835
81,1,50,0.0,80,0.0,5835
82,1,50,0.0,81,0.0,5835
83,1,50,0.0,82,0.0,5835
84,1,50,0.0,83,0.0,5835
85,1,50,0.0,84,0.0,5835
86,1,50,0.0,85,0.0,5835
87,1,50,0.0,86,0.0,5835
88,1,50,0.0,87,0.0,5835
89,1,50,0.0,88,0.0,5835
90,1,50,0.0,89,0.0,5835
91,1,50,0.0,90,0.0,5835
92,1,50,0.0,91,0.0,5835
93,1,50,0.0,92,0.0,5835
94,1,50,0.0,93,0.0,5835
95,1,50,0.0,94,0.0,5835
96,1,50,0.0,95,0.0,5835
97,1,50,0.0,96,0.0,5835
98,1,50,0.0,97,0.0,5835
99,1,50,0.0,98,0.0,5835
100,1,50,0.0,99,0.0,5835
101,1,50,0.0,100,0.0,5835
102,1,50,0.0,101,0.0,5835
103,1,50,0.0,102,0.0,5835
104,1,50,0.0,103,0.0,5835
105,1,50,0.0,104,0.0,5835
106,1,50,0.0,105,0.0,5835
107,1,50,0.0,106,0.0,5835
108,1,50,0.0,107,0.0,5835
109,1,50,0.0,108,0.0,5835
110,1,50,0.0,109,0.0,5835
111,1,50,0.0,110,0.0,5835
112,1,50,0.0,111,0.0,5835
113,1,50,0.0,112,0.0,5835
114,1,50,0.0,113,0.0,5835
115,1,50,0.0,114,0.0,5835
116,1,50,0.0,115,0.0,5835
117,1,50,0.0,116,0.0,5835
118,1,50,0.0,117,0.0,5835
119,1,50,0.0,118,0.0,5835
120,1,50,0.0,119,0.0,5835
121,1,50,0.0,120,0.0,5835
122,1,50,0.0,121,0.0,5835
123,1,50,0.0,122,0.0,5835
124,1,50,0.0,123,0.0,5835
125,1,50,0.0,124,0.0,5835
126,1,50,0.0,125,0.0,5835
127,1,50,0.0,126,0.0,5835
128,1,50,0.0,127,0.0,5835
129,1,50,0.0,128,0.0,5835
130,1,50,0.0,129,0.0,5835
131,1,50,0.0,130,0.0,5835
132,1,50,0.0,131,0.0,5835
133,1,50,0.0,132,0.0,5835
134,1,50,0.0,133,0.0,5835
135,1,50,0.0,134,0.0,5835
136,1,50,0.0,135,0.0,5835
137,1,50,0.0,136,0.0,5835
138,1,50,0.0,137,0.0,5835
139,1,50,0.0,138,0.0,5835
140,1,50,0.0,139,0.0,5835
141,1,50,0.0,140,0.0,5835
142,1,50,0.0,141,0.0,5835
143,1,50,0.0,142,0.0,5835
144,1,50,0.0,143,0.0,5835
145,1,50,0.0,144,0.0,5835
146,1,50,0.0,145,0.0,5835
147,1,50,0.0,146,0.0,5835
148,1,50,0.0,147,0.0,5835
149,1,50,0.0,148,0.0,5835
150,1,50,0.0,149,0.0,5835
151,1,50,0.0,150,0.0,5835
152,1,50,0.0,151,0.0,5835
153,1,50,0.0,152,0.0,5835
154,1,50,0.0,153,0.0,5835
155,1,50,0.0,154,0.0,5835
156,1,50,0.0,155,0.0,5835
157,1,50,0.0,156,0.0,5835
158,1,50,0.0,157,0.0,5835
159,1,50,0.0,158,0.0,5835
160,1,50,0.0,159,0.0,5835
161,1,50,0.0,160,0.0,5835
162,1,50,0.0,161,0.0,5835
163,1,50,0.0,162,0.0,5835
1,1,50,0.0,0,0.0,7042
2,1,50,0.0,1,0.0,7042
3,1,50,0.0,2,0.0,7042
4,1,50,0.0,3,0.0,7042
5,1,50,0.0,4,0.0,7042
6,1,50,0.0,5,0.0,7042
7,1,50,0.0,6,0.0,7042
8,1,50,0.0,7,0.0,7042
9,1,50,0.0,8,0.0,7042
10,1,50,0.0,9,0.0,7042
11,1,50,0.0,10,0.0,7042
12,1,50,0.0,11,0.0,7042
13,1,50,0.0,12,0.0,7042
14,1,50,0.0,13,0.0,7042
15,1,50,0.0,14,0.0,7042
16,1,50,0.0,15,0.0,7042
17,1,50,0.0,16,0.0,7042
18,1,50,0.0,17,0.0,7042
19,1,50,0.0,18,0.0,7042
20,1,50,0.0,19,0.0,7042
21,1,50,0.0,20,0.0,7042
22,1,50,0.0,21,0.0,7042
23,1,50,0.0,22,0.0,7042
24,1,50,0.0,23,0.0,7042
25,1,50,0.0,24,0.0,7042
26,1,50,0.0,25,0.0,7042
27,1,50,0.0,26,0.0,7042
28,1,50,0.0,27,0.0,7042
29,1,50,0.0,28,0.0,7042
30,1,50,0.0,29,0.0,7042
31,1,50,0.0,30,0.0,7042
32,1,50,0.0,31,0.0,7042
33,1,50,0.0,32,0.0,7042
34,1,50,0.0,33,0.0,7042
35,1,50,0.0,34,0.0,7042
36,1,50,0.0,35,0.0,7042
37,1,50,0.0,36,0.0,7042
38,1,50,0.0,37,0.0,7042
39,1,50,0.0,38,0.0,7042
40,1,50,0.0,39,0.0,7042
41,1,50,0.0,40,0.0,7042
42,1,50,0.0,41,0.0,7042
43,1,50,0.0,42,0.0,7042
44,1,50,0.0,43,0.0,7042
45,1,50,0.0,44,0.0,7042
46,1,50,0.0,45,0.0,7042
47,1,50,0.0,46,0.0,7042
48,1,50,0.0,47,0.0,7042
49,1,50,0.0,48,0.0,7042
50,1,50,0.0,49,0.0,7042
51,1,50,0.0,50,0.0,7042
52,1,50,0.0,51,0.0,7042
53,1,50,0.0,52,0.0,7042
54,1,50,0.0,53,0.0,7042
55,1,50,0.0,54,0.0,7042
56,1,50,0.0,55,0.0,7042
57,1,50,0.0,56,0.0,7042
58,1,50,0.0,57,0.0,7042
59,1,50,0.0,58,0.0,7042
60,1,50,0.0,59,0.0,7042
61,1,50,0.0,60,0.0,7042
62,1,50,0.0,61,0.0,7042
63,1,50,0.0,62,0.0,7042
64,1,50,0.0,63,0.0,7042
65,1,50,0.0,64,0.0,7042
66,1,50,0.0,65,0.0,7042
67,1,50,0.0,66,0.0,7042
68,1,50,0.0,67,0.0,7042
69,1,50,0.0,68,0.0,7042
70,1,50,0.0,69,0.0,7042
71,1,50,0.0,70,0.0,7042
72,1,50,0.0,71,0.0,7042
73,1,50,0.0,72,0.0,7042
74,1,50,0.0,73,0.0,7042
75,1,50,0.0,74,0.0,7042
76,1,50,0.0,75,0.0,7042
77,1,50,0.0,76,0.0,7042
78,1,50,0.0,77,0.0,7042
79,1,50,0.0,78,0.0,7042
80,1,50,0.0,79,0.0,7042
81,1,50,0.0,80,0.0,7042
82,1,50,0.0,81,0.0,7042
83,1,50,0.0,82,0.0,7042
84,1,50,0.0,83,0.0,7042
85,1,50,0.0,84,0.0,7042
86,1,50,0.0,85,0.0,7042
87,1,50,0.0,86,0.0,7042
88,1,50,0.0,87,0.0,7042
89,1,50,0.0,88,0.0,7042
90,1,50,0.0,89,0.0,7042
91,1,50,0.0,90,0.0,7042
92,1,50,0.0,91,0.0,7042
93,1,50,0.0,92,0.0,7042
94,1,50,0.0,93,0.0,7042
95,1,50,0.0,94,0.0,7042
96,1,50,0.0,95,0.0,7042
97,1,50,0.0,96,0.0,7042
98,1,50,0.0,97,0.0,7042
99,1,50,0.0,98,0.0,7042
100,1,50,0.0,99,0.0,7042
101,1,50,0.0,100,0.0,7042
102,1,50,0.0,101,0.0,7042
103,1,50,0.0,102,0.0,7042
104,1,50,0.0,103,0.0,7042
105,1,50,0.0,104,0.0,7042
106,1,50,0.0,105,0.0,7042
107,1,50,0.0,106,0.0,7042
108,1,50,0.0,107,0.0,7042
109,1,50,0.0,108,0.0,7042
110,1,50,0.0,109,0.0,7042
111,1,50,0.0,110,0.0,7042
112,1,50,0.0,111,0.0,7042
113,1,50,0.0,112,0.0,7042
114,1,50,0.0,113,0.0,7042
115,1,50,0.0,114,0.0,7042
116,1,50,0.0,115,0.0,7042
117,1,50,0.0,116,0.0,7042
118,1,50,0.0,117,0.0,7042
119,1,50,0.0,118,0.0,7042
120,1,50,0.0,119,0.0,7042
121,1,50,0.0,120,0.0,7042
122,1,50,0.0,121,0.0,7042
123,1,50,0.0,122,0.0,7042
124,1,50,0.0,123,0.0,7042
125,1,50,0.0,124,0.0,7042
126,1,50,0.0,125,0.0,7042
127,1,50,0.0,126,0.0,7042
128,1,50,0.0,127,0.0,7042
129,1,50,0.0,128,0.0,7042
130,1,50,0.0,129,0.0,7042
131,1,50,0.0,130,0.0,7042
132,1,50,0.0,131,0.0,7042
133,1,50,0.0,132,0.0,7042
134,1,50,0.0,133,0.0,7042
135,1,50,0.0,134,0.0,7042
136,1,50,0.0,135,0.0,7042
137,1,50,0.0,136,0.0,7042
138,1,50,0.0,137,0.0,7042
139,1,50,0.0,138,0.0,7042
140,1,50,0.0,139,0.0,7042
141,1,50,0.0,140,0.0,7042
142,1,50,0.0,141,0.0,7042
143,1,50,0.0,142,0.0,7042
144,1,50,0.0,143,0.0,7042
145,1,50,0.0,144,0.0,7042
146,1,50,0.0,145,0.0,7042
147,1,50,0.0,146,0.0,7042
148,1,50,0.0,147,0.0,7042
149,1,50,0.0,148,0.0,7042
150,1,50,0.0,149,0.0,7042
151,1,50,0.0,150,0.0,7042
152,1,50,0.0,151,0.0,7042
153,1,50,0.0,152,0.0,7042
154,1,50,0.0,153,0.0,7042
155,1,50,0.0,154,0.0,7042
156,1,50,0.0,155,0.0,7042
157,1,50,0.0,156,0.0,7042
158,1,50,0.0,157,0.0,7042
159,1,50,0.0,158,0.0,7042
160,1,50,0.0,159,0.0,7042
161,1,50,0.0,160,0.0,7042
162,1,50,0.0,161,0.0,7042
163,1,50,0.0,162,0.0,7042
1,1,51,0.0,0,0.0,7230
2,1,51,0.0,1,0.0,7230
3,1,51,0.0,2,0.0,7230
4,1,51,0.0,3,0.0,7230
5,1,51,0.0,4,0.0,7230
6,1,51,0.0,5,0.0,7230
7,1,51,0.0,6,0.0,7230
8,1,51,0.0,7,0.0,7230
9,1,51,0.0,8,0.0,7230
10,1,51,0.0,9,0.0,7230
11,1,51,0.0,10,0.0,7230
12,1,51,0.0,11,0.0,7230
13,1,51,0.0,12,0.0,7230
14,1,51,0.0,13,0.0,7230
15,1,51,0.0,14,0.0,7230
16,1,51,0.0,15,0.0,7230
17,1,51,0.0,16,0.0,7230
18,1,51,0.0,17,0.0,7230
19,1,51,0.0,18,0.0,7230
20,1,51,0.0,19,0.0,7230
21,1,51,0.0,20,0.0,7230
22,1,51,0.0,21,0.0,7230
23,1,51,0.0,22,0.0,7230
24,1,51,0.0,23,0.0,7230
25,1,51,0.0,24,0.0,7230
26,1,51,0.0,25,0.0,7230
27,1,51,0.0,26,0.0,7230
28,1,51,0.0,27,0.0,7230
29,1,51,0.0,28,0.0,7230
30,1,51,0.0,29,0.0,7230
31,1,51,0.0,30,0.0,7230
32,1,51,0.0,31,0.0,7230
33,1,51,0.0,32,0.0,7230
34,1,51,0.0,33,0.0,7230
35,1,51,0.0,34,0.0,7230
36,1,51,0.0,35,0.0,7230
37,1,51,0.0,36,0.0,7230
38,1,51,0.0,37,0.0,7230
39,1,51,0.0,38,0.0,7230
40,1,51,0.0,39,0.0,7230
41,1,51,0.0,40,0.0,7230
42,1,51,0.0,41,0.0,7230
43,1,51,0.0,42,0.0,7230
44,1,51,0.0,43,0.0,7230
45,1,51,0.0,44,0.0,7230
46,1,51,0.0,45,0.0,7230
47,1,51,0.0,46,0.0,7230
48,1,51,0.0,47,0.0,7230
49,1,51,0.0,48,0.0,7230
50,1,51,0.0,49,0.0,7230
51,1,51,0.0,50,0.0,7230
52,1,51,0.0,51,0.0,7230
53,1,51,0.0,52,0.0,7230
54,1,51,0.0,53,0.0,7230
55,1,51,0.0,54,0.0,7230
56,1,51,0.0,55,0.0,7230
57,1,51,0.0,56,0.0,7230
58,1,51,0.0,57,0.0,7230
59,1,51,0.0,58,0.0,7230
60,1,51,0.0,59,0.0,7230
61,1,51,0.0,60,0.0,7230
62,1,51,0.0,61,0.0,7230
63,1,51,0.0,62,0.0,7230
64,1,51,0.0,63,0.0,7230
65,1,51,0.0,64,0.0,7230
66,1,51,0.0,65,0.0,7230
67,1,51,0.0,66,0.0,7230
68,1,51,0.0,67,0.0,7230
69,1,51,0.0,68,0.0,7230
70,1,51,0.0,69,0.0,7230
71,1,51,0.0,70,0.0,7230
72,1,51,0.0,71,0.0,7230
73,1,51,0.0,72,0.0,7230
74,1,51,0.0,73,0.0,7230
75,1,51,0.0,74,0.0,7230
76,1,51,0.0,75,0.0,7230
77,1,51,0.0,76,0.0,7230
78,1,51,0.0,77,0.0,7230
79,1,51,0.0,78,0.0,7230
80,1,51,0.0,79,0.0,7230
81,1,51,0.0,80,0.0,7230
82,1,51,0.0,81,0.0,7230
83,1,51,0.0,82,0.0,7230
84,1,51,0.0,83,0.0,7230
85,1,51,0.0,84,0.0,7230
86,1,51,0.0,85,0.0,7230
87,1,51,0.0,86,0.0,7230
88,1,51,0.0,87,0.0,7230
89,1,51,0.0,88,0.0,7230
90,1,51,0.0,89,0.0,7230
91,1,51,0.0,90,0.0,7230
92,1,51,0.0,91,0.0,7230
93,1,51,0.0,92,0.0,7230
94,1,51,0.0,93,0.0,7230
95,1,51,0.0,94,0.0,7230
96,1,51,0.0,95,0.0,7230
97,1,51,0.0,96,0.0,7230
98,1,51,0.0,97,0.0,7230
99,1,51,0.0,98,0.0,7230
100,1,51,0.0,99,0.0,7230
101,1,51,0.0,100,0.0,7230
102,1,51,0.0,101,0.0,7230
103,1,51,0.0,102,0.0,7230
104,1,51,0.0,103,0.0,7230
105,1,51,0.0,104,0.0,7230
106,1,51,0.0,105,0.0,7230
107,1,51,0.0,106,0.0,7230
108,1,51,0.0,107,0.0,7230
109,1,51,0.0,108,0.0,7230
110,1,51,0.0,109,0.0,7230
111,1,51,0.0,110,0.0,7230
112,1,51,0.0,111,0.0,7230
113,1,51,0.0,112,0.0,7230
114,1,51,0.0,113,0.0,7230
115,1,51,0.0,114,0.0,7230
116,1,51,0.0,115,0.0,7230
117,1,51,0.0,116,0.0,7230
118,1,51,0.0,117,0.0,7230
119,1,51,0.0,118,0.0,7230
120,1,51,0.0,119,0.0,7230
121,1,51,0.0,120,0.0,7230
122,1,51,0.0,121,0.0,7230
123,1,51,0.0,122,0.0,7230
124,1,51,0.0,123,0.0,7230
125,1,51,0.0,124,0.0,7230
126,1,51,0.0,125,0.0,7230
127,1,51,0.0,126,0.0,7230
128,1,51,0.0,127,0.0,7230
129,1,51,0.0,128,0.0,7230
130,1,51,0.0,129,0.0,7230
131,1,51,0.0,130,0.0,7230
132,1,51,0.0,131,0.0,7230
133,1,51,0.0,132,0.0,7230
134,1,51,0.0,133,0.0,7230
135,1,51,0.0,134,0.0,7230
136,1,51,0.0,135,0.0,7230
137,1,51,0.0,136,0.0,7230
138,1,51,0.0,137,0.0,7230
139,1,51,0.0,138,0.0,7230
140,1,51,0.0,139,0.0,7230
141,1,51,0.0,140,0.0,7230
142,1,51,0.0,141,0.0,7230
143,1,51,0.0,142,0.0,7230
144,1,51,0.0,143,0.0,7230
145,1,51,0.0,144,0.0,7230
146,1,51,0.0,145,0.0,7230
147,1,51,0.0,146,0.0,7230
148,1,51,0.0,147,0.0,7230
149,1,51,0.0,148,0.0,7230
150,1,51,0.0,149,0.0,7230
151,1,51,0.0,150,0.0,7230
152,1,51,0.0,151,0.0,7230
153,1,51,0.0,152,0.0,7230
154,1,51,0.0,153,0.0,7230
155,1,51,0.0,154,0.0,7230
156,1,51,0.0,155,0.0,7230
157,1,51,0.0,156,0.0,7230
158,1,51,0.0,157,0.0,7230
159,1,51,0.0,158,0.0,7230
160,1,51,0.0,159,0.0,7230
161,1,51,0.0,160,0.0,7230
162,1,51,0.0,161,0.0,7230
163,1,51,0.0,162,0.0,7230
1,1,50,0.0,0,0.0,6072
2,1,50,0.0,1,0.0,6072
3,1,50,0.0,2,0.0,6072
4,1,50,0.0,3,0.0,6072
5,1,50,0.0,4,0.0,6072
6,1,50,0.0,5,0.0,6072
7,1,50,0.0,6,0.0,6072
8,1,50,0.0,7,0.0,6072
9,1,50,0.0,8,0.0,6072
10,1,50,0.0,9,0.0,6072
11,1,50,0.0,10,0.0,6072
12,1,50,0.0,11,0.0,6072
13,1,50,0.0,12,0.0,6072
14,1,50,0.0,13,0.0,6072
15,1,50,0.0,14,0.0,6072
16,1,50,0.0,15,0.0,6072
17,1,50,0.0,16,0.0,6072
18,1,50,0.0,17,0.0,6072
19,1,50,0.0,18,0.0,6072
20,1,50,0.0,19,0.0,6072
21,1,50,0.0,20,0.0,6072
22,1,50,0.0,21,0.0,6072
23,1,50,0.0,22,0.0,6072
24,1,50,0.0,23,0.0,6072
25,1,50,0.0,24,0.0,6072
26,1,50,0.0,25,0.0,6072
27,1,50,0.0,26,0.0,6072
28,1,50,0.0,27,0.0,6072
29,1,50,0.0,28,0.0,6072
30,1,50,0.0,29,0.0,6072
31,1,50,0.0,30,0.0,6072
32,1,50,0.0,31,0.0,6072
33,1,50,0.0,32,0.0,6072
34,1,50,0.0,33,0.0,6072
35,1,50,0.0,34,0.0,6072
36,1,50,0.0,35,0.0,6072
37,1,50,0.0,36,0.0,6072
38,1,50,0.0,37,0.0,6072
39,1,50,0.0,38,0.0,6072
40,1,50,0.0,39,0.0,6072
41,1,50,0.0,40,0.0,6072
42,1,50,0.0,41,0.0,6072
43,1,50,0.0,42,0.0,6072
44,1,50,0.0,43,0.0,6072
45,1,50,0.0,44,0.0,6072
46,1,50,0.0,45,0.0,6072
47,1,50,0.0,46,0.0,6072
48,1,50,0.0,47,0.0,6072
49,1,50,0.0,48,0.0,6072
50,1,50,0.0,49,0.0,6072
51,1,50,0.0,50,0.0,6072
52,1,50,0.0,51,0.0,6072
53,1,50,0.0,52,0.0,6072
54,1,50,0.0,53,0.0,6072
55,1,50,0.0,54,0.0,6072
56,1,50,0.0,55,0.0,6072
57,1,50,0.0,56,0.0,6072
58,1,50,0.0,57,0.0,6072
59,1,50,0.0,58,0.0,6072
60,1,50,0.0,59,0.0,6072
61,1,50,0.0,60,0.0,6072
62,1,50,0.0,61,0.0,6072
63,1,50,0.0,62,0.0,6072
64,1,50,0.0,63,0.0,6072
65,1,50,0.0,64,0.0,6072
66,1,50,0.0,65,0.0,6072
67,1,50,0.0,66,0.0,6072
68,1,50,0.0,67,0.0,6072
69,1,50,0.0,68,0.0,6072
70,1,50,0.0,69,0.0,6072
71,1,50,0.0,70,0.0,6072
72,1,50,0.0,71,0.0,6072
73,1,50,0.0,72,0.0,6072
74,1,50,0.0,73,0.0,6072
75,1,50,0.0,74,0.0,6072
76,1,50,0.0,75,0.0,6072
77,1,50,0.0,76,0.0,6072
78,1,50,0.0,77,0.0,6072
79,1,50,0.0,78,0.0,6072
80,1,50,0.0,79,0.0,6072
81,1,50,0.0,80,0.0,6072
82,1,50,0.0,81,0.0,6072
83,1,50,0.0,82,0.0,6072
84,1,50,0.0,83,0.0,6072
85,1,50,0.0,84,0.0,6072
86,1,50,0.0,85,0.0,6072
87,1,50,0.0,86,0.0,6072
88,1,50,0.0,87,0.0,6072
89,1,50,0.0,88,0.0,6072
90,1,50,0.0,89,0.0,6072
91,1,50,0.0,90,0.0,6072
92,1,50,0.0,91,0.0,6072
93,1,50,0.0,92,0.0,6072
94,1,50,0.0,93,0.0,6072
95,1,50,0.0,94,0.0,6072
96,1,50,0.0,95,0.0,6072
97,1,50,0.0,96,0.0,6072
98,1,50,0.0,97,0.0,6072
99,1,50,0.0,98,0.0,6072
100,1,50,0.0,99,0.0,6072
101,1,50,0.0,100,0.0,6072
102,1,50,0.0,101,0.0,6072
103,1,50,0.0,102,0.0,6072
104,1,50,0.0,103,0.0,6072
105,1,50,0.0,104,0.0,6072
106,1,50,0.0,105,0.0,6072
107,1,50,0.0,106,0.0,6072
108,1,50,0.0,107,0.0,6072
109,1,50,0.0,108,0.0,6072
110,1,50,0.0,109,0.0,6072
111,1,50,0.0,110,0.0,6072
112,1,50,0.0,111,0.0,6072
113,1,50,0.0,112,0.0,6072
114,1,50,0.0,113,0.0,6072
115,1,50,0.0,114,0.0,6072
116,1,50,0.0,115,0.0,6072
117,1,50,0.0,116,0.0,6072
118,1,50,0.0,117,0.0,6072
119,1,50,0.0,118,0.0,6072
120,1,50,0.0,119,0.0,6072
121,1,50,0.0,120,0.0,6072
122,1,50,0.0,121,0.0,6072
123,1,50,0.0,122,0.0,6072
124,1,50,0.0,123,0.0,6072
125,1,50,0.0,124,0.0,6072
126,1,50,0.0,125,0.0,6072
127,1,50,0.0,126,0.0,6072
128,1,50,0.0,127,0.0,6072
129,1,50,0.0,128,0.0,6072
130,1,50,0.0,129,0.0,6072
131,1,50,0.0,130,0.0,6072
132,1,50,0.0,131,0.0,6072
133,1,50,0.0,132,0.0,6072
134,1,50,0.0,133,0.0,6072
135,1,50,0.0,134,0.0,6072
136,1,50,0.0,135,0.0,6072
137,1,50,0.0,136,0.0,6072
138,1,50,0.0,137,0.0,6072
139,1,50,0.0,138,0.0,6072
140,1,50,0.0,139,0.0,6072
141,1,50,0.0,140,0.0,6072
142,1,50,0.0,141,0.0,6072
143,1,50,0.0,142,0.0,6072
144,1,50,0.0,143,0.0,6072
145,1,50,0.0,144,0.0,6072
146,1,50,0.0,145,0.0,6072
147,1,50,0.0,146,0.0,6072
148,1,50,0.0,147,0.0,6072
149,1,50,0.0,148,0.0,6072
150,1,50,0.0,149,0.0,6072
151,1,50,0.0,150,0.0,6072
152,1,50,0.0,151,0.0,6072
153,1,50,0.0,152,0.0,6072
154,1,50,0.0,153,0.0,6072
155,1,50,0.0,154,0.0,6072
156,1,50,0.0,155,0.0,6072
157,1,50,0.0,156,0.0,6072
158,1,50,0.0,157,0.0,6072
159,1,50,0.0,158,0.0,6072
160,1,50,0.0,159,0.0,6072
161,1,50,0.0,160,0.0,6072
162,1,50,0.0,161,0.0,6072
163,1,50,0.0,162,0.0,6072
1,1,51,0.0,0,0.0,4415
2,1,51,0.0,1,0.0,4415
3,1,51,0.0,2,0.0,4415
4,1,51,0.0,3,0.0,4415
5,1,51,0.0,4,0.0,4415
6,1,51,0.0,5,0.0,4415
7,1,51,0.0,6,0.0,4415
8,1,51,0.0,7,0.0,4415
9,1,51,0.0,8,0.0,4415
10,1,51,0.0,9,0.0,4415
11,1,51,0.0,10,0.0,4415
12,1,51,0.0,11,0.0,4415
13,1,51,0.0,12,0.0,4415
14,1,51,0.0,13,0.0,4415
15,1,51,0.0,14,0.0,4415
16,1,51,0.0,15,0.0,4415
17,1,51,0.0,16,0.0,4415
18,1,51,0.0,17,0.0,4415
19,1,51,0.0,18,0.0,4415
20,1,51,0.0,19,0.0,4415
21,1,51,0.0,20,0.0,4415
22,1,51,0.0,21,0.0,4415
23,1,51,0.0,22,0.0,4415
24,1,51,0.0,23,0.0,4415
25,1,51,0.0,24,0.0,4415
26,1,51,0.0,25,0.0,4415
27,1,51,0.0,26,0.0,4415
28,1,51,0.0,27,0.0,4415
29,1,51,0.0,28,0.0,4415
30,1,51,0.0,29,0.0,4415
31,1,51,0.0,30,0.0,4415
32,1,51,0.0,31,0.0,4415
33,1,51,0.0,32,0.0,4415
34,1,51,0.0,33,0.0,4415
35,1,51,0.0,34,0.0,4415
36,1,51,0.0,35,0.0,4415
37,1,51,0.0,36,0.0,4415
38,1,51,0.0,37,0.0,4415
39,1,51,0.0,38,0.0,4415
40,1,51,0.0,39,0.0,4415
41,1,51,0.0,40,0.0,4415
42,1,51,0.0,41,0.0,4415
43,1,51,0.0,42,0.0,4415
44,1,51,0.0,43,0.05,4415
45,1,51,0.0,44,0.9,4415
46,1,51,0.0,45,0.0,4415
47,1,51,0.0,46,0.15,4415
48,1,51,0.0,47,1.0,4415
49,1,51,0.0,48,0.16,4415
50,1,51,0.0,49,0.0,4415
51,1,51,0.0,50,0.0,4415
52,1,51,0.0,51,0.0,4415
53,1,51,0.0,52,0.0,4415
54,1,51,0.0,53,0.15,4415
55,1,51,0.0,54,0.32,4415
56,1,51,0.0,55,0.0,4415
57,1,51,0.0,56,0.0,4415
58,1,51,0.0,57,0.0,4415
59,1,51,0.0,58,0.0,4415
60,1,51,0.0,59,0.0,4415
61,1,51,0.0,60,0.0,4415
62,1,51,0.0,61,0.0,4415
63,1,51,0.0,62,0.0,4415
64,1,51,0.0,63,0.0,4415
65,1,51,0.0,64,0.0,4415
66,1,51,0.0,65,0.0,4415
67,1,51,0.0,66,0.0,4415
68,1,51,0.0,67,0.0,4415
69,1,51,0.0,68,0.0,4415
70,1,51,0.0,69,0.0,4415
71,1,51,0.0,70,0.0,4415
72,1,51,0.0,71,0.0,4415
73,1,51,0.0,72,0.0,4415
74,1,51,0.0,73,0.0,4415
75,1,51,0.0,74,0.0,4415
76,1,51,0.0,75,0.0,4415
77,1,51,0.0,76,0.0,4415
78,1,51,0.0,77,0.0,4415
79,1,51,0.0,78,0.0,4415
80,1,51,0.0,79,0.0,4415
81,1,51,0.0,80,0.0,4415
82,1,51,0.0,81,0.0,4415
83,1,51,0.0,82,0.0,4415
84,1,51,0.0,83,0.0,4415
85,1,51,0.0,84,0.0,4415
86,1,51,0.0,85,0.0,4415
87,1,51,0.0,86,0.1,4415
88,1,51,0.0,87,1.0,4415
89,1,51,0.0,88,0.87,4415
90,1,51,0.0,89,0.65,4415
91,1,51,0.0,90,0.57,4415
92,1,51,0.0,91,0.12,4415
93,1,51,0.0,92,0.0,4415
94,1,51,0.0,93,0.0,4415
95,1,51,0.0,94,0.0,4415
96,1,51,0.0,95,0.0,4415
97,1,51,0.0,96,0.0,4415
98,1,51,0.0,97,0.0,4415
99,1,51,0.0,98,0.0,4415
100,1,51,0.0,99,0.0,4415
101,1,51,0.0,100,0.0,4415
102,1,51,0.0,101,0.0,4415
103,1,51,0.0,102,0.0,4415
104,1,51,0.0,103,0.45,4415
105,1,51,0.0,104,0.7,4415
106,1,51,0.0,105,0.35,4415
107,1,51,0.0,106,0.65,4415
108,1,51,0.0,107,0.0,4415
109,1,51,0.0,108,0.1,4415
110,1,51,0.0,109,0.71,4415
111,1,51,0.0,110,0.0,4415
112,1,51,0.0,111,0.0,4415
113,1,51,0.0,112,0.0,4415
114,1,51,0.0,113,0.0,4415
115,1,51,0.0,114,0.0,4415
116,1,51,0.0,115,0.0,4415
117,1,51,0.0,116,0.0,4415
118,1,51,0.0,117,0.0,4415
119,1,51,0.0,118,0.0,4415
120,1,51,0.0,119,0.0,4415
121,1,51,0.0,120,0.0,4415
122,1,51,0.0,121,0.0,4415
123,1,51,0.0,122,0.0,4415
124,1,51,0.0,123,0.0,4415
125,1,51,0.6,124,0.0,4415
126,1,51,0.36,125,0.0,4415
127,1,51,0.0,126,0.0,4415
128,1,51,0.0,127,0.0,4415
129,1,51,0.0,128,0.0,4415
130,1,51,0.0,129,0.0,4415
131,1,51,0.0,130,0.0,4415
132,1,51,0.0,131,0.0,4415
133,1,51,0.0,132,0.0,4415
134,1,51,0.0,133,0.0,4415
135,1,51,0.0,134,0.0,4415
136,1,51,0.0,135,0.0,4415
137,1,51,0.0,136,0.0,4415
138,1,51,0.0,137,0.65,4415
139,1,51,0.0,138,1.0,4415
140,1,51,0.0,139,0.6,4415
141,1,51,0.0,140,0.3,4415
142,1,51,0.0,141,0.0,4415
143,1,51,0.0,142,0.0,4415
144,1,51,0.0,143,0.0,4415
145,1,51,0.0,144,0.0,4415
146,1,51,0.0,145,0.0,4415
147,1,51,0.0,146,0.0,4415
148,1,51,0.0,147,0.7,4415
149,1,51,0.0,148,1.0,4415
150,1,51,0.0,149,1.0,4415
151,1,51,0.0,150,0.98,4415
152,1,51,0.0,151,0.0,4415
153,1,51,0.0,152,0.0,4415
154,1,51,0.0,153,0.0,4415
155,1,51,0.0,154,0.0,4415
156,1,51,0.0,155,0.0,4415
157,1,51,0.0,156,0.0,4415
158,1,51,0.0,157,0.0,4415
159,1,51,0.0,158,0.0,4415
160,1,51,0.0,159,0.0,4415
161,1,51,0.0,160,0.0,4415
162,1,51,0.0,161,0.75,4415
163,1,51,0.0,162,0.55,4415
1,1,52,0.0,0,0.0,1836
2,1,52,0.0,1,0.0,1836
3,1,52,0.0,2,0.0,1836
4,1,52,0.0,3,0.0,1836
5,1,52,0.0,4,0.0,1836
6,1,52,0.0,5,0.0,1836
7,1,52,0.0,6,0.0,1836
8,1,52,0.0,7,0.0,1836
9,1,52,0.0,8,0.0,1836
10,1,52,0.0,9,0.0,1836
11,1,52,0.0,10,0.0,1836
12,1,52,0.0,11,0.0,1836
13,1,52,0.0,12,0.0,1836
14,1,52,0.0,13,0.0,1836
15,1,52,0.0,14,0.0,1836
16,1,52,0.0,15,0.0,1836
17,1,52,0.0,16,0.0,1836
18,1,52,0.0,17,0.0,1836
19,1,52,0.0,18,0.0,1836
20,1,52,0.0,19,0.0,1836
21,1,52,0.0,20,0.0,1836
22,1,52,0.0,21,0.0,1836
23,1,52,0.0,22,0.0,1836
24,1,52,0.0,23,0.0,1836
25,1,52,0.0,24,0.0,1836
26,1,52,0.0,25,0.0,1836
27,1,52,0.0,26,0.0,1836
28,1,52,0.0,27,0.0,1836
29,1,52,0.0,28,0.0,1836
30,1,52,0.0,29,0.0,1836
31,1,52,0.0,30,0.0,1836
32,1,52,0.0,31,0.0,1836
33,1,52,0.0,32,0.0,1836
34,1,52,0.0,33,0.0,1836
35,1,52,0.0,34,0.0,1836
36,1,52,0.0,35,0.0,1836
37,1,52,0.0,36,0.0,1836
38,1,52,0.0,37,0.0,1836
39,1,52,0.0,38,0.0,1836
40,1,52,0.0,39,0.0,1836
41,1,52,0.0,40,0.0,1836
42,1,52,0.0,41,0.0,1836
43,1,52,0.0,42,0.0,1836
44,1,52,0.0,43,0.0,1836
45,1,52,0.0,44,0.0,1836
46,1,52,0.0,45,0.0,1836
47,1,52,0.0,46,0.0,1836
48,1,52,0.0,47,0.0,1836
49,1,52,0.0,48,0.0,1836
50,1,52,0.0,49,0.0,1836
51,1,52,0.0,50,0.0,1836
52,1,52,0.0,51,0.0,1836
53,1,52,0.0,52,0.0,1836
54,1,52,0.0,53,0.0,1836
55,1,52,0.0,54,0.0,1836
56,1,52,0.0,55,0.0,1836
57,1,52,0.0,56,0.0,1836
58,1,52,0.0,57,0.0,1836
59,1,52,0.0,58,0.0,1836
60,1,52,0.0,59,0.0,1836
61,1,52,0.0,60,0.0,1836
62,1,52,0.0,61,0.0,1836
63,1,52,0.0,62,0.0,1836
64,1,52,0.0,63,0.0,1836
65,1,52,0.0,64,0.0,1836
66,1,52,0.0,65,0.0,1836
67,1,52,0.0,66,0.0,1836
68,1,52,0.0,67,0.0,1836
69,1,52,0.0,68,0.0,1836
70,1,52,0.0,69,0.0,1836
71,1,52,0.0,70,0.0,1836
72,1,52,0.0,71,0.0,1836
73,1,52,0.0,72,0.0,1836
74,1,52,0.0,73,0.0,1836
75,1,52,0.0,74,0.0,1836
76,1,52,0.0,75,0.0,1836
77,1,52,0.0,76,0.0,1836
78,1,52,0.0,77,0.0,1836
79,1,52,0.0,78,0.0,1836
80,1,52,0.0,79,0.0,1836
81,1,52,0.0,80,0.0,1836
82,1,52,0.0,81,0.0,1836
83,1,52,0.0,82,0.52,1836
84,1,52,0.0,83,1.0,1836
85,1,52,0.0,84,0.93,1836
86,1,52,0.0,85,0.0,1836
87,1,52,0.0,86,0.0,1836
88,1,52,0.0,87,0.0,1836
89,1,52,0.0,88,0.0,1836
90,1,52,0.0,89,0.0,1836
91,1,52,0.0,90,0.0,1836
92,1,52,0.0,91,0.0,1836
93,1,52,0.0,92,0.0,1836
94,1,52,0.0,93,0.0,1836
95,1,52,0.0,94,0.0,1836
96,1,52,0.0,95,0.0,1836
97,1,52,0.0,96,0.0,1836
98,1,52,0.0,97,0.0,1836
99,1,52,0.0,98,0.0,1836
100,1,52,0.0,99,0.0,1836
101,1,52,0.0,100,0.0,1836
102,1,52,0.0,101,0.0,1836
103,1,52,0.0,102,0.0,1836
104,1,52,0.0,103,0.0,1836
105,1,52,0.0,104,0.0,1836
106,1,52,0.0,105,0.0,1836
107,1,52,0.0,106,0.0,1836
108,1,52,0.0,107,0.0,1836
109,1,52,0.0,108,0.0,1836
110,1,52,0.0,109,0.0,1836
111,1,52,0.0,110,0.0,1836
112,1,52,0.0,111,0.0,1836
113,1,52,0.0,112,0.0,1836
114,1,52,0.0,113,0.0,1836
115,1,52,0.0,114,0.0,1836
116,1,52,0.0,115,0.0,1836
117,1,52,0.0,116,0.0,1836
118,1,52,0.0,117,0.0,1836
119,1,52,0.0,118,0.0,1836
120,1,52,0.0,119,0.0,1836
121,1,52,0.0,120,0.0,1836
122,1,52,0.0,121,0.0,1836
123,1,52,0.0,122,0.0,1836
124,1,52,0.0,123,0.0,1836
125,1,52,0.0,124,0.0,1836
126,1,52,0.0,125,0.0,1836
127,1,52,0.0,126,0.0,1836
128,1,52,0.0,127,0.0,1836
129,1,52,0.0,128,0.0,1836
130,1,52,0.0,129,0.0,1836
131,1,52,0.0,130,0.0,1836
132,1,52,0.0,131,0.0,1836
133,1,52,0.0,132,0.0,1836
134,1,52,0.0,133,0.0,1836
135,1,52,0.0,134,0.0,1836
136,1,52,0.0,135,0.0,1836
137,1,52,0.0,136,0.0,1836
138,1,52,0.0,137,0.0,1836
139,1,52,0.0,138,0.0,1836
140,1,52,0.0,139,0.0,1836
141,1,52,0.0,140,0.0,1836
142,1,52,0.0,141,0.0,1836
143,1,52,0.0,142,0.0,1836
144,1,52,0.0,143,0.0,1836
145,1,52,0.0,144,0.0,1836
146,1,52,0.0,145,0.0,1836
147,1,52,0.0,146,0.0,1836
148,1,52,0.0,147,0.0,1836
149,1,52,0.0,148,0.0,1836
150,1,52,0.0,149,0.0,1836
151,1,52,0.0,150,0.0,1836
152,1,52,0.0,151,0.0,1836
153,1,52,0.0,152,0.0,1836
154,1,52,0.0,153,0.0,1836
155,1,52,0.0,154,0.0,1836
156,1,52,0.0,155,0.0,1836
157,1,52,0.0,156,0.0,1836
158,1,52,0.0,157,0.0,1836
159,1,52,0.0,158,0.0,1836
160,1,52,0.0,159,0.0,1836
161,1,52,0.0,160,0.0,1836
162,1,52,0.0,161,0.0,1836
163,1,52,0.0,162,0.0,1836
1,1,51,0.0,0,0.0,4123
2,1,51,0.0,1,0.0,4123
3,1,51,0.0,2,0.0,4123
4,1,51,0.0,3,0.0,4123
5,1,51,0.0,4,0.0,4123
6,1,51,0.0,5,0.0,4123
7,1,51,0.0,6,0.0,4123
8,1,51,0.0,7,0.0,4123
9,1,51,0.0,8,0.0,4123
10,1,51,0.0,9,0.0,4123
11,1,51,0.0,10,0.0,4123
12,1,51,0.0,11,0.0,4123
13,1,51,0.0,12,0.0,4123
14,1,51,0.0,13,0.0,4123
15,1,51,0.0,14,0.0,4123
16,1,51,0.0,15,0.0,4123
17,1,51,0.0,16,0.0,4123
18,1,51,0.0,17,0.75,4123
19,1,51,0.0,18,0.25,4123
20,1,51,0.0,19,0.0,4123
21,1,51,0.0,20,0.0,4123
22,1,51,0.0,21,0.0,4123
23,1,51,0.0,22,0.0,4123
24,1,51,0.0,23,0.0,4123
25,1,51,0.0,24,0.0,4123
26,1,51,0.0,25,0.0,4123
27,1,51,0.0,26,0.0,4123
28,1,51,0.0,27,0.0,4123
29,1,51,0.0,28,0.0,4123
30,1,51,0.0,29,0.0,4123
31,1,51,0.0,30,0.0,4123
32,1,51,0.0,31,0.0,4123
33,1,51,0.0,32,0.0,4123
34,1,51,0.0,33,0.0,4123
35,1,51,0.0,34,0.0,4123
36,1,51,0.0,35,0.0,4123
37,1,51,0.0,36,0.0,4123
38,1,51,0.0,37,0.0,4123
39,1,51,0.0,38,0.0,4123
40,1,51,0.0,39,0.0,4123
41,1,51,0.0,40,0.0,4123
42,1,51,0.0,41,0.0,4123
43,1,51,0.0,42,0.0,4123
44,1,51,0.0,43,0.0,4123
45,1,51,0.0,44,0.0,4123
46,1,51,0.0,45,0.0,4123
47,1,51,0.0,46,0.0,4123
48,1,51,0.0,47,0.0,4123
49,1,51,0.0,48,0.0,4123
50,1,51,0.0,49,0.0,4123
51,1,51,0.0,50,0.6,4123
52,1,51,0.0,51,1.0,4123
53,1,51,0.0,52,1.0,4123
54,1,51,0.0,53,0.55,4123
55,1,51,0.0,54,0.0,4123
56,1,51,0.0,55,0.0,4123
57,1,51,0.0,56,0.0,4123
58,1,51,0.0,57,0.0,4123
59,1,51,0.0,58,0.0,4123
60,1,51,0.0,59,0.0,4123
61,1,51,0.0,60,0.0,4123
62,1,51,0.0,61,0.0,4123
63,1,51,0.0,62,0.0,4123
64,1,51,0.0,63,0.0,4123
65,1,51,0.0,64,0.0,4123
66,1,51,0.0,65,0.0,4123
67,1,51,0.0,66,0.0,4123
68,1,51,0.5,67,0.0,4123
69,1,51,0.0,68,0.0,4123
70,1,51,0.0,69,0.0,4123
71,1,51,0.0,70,0.0,4123
72,1,51,0.0,71,0.0,4123
73,1,51,0.0,72,0.0,4123
74,1,51,0.0,73,0.0,4123
75,1,51,0.7,74,0.0,4123
76,1,51,0.25,75,0.0,4123
77,1,51,0.0,76,0.0,4123
78,1,51,0.0,77,0.0,4123
79,1,51,0.0,78,0.0,4123
80,1,51,0.0,79,0.0,4123
81,1,51,0.0,80,0.0,4123
82,1,51,0.0,81,0.0,4123
83,1,51,0.0,82,0.0,4123
84,1,51,0.0,83,0.0,4123
85,1,51,0.0,84,0.0,4123
86,1,51,0.0,85,0.75,4123
87,1,51,0.0,86,1.0,4123
88,1,51,0.0,87,0.11,4123
89,1,51,0.0,88,0.0,4123
90,1,51,0.0,89,0.0,4123
91,1,51,0.0,90,0.0,4123
92,1,51,0.0,91,0.0,4123
93,1,51,0.0,92,0.0,4123
94,1,51,0.0,93,0.0,4123
95,1,51,0.0,94,0.0,4123
96,1,51,0.0,95,0.35,4123
97,1,51,0.0,96,0.16,4123
98,1,51,0.0,97,0.0,4123
99,1,51,0.0,98,0.0,4123
100,1,51,0.0,99,0.0,4123
101,1,51,0.0,100,0.0,4123
102,1,51,0.0,101,0.0,4123
103,1,51,0.0,102,0.0,4123
104,1,51,0.0,103,0.0,4123
105,1,51,0.0,104,0.0,4123
106,1,51,0.0,105,0.0,4123
107,1,51,0.0,106,0.0,4123
108,1,51,0.0,107,0.0,4123
109,1,51,0.0,108,0.0,4123
110,1,51,0.0,109,0.85,4123
111,1,51,0.0,110,0.25,4123
112,1,51,0.0,111,0.0,4123
113,1,51,0.0,112,0.0,4123
114,1,51,0.0,113,0.0,4123
115,1,51,0.0,114,0.0,4123
116,1,51,0.0,115,0.0,4123
117,1,51,0.0,116,0.0,4123
118,1,51,0.0,117,0.0,4123
119,1,51,0.0,118,0.0,4123
120,1,51,0.0,119,0.0,4123
121,1,51,0.0,120,0.0,4123
122,1,51,0.86,121,0.0,4123
123,1,51,0.0,122,0.0,4123
124,1,51,0.0,123,0.0,4123
125,1,51,0.0,124,0.0,4123
126,1,51,0.41,125,0.0,4123
127,1,51,0.0,126,0.0,4123
128,1,51,0.0,127,0.0,4123
129,1,51,0.0,128,0.0,4123
130,1,51,0.0,129,0.0,4123
131,1,51,0.0,130,0.0,4123
132,1,51,0.0,131,0.0,4123
133,1,51,0.0,132,0.0,4123
134,1,51,0.0,133,0.0,4123
135,1,51,0.0,134,0.0,4123
136,1,51,0.0,135,0.0,4123
137,1,51,0.0,136,0.2,4123
138,1,51,0.0,137,0.37,4123
139,1,51,0.0,138,0.0,4123
140,1,51,0.0,139,0.0,4123
141,1,51,0.0,140,0.0,4123
142,1,51,0.0,141,0.0,4123
143,1,51,0.0,142,0.0,4123
144,1,51,0.0,143,0.0,4123
145,1,51,0.0,144,0.0,4123
146,1,51,0.0,145,0.05,4123
147,1,51,0.0,146,1.0,4123
148,1,51,0.0,147,1.0,4123
149,1,51,0.0,148,1.0,4123
150,1,51,0.0,149,0.05,4123
151,1,51,0.0,150,0.0,4123
152,1,51,0.0,151,0.0,4123
153,1,51,0.0,152,0.0,4123
154,1,51,0.0,153,0.0,4123
155,1,51,0.0,154,0.0,4123
156,1,51,0.0,155,0.0,4123
157,1,51,0.0,156,0.0,4123
158,1,51,0.0,157,0.0,4123
159,1,51,0.0,158,0.0,4123
160,1,51,0.0,159,0.0,4123
161,1,51,0.0,160,0.0,4123
162,1,51,0.0,161,0.13,4123
163,1,51,0.0,162,0.0,4123
1,1,52,0.0,0,0.0,2584
2,1,52,0.0,1,0.0,2584
3,1,52,0.0,2,0.0,2584
4,1,52,0.0,3,0.0,2584
5,1,52,0.0,4,0.0,2584
6,1,52,0.0,5,0.45,2584
7,1,52,0.0,6,1.0,2584
8,1,52,0.0,7,0.21,2584
9,1,52,0.0,8,0.0,2584
10,1,52,0.0,9,0.0,2584
11,1,52,0.0,10,0.0,2584
12,1,52,0.0,11,0.0,2584
13,1,52,0.0,12,0.0,2584
14,1,52,0.0,13,0.4,2584
15,1,52,0.0,14,0.0,2584
16,1,52,0.0,15,0.0,2584
17,1,52,0.0,16,0.0,2584
18,1,52,0.0,17,0.0,2584
19,1,52,0.0,18,0.0,2584
20,1,52,0.0,19,0.0,2584
21,1,52,0.0,20,0.0,2584
22,1,52,0.0,21,0.0,2584
23,1,52,0.0,22,0.0,2584
24,1,52,0.0,23,0.0,2584
25,1,52,0.0,24,0.0,2584
26,1,52,0.0,25,0.0,2584
27,1,52,0.0,26,0.3,2584
28,1,52,0.0,27,0.87,2584
29,1,52,0.0,28,0.0,2584
30,1,52,0.0,29,0.0,2584
31,1,52,0.0,30,0.0,2584
32,1,52,0.0,31,0.0,2584
33,1,52,0.0,32,0.0,2584
34,1,52,0.0,33,0.0,2584
35,1,52,0.0,34,0.0,2584
36,1,52,0.0,35,0.0,2584
37,1,52,0.0,36,0.0,2584
38,1,52,0.0,37,0.0,2584
39,1,52,0.0,38,0.7,2584
40,1,52,0.0,39,1.0,2584
41,1,52,0.0,40,0.35,2584
42,1,52,0.0,41,0.0,2584
43,1,52,0.0,42,0.0,2584
44,1,52,0.0,43,0.0,2584
45,1,52,0.0,44,0.0,2584
46,1,52,0.0,45,0.0,2584
47,1,52,0.0,46,0.4,2584
48,1,52,0.0,47,1.0,2584
49,1,52,0.0,48,0.5,2584
50,1,52,0.0,49,0.0,2584
51,1,52,0.0,50,0.0,2584
52,1,52,0.0,51,0.0,2584
53,1,52,0.0,52,0.0,2584
54,1,52,0.0,53,0.41,2584
55,1,52,0.0,54,0.0,2584
56,1,52,0.0,55,0.0,2584
57,1,52,0.0,56,0.0,2584
58,1,52,0.0,57,0.0,2584
59,1,52,0.0,58,0.0,2584
60,1,52,0.0,59,0.0,2584
61,1,52,0.0,60,0.0,2584
62,1,52,0.05,61,0.0,2584
63,1,52,0.65,62,0.0,2584
64,1,52,0.0,63,0.0,2584
65,1,52,0.0,64,0.0,2584
66,1,52,0.0,65,0.0,2584
67,1,52,0.0,66,0.0,2584
68,1,52,1.0,67,0.0,2584
69,1,52,0.05,68,0.0,2584
70,1,52,0.0,69,0.0,2584
71,1,52,0.0,70,0.0,2584
72,1,52,0.0,71,0.0,2584
73,1,52,0.0,72,0.0,2584
74,1,52,0.0,73,0.0,2584
75,1,52,0.0,74,0.0,2584
76,1,52,0.0,75,0.0,2584
77,1,52,0.15,76,0.0,2584
78,1,52,1.0,77,0.0,2584
79,1,52,0.05,78,0.0,2584
80,1,52,0.0,79,0.0,2584
81,1,52,0.0,80,0.0,2584
82,1,52,0.0,81,0.0,2584
83,1,52,0.0,82,0.0,2584
84,1,52,0.0,83,0.0,2584
85,1,52,0.0,84,0.0,2584
86,1,52,0.0,85,0.0,2584
87,1,52,0.0,86,0.0,2584
88,1,52,0.0,87,0.0,2584
89,1,52,0.0,88,0.4,2584
90,1,52,0.0,89,1.0,2584
91,1,52,0.0,90,0.55,2584
92,1,52,0.0,91,0.0,2584
93,1,52,0.0,92,0.0,2584
94,1,52,0.0,93,0.0,2584
95,1,52,0.0,94,0.0,2584
96,1,52,0.0,95,0.0,2584
97,1,52,0.0,96,0.0,2584
98,1,52,0.0,97,0.0,2584
99,1,52,0.0,98,0.2,2584
100,1,52,0.0,99,1.0,2584
101,1,52,0.0,100,0.15,2584
102,1,52,0.0,101,0.0,2584
103,1,52,0.0,102,0.0,2584
104,1,52,0.0,103,0.0,2584
105,1,52,0.0,104,0.0,2584
106,1,52,0.0,105,0.0,2584
107,1,52,0.0,106,0.0,2584
108,1,52,0.0,107,0.0,2584
109,1,52,0.0,108,0.0,2584
110,1,52,0.0,109,0.0,2584
111,1,52,0.0,110,0.0,2584
112,1,52,0.0,111,0.0,2584
113,1,52,0.0,112,0.0,2584
114,1,52,0.0,113,0.0,2584
115,1,52,0.0,114,0.0,2584
116,1,52,0.0,115,0.0,2584
117,1,52,0.0,116,0.0,2584
118,1,52,0.0,117,0.0,2584
119,1,52,0.0,118,0.0,2584
120,1,52,0.0,119,0.0,2584
121,1,52,0.0,120,0.0,2584
122,1,52,0.0,121,0.0,2584
123,1,52,0.0,122,0.0,2584
124,1,52,0.0,123,0.0,2584
125,1,52,0.0,124,0.0,2584
126,1,52,0.0,125,0.0,2584
127,1,52,0.0,126,0.0,2584
128,1,52,0.0,127,0.0,2584
129,1,52,0.0,128,0.0,2584
130,1,52,0.0,129,0.0,2584
131,1,52,0.0,130,0.0,2584
132,1,52,0.0,131,0.0,2584
133,1,52,0.0,132,0.0,2584
134,1,52,0.0,133,0.0,2584
135,1,52,0.0,134,0.0,2584
136,1,52,0.0,135,0.0,2584
137,1,52,0.0,136,0.0,2584
138,1,52,0.0,137,0.0,2584
139,1,52,0.0,138,0.0,2584
140,1,52,0.0,139,0.0,2584
141,1,52,0.0,140,0.0,2584
142,1,52,0.0,141,0.0,2584
143,1,52,0.0,142,0.0,2584
144,1,52,0.0,143,0.0,2584
145,1,52,0.0,144,0.0,2584
146,1,52,0.0,145,0.2,2584
147,1,52,0.0,146,0.0,2584
148,1,52,0.0,147,0.0,2584
149,1,52,0.0,148,0.0,2584
150,1,52,0.0,149,0.0,2584
151,1,52,0.0,150,0.0,2584
152,1,52,0.0,151,0.0,2584
153,1,52,0.0,152,0.0,2584
154,1,52,0.0,153,0.6,2584
155,1,52,0.0,154,0.5,2584
156,1,52,0.0,155,0.0,2584
157,1,52,0.0,156,0.65,2584
158,1,52,0.0,157,0.2,2584
159,1,52,0.0,158,0.0,2584
160,1,52,0.0,159,0.0,2584
161,1,52,0.0,160,0.0,2584
162,1,52,0.0,161,0.0,2584
163,1,52,0.0,162,0.0,2584
1,1,50,0.0,0,0.0,5124
2,1,50,0.0,1,0.0,5124
3,1,50,0.0,2,0.0,5124
4,1,50,0.0,3,0.0,5124
5,1,50,0.0,4,0.0,5124
6,1,50,0.0,5,0.0,5124
7,1,50,0.0,6,0.0,5124
8,1,50,0.0,7,0.0,5124
9,1,50,0.0,8,0.0,5124
10,1,50,0.0,9,0.0,5124
11,1,50,0.0,10,0.0,5124
12,1,50,0.0,11,0.0,5124
13,1,50,0.0,12,0.0,5124
14,1,50,0.0,13,0.0,5124
15,1,50,0.0,14,0.0,5124
16,1,50,0.0,15,0.0,5124
17,1,50,0.0,16,0.0,5124
18,1,50,0.0,17,0.0,5124
19,1,50,0.0,18,0.0,5124
20,1,50,0.0,19,0.0,5124
21,1,50,0.0,20,0.0,5124
22,1,50,0.0,21,0.0,5124
23,1,50,0.0,22,0.0,5124
24,1,50,0.0,23,0.0,5124
25,1,50,0.0,24,0.0,5124
26,1,50,0.0,25,0.0,5124
27,1,50,0.0,26,0.0,5124
28,1,50,0.0,27,0.0,5124
29,1,50,0.0,28,0.0,5124
30,1,50,0.0,29,0.0,5124
31,1,50,0.0,30,0.0,5124
32,1,50,0.0,31,0.0,5124
33,1,50,0.0,32,0.0,5124
34,1,50,0.0,33,0.0,5124
35,1,50,0.0,34,0.0,5124
36,1,50,0.0,35,0.13,5124
37,1,50,0.0,36,1.0,5124
38,1,50,0.0,37,0.57,5124
39,1,50,0.0,38,0.0,5124
40,1,50,0.0,39,0.0,5124
41,1,50,0.0,40,0.0,5124
42,1,50,0.0,41,0.0,5124
43,1,50,0.0,42,0.0,5124
44,1,50,0.0,43,0.0,5124
45,1,50,0.0,44,0.0,5124
46,1,50,0.0,45,0.0,5124
47,1,50,0.0,46,0.0,5124
48,1,50,0.0,47,0.0,5124
49,1,50,0.0,48,0.0,5124
50,1,50,0.0,49,0.0,5124
51,1,50,0.0,50,0.0,5124
52,1,50,0.0,51,0.0,5124
53,1,50,0.0,52,0.0,5124
54,1,50,0.0,53,0.0,5124
55,1,50,0.0,54,0.0,5124
56,1,50,0.0,55,0.0,5124
57,1,50,0.0,56,0.0,5124
58,1,50,0.0,57,0.0,5124
59,1,50,0.0,58,0.0,5124
60,1,50,0.0,59,0.0,5124
61,1,50,0.0,60,0.0,5124
62,1,50,0.0,61,0.0,5124
63,1,50,0.0,62,0.0,5124
64,1,50,0.0,63,0.0,5124
65,1,50,0.0,64,0.0,5124
66,1,50,0.0,65,0.0,5124
67,1,50,0.0,66,0.0,5124
68,1,50,0.0,67,0.0,5124
69,1,50,0.0,68,0.0,5124
70,1,50,0.0,69,0.0,5124
71,1,50,0.0,70,0.0,5124
72,1,50,0.0,71,0.0,5124
73,1,50,0.0,72,0.0,5124
74,1,50,0.0,73,0.0,5124
75,1,50,0.0,74,0.0,5124
76,1,50,0.0,75,0.0,5124
77,1,50,0.0,76,0.0,5124
78,1,50,0.0,77,0.0,5124
79,1,50,0.0,78,0.0,5124
80,1,50,0.0,79,0.0,5124
81,1,50,0.0,80,0.0,5124
82,1,50,0.0,81,0.0,5124
83,1,50,0.0,82,0.0,5124
84,1,50,0.0,83,0.0,5124
85,1,50,0.0,84,0.0,5124
86,1,50,0.0,85,0.0,5124
87,1,50,0.0,86,0.0,5124
88,1,50,0.0,87,0.0,5124
89,1,50,0.0,88,0.0,5124
90,1,50,0.0,89,0.0,5124
91,1,50,0.0,90,0.0,5124
92,1,50,0.0,91,0.0,5124
93,1,50,0.0,92,0.0,5124
94,1,50,0.0,93,0.0,5124
95,1,50,0.0,94,0.66,5124
96,1,50,0.0,95,0.59,5124
97,1,50,0.0,96,0.0,5124
98,1,50,0.0,97,0.0,5124
99,1,50,0.0,98,0.0,5124
100,1,50,0.0,99,0.0,5124
101,1,50,0.0,100,0.0,5124
102,1,50,0.0,101,0.0,5124
103,1,50,0.0,102,0.0,5124
104,1,50,0.0,103,0.0,5124
105,1,50,0.0,104,0.0,5124
106,1,50,0.0,105,0.0,5124
107,1,50,0.0,106,0.0,5124
108,1,50,0.0,107,0.0,5124
109,1,50,0.0,108,0.0,5124
110,1,50,0.0,109,0.0,5124
111,1,50,0.0,110,0.0,5124
112,1,50,0.0,111,0.0,5124
113,1,50,0.0,112,0.0,5124
114,1,50,0.0,113,0.0,5124
115,1,50,0.0,114,0.0,5124
116,1,50,0.0,115,0.0,5124
117,1,50,0.0,116,0.0,5124
118,1,50,0.0,117,0.0,5124
119,1,50,0.0,118,0.0,5124
120,1,50,0.0,119,0.0,5124
121,1,50,0.0,120,0.0,5124
122,1,50,0.0,121,0.0,5124
123,1,50,0.0,122,0.0,5124
124,1,50,0.0,123,0.0,5124
125,1,50,0.0,124,0.0,5124
126,1,50,0.0,125,0.0,5124
127,1,50,0.0,126,0.0,5124
128,1,50,0.0,127,0.0,5124
129,1,50,0.0,128,0.0,5124
130,1,50,0.0,129,0.0,5124
131,1,50,0.0,130,0.0,5124
132,1,50,0.0,131,0.0,5124
133,1,50,0.0,132,0.0,5124
134,1,50,0.0,133,0.0,5124
135,1,50,0.0,134,0.0,5124
136,1,50,0.0,135,0.0,5124
137,1,50,0.0,136,0.0,5124
138,1,50,0.0,137,0.0,5124
139,1,50,0.0,138,0.0,5124
140,1,50,0.0,139,0.0,5124
141,1,50,0.0,140,0.71,5124
142,1,50,0.0,141,0.0,5124
143,1,50,0.0,142,0.0,5124
144,1,50,0.0,143,0.0,5124
145,1,50,0.0,144,0.0,5124
146,1,50,0.0,145,0.0,5124
147,1,50,0.0,146,0.0,5124
148,1,50,0.0,147,0.0,5124
149,1,50,0.0,148,0.0,5124
150,1,50,0.0,149,0.0,5124
151,1,50,0.0,150,0.0,5124
152,1,50,0.0,151,0.0,5124
153,1,50,0.0,152,0.0,5124
154,1,50,0.0,153,0.0,5124
155,1,50,0.0,154,0.0,5124
156,1,50,0.0,155,0.0,5124
157,1,50,0.0,156,0.0,5124
158,1,50,0.0,157,0.59,5124
159,1,50,0.0,158,0.06,5124
160,1,50,0.0,159,0.0,5124
161,1,50,0.0,160,0.0,5124
162,1,50,0.0,161,0.0,5124
163,1,50,0.0,162,0.0,5124
1,1,51,0.0,0,0.0,4964
2,1,51,0.0,1,0.0,4964
3,1,51,0.0,2,0.0,4964
4,1,51,0.0,3,0.0,4964
5,1,51,0.0,4,0.0,4964
6,1,51,0.0,5,0.0,4964
7,1,51,0.0,6,0.0,4964
8,1,51,0.0,7,0.0,4964
9,1,51,0.0,8,0.0,4964
10,1,51,0.0,9,0.0,4964
11,1,51,0.0,10,0.12,4964
12,1,51,0.0,11,0.0,4964
13,1,51,0.0,12,0.0,4964
14,1,51,0.0,13,0.0,4964
15,1,51,0.0,14,0.95,4964
16,1,51,0.0,15,1.0,4964
17,1,51,0.0,16,0.22,4964
18,1,51,0.0,17,0.0,4964
19,1,51,0.0,18,0.0,4964
20,1,51,0.0,19,0.0,4964
21,1,51,0.0,20,0.0,4964
22,1,51,0.0,21,0.0,4964
23,1,51,0.0,22,0.0,4964
24,1,51,0.0,23,0.0,4964
25,1,51,0.0,24,0.0,4964
26,1,51,0.0,25,0.0,4964
27,1,51,0.0,26,0.0,4964
28,1,51,0.0,27,0.0,4964
29,1,51,0.0,28,0.0,4964
30,1,51,0.0,29,0.0,4964
31,1,51,0.0,30,0.0,4964
32,1,51,0.0,31,0.0,4964
33,1,51,0.0,32,0.0,4964
34,1,51,0.0,33,0.0,4964
35,1,51,0.0,34,0.0,4964
36,1,51,0.0,35,0.0,4964
37,1,51,0.0,36,0.0,4964
38,1,51,0.0,37,0.0,4964
39,1,51,0.0,38,0.0,4964
40,1,51,0.38,39,0.0,4964
41,1,51,1.0,40,0.0,4964
42,1,51,0.44,41,0.0,4964
43,1,51,0.0,42,0.0,4964
44,1,51,0.0,43,0.0,4964
45,1,51,0.0,44,0.0,4964
46,1,51,0.0,45,0.0,4964
47,1,51,0.0,46,0.0,4964
48,1,51,0.0,47,0.0,4964
49,1,51,0.0,48,0.0,4964
50,1,51,0.0,49,0.0,4964
51,1,51,0.0,50,0.0,4964
52,1,51,0.0,51,0.0,4964
53,1,51,0.0,52,0.0,4964
54,1,51,0.0,53,0.0,4964
55,1,51,0.0,54,0.93,4964
56,1,51,0.0,55,0.02,4964
57,1,51,0.0,56,0.0,4964
58,1,51,0.0,57,0.0,4964
59,1,51,0.0,58,0.0,4964
60,1,51,0.0,59,0.12,4964
61,1,51,0.0,60,0.0,4964
62,1,51,0.0,61,0.0,4964
63,1,51,0.0,62,0.0,4964
64,1,51,0.0,63,0.0,4964
65,1,51,0.0,64,0.0,4964
66,1,51,0.0,65,0.21,4964
67,1,51,0.0,66,0.0,4964
68,1,51,0.0,67,0.0,4964
69,1,51,0.0,68,0.0,4964
70,1,51,0.0,69,0.66,4964
71,1,51,0.0,70,0.0,4964
72,1,51,0.0,71,0.0,4964
73,1,51,0.0,72,0.0,4964
74,1,51,0.0,73,0.0,4964
75,1,51,0.0,74,0.0,4964
76,1,51,0.0,75,0.0,4964
77,1,51,0.0,76,0.0,4964
78,1,51,0.0,77,0.0,4964
79,1,51,0.0,78,0.0,4964
80,1,51,0.0,79,0.0,4964
81,1,51,0.0,80,0.0,4964
82,1,51,0.0,81,0.0,4964
83,1,51,0.0,82,0.0,4964
84,1,51,0.0,83,0.0,4964
85,1,51,0.0,84,0.0,4964
86,1,51,0.0,85,0.0,4964
87,1,51,0.0,86,0.0,4964
88,1,51,0.0,87,0.0,4964
89,1,51,0.0,88,0.0,4964
90,1,51,0.0,89,0.0,4964
91,1,51,0.0,90,0.0,4964
92,1,51,0.0,91,0.0,4964
93,1,51,0.0,92,0.0,4964
94,1,51,0.0,93,0.0,4964
95,1,51,0.43,94,0.0,4964
96,1,51,0.67,95,0.0,4964
97,1,51,0.0,96,0.0,4964
98,1,51,0.0,97,0.0,4964
99,1,51,0.0,98,0.0,4964
100,1,51,0.0,99,0.0,4964
101,1,51,0.0,100,0.0,4964
102,1,51,0.0,101,0.0,4964
103,1,51,0.0,102,0.0,4964
104,1,51,0.0,103,0.0,4964
105,1,51,0.0,104,0.0,4964
106,1,51,0.0,105,0.0,4964
107,1,51,0.0,106,0.0,4964
108,1,51,0.0,107,0.0,4964
109,1,51,0.0,108,0.0,4964
110,1,51,0.0,109,0.0,4964
111,1,51,0.0,110,0.0,4964
112,1,51,0.0,111,0.0,4964
113,1,51,0.0,112,0.0,4964
114,1,51,0.0,113,0.0,4964
115,1,51,0.0,114,0.0,4964
116,1,51,0.0,115,0.0,4964
117,1,51,0.0,116,0.0,4964
118,1,51,0.0,117,0.0,4964
119,1,51,0.0,118,0.0,4964
120,1,51,0.0,119,0.0,4964
121,1,51,0.0,120,0.0,4964
122,1,51,0.0,121,0.0,4964
123,1,51,0.0,122,0.51,4964
124,1,51,0.0,123,0.14,4964
125,1,51,0.0,124,0.0,4964
126,1,51,0.0,125,0.0,4964
127,1,51,0.0,126,0.0,4964
128,1,51,0.0,127,0.0,4964
129,1,51,0.0,128,0.0,4964
130,1,51,0.0,129,0.96,4964
131,1,51,0.0,130,0.02,4964
132,1,51,0.0,131,0.0,4964
133,1,51,0.0,132,0.0,4964
134,1,51,0.0,133,0.0,4964
135,1,51,0.06,134,0.0,4964
136,1,51,0.94,135,0.0,4964
137,1,51,0.0,136,0.0,4964
138,1,51,0.0,137,0.0,4964
139,1,51,0.0,138,0.0,4964
140,1,51,0.0,139,0.0,4964
141,1,51,0.0,140,0.0,4964
142,1,51,0.0,141,0.0,4964
143,1,51,0.0,142,0.0,4964
144,1,51,0.0,143,0.0,4964
145,1,51,0.0,144,0.0,4964
146,1,51,0.0,145,0.0,4964
147,1,51,0.0,146,0.76,4964
148,1,51,0.0,147,0.21,4964
149,1,51,0.0,148,0.0,4964
150,1,51,0.0,149,0.0,4964
151,1,51,0.0,150,0.36,4964
152,1,51,0.0,151,0.54,4964
153,1,51,0.0,152,0.0,4964
154,1,51,0.0,153,0.0,4964
155,1,51,0.0,154,0.0,4964
156,1,51,0.0,155,0.31,4964
157,1,51,0.0,156,0.8,4964
158,1,51,0.0,157,0.0,4964
159,1,51,0.0,158,0.15,4964
160,1,51,0.0,159,0.35,4964
161,1,51,0.0,160,0.0,4964
162,1,51,0.0,161,0.0,4964
163,1,51,0.0,162,0.0,4964
1,1,52,0.0,0,0.0,4201
2,1,52,0.0,1,0.0,4201
3,1,52,0.0,2,0.0,4201
4,1,52,0.0,3,0.0,4201
5,1,52,0.0,4,0.0,4201
6,1,52,0.0,5,0.0,4201
7,1,52,0.0,6,0.0,4201
8,1,52,0.0,7,0.0,4201
9,1,52,0.0,8,0.0,4201
10,1,52,0.0,9,0.0,4201
11,1,52,0.0,10,0.0,4201
12,1,52,0.0,11,0.0,4201
13,1,52,0.0,12,0.0,4201
14,1,52,0.0,13,0.45,4201
15,1,52,0.0,14,0.66,4201
16,1,52,0.0,15,0.0,4201
17,1,52,0.0,16,0.29,4201
18,1,52,0.0,17,1.0,4201
19,1,52,0.0,18,0.66,4201
20,1,52,0.0,19,0.0,4201
21,1,52,0.0,20,0.0,4201
22,1,52,0.0,21,0.0,4201
23,1,52,0.0,22,0.0,4201
24,1,52,0.0,23,0.32,4201
25,1,52,0.0,24,0.0,4201
26,1,52,0.0,25,0.25,4201
27,1,52,0.0,26,0.53,4201
28,1,52,0.0,27,0.62,4201
29,1,52,0.0,28,0.0,4201
30,1,52,0.0,29,0.0,4201
31,1,52,0.0,30,0.0,4201
32,1,52,0.0,31,0.0,4201
33,1,52,0.0,32,0.0,4201
34,1,52,0.0,33,0.0,4201
35,1,52,0.0,34,0.0,4201
36,1,52,0.0,35,0.0,4201
37,1,52,0.0,36,0.0,4201
38,1,52,0.0,37,0.0,4201
39,1,52,0.0,38,0.0,4201
40,1,52,0.0,39,0.0,4201
41,1,52,0.0,40,0.0,4201
42,1,52,0.0,41,0.0,4201
43,1,52,0.0,42,0.0,4201
44,1,52,0.0,43,0.0,4201
45,1,52,0.0,44,0.0,4201
46,1,52,0.0,45,0.0,4201
47,1,52,0.0,46,0.0,4201
48,1,52,0.0,47,0.0,4201
49,1,52,0.0,48,0.0,4201
50,1,52,0.0,49,0.0,4201
51,1,52,0.0,50,0.0,4201
52,1,52,0.0,51,0.0,4201
53,1,52,0.0,52,0.0,4201
54,1,52,0.0,53,0.0,4201
55,1,52,0.0,54,0.0,4201
56,1,52,0.0,55,0.0,4201
57,1,52,0.0,56,0.94,4201
58,1,52,0.0,57,1.0,4201
59,1,52,0.0,58,1.0,4201
60,1,52,0.0,59,0.31,4201
61,1,52,0.0,60,0.0,4201
62,1,52,0.0,61,0.0,4201
63,1,52,0.0,62,0.0,4201
64,1,52,0.0,63,0.0,4201
65,1,52,0.0,64,0.0,4201
66,1,52,0.0,65,0.0,4201
67,1,52,0.0,66,0.0,4201
68,1,52,0.0,67,0.11,4201
69,1,52,0.0,68,0.19,4201
70,1,52,0.0,69,0.61,4201
71,1,52,0.0,70,1.0,4201
72,1,52,0.0,71,0.44,4201
73,1,52,0.0,72,0.0,4201
74,1,52,0.0,73,0.91,4201
75,1,52,0.0,74,0.14,4201
76,1,52,0.0,75,0.0,4201
77,1,52,0.0,76,0.0,4201
78,1,52,0.0,77,0.0,4201
79,1,52,0.0,78,0.0,4201
80,1,52,0.0,79,0.0,4201
81,1,52,0.0,80,0.0,4201
82,1,52,0.0,81,0.0,4201
83,1,52,0.0,82,0.0,4201
84,1,52,0.0,83,0.0,4201
85,1,52,0.0,84,0.0,4201
86,1,52,0.0,85,0.0,4201
87,1,52,0.0,86,0.0,4201
88,1,52,0.0,87,0.0,4201
89,1,52,0.0,88,0.0,4201
90,1,52,0.0,89,0.0,4201
91,1,52,0.0,90,0.0,4201
92,1,52,0.0,91,0.0,4201
93,1,52,0.0,92,0.0,4201
94,1,52,0.0,93,0.0,4201
95,1,52,0.0,94,0.0,4201
96,1,52,0.0,95,0.0,4201
97,1,52,0.0,96,0.0,4201
98,1,52,0.0,97,0.0,4201
99,1,52,0.0,98,0.0,4201
100,1,52,0.0,99,0.0,4201
101,1,52,0.0,100,0.0,4201
102,1,52,0.0,101,0.0,4201
103,1,52,0.0,102,0.4,4201
104,1,52,0.0,103,0.0,4201
105,1,52,0.0,104,0.0,4201
106,1,52,0.0,105,0.0,4201
107,1,52,0.0,106,0.0,4201
108,1,52,0.0,107,0.2,4201
109,1,52,0.0,108,0.11,4201
110,1,52,0.0,109,1.0,4201
111,1,52,0.0,110,1.0,4201
112,1,52,0.0,111,0.8,4201
113,1,52,0.0,112,0.0,4201
114,1,52,0.0,113,0.0,4201
115,1,52,0.0,114,0.0,4201
116,1,52,0.0,115,0.0,4201
117,1,52,0.0,116,0.0,4201
118,1,52,0.0,117,0.0,4201
119,1,52,0.0,118,0.0,4201
120,1,52,0.0,119,0.0,4201
121,1,52,0.0,120,0.0,4201
122,1,52,0.0,121,0.0,4201
123,1,52,0.0,122,0.0,4201
124,1,52,0.0,123,0.72,4201
125,1,52,0.0,124,0.0,4201
126,1,52,0.0,125,0.0,4201
127,1,52,0.0,126,0.96,4201
128,1,52,0.0,127,1.0,4201
129,1,52,0.0,128,0.49,4201
130,1,52,0.0,129,0.0,4201
131,1,52,0.0,130,0.0,4201
132,1,52,0.0,131,0.0,4201
133,1,52,0.0,132,0.0,4201
134,1,52,0.0,133,0.0,4201
135,1,52,0.0,134,0.0,4201
136,1,52,0.0,135,0.0,4201
137,1,52,0.0,136,0.11,4201
138,1,52,0.0,137,0.29,4201
139,1,52,0.0,138,0.0,4201
140,1,52,0.0,139,0.91,4201
141,1,52,0.0,140,0.69,4201
142,1,52,0.0,141,0.0,4201
143,1,52,0.0,142,0.0,4201
144,1,52,0.0,143,0.0,4201
145,1,52,0.0,144,0.0,4201
146,1,52,0.0,145,0.0,4201
147,1,52,0.0,146,0.0,4201
148,1,52,0.0,147,0.0,4201
149,1,52,0.0,148,0.0,4201
150,1,52,0.0,149,0.0,4201
151,1,52,0.0,150,0.0,4201
152,1,52,0.0,151,0.0,4201
153,1,52,0.0,152,0.0,4201
154,1,52,0.0,153,0.0,4201
155,1,52,0.0,154,0.0,4201
156,1,52,0.0,155,0.0,4201
157,1,52,0.0,156,0.0,4201
158,1,52,0.0,157,0.31,4201
159,1,52,0.0,158,1.0,4201
160,1,52,0.0,159,0.51,4201
161,1,52,0.0,160,0.0,4201
162,1,52,0.0,161,0.0,4201
163,1,52,0.0,162,0.0,4201
1,1,50,0.0,0,0.0,4999
2,1,50,0.0,1,0.0,4999
3,1,50,0.0,2,0.0,4999
4,1,50,0.0,3,0.0,4999
5,1,50,0.0,4,0.0,4999
6,1,50,0.0,5,0.0,4999
7,1,50,0.0,6,0.0,4999
8,1,50,0.0,7,0.0,4999
9,1,50,0.0,8,0.0,4999
10,1,50,0.0,9,0.0,4999
11,1,50,0.0,10,0.0,4999
12,1,50,0.0,11,0.0,4999
13,1,50,0.0,12,0.0,4999
14,1,50,0.0,13,0.0,4999
15,1,50,0.0,14,0.0,4999
16,1,50,0.0,15,0.0,4999
17,1,50,0.0,16,0.0,4999
18,1,50,0.0,17,0.0,4999
19,1,50,0.0,18,0.0,4999
20,1,50,0.0,19,0.0,4999
21,1,50,0.0,20,0.0,4999
22,1,50,0.0,21,0.0,4999
23,1,50,0.0,22,0.0,4999
24,1,50,0.0,23,0.0,4999
25,1,50,0.0,24,0.0,4999
26,1,50,0.0,25,0.0,4999
27,1,50,0.0,26,0.0,4999
28,1,50,0.0,27,0.0,4999
29,1,50,0.0,28,0.0,4999
30,1,50,0.0,29,0.0,4999
31,1,50,0.0,30,0.0,4999
32,1,50,0.0,31,0.0,4999
33,1,50,0.0,32,0.0,4999
34,1,50,0.0,33,0.0,4999
35,1,50,0.0,34,0.0,4999
36,1,50,0.0,35,0.0,4999
37,1,50,0.0,36,0.0,4999
38,1,50,0.0,37,0.0,4999
39,1,50,0.0,38,0.0,4999
40,1,50,0.0,39,0.0,4999
41,1,50,0.0,40,0.0,4999
42,1,50,0.0,41,0.0,4999
43,1,50,0.0,42,0.0,4999
44,1,50,0.0,43,0.0,4999
45,1,50,0.0,44,0.0,4999
46,1,50,0.0,45,0.0,4999
47,1,50,0.0,46,0.0,4999
48,1,50,0.0,47,0.0,4999
49,1,50,0.0,48,0.0,4999
50,1,50,0.0,49,0.0,4999
51,1,50,0.0,50,0.0,4999
52,1,50,0.0,51,0.0,4999
53,1,50,0.0,52,0.0,4999
54,1,50,0.0,53,0.0,4999
55,1,50,0.0,54,0.0,4999
56,1,50,0.0,55,0.0,4999
57,1,50,0.0,56,0.1,4999
58,1,50,0.0,57,0.0,4999
59,1,50,0.0,58,0.0,4999
60,1,50,0.0,59,0.0,4999
61,1,50,0.0,60,0.3,4999
62,1,50,0.0,61,0.55,4999
63,1,50,0.0,62,0.0,4999
64,1,50,0.0,63,0.4,4999
65,1,50,0.0,64,0.6,4999
66,1,50,0.0,65,0.35,4999
67,1,50,0.0,66,0.0,4999
68,1,50,0.0,67,0.0,4999
69,1,50,0.0,68,0.0,4999
70,1,50,0.0,69,0.0,4999
71,1,50,0.0,70,0.0,4999
72,1,50,0.0,71,0.0,4999
73,1,50,0.0,72,0.25,4999
74,1,50,0.0,73,0.69,4999
75,1,50,0.0,74,0.31,4999
76,1,50,0.0,75,0.2,4999
77,1,50,0.0,76,0.0,4999
78,1,50,0.0,77,0.0,4999
79,1,50,0.0,78,0.0,4999
80,1,50,0.0,79,0.0,4999
81,1,50,0.0,80,0.0,4999
82,1,50,0.0,81,0.0,4999
83,1,50,0.0,82,0.0,4999
84,1,50,0.0,83,0.0,4999
85,1,50,0.0,84,0.0,4999
86,1,50,0.0,85,0.0,4999
87,1,50,0.0,86,0.0,4999
88,1,50,0.0,87,0.0,4999
89,1,50,0.0,88,0.0,4999
90,1,50,0.0,89,0.0,4999
91,1,50,0.0,90,0.0,4999
92,1,50,0.0,91,0.0,4999
93,1,50,0.0,92,0.0,4999
94,1,50,0.0,93,0.0,4999
95,1,50,0.0,94,0.0,4999
96,1,50,0.0,95,0.1,4999
97,1,50,0.0,96,0.0,4999
98,1,50,0.0,97,0.0,4999
99,1,50,0.0,98,0.0,4999
100,1,50,0.0,99,0.0,4999
101,1,50,0.0,100,0.0,4999
102,1,50,0.0,101,0.0,4999
103,1,50,0.0,102,0.0,4999
104,1,50,0.0,103,0.0,4999
105,1,50,0.0,104,0.0,4999
106,1,50,0.0,105,0.06,4999
107,1,50,0.0,106,0.1,4999
108,1,50,0.0,107,0.47,4999
109,1,50,0.0,108,0.25,4999
110,1,50,0.0,109,0.34,4999
111,1,50,0.0,110,0.0,4999
112,1,50,0.0,111,0.0,4999
113,1,50,0.0,112,0.0,4999
114,1,50,0.0,113,0.0,4999
115,1,50,0.0,114,0.0,4999
116,1,50,0.0,115,0.0,4999
117,1,50,0.0,116,0.0,4999
118,1,50,0.0,117,0.1,4999
119,1,50,0.0,118,0.15,4999
120,1,50,0.0,119,0.0,4999
121,1,50,0.0,120,0.31,4999
122,1,50,0.0,121,0.91,4999
123,1,50,0.0,122,0.2,4999
124,1,50,0.0,123,0.0,4999
125,1,50,0.0,124,0.0,4999
126,1,50,0.0,125,0.0,4999
127,1,50,0.0,126,0.46,4999
128,1,50,0.0,127,0.9,4999
129,1,50,0.0,128,0.15,4999
130,1,50,0.0,129,0.0,4999
131,1,50,0.0,130,0.0,4999
132,1,50,0.0,131,0.0,4999
133,1,50,0.0,132,0.0,4999
134,1,50,0.0,133,0.0,4999
135,1,50,0.0,134,0.0,4999
136,1,50,0.0,135,0.0,4999
137,1,50,0.0,136,0.0,4999
138,1,50,0.0,137,0.0,4999
139,1,50,0.0,138,0.0,4999
140,1,50,0.0,139,0.0,4999
141,1,50,0.0,140,0.0,4999
142,1,50,0.0,141,0.0,4999
143,1,50,0.0,142,0.0,4999
144,1,50,0.0,143,0.0,4999
145,1,50,0.0,144,0.0,4999
146,1,50,0.0,145,0.0,4999
147,1,50,0.0,146,0.0,4999
148,1,50,0.0,147,0.0,4999
149,1,50,0.0,148,0.0,4999
150,1,50,0.0,149,0.0,4999
151,1,50,0.0,150,0.0,4999
152,1,50,0.0,151,0.05,4999
153,1,50,0.0,152,0.7,4999
154,1,50,0.0,153,0.1,4999
155,1,50,0.0,154,0.28,4999
156,1,50,0.0,155,0.0,4999
157,1,50,0.0,156,0.0,4999
158,1,50,0.0,157,0.0,4999
159,1,50,0.0,158,0.0,4999
160,1,50,0.0,159,0.0,4999
161,1,50,0.0,160,0.0,4999
162,1,50,0.0,161,0.0,4999
163,1,50,0.0,162,0.0,4999
1,1,51,0.0,0,0.0,294
2,1,51,0.0,1,0.0,294
3,1,51,0.0,2,0.0,294
4,1,51,0.0,3,0.0,294
5,1,51,0.0,4,0.0,294
6,1,51,0.0,5,0.0,294
7,1,51,0.0,6,0.0,294
8,1,51,0.0,7,0.0,294
9,1,51,0.0,8,0.0,294
10,1,51,0.0,9,0.0,294
11,1,51,0.0,10,0.0,294
12,1,51,0.0,11,0.0,294
13,1,51,0.0,12,0.0,294
14,1,51,0.0,13,0.0,294
15,1,51,0.0,14,0.0,294
16,1,51,0.0,15,0.0,294
17,1,51,0.0,16,0.0,294
18,1,51,0.0,17,0.0,294
19,1,51,0.0,18,0.0,294
20,1,51,0.0,19,0.0,294
21,1,51,0.0,20,0.0,294
22,1,51,0.0,21,0.0,294
23,1,51,0.0,22,0.0,294
24,1,51,0.0,23,0.0,294
25,1,51,0.0,24,0.0,294
26,1,51,0.0,25,0.0,294
27,1,51,0.0,26,0.0,294
28,1,51,0.0,27,0.0,294
29,1,51,0.0,28,0.0,294
30,1,51,0.0,29,0.0,294
31,1,51,0.0,30,0.0,294
32,1,51,0.0,31,0.0,294
33,1,51,0.0,32,0.0,294
34,1,51,0.0,33,0.0,294
35,1,51,0.0,34,0.0,294
36,1,51,0.0,35,0.0,294
37,1,51,0.0,36,0.0,294
38,1,51,0.0,37,0.0,294
39,1,51,0.0,38,0.0,294
40,1,51,0.0,39,0.0,294
41,1,51,0.0,40,0.0,294
42,1,51,0.0,41,0.0,294
43,1,51,0.0,42,0.0,294
44,1,51,0.0,43,0.0,294
45,1,51,0.0,44,0.0,294
46,1,51,0.0,45,0.0,294
47,1,51,0.0,46,0.0,294
48,1,51,0.0,47,0.0,294
49,1,51,0.0,48,0.0,294
50,1,51,0.0,49,0.0,294
51,1,51,0.0,50,0.0,294
52,1,51,0.0,51,0.0,294
53,1,51,0.0,52,0.0,294
54,1,51,0.0,53,0.0,294
55,1,51,0.0,54,0.0,294
56,1,51,0.0,55,0.0,294
57,1,51,0.0,56,0.0,294
58,1,51,0.0,57,0.0,294
59,1,51,0.0,58,0.0,294
60,1,51,0.0,59,0.0,294
61,1,51,0.0,60,0.0,294
62,1,51,0.0,61,0.0,294
63,1,51,0.0,62,0.0,294
64,1,51,0.0,63,0.0,294
65,1,51,0.0,64,0.0,294
66,1,51,0.0,65,0.0,294
67,1,51,0.0,66,0.0,294
68,1,51,0.0,67,0.0,294
69,1,51,0.0,68,0.0,294
70,1,51,0.0,69,0.0,294
71,1,51,0.0,70,0.0,294
72,1,51,0.0,71,0.0,294
73,1,51,0.0,72,0.0,294
74,1,51,0.0,73,0.0,294
75,1,51,0.0,74,0.0,294
76,1,51,0.0,75,0.0,294
77,1,51,0.0,76,0.0,294
78,1,51,0.0,77,0.0,294
79,1,51,0.0,78,0.0,294
80,1,51,0.0,79,0.0,294
81,1,51,0.0,80,0.0,294
82,1,51,0.0,81,0.0,294
83,1,51,0.0,82,0.0,294
84,1,51,0.0,83,0.0,294
85,1,51,0.0,84,0.0,294
86,1,51,0.0,85,0.0,294
87,1,51,0.0,86,0.0,294
88,1,51,0.0,87,0.0,294
89,1,51,0.0,88,0.0,294
90,1,51,0.0,89,0.0,294
91,1,51,0.0,90,0.0,294
92,1,51,0.0,91,0.0,294
93,1,51,0.0,92,0.0,294
94,1,51,0.0,93,0.0,294
95,1,51,0.0,94,0.0,294
96,1,51,0.0,95,0.0,294
97,1,51,0.0,96,0.0,294
98,1,51,0.0,97,0.0,294
99,1,51,0.0,98,0.0,294
100,1,51,0.0,99,0.0,294
101,1,51,0.0,100,0.0,294
102,1,51,0.0,101,0.0,294
103,1,51,0.0,102,0.0,294
104,1,51,0.0,103,0.0,294
105,1,51,0.0,104,0.0,294
106,1,51,0.0,105,0.0,294
107,1,51,0.0,106,0.0,294
108,1,51,0.0,107,0.0,294
109,1,51,0.0,108,0.0,294
110,1,51,0.0,109,0.0,294
111,1,51,0.0,110,0.0,294
112,1,51,0.0,111,0.0,294
113,1,51,0.0,112,0.0,294
114,1,51,0.0,113,0.0,294
115,1,51,0.0,114,0.0,294
116,1,51,0.0,115,0.0,294
117,1,51,0.0,116,0.0,294
118,1,51,0.0,117,0.0,294
119,1,51,0.0,118,0.0,294
120,1,51,0.0,119,0.0,294
121,1,51,0.0,120,0.0,294
122,1,51,0.0,121,0.0,294
123,1,51,0.0,122,0.0,294
124,1,51,0.0,123,0.0,294
125,1,51,0.0,124,0.0,294
126,1,51,0.0,125,0.0,294
127,1,51,0.0,126,0.0,294
128,1,51,0.0,127,0.0,294
129,1,51,0.0,128,0.0,294
130,1,51,0.0,129,0.0,294
131,1,51,0.0,130,0.0,294
132,1,51,0.0,131,0.0,294
133,1,51,0.0,132,0.0,294
134,1,51,0.0,133,0.0,294
135,1,51,0.0,134,0.0,294
136,1,51,0.0,135,0.0,294
137,1,51,0.0,136,0.0,294
138,1,51,0.0,137,0.0,294
139,1,51,0.0,138,0.0,294
140,1,51,0.0,139,0.0,294
141,1,51,0.0,140,0.0,294
142,1,51,0.0,141,0.0,294
143,1,51,0.0,142,0.0,294
144,1,51,0.0,143,0.0,294
145,1,51,0.0,144,0.0,294
146,1,51,0.0,145,0.0,294
147,1,51,0.0,146,0.0,294
148,1,51,0.0,147,0.0,294
149,1,51,0.0,148,0.0,294
150,1,51,0.0,149,0.0,294
151,1,51,0.0,150,0.0,294
152,1,51,0.0,151,0.0,294
153,1,51,0.0,152,0.0,294
154,1,51,0.0,153,0.0,294
155,1,51,0.0,154,0.0,294
156,1,51,0.0,155,0.0,294
157,1,51,0.0,156,0.0,294
158,1,51,0.0,157,0.0,294
159,1,51,0.0,158,0.0,294
160,1,51,0.0,159,0.0,294
161,1,51,0.0,160,0.0,294
162,1,51,0.0,161,0.0,294
163,1,51,0.0,162,0.0,294
1,1,52,0.0,0,0.0,6904
2,1,52,0.0,1,0.0,6904
3,1,52,0.0,2,0.0,6904
4,1,52,0.0,3,0.1,6904
5,1,52,0.0,4,0.0,6904
6,1,52,0.0,5,0.1,6904
7,1,52,0.0,6,0.0,6904
8,1,52,0.0,7,0.0,6904
9,1,52,0.0,8,0.0,6904
10,1,52,0.0,9,0.0,6904
11,1,52,0.0,10,0.0,6904
12,1,52,0.0,11,0.0,6904
13,1,52,0.0,12,0.0,6904
14,1,52,0.0,13,0.7,6904
15,1,52,0.0,14,0.0,6904
16,1,52,0.0,15,0.0,6904
17,1,52,0.0,16,0.0,6904
18,1,52,0.16,17,0.0,6904
19,1,52,0.0,18,0.0,6904
20,1,52,0.0,19,0.0,6904
21,1,52,0.0,20,0.0,6904
22,1,52,0.0,21,0.0,6904
23,1,52,0.0,22,0.0,6904
24,1,52,0.0,23,0.0,6904
25,1,52,0.0,24,0.0,6904
26,1,52,0.0,25,0.0,6904
27,1,52,0.0,26,0.0,6904
28,1,52,0.0,27,0.0,6904
29,1,52,0.0,28,0.0,6904
30,1,52,0.0,29,0.0,6904
31,1,52,0.0,30,0.0,6904
32,1,52,0.59,31,0.0,6904
33,1,52,0.0,32,0.38,6904
34,1,52,0.0,33,0.7,6904
35,1,52,0.0,34,1.0,6904
36,1,52,0.0,35,0.5,6904
37,1,52,0.0,36,0.0,6904
38,1,52,0.0,37,0.0,6904
39,1,52,0.0,38,0.0,6904
40,1,52,0.0,39,0.0,6904
41,1,52,0.0,40,0.0,6904
42,1,52,0.0,41,0.0,6904
43,1,52,0.0,42,0.0,6904
44,1,52,0.0,43,0.0,6904
45,1,52,0.0,44,0.0,6904
46,1,52,0.0,45,0.0,6904
47,1,52,0.0,46,0.0,6904
48,1,52,0.0,47,0.0,6904
49,1,52,0.0,48,0.0,6904
50,1,52,0.0,49,0.0,6904
51,1,52,0.0,50,0.25,6904
52,1,52,0.0,51,0.4,6904
53,1,52,0.0,52,0.0,6904
54,1,52,0.0,53,0.6,6904
55,1,52,0.0,54,0.2,6904
56,1,52,0.0,55,0.0,6904
57,1,52,0.0,56,0.0,6904
58,1,52,0.0,57,0.0,6904
59,1,52,0.0,58,0.0,6904
60,1,52,0.0,59,0.0,6904
61,1,52,0.0,60,0.0,6904
62,1,52,0.0,61,0.0,6904
63,1,52,0.0,62,0.0,6904
64,1,52,0.0,63,0.0,6904
65,1,52,0.0,64,0.0,6904
66,1,52,0.0,65,0.0,6904
67,1,52,0.0,66,0.0,6904
68,1,52,0.0,67,0.0,6904
69,1,52,0.17,68,0.0,6904
70,1,52,0.68,69,0.0,6904
71,1,52,0.1,70,0.0,6904
72,1,52,0.0,71,0.0,6904
73,1,52,0.66,72,0.0,6904
74,1,52,0.0,73,0.0,6904
75,1,52,0.55,74,0.0,6904
76,1,52,1.0,75,0.0,6904
77,1,52,0.81,76,0.0,6904
78,1,52,0.0,77,0.8,6904
79,1,52,0.0,78,0.9,6904
80,1,52,0.95,79,0.0,6904
81,1,52,0.61,80,0.0,6904
82,1,52,0.0,81,0.0,6904
83,1,52,0.0,82,0.0,6904
84,1,52,0.0,83,0.0,6904
85,1,52,0.0,84,0.0,6904
86,1,52,0.0,85,0.45,6904
87,1,52,0.0,86,1.0,6904
88,1,52,0.0,87,1.0,6904
89,1,52,0.0,88,0.25,6904
90,1,52,0.0,89,0.0,6904
91,1,52,0.0,90,0.0,6904
92,1,52,0.0,91,0.0,6904
93,1,52,0.0,92,0.0,6904
94,1,52,0.0,93,0.0,6904
95,1,52,0.0,94,0.0,6904
96,1,52,0.0,95,0.0,6904
97,1,52,0.0,96,0.0,6904
98,1,52,0.0,97,0.0,6904
99,1,52,0.0,98,0.0,6904
100,1,52,0.0,99,0.0,6904
101,1,52,0.0,100,0.0,6904
102,1,52,0.0,101,0.0,6904
103,1,52,0.0,102,0.0,6904
104,1,52,0.0,103,0.0,6904
105,1,52,0.0,104,0.0,6904
106,1,52,0.0,105,0.0,6904
107,1,52,0.0,106,0.0,6904
108,1,52,0.0,107,0.0,6904
109,1,52,0.0,108,0.0,6904
110,1,52,0.0,109,0.0,6904
111,1,52,0.0,110,0.0,6904
112,1,52,0.0,111,0.0,6904
113,1,52,0.0,112,0.0,6904
114,1,52,0.0,113,0.0,6904
115,1,52,0.0,114,0.0,6904
116,1,52,0.0,115,0.0,6904
117,1,52,0.0,116,0.0,6904
118,1,52,0.0,117,0.0,6904
119,1,52,0.0,118,0.0,6904
120,1,52,0.0,119,0.0,6904
121,1,52,0.0,120,0.0,6904
122,1,52,0.0,121,0.0,6904
123,1,52,0.0,122,0.0,6904
124,1,52,0.0,123,0.0,6904
125,1,52,0.0,124,0.0,6904
126,1,52,0.0,125,0.0,6904
127,1,52,0.0,126,0.0,6904
128,1,52,0.0,127,0.0,6904
129,1,52,0.0,128,0.0,6904
130,1,52,0.0,129,0.0,6904
131,1,52,0.0,130,0.0,6904
132,1,52,0.0,131,0.0,6904
133,1,52,0.0,132,0.0,6904
134,1,52,0.0,133,0.0,6904
135,1,52,0.0,134,0.0,6904
136,1,52,0.0,135,0.0,6904
137,1,52,0.0,136,0.0,6904
138,1,52,0.0,137,0.0,6904
139,1,52,0.0,138,0.0,6904
140,1,52,0.0,139,0.0,6904
141,1,52,0.0,140,0.0,6904
142,1,52,0.0,141,0.0,6904
143,1,52,0.0,142,0.0,6904
144,1,52,0.0,143,0.0,6904
145,1,52,0.0,144,0.0,6904
146,1,52,0.0,145,0.0,6904
147,1,52,0.0,146,0.0,6904
148,1,52,0.0,147,0.0,6904
149,1,52,0.0,148,0.0,6904
150,1,52,0.0,149,0.0,6904
151,1,52,0.0,150,0.0,6904
152,1,52,0.0,151,0.0,6904
153,1,52,0.0,152,0.0,6904
154,1,52,0.0,153,0.0,6904
155,1,52,0.0,154,0.0,6904
156,1,52,0.0,155,0.0,6904
157,1,52,0.0,156,0.0,6904
158,1,52,0.0,157,0.0,6904
159,1,52,0.0,158,0.0,6904
160,1,52,0.0,159,0.0,6904
161,1,52,0.0,160,0.0,6904
162,1,52,0.0,161,0.0,6904
163,1,52,0.0,162,0.0,6904
1,1,52,0.0,0,0.0,5089
2,1,52,0.0,1,0.0,5089
3,1,52,0.0,2,0.0,5089
4,1,52,0.0,3,0.0,5089
5,1,52,0.0,4,0.0,5089
6,1,52,0.0,5,0.0,5089
7,1,52,0.0,6,0.0,5089
8,1,52,0.0,7,0.0,5089
9,1,52,0.0,8,0.0,5089
10,1,52,0.0,9,0.0,5089
11,1,52,0.0,10,0.0,5089
12,1,52,0.0,11,0.0,5089
13,1,52,0.0,12,0.0,5089
14,1,52,0.0,13,0.0,5089
15,1,52,0.0,14,0.0,5089
16,1,52,0.0,15,0.0,5089
17,1,52,0.0,16,0.0,5089
18,1,52,0.0,17,0.0,5089
19,1,52,0.0,18,0.0,5089
20,1,52,0.0,19,0.0,5089
21,1,52,0.0,20,0.0,5089
22,1,52,0.0,21,0.0,5089
23,1,52,0.0,22,0.0,5089
24,1,52,0.0,23,0.0,5089
25,1,52,0.0,24,0.0,5089
26,1,52,0.0,25,0.0,5089
27,1,52,0.0,26,0.0,5089
28,1,52,0.0,27,0.0,5089
29,1,52,0.0,28,0.0,5089
30,1,52,0.0,29,0.0,5089
31,1,52,0.0,30,0.0,5089
32,1,52,0.0,31,0.0,5089
33,1,52,0.0,32,0.0,5089
34,1,52,0.0,33,0.0,5089
35,1,52,0.0,34,0.0,5089
36,1,52,0.0,35,0.0,5089
37,1,52,0.0,36,0.0,5089
38,1,52,0.0,37,0.0,5089
39,1,52,0.0,38,0.0,5089
40,1,52,0.0,39,0.0,5089
41,1,52,0.0,40,0.0,5089
42,1,52,0.0,41,0.0,5089
43,1,52,0.0,42,0.0,5089
44,1,52,0.0,43,0.0,5089
45,1,52,0.0,44,0.0,5089
46,1,52,0.0,45,0.0,5089
47,1,52,0.0,46,0.0,5089
48,1,52,0.0,47,0.0,5089
49,1,52,0.0,48,0.0,5089
50,1,52,0.0,49,0.0,5089
51,1,52,0.0,50,0.0,5089
52,1,52,0.0,51,0.0,5089
53,1,52,0.0,52,0.0,5089
54,1,52,0.0,53,0.0,5089
55,1,52,0.0,54,0.0,5089
56,1,52,0.0,55,0.0,5089
57,1,52,0.0,56,0.0,5089
58,1,52,0.0,57,0.0,5089
59,1,52,0.0,58,0.0,5089
60,1,52,0.0,59,0.0,5089
61,1,52,0.0,60,0.0,5089
62,1,52,0.0,61,0.0,5089
63,1,52,0.0,62,0.0,5089
64,1,52,0.0,63,0.0,5089
65,1,52,0.0,64,0.0,5089
66,1,52,0.0,65,0.0,5089
67,1,52,0.0,66,0.0,5089
68,1,52,0.0,67,0.0,5089
69,1,52,0.0,68,0.0,5089
70,1,52,0.0,69,0.0,5089
71,1,52,0.0,70,0.0,5089
72,1,52,0.0,71,0.0,5089
73,1,52,0.0,72,0.0,5089
74,1,52,0.0,73,0.0,5089
75,1,52,0.0,74,0.0,5089
76,1,52,0.0,75,0.0,5089
77,1,52,0.0,76,0.0,5089
78,1,52,0.0,77,0.0,5089
79,1,52,0.0,78,0.0,5089
80,1,52,0.0,79,0.0,5089
81,1,52,0.0,80,0.0,5089
82,1,52,0.0,81,0.0,5089
83,1,52,0.0,82,0.0,5089
84,1,52,0.0,83,0.0,5089
85,1,52,0.0,84,0.0,5089
86,1,52,0.0,85,0.0,5089
87,1,52,0.0,86,0.0,5089
88,1,52,0.0,87,0.0,5089
89,1,52,0.0,88,0.0,5089
90,1,52,0.0,89,0.0,5089
91,1,52,0.0,90,0.0,5089
92,1,52,0.0,91,0.0,5089
93,1,52,0.0,92,0.0,5089
94,1,52,0.0,93,0.0,5089
95,1,52,0.0,94,0.0,5089
96,1,52,0.0,95,0.0,5089
97,1,52,0.0,96,0.0,5089
98,1,52,0.0,97,0.0,5089
99,1,52,0.0,98,0.0,5089
100,1,52,0.0,99,0.0,5089
101,1,52,0.0,100,0.0,5089
102,1,52,0.0,101,0.0,5089
103,1,52,0.0,102,0.0,5089
104,1,52,0.0,103,0.0,5089
105,1,52,0.0,104,0.0,5089
106,1,52,0.0,105,0.0,5089
107,1,52,0.0,106,0.0,5089
108,1,52,0.0,107,0.0,5089
109,1,52,0.0,108,0.0,5089
110,1,52,0.0,109,0.0,5089
111,1,52,0.0,110,0.0,5089
112,1,52,0.0,111,0.0,5089
113,1,52,0.0,112,0.0,5089
114,1,52,0.0,113,0.0,5089
115,1,52,0.0,114,0.0,5089
116,1,52,0.0,115,0.0,5089
117,1,52,0.0,116,0.0,5089
118,1,52,0.0,117,0.0,5089
119,1,52,0.0,118,0.0,5089
120,1,52,0.0,119,0.0,5089
121,1,52,0.0,120,0.0,5089
122,1,52,0.0,121,0.0,5089
123,1,52,0.0,122,0.0,5089
124,1,52,0.0,123,0.0,5089
125,1,52,0.0,124,0.0,5089
126,1,52,0.0,125,0.0,5089
127,1,52,0.0,126,0.0,5089
128,1,52,0.0,127,0.0,5089
129,1,52,0.0,128,0.0,5089
130,1,52,0.0,129,0.0,5089
131,1,52,0.0,130,0.0,5089
132,1,52,0.0,131,0.0,5089
133,1,52,0.0,132,0.0,5089
134,1,52,0.0,133,0.0,5089
135,1,52,0.0,134,0.0,5089
136,1,52,0.0,135,0.0,5089
137,1,52,0.0,136,0.0,5089
138,1,52,0.0,137,0.0,5089
139,1,52,0.0,138,0.0,5089
140,1,52,0.0,139,0.0,5089
141,1,52,0.0,140,0.0,5089
142,1,52,0.0,141,0.0,5089
143,1,52,0.0,142,0.0,5089
144,1,52,0.0,143,0.0,5089
145,1,52,0.0,144,0.0,5089
146,1,52,0.0,145,0.0,5089
147,1,52,0.0,146,0.0,5089
148,1,52,0.0,147,0.0,5089
149,1,52,0.0,148,0.0,5089
150,1,52,0.0,149,0.0,5089
151,1,52,0.0,150,0.0,5089
152,1,52,0.0,151,0.0,5089
153,1,52,0.0,152,0.0,5089
154,1,52,0.0,153,0.0,5089
155,1,52,0.0,154,0.0,5089
156,1,52,0.0,155,0.0,5089
157,1,52,0.0,156,0.0,5089
158,1,52,0.0,157,0.0,5089
159,1,52,0.0,158,0.0,5089
160,1,52,0.0,159,0.0,5089
161,1,52,0.0,160,0.0,5089
162,1,52,0.0,161,0.0,5089
163,1,52,0.0,162,0.0,5089
